{"type": "FeatureCollection", "features": [{"type": "Feature", "properties": {"city": "新北市", "district": "林口區", "award_year": 114, "restaurant_name": "CORNER BAKERY 63國賓麵包房-林口A9門市", "address": "新北市林口區文化三路一段2號1樓", "rating_result": "優"}, "geometry": {"type": "Point", "coordinates": [121.361398, 25.066148]}}, {"type": "Feature", "properties": {"city": "新北市", "district": "中和區", "award_year": 114, "restaurant_name": "華漾DIM SUM-環球新北中和店", "address": "新北市中和區中山路三段122號4樓", "rating_result": "優"}, "geometry": {"type": "Point", "coordinates": [121.475688, 25.006077]}}, {"type": "Feature", "properties": {"city": "新北市", "district": "中和區", "award_year": 114, "restaurant_name": "欣葉小聚-環球店", "address": "新北市中和區中山路三段122號4樓", "rating_result": "優"}, "geometry": {"type": "Point", "coordinates": [121.475688, 25.006077]}}, {"type": "Feature", "properties": {"city": "新北市", "district": "永和區", "award_year": 114, "restaurant_name": "麥當勞-永和餐廳", "address": "新北市永和區永和路二段170號", "rating_result": "優"}, "geometry": {"type": "Point", "coordinates": [121.515492, 25.013152]}}, {"type": "Feature", "properties": {"city": "新北市", "district": "新店區", "award_year": 114, "restaurant_name": "麥當勞-新店北新餐廳", "address": "新北市新店區北新路2段102號", "rating_result": "優"}, "geometry": {"type": "Point", "coordinates": [121.543086, 24.973836]}}, {"type": "Feature", "properties": {"city": "新北市", "district": "新莊區", "award_year": 114, "restaurant_name": "麥當勞-新莊中正餐廳", "address": "新北市新莊區中正路232號", "rating_result": "優"}, "geometry": {"type": "Point", "coordinates": [121.448451, 25.035391]}}, {"type": "Feature", "properties": {"city": "新北市", "district": "淡水區", "award_year": 114, "restaurant_name": "麥當勞-淡水中正餐廳", "address": "新北市淡水區中正東路37號", "rating_result": "優"}, "geometry": {"type": "Point", "coordinates": [121.446304, 25.168288]}}, {"type": "Feature", "properties": {"city": "新北市", "district": "三重區", "award_year": 114, "restaurant_name": "麥當勞-三重正義餐廳", "address": "新北市三重區正義北路15號", "rating_result": "優"}, "geometry": {"type": "Point", "coordinates": [121.497798, 25.062961]}}, {"type": "Feature", "properties": {"city": "新北市", "district": "板橋區", "award_year": 114, "restaurant_name": "麥當勞-板橋重慶餐廳", "address": "新北市板橋區重慶路23號", "rating_result": "優"}, "geometry": {"type": "Point", "coordinates": [121.461093, 25.007938]}}, {"type": "Feature", "properties": {"city": "新北市", "district": "永和區", "award_year": 114, "restaurant_name": "麥當勞-永和中正餐廳", "address": "新北市永和區中正路244號", "rating_result": "優"}, "geometry": {"type": "Point", "coordinates": [121.517488, 24.999883]}}, {"type": "Feature", "properties": {"city": "新北市", "district": "新莊區", "award_year": 114, "restaurant_name": "麥當勞-新莊二餐廳", "address": "新北市新莊區中港路306號", "rating_result": "優"}, "geometry": {"type": "Point", "coordinates": [121.452632, 25.045094]}}, {"type": "Feature", "properties": {"city": "新北市", "district": "中和區", "award_year": 114, "restaurant_name": "麥當勞-中和餐廳", "address": "新北市中和區中和路38號", "rating_result": "優"}, "geometry": {"type": "Point", "coordinates": [121.499904, 25.001526]}}, {"type": "Feature", "properties": {"city": "新北市", "district": "新莊區", "award_year": 114, "restaurant_name": "麥當勞-新莊三餐廳", "address": "新北市新莊區民安路188巷5號", "rating_result": "優"}, "geometry": {"type": "Point", "coordinates": [121.424806, 25.023237]}}, {"type": "Feature", "properties": {"city": "新北市", "district": "新店區", "award_year": 114, "restaurant_name": "麥當勞-新店北新二餐廳", "address": "新北市新店區北新路3段51號", "rating_result": "優"}, "geometry": {"type": "Point", "coordinates": [121.541709, 24.980628]}}, {"type": "Feature", "properties": {"city": "新北市", "district": "土城區", "award_year": 114, "restaurant_name": "麥當勞-土城中央餐廳", "address": "新北市土城區中央路2段159號1樓", "rating_result": "優"}, "geometry": {"type": "Point", "coordinates": [121.442127, 24.976367]}}, {"type": "Feature", "properties": {"city": "新北市", "district": "林口區", "award_year": 114, "restaurant_name": "麥當勞-林口中山餐廳", "address": "新北市林口區中山路250之1號", "rating_result": "優"}, "geometry": {"type": "Point", "coordinates": [121.385937, 25.07959]}}, {"type": "Feature", "properties": {"city": "新北市", "district": "土城區", "award_year": 114, "restaurant_name": "麥當勞-土城金城餐廳", "address": "新北市土城區金城路3段54號", "rating_result": "優"}, "geometry": {"type": "Point", "coordinates": [121.46598, 24.986608]}}, {"type": "Feature", "properties": {"city": "新北市", "district": "樹林區", "award_year": 114, "restaurant_name": "麥當勞-樹林中山餐廳", "address": "新北市樹林區中山路1段101號", "rating_result": "優"}, "geometry": {"type": "Point", "coordinates": [121.423254, 24.990969]}}, {"type": "Feature", "properties": {"city": "新北市", "district": "鶯歌區", "award_year": 114, "restaurant_name": "麥當勞-鶯歌文化餐廳", "address": "新北市鶯歌區文化路363號1樓", "rating_result": "優"}, "geometry": {"type": "Point", "coordinates": [121.352176, 24.951114]}}, {"type": "Feature", "properties": {"city": "新北市", "district": "板橋區", "award_year": 114, "restaurant_name": "麥當勞-板橋中山餐廳", "address": "新北市板橋區中山路2段257號1樓", "rating_result": "優"}, "geometry": {"type": "Point", "coordinates": [121.477457, 25.017699]}}, {"type": "Feature", "properties": {"city": "新北市", "district": "新店區", "award_year": 114, "restaurant_name": "麥當勞-新店安康餐廳", "address": "新北市新店區安德街1號", "rating_result": "優"}, "geometry": {"type": "Point", "coordinates": [121.512535, 24.962539]}}, {"type": "Feature", "properties": {"city": "新北市", "district": "三重區", "award_year": 114, "restaurant_name": "麥當勞-三重五華餐廳", "address": "新北市三重區五華街89-1號1樓", "rating_result": "優"}, "geometry": {"type": "Point", "coordinates": [121.49199, 25.083452]}}, {"type": "Feature", "properties": {"city": "新北市", "district": "中和區", "award_year": 114, "restaurant_name": "麥當勞-中和中山餐廳", "address": "新北市中和區中山路2段583號1樓", "rating_result": "優"}, "geometry": {"type": "Point", "coordinates": [121.480264, 25.005731]}}, {"type": "Feature", "properties": {"city": "新北市", "district": "中和區", "award_year": 114, "restaurant_name": "麥當勞-中和興南餐廳", "address": "新北市中和區興南路1段83號1樓", "rating_result": "優"}, "geometry": {"type": "Point", "coordinates": [121.509996, 24.988994]}}, {"type": "Feature", "properties": {"city": "新北市", "district": "泰山區", "award_year": 114, "restaurant_name": "麥當勞-泰山泰林餐廳", "address": "新北市泰山區泰林路2段194號1樓", "rating_result": "優"}, "geometry": {"type": "Point", "coordinates": [121.433562, 25.061148]}}, {"type": "Feature", "properties": {"city": "新北市", "district": "汐止區", "award_year": 114, "restaurant_name": "麥當勞-汐止大同餐廳", "address": "新北市汐止區大同路2段242號1樓", "rating_result": "優"}, "geometry": {"type": "Point", "coordinates": [121.654154, 25.065579]}}, {"type": "Feature", "properties": {"city": "新北市", "district": "蘆洲區", "award_year": 114, "restaurant_name": "麥當勞-蘆洲長安餐廳", "address": "新北市蘆洲區長安街127號1樓", "rating_result": "優"}, "geometry": {"type": "Point", "coordinates": [121.46087, 25.081363]}}, {"type": "Feature", "properties": {"city": "新北市", "district": "永和區", "award_year": 114, "restaurant_name": "麥當勞-永和得和餐廳", "address": "新北市永和區得和路405號1樓", "rating_result": "優"}, "geometry": {"type": "Point", "coordinates": [121.525627, 24.999323]}}, {"type": "Feature", "properties": {"city": "新北市", "district": "五股區", "award_year": 114, "restaurant_name": "麥當勞-五股成泰餐廳", "address": "新北市五股區成泰路2段121號1樓", "rating_result": "優"}, "geometry": {"type": "Point", "coordinates": [121.438541, 25.084739]}}, {"type": "Feature", "properties": {"city": "新北市", "district": "三峽區", "award_year": 114, "restaurant_name": "麥當勞-三峽文化餐廳", "address": "新北市三峽區文化路72號1樓", "rating_result": "優"}, "geometry": {"type": "Point", "coordinates": [121.372155, 24.93623]}}, {"type": "Feature", "properties": {"city": "新北市", "district": "永和區", "award_year": 114, "restaurant_name": "麥當勞-永和中山餐廳", "address": "新北市永和區中山路1段214號", "rating_result": "優"}, "geometry": {"type": "Point", "coordinates": [121.508485, 25.00854]}}, {"type": "Feature", "properties": {"city": "新北市", "district": "板橋區", "award_year": 114, "restaurant_name": "麥當勞-板橋雨農餐廳", "address": "新北市板橋區雨農路60號", "rating_result": "優"}, "geometry": {"type": "Point", "coordinates": [121.460651, 25.024157]}}, {"type": "Feature", "properties": {"city": "新北市", "district": "三重區", "award_year": 114, "restaurant_name": "麥當勞-三重正義二餐廳", "address": "新北市三重區正義北路176號1樓", "rating_result": "優"}, "geometry": {"type": "Point", "coordinates": [121.496441, 25.066544]}}, {"type": "Feature", "properties": {"city": "新北市", "district": "淡水區", "award_year": 114, "restaurant_name": "麥當勞-淡水中山餐廳", "address": "新北市淡水區中山北路1段105號1樓", "rating_result": "優"}, "geometry": {"type": "Point", "coordinates": [121.442442, 25.176545]}}, {"type": "Feature", "properties": {"city": "新北市", "district": "板橋區", "award_year": 114, "restaurant_name": "麥當勞-板橋文化餐廳", "address": "新北市板橋區文化路2段173號", "rating_result": "優"}, "geometry": {"type": "Point", "coordinates": [121.470359, 25.027702]}}, {"type": "Feature", "properties": {"city": "新北市", "district": "土城區", "award_year": 114, "restaurant_name": "麥當勞-土城裕民餐廳", "address": "新北市土城區裕民路180號", "rating_result": "優"}, "geometry": {"type": "Point", "coordinates": [121.452737, 24.985204]}}, {"type": "Feature", "properties": {"city": "新北市", "district": "汐止區", "award_year": 114, "restaurant_name": "麥當勞-汐止中興餐廳", "address": "新北市汐止區中興路168號之10", "rating_result": "優"}, "geometry": {"type": "Point", "coordinates": [121.632042, 25.065324]}}, {"type": "Feature", "properties": {"city": "新北市", "district": "瑞芳區", "award_year": 114, "restaurant_name": "麥當勞-瑞芳中山餐廳", "address": "新北市瑞芳區中山路168號", "rating_result": "優"}, "geometry": {"type": "Point", "coordinates": [121.801928, 25.106743]}}, {"type": "Feature", "properties": {"city": "新北市", "district": "汐止區", "award_year": 114, "restaurant_name": "麥當勞-汐止新台五餐廳", "address": "新北市汐止區新台五路一段162號", "rating_result": "優"}, "geometry": {"type": "Point", "coordinates": [121.654467, 25.062409]}}, {"type": "Feature", "properties": {"city": "新北市", "district": "板橋區", "award_year": 114, "restaurant_name": "麥當勞-板橋遠百餐廳", "address": "新北市板橋區中山路1段152號12樓", "rating_result": "優"}, "geometry": {"type": "Point", "coordinates": [121.464344, 25.011113]}}, {"type": "Feature", "properties": {"city": "新北市", "district": "新莊區", "award_year": 114, "restaurant_name": "麥當勞-新莊中山餐廳", "address": "新北市新莊區新北大道七段792號", "rating_result": "優"}, "geometry": {"type": "Point", "coordinates": [121.413055, 25.024468]}}, {"type": "Feature", "properties": {"city": "新北市", "district": "永和區", "award_year": 114, "restaurant_name": "麥當勞-永和永安餐廳", "address": "新北市永和區中和路503號", "rating_result": "優"}, "geometry": {"type": "Point", "coordinates": [121.510713, 25.00242]}}, {"type": "Feature", "properties": {"city": "新北市", "district": "三重區", "award_year": 114, "restaurant_name": "麥當勞-三重三和餐廳", "address": "新北市三重區三和路四段392-1號", "rating_result": "優"}, "geometry": {"type": "Point", "coordinates": [121.481853, 25.079182]}}, {"type": "Feature", "properties": {"city": "新北市", "district": "新店區", "award_year": 114, "restaurant_name": "麥當勞-新店家樂福餐廳", "address": "新北市新店區中興路三段1之4號", "rating_result": "優"}, "geometry": {"type": "Point", "coordinates": [121.546474, 24.976031]}}, {"type": "Feature", "properties": {"city": "新北市", "district": "新莊區", "award_year": 114, "restaurant_name": "麥當勞-新莊中正二餐廳", "address": "新北市新莊區中正路617、619號", "rating_result": "優"}, "geometry": {"type": "Point", "coordinates": [121.43229, 25.031818]}}, {"type": "Feature", "properties": {"city": "新北市", "district": "三重區", "award_year": 114, "restaurant_name": "麥當勞-三重愛買餐廳", "address": "新北市三重區中正北路193巷45號1樓", "rating_result": "優"}, "geometry": {"type": "Point", "coordinates": [121.475584, 25.071082]}}, {"type": "Feature", "properties": {"city": "新北市", "district": "三峽區", "award_year": 114, "restaurant_name": "麥當勞-三峽學成餐廳", "address": "新北市三峽區學成路258號", "rating_result": "優"}, "geometry": {"type": "Point", "coordinates": [121.375385, 24.942329]}}, {"type": "Feature", "properties": {"city": "新北市", "district": "板橋區", "award_year": 114, "restaurant_name": "麥當勞-板橋遠百二餐廳", "address": "新北市板橋區新站路28號9樓", "rating_result": "優"}, "geometry": {"type": "Point", "coordinates": [121.466627, 25.013621]}}, {"type": "Feature", "properties": {"city": "新北市", "district": "板橋區", "award_year": 114, "restaurant_name": "麥當勞-板橋府中餐廳", "address": "新北市板橋區府中路69及69-4號B1~5樓", "rating_result": "優"}, "geometry": {"type": "Point", "coordinates": [121.457763, 25.009374]}}, {"type": "Feature", "properties": {"city": "新北市", "district": "淡水區", "award_year": 114, "restaurant_name": "麥當勞-淡水新市餐廳", "address": "新北市淡水區新市一路三段151號", "rating_result": "優"}, "geometry": {"type": "Point", "coordinates": [121.447984, 25.183255]}}, {"type": "Feature", "properties": {"city": "新北市", "district": "泰山區", "award_year": 114, "restaurant_name": "麥當勞-泰山明志餐廳", "address": "新北市泰山區明志路三段153號1~2樓", "rating_result": "優"}, "geometry": {"type": "Point", "coordinates": [121.424845, 25.039772]}}, {"type": "Feature", "properties": {"city": "新北市", "district": "新莊區", "award_year": 114, "restaurant_name": "麥當勞-新莊中平餐廳", "address": "新北市新莊區中平路346、348號", "rating_result": "優"}, "geometry": {"type": "Point", "coordinates": [121.444962, 25.052981]}}, {"type": "Feature", "properties": {"city": "新北市", "district": "新莊區", "award_year": 114, "restaurant_name": "麥當勞-新莊富國餐廳", "address": "新北市新莊區中正路877-5號B1~3樓", "rating_result": "優"}, "geometry": {"type": "Point", "coordinates": [121.417996, 25.026395]}}, {"type": "Feature", "properties": {"city": "新北市", "district": "中和區", "award_year": 114, "restaurant_name": "麥當勞-中和景新餐廳", "address": "新北市中和區景新街430.432號1-2樓", "rating_result": "優"}, "geometry": {"type": "Point", "coordinates": [121.51299, 24.988545]}}, {"type": "Feature", "properties": {"city": "新北市", "district": "三重區", "award_year": 114, "restaurant_name": "麥當勞-三重龍門餐廳", "address": "新北市三重區龍門路42號1~3樓", "rating_result": "優"}, "geometry": {"type": "Point", "coordinates": [121.496037, 25.072473]}}, {"type": "Feature", "properties": {"city": "新北市", "district": "板橋區", "award_year": 114, "restaurant_name": "麥當勞-板橋篤行餐廳", "address": "新北市板橋區篤行路三段99號B1~2樓", "rating_result": "優"}, "geometry": {"type": "Point", "coordinates": [121.426308, 24.984667]}}, {"type": "Feature", "properties": {"city": "新北市", "district": "新店區", "award_year": 114, "restaurant_name": "麥當勞-新店中正二餐廳", "address": "新北市新店區中正路506號1~2樓", "rating_result": "優"}, "geometry": {"type": "Point", "coordinates": [121.533912, 24.982906]}}, {"type": "Feature", "properties": {"city": "新北市", "district": "新店區", "award_year": 114, "restaurant_name": "麥當勞-新店中正三餐廳", "address": "新北市新店區中正路331號1~3樓", "rating_result": "優"}, "geometry": {"type": "Point", "coordinates": [121.536001, 24.975239]}}, {"type": "Feature", "properties": {"city": "新北市", "district": "金山區", "award_year": 114, "restaurant_name": "麥當勞-金山中山餐廳", "address": "新北市金山區中山路88號", "rating_result": "優"}, "geometry": {"type": "Point", "coordinates": [121.64049, 25.218797]}}, {"type": "Feature", "properties": {"city": "新北市", "district": "三重區", "award_year": 114, "restaurant_name": "麥當勞-三重重陽餐廳", "address": "新北市三重區重陽路一段5號", "rating_result": "優"}, "geometry": {"type": "Point", "coordinates": [121.486868, 25.057605]}}, {"type": "Feature", "properties": {"city": "新北市", "district": "鶯歌區", "award_year": 114, "restaurant_name": "麥當勞-鶯歌鶯桃餐廳", "address": "新北市鶯歌區鶯桃路411號", "rating_result": "優"}, "geometry": {"type": "Point", "coordinates": [121.332827, 24.964483]}}, {"type": "Feature", "properties": {"city": "新北市", "district": "蘆洲區", "award_year": 114, "restaurant_name": "麥當勞-蘆洲長榮餐廳", "address": "新北市蘆洲區新北巿蘆洲區長榮路376,378號", "rating_result": "優"}, "geometry": {"type": "Point", "coordinates": [121.465356, 25.012172]}}, {"type": "Feature", "properties": {"city": "新北市", "district": "板橋區", "award_year": 114, "restaurant_name": "麥當勞-板橋愛買二餐廳", "address": "新北市板橋區貴興路101號", "rating_result": "優"}, "geometry": {"type": "Point", "coordinates": [121.456586, 25.002002]}}, {"type": "Feature", "properties": {"city": "新北市", "district": "板橋區", "award_year": 114, "restaurant_name": "麥當勞-板車環球餐廳", "address": "新北市板橋區縣民大道二段7號B1", "rating_result": "優"}, "geometry": {"type": "Point", "coordinates": [121.463636, 25.014331]}}, {"type": "Feature", "properties": {"city": "新北市", "district": "土城區", "award_year": 114, "restaurant_name": "麥當勞-土城金城二餐廳", "address": "新北市土城區金城路一段189號", "rating_result": "優"}, "geometry": {"type": "Point", "coordinates": [121.445775, 24.975048]}}, {"type": "Feature", "properties": {"city": "新北市", "district": "永和區", "award_year": 114, "restaurant_name": "麥當勞-永和永利餐廳", "address": "新北市永和區永利路47號1樓", "rating_result": "優"}, "geometry": {"type": "Point", "coordinates": [121.519403, 25.005192]}}, {"type": "Feature", "properties": {"city": "新北市", "district": "蘆洲區", "award_year": 114, "restaurant_name": "麥當勞-蘆洲三民餐廳", "address": "新北市蘆洲區三民路118號1樓", "rating_result": "優"}, "geometry": {"type": "Point", "coordinates": [121.471436, 25.087247]}}, {"type": "Feature", "properties": {"city": "新北市", "district": "新莊區", "award_year": 114, "restaurant_name": "麥當勞-新莊思源餐廳", "address": "新北市新莊區思源路330號", "rating_result": "優"}, "geometry": {"type": "Point", "coordinates": [121.460254, 25.050738]}}, {"type": "Feature", "properties": {"city": "新北市", "district": "林口區", "award_year": 114, "restaurant_name": "麥當勞-林口文化三餐廳", "address": "新北市林口區文化三路一段605號", "rating_result": "優"}, "geometry": {"type": "Point", "coordinates": [121.371213, 25.076942]}}, {"type": "Feature", "properties": {"city": "新北市", "district": "板橋區", "award_year": 114, "restaurant_name": "麥當勞-板橋中正二餐廳", "address": "新北市板橋區中正路290,292號", "rating_result": "優"}, "geometry": {"type": "Point", "coordinates": [121.455026, 25.020356]}}, {"type": "Feature", "properties": {"city": "新北市", "district": "樹林區", "award_year": 114, "restaurant_name": "時時香-樹林秀泰店", "address": "新北市樹林區樹新路40-6號7樓", "rating_result": "優"}, "geometry": {"type": "Point", "coordinates": [121.427951, 24.995486]}}, {"type": "Feature", "properties": {"city": "新北市", "district": "中和區", "award_year": 114, "restaurant_name": "瓦城-中和環球店", "address": "新北市中和區中山路三段122號4樓", "rating_result": "優"}, "geometry": {"type": "Point", "coordinates": [121.475688, 25.006077]}}, {"type": "Feature", "properties": {"city": "新北市", "district": "板橋區", "award_year": 114, "restaurant_name": "牛角日本燒肉專門店-板橋店", "address": "新北市板橋區中山路一段152號13樓", "rating_result": "優"}, "geometry": {"type": "Point", "coordinates": [121.464344, 25.011113]}}, {"type": "Feature", "properties": {"city": "新北市", "district": "中和區", "award_year": 114, "restaurant_name": "牛角日本燒肉專門店-中和環球店", "address": "新北市中和區中山路三段122號4樓", "rating_result": "優"}, "geometry": {"type": "Point", "coordinates": [121.475688, 25.006077]}}, {"type": "Feature", "properties": {"city": "新北市", "district": "三峽區", "award_year": 114, "restaurant_name": "食匠溫州大餛飩", "address": "新北市三峽區文化路140號", "rating_result": "優"}, "geometry": {"type": "Point", "coordinates": [121.370617, 24.936225]}}, {"type": "Feature", "properties": {"city": "新北市", "district": "板橋區", "award_year": 114, "restaurant_name": "QBURGER-板橋溪城店", "address": "新北市板橋區溪城路71號1樓", "rating_result": "優"}, "geometry": {"type": "Point", "coordinates": [121.42656, 24.984152]}}, {"type": "Feature", "properties": {"city": "新北市", "district": "新莊區", "award_year": 114, "restaurant_name": "QBURGER-新莊頭前店", "address": "新北市新莊區化成路319號", "rating_result": "優"}, "geometry": {"type": "Point", "coordinates": [121.465879, 25.05574]}}, {"type": "Feature", "properties": {"city": "新北市", "district": "板橋區", "award_year": 114, "restaurant_name": "QBURGER-板橋公館店", "address": "新北市板橋區公館街15號1樓", "rating_result": "優"}, "geometry": {"type": "Point", "coordinates": [121.460464, 25.014492]}}, {"type": "Feature", "properties": {"city": "新北市", "district": "樹林區", "award_year": 114, "restaurant_name": "QBURGER-樹林八德店", "address": "新北市樹林區八德街253號1樓", "rating_result": "優"}, "geometry": {"type": "Point", "coordinates": [121.421781, 24.978422]}}, {"type": "Feature", "properties": {"city": "新北市", "district": "中和區", "award_year": 114, "restaurant_name": "QBURGER-中和民享店", "address": "新北市中和區民享街86巷3號1樓", "rating_result": "優"}, "geometry": {"type": "Point", "coordinates": [121.474347, 25.000854]}}, {"type": "Feature", "properties": {"city": "新北市", "district": "新莊區", "award_year": 114, "restaurant_name": "QBURGER-新莊新泰店", "address": "新北市新莊區新泰路309號", "rating_result": "優"}, "geometry": {"type": "Point", "coordinates": [121.445178, 25.041252]}}, {"type": "Feature", "properties": {"city": "新北市", "district": "三重區", "award_year": 114, "restaurant_name": "QBURGER-三重重陽店", "address": "新北市三重區重陽路一段43巷31號1樓", "rating_result": "優"}, "geometry": {"type": "Point", "coordinates": [121.487958, 25.058091]}}, {"type": "Feature", "properties": {"city": "新北市", "district": "土城區", "award_year": 114, "restaurant_name": "QBURGER-土城永豐店", "address": "新北市土城區永豐路135巷10號1樓", "rating_result": "優"}, "geometry": {"type": "Point", "coordinates": [121.467247, 24.983342]}}, {"type": "Feature", "properties": {"city": "新北市", "district": "中和區", "award_year": 114, "restaurant_name": "QBURGER-中和仁愛店", "address": "新北市中和區仁愛街100、102、104號(1樓)", "rating_result": "優"}, "geometry": {"type": "Point", "coordinates": [121.51153, 24.98708]}}, {"type": "Feature", "properties": {"city": "新北市", "district": "土城區", "award_year": 114, "restaurant_name": "QBURGER-土城廣興店", "address": "新北市土城區廣興街33號(1樓)", "rating_result": "優"}, "geometry": {"type": "Point", "coordinates": [121.455327, 24.991515]}}, {"type": "Feature", "properties": {"city": "新北市", "district": "三重區", "award_year": 114, "restaurant_name": "QBURGER-三重正義國小店", "address": "新北市三重區大智街12號1樓", "rating_result": "優"}, "geometry": {"type": "Point", "coordinates": [121.495135, 25.064537]}}, {"type": "Feature", "properties": {"city": "新北市", "district": "樹林區", "award_year": 114, "restaurant_name": "QBURGER-樹林育英店", "address": "新北市樹林區育英街146號(1樓)", "rating_result": "優"}, "geometry": {"type": "Point", "coordinates": [121.419179, 24.9895]}}, {"type": "Feature", "properties": {"city": "新北市", "district": "板橋區", "award_year": 114, "restaurant_name": "QBURGER-板橋四川店", "address": "新北市板橋區四川路二段121號1樓", "rating_result": "優"}, "geometry": {"type": "Point", "coordinates": [121.451322, 24.994092]}}, {"type": "Feature", "properties": {"city": "新北市", "district": "五股區", "award_year": 114, "restaurant_name": "QBURGER-五股西雲店", "address": "新北市五股區西雲路241號1樓", "rating_result": "優"}, "geometry": {"type": "Point", "coordinates": [121.449133, 25.097723]}}, {"type": "Feature", "properties": {"city": "新北市", "district": "中和區", "award_year": 114, "restaurant_name": "QBURGER-中和景安店", "address": "新北市中和區景新街175號1樓", "rating_result": "優"}, "geometry": {"type": "Point", "coordinates": [121.50679, 24.995551]}}, {"type": "Feature", "properties": {"city": "新北市", "district": "樹林區", "award_year": 114, "restaurant_name": "QBURGER-樹林樹潭店", "address": "新北市樹林區保安街一段315、317號1樓", "rating_result": "優"}, "geometry": {"type": "Point", "coordinates": [121.417777, 24.997897]}}, {"type": "Feature", "properties": {"city": "新北市", "district": "板橋區", "award_year": 114, "restaurant_name": "聖瑪莉-亞東店", "address": "新北市板橋區南雅南路二段21號1樓", "rating_result": "優"}, "geometry": {"type": "Point", "coordinates": [121.452311, 24.997313]}}, {"type": "Feature", "properties": {"city": "新北市", "district": "中和區", "award_year": 114, "restaurant_name": "聖瑪莉-雙和一店", "address": "新北市中和區中正路291號1樓B1", "rating_result": "優"}, "geometry": {"type": "Point", "coordinates": [121.494081, 24.993745]}}, {"type": "Feature", "properties": {"city": "新北市", "district": "三重區", "award_year": 114, "restaurant_name": "聖瑪莉-三和店", "address": "新北市三重區三和路四段107號B1", "rating_result": "優"}, "geometry": {"type": "Point", "coordinates": [121.486528, 25.077034]}}, {"type": "Feature", "properties": {"city": "新北市", "district": "板橋區", "award_year": 114, "restaurant_name": "聖瑪莉-新埔店", "address": "新北市板橋區文化路一段389號", "rating_result": "優"}, "geometry": {"type": "Point", "coordinates": [121.467098, 25.021881]}}, {"type": "Feature", "properties": {"city": "新北市", "district": "中和區", "award_year": 114, "restaurant_name": "聖瑪莉-景安店", "address": "新北市中和區景安路136號", "rating_result": "優"}, "geometry": {"type": "Point", "coordinates": [121.50506, 24.994298]}}, {"type": "Feature", "properties": {"city": "新北市", "district": "新店區", "award_year": 114, "restaurant_name": "聖瑪莉-七張店", "address": "新北市新店區北新路二段95號", "rating_result": "優"}, "geometry": {"type": "Point", "coordinates": [121.54274, 24.974231]}}, {"type": "Feature", "properties": {"city": "新北市", "district": "土城區", "award_year": 114, "restaurant_name": "聖瑪莉-觀光工廠門市店", "address": "新北市土城區中山路21號", "rating_result": "優"}, "geometry": {"type": "Point", "coordinates": [121.4182, 24.962503]}}, {"type": "Feature", "properties": {"city": "新北市", "district": "中和區", "award_year": 114, "restaurant_name": "聖瑪莉-雙和二店", "address": "新北市中和區中正路291號1樓", "rating_result": "優"}, "geometry": {"type": "Point", "coordinates": [121.494081, 24.993745]}}, {"type": "Feature", "properties": {"city": "新北市", "district": "板橋區", "award_year": 114, "restaurant_name": "聖瑪莉-板橋車站店", "address": "新北市板橋區縣民大道二段7號", "rating_result": "優"}, "geometry": {"type": "Point", "coordinates": [121.463636, 25.014331]}}, {"type": "Feature", "properties": {"city": "新北市", "district": "中和區", "award_year": 114, "restaurant_name": "聖瑪莉-南勢角店", "address": "新北市中和區捷運路6號", "rating_result": "優"}, "geometry": {"type": "Point", "coordinates": [121.509776, 24.989588]}}, {"type": "Feature", "properties": {"city": "新北市", "district": "板橋區", "award_year": 114, "restaurant_name": "新葡苑-板橋大遠百店", "address": "新北市板橋區新站路28號9樓", "rating_result": "優"}, "geometry": {"type": "Point", "coordinates": [121.466627, 25.013621]}}, {"type": "Feature", "properties": {"city": "新北市", "district": "永和區", "award_year": 114, "restaurant_name": "愛買-永和店", "address": "新北市永和區民生路46巷56號", "rating_result": "優"}, "geometry": {"type": "Point", "coordinates": [121.52083, 24.996513]}}, {"type": "Feature", "properties": {"city": "新北市", "district": "板橋區", "award_year": 114, "restaurant_name": "愛買-南雅店", "address": "新北市板橋區貴興路101號", "rating_result": "優"}, "geometry": {"type": "Point", "coordinates": [121.456586, 25.002002]}}, {"type": "Feature", "properties": {"city": "新北市", "district": "三重區", "award_year": 114, "restaurant_name": "愛買-三重店", "address": "新北市三重區中正北路193巷45號", "rating_result": "優"}, "geometry": {"type": "Point", "coordinates": [121.475584, 25.071082]}}, {"type": "Feature", "properties": {"city": "新北市", "district": "金山區", "award_year": 114, "restaurant_name": "兄弟食堂", "address": "新北市金山區民生路51巷9之2號", "rating_result": "優"}, "geometry": {"type": "Point", "coordinates": [121.642664, 25.21954]}}, {"type": "Feature", "properties": {"city": "新北市", "district": "三峽區", "award_year": 114, "restaurant_name": "COCO都可-三峽和平店", "address": "新北市三峽區和平街40號", "rating_result": "優"}, "geometry": {"type": "Point", "coordinates": [121.370287, 24.937357]}}, {"type": "Feature", "properties": {"city": "新北市", "district": "板橋區", "award_year": 114, "restaurant_name": "岩島成-板橋大遠百門市", "address": "新北市板橋區新站路28號B1", "rating_result": "優"}, "geometry": {"type": "Point", "coordinates": [121.466627, 25.013621]}}, {"type": "Feature", "properties": {"city": "新北市", "district": "板橋區", "award_year": 114, "restaurant_name": "喫茶趣TOGO-板橋分公司", "address": "新北市板橋區府中路83號", "rating_result": "優"}, "geometry": {"type": "Point", "coordinates": [121.45724, 25.009459]}}, {"type": "Feature", "properties": {"city": "新北市", "district": "板橋區", "award_year": 114, "restaurant_name": "喫茶趣TOGO-大遠百板橋新站專櫃", "address": "新北市板橋區新站路28號B1", "rating_result": "優"}, "geometry": {"type": "Point", "coordinates": [121.466627, 25.013621]}}, {"type": "Feature", "properties": {"city": "新北市", "district": "永和區", "award_year": 114, "restaurant_name": "喫茶趣TOGO-永和分公司", "address": "新北市永和區永和路2段234號", "rating_result": "優"}, "geometry": {"type": "Point", "coordinates": [121.515891, 25.014423]}}, {"type": "Feature", "properties": {"city": "新北市", "district": "中和區", "award_year": 114, "restaurant_name": "喫茶趣TOGO-環球購物中心", "address": "新北市中和區中山路三段122號B2", "rating_result": "優"}, "geometry": {"type": "Point", "coordinates": [121.475688, 25.006077]}}, {"type": "Feature", "properties": {"city": "新北市", "district": "三重區", "award_year": 114, "restaurant_name": "喫茶趣TOGO-三重分公司", "address": "新北市三重區重新路2段15-2號", "rating_result": "優"}, "geometry": {"type": "Point", "coordinates": [121.498293, 25.062493]}}, {"type": "Feature", "properties": {"city": "新北市", "district": "新店區", "award_year": 114, "restaurant_name": "喫茶趣TOGO-新店分公司", "address": "新北市新店區北新路3段93號", "rating_result": "優"}, "geometry": {"type": "Point", "coordinates": [121.541405, 24.981756]}}, {"type": "Feature", "properties": {"city": "新北市", "district": "淡水區", "award_year": 114, "restaurant_name": "喫茶趣TOGO-喫茶趣淡水分公司", "address": "新北市淡水區中正路242號", "rating_result": "優"}, "geometry": {"type": "Point", "coordinates": [121.434038, 25.17407]}}, {"type": "Feature", "properties": {"city": "新北市", "district": "永和區", "award_year": 114, "restaurant_name": "喫茶趣TOGO-比漾廣場", "address": "新北市永和區中山路1段238號B2", "rating_result": "優"}, "geometry": {"type": "Point", "coordinates": [121.507646, 25.007836]}}, {"type": "Feature", "properties": {"city": "新北市", "district": "林口區", "award_year": 114, "restaurant_name": "CHAFFEE-林口三井店", "address": "新北市林口區文化三路一段356號", "rating_result": "優"}, "geometry": {"type": "Point", "coordinates": [121.363506, 25.070789]}}, {"type": "Feature", "properties": {"city": "新北市", "district": "新店區", "award_year": 114, "restaurant_name": "喫茶趣TOGO-京站小碧潭專櫃", "address": "新北市新店區中央路157號5樓", "rating_result": "優"}, "geometry": {"type": "Point", "coordinates": [121.530551, 24.972512]}}, {"type": "Feature", "properties": {"city": "新北市", "district": "新莊區", "award_year": 114, "restaurant_name": "喫茶趣TOGO-新莊分公司", "address": "新北市新莊區幸福路726號", "rating_result": "優"}, "geometry": {"type": "Point", "coordinates": [121.449082, 25.049267]}}, {"type": "Feature", "properties": {"city": "新北市", "district": "汐止區", "award_year": 114, "restaurant_name": "CHAFFEE-汐止遠雄店", "address": "新北市汐止區新台五路一段99號B1", "rating_result": "優"}, "geometry": {"type": "Point", "coordinates": [121.648247, 25.061619]}}, {"type": "Feature", "properties": {"city": "新北市", "district": "新店區", "award_year": 114, "restaurant_name": "喫茶趣TOGO-誠品裕隆城專櫃", "address": "新北市新店區中興路三段70號B1", "rating_result": "優"}, "geometry": {"type": "Point", "coordinates": [121.546291, 24.977831]}}, {"type": "Feature", "properties": {"city": "新北市", "district": "土城區", "award_year": 114, "restaurant_name": "喫茶趣TOGO-土城分公司", "address": "新北市土城區裕民路163號", "rating_result": "優"}, "geometry": {"type": "Point", "coordinates": [121.452581, 24.985679]}}, {"type": "Feature", "properties": {"city": "新北市", "district": "泰山區", "award_year": 114, "restaurant_name": "一之軒-輔大醫院店", "address": "新北市泰山區貴子路69號B1", "rating_result": "優"}, "geometry": {"type": "Point", "coordinates": [121.430799, 25.039675]}}, {"type": "Feature", "properties": {"city": "新北市", "district": "板橋區", "award_year": 114, "restaurant_name": "詩特莉-新北板橋大遠百", "address": "新北市板橋區新站路28號B1", "rating_result": "優"}, "geometry": {"type": "Point", "coordinates": [121.466627, 25.013621]}}, {"type": "Feature", "properties": {"city": "新北市", "district": "土城區", "award_year": 114, "restaurant_name": "海霸王-海山店", "address": "新北市土城區中央路一段22號", "rating_result": "優"}, "geometry": {"type": "Point", "coordinates": [121.448313, 24.99121]}}, {"type": "Feature", "properties": {"city": "新北市", "district": "永和區", "award_year": 114, "restaurant_name": "MO-MO-PARADISE-永和比漾牧場", "address": "新北市永和區中山路一段238號B2", "rating_result": "優"}, "geometry": {"type": "Point", "coordinates": [121.507646, 25.007836]}}, {"type": "Feature", "properties": {"city": "新北市", "district": "三重區", "award_year": 114, "restaurant_name": "MO-MO-PARADISE-重新家樂福牧場", "address": "新北市三重區重新路五段654號", "rating_result": "優"}, "geometry": {"type": "Point", "coordinates": [121.467123, 25.043069]}}, {"type": "Feature", "properties": {"city": "新北市", "district": "蘆洲區", "award_year": 114, "restaurant_name": "MO-MO-PARADISE-蘆洲徐匯牧場", "address": "新北市蘆洲區中山一路8號5樓", "rating_result": "優"}, "geometry": {"type": "Point", "coordinates": [121.480363, 25.080496]}}, {"type": "Feature", "properties": {"city": "新北市", "district": "蘆洲區", "award_year": 114, "restaurant_name": "BELLINI PASTA PASTA-蘆洲徐匯店", "address": "新北市蘆洲區中山一路8號5樓", "rating_result": "優"}, "geometry": {"type": "Point", "coordinates": [121.480363, 25.080496]}}, {"type": "Feature", "properties": {"city": "新北市", "district": "板橋區", "award_year": 114, "restaurant_name": "天吉屋-板橋大遠百店", "address": "新北市板橋區新站路28號B1", "rating_result": "優"}, "geometry": {"type": "Point", "coordinates": [121.466627, 25.013621]}}, {"type": "Feature", "properties": {"city": "新北市", "district": "中和區", "award_year": 114, "restaurant_name": "BELLINI PASTA PASTA-中和環球店", "address": "新北市中和區中山路三段122號4樓", "rating_result": "優"}, "geometry": {"type": "Point", "coordinates": [121.475688, 25.006077]}}, {"type": "Feature", "properties": {"city": "新北市", "district": "新店區", "award_year": 114, "restaurant_name": "MO-MO-PARADISE-新店小碧潭牧場", "address": "新北市新店區中央路157號5樓", "rating_result": "優"}, "geometry": {"type": "Point", "coordinates": [121.530551, 24.972512]}}, {"type": "Feature", "properties": {"city": "新北市", "district": "新莊區", "award_year": 114, "restaurant_name": "MO-MO-PARADISE-新莊宏匯牧場", "address": "新北市新莊區新北大道四段3號6樓", "rating_result": "優"}, "geometry": {"type": "Point", "coordinates": [121.449452, 25.059943]}}, {"type": "Feature", "properties": {"city": "新北市", "district": "板橋區", "award_year": 114, "restaurant_name": "MO-MO-PARADISE-板橋大遠百牧場", "address": "新北市板橋區新站路28號7樓", "rating_result": "優"}, "geometry": {"type": "Point", "coordinates": [121.466627, 25.013621]}}, {"type": "Feature", "properties": {"city": "新北市", "district": "中和區", "award_year": 114, "restaurant_name": "MO-MO-PARADISE-中和環球牧場", "address": "新北市中和區中山路三段122號4樓", "rating_result": "優"}, "geometry": {"type": "Point", "coordinates": [121.475688, 25.006077]}}, {"type": "Feature", "properties": {"city": "新北市", "district": "中和區", "award_year": 114, "restaurant_name": "STARBUCKS COFFEE-環球門市", "address": "新北市中和區中山路三段122號1樓", "rating_result": "優"}, "geometry": {"type": "Point", "coordinates": [121.475688, 25.006077]}}, {"type": "Feature", "properties": {"city": "新北市", "district": "板橋區", "award_year": 114, "restaurant_name": "星巴克-板橋大遠百門市", "address": "新北市板橋區新站路28號2樓", "rating_result": "優"}, "geometry": {"type": "Point", "coordinates": [121.466627, 25.013621]}}, {"type": "Feature", "properties": {"city": "新北市", "district": "中和區", "award_year": 114, "restaurant_name": "TGI FRIDAYS-環球餐廳", "address": "新北市中和區中山路三段122號4樓", "rating_result": "優"}, "geometry": {"type": "Point", "coordinates": [121.475688, 25.006077]}}, {"type": "Feature", "properties": {"city": "新北市", "district": "坪林區", "award_year": 114, "restaurant_name": "馮全興商店", "address": "新北市坪林區北宜路八段262號", "rating_result": "優"}, "geometry": {"type": "Point", "coordinates": [121.709565, 24.934974]}}, {"type": "Feature", "properties": {"city": "新北市", "district": "三峽區", "award_year": 114, "restaurant_name": "阿爸的客家菜", "address": "新北市三峽區中山路118號", "rating_result": "優"}, "geometry": {"type": "Point", "coordinates": [121.365707, 24.935961]}}, {"type": "Feature", "properties": {"city": "新北市", "district": "板橋區", "award_year": 114, "restaurant_name": "繼光香香雞-板橋大遠百專櫃", "address": "新北市板橋區新站路28號B1", "rating_result": "優"}, "geometry": {"type": "Point", "coordinates": [121.466627, 25.013621]}}, {"type": "Feature", "properties": {"city": "新北市", "district": "中和區", "award_year": 114, "restaurant_name": "繼光香香雞-中和環球", "address": "新北市中和區中山路三段122號3樓", "rating_result": "優"}, "geometry": {"type": "Point", "coordinates": [121.475688, 25.006077]}}, {"type": "Feature", "properties": {"city": "新北市", "district": "板橋區", "award_year": 114, "restaurant_name": "COMEBUY-亞東醫院店", "address": "新北市板橋區南雅南路二段138號", "rating_result": "優"}, "geometry": {"type": "Point", "coordinates": [121.451847, 24.996501]}}, {"type": "Feature", "properties": {"city": "新北市", "district": "板橋區", "award_year": 114, "restaurant_name": "COMEBUY-亞東科大店", "address": "新北市板橋區四川路二段47巷1弄2號", "rating_result": "優"}, "geometry": {"type": "Point", "coordinates": [121.454172, 24.994965]}}, {"type": "Feature", "properties": {"city": "新北市", "district": "板橋區", "award_year": 114, "restaurant_name": "府城台南美食-板橋大遠百", "address": "新北市板橋區新站路28號B1", "rating_result": "優"}, "geometry": {"type": "Point", "coordinates": [121.466627, 25.013621]}}, {"type": "Feature", "properties": {"city": "新北市", "district": "三峽區", "award_year": 114, "restaurant_name": "路易莎咖啡-三峽國際門市", "address": "新北市三峽區國際一街1號", "rating_result": "優"}, "geometry": {"type": "Point", "coordinates": [121.374718, 24.943192]}}, {"type": "Feature", "properties": {"city": "新北市", "district": "板橋區", "award_year": 114, "restaurant_name": "金色三麥-板橋大遠百店", "address": "新北市板橋區新站路28號9樓", "rating_result": "優"}, "geometry": {"type": "Point", "coordinates": [121.466627, 25.013621]}}, {"type": "Feature", "properties": {"city": "新北市", "district": "板橋區", "award_year": 114, "restaurant_name": "路易莎咖啡-亞東醫院門市", "address": "新北市板橋區南雅南路二段130號", "rating_result": "優"}, "geometry": {"type": "Point", "coordinates": [121.451954, 24.996817]}}, {"type": "Feature", "properties": {"city": "新北市", "district": "三峽區", "award_year": 114, "restaurant_name": "路易莎咖啡-三峽學成門市", "address": "新北市三峽區學成路325號", "rating_result": "優"}, "geometry": {"type": "Point", "coordinates": [121.377205, 24.944627]}}, {"type": "Feature", "properties": {"city": "新北市", "district": "永和區", "award_year": 114, "restaurant_name": "紅樹林鐵板燒", "address": "新北市永和區中山路一段238號B2", "rating_result": "優"}, "geometry": {"type": "Point", "coordinates": [121.507646, 25.007836]}}, {"type": "Feature", "properties": {"city": "新北市", "district": "林口區", "award_year": 114, "restaurant_name": "22:02火鍋。樂活-林口A9店", "address": "新北市林口區文化三路一段2號2樓", "rating_result": "優"}, "geometry": {"type": "Point", "coordinates": [121.361398, 25.066148]}}, {"type": "Feature", "properties": {"city": "新北市", "district": "板橋區", "award_year": 114, "restaurant_name": "海底撈火鍋-板橋大遠百店", "address": "新北市板橋區新站路28號5樓", "rating_result": "優"}, "geometry": {"type": "Point", "coordinates": [121.466627, 25.013621]}}, {"type": "Feature", "properties": {"city": "新北市", "district": "板橋區", "award_year": 114, "restaurant_name": "彭園會館-新板夢幻廳", "address": "新北市板橋區中山路一段161號8樓", "rating_result": "優"}, "geometry": {"type": "Point", "coordinates": [121.465654, 25.012153]}}, {"type": "Feature", "properties": {"city": "新北市", "district": "板橋區", "award_year": 114, "restaurant_name": "彭園會館-新板館", "address": "新北市板橋區中山路一段161號1樓", "rating_result": "優"}, "geometry": {"type": "Point", "coordinates": [121.465654, 25.012153]}}, {"type": "Feature", "properties": {"city": "新北市", "district": "泰山區", "award_year": 114, "restaurant_name": "小南門-輔大醫院店", "address": "新北市泰山區貴子路69號B1", "rating_result": "優"}, "geometry": {"type": "Point", "coordinates": [121.430799, 25.039675]}}, {"type": "Feature", "properties": {"city": "新北市", "district": "泰山區", "award_year": 114, "restaurant_name": "弄餅家-輔大醫院店", "address": "新北市泰山區貴子路69號B1", "rating_result": "優"}, "geometry": {"type": "Point", "coordinates": [121.430799, 25.039675]}}, {"type": "Feature", "properties": {"city": "新北市", "district": "板橋區", "award_year": 114, "restaurant_name": "饅饅好食-板橋大遠百門市", "address": "新北市板橋區新站路28號B1", "rating_result": "優"}, "geometry": {"type": "Point", "coordinates": [121.466627, 25.013621]}}, {"type": "Feature", "properties": {"city": "新北市", "district": "中和區", "award_year": 114, "restaurant_name": "MAMI COOKING-中和環球", "address": "新北市中和區中山路三段122號B2", "rating_result": "優"}, "geometry": {"type": "Point", "coordinates": [121.475688, 25.006077]}}, {"type": "Feature", "properties": {"city": "新北市", "district": "新莊區", "award_year": 114, "restaurant_name": "瘋一鍋飲茶鍋物-新莊中正店", "address": "新北市新莊區中正路267號2樓", "rating_result": "優"}, "geometry": {"type": "Point", "coordinates": [121.449408, 25.035359]}}, {"type": "Feature", "properties": {"city": "新北市", "district": "新店區", "award_year": 114, "restaurant_name": "瘋一鍋飲茶鍋物-新店誠品店", "address": "新北市新店區中興路三段70號B1", "rating_result": "優"}, "geometry": {"type": "Point", "coordinates": [121.546291, 24.977831]}}, {"type": "Feature", "properties": {"city": "新北市", "district": "板橋區", "award_year": 114, "restaurant_name": "哈堡堡-四川加盟店", "address": "新北市板橋區四川路二段245巷41號", "rating_result": "優"}, "geometry": {"type": "Point", "coordinates": [121.4518, 24.99266]}}, {"type": "Feature", "properties": {"city": "新北市", "district": "土城區", "award_year": 114, "restaurant_name": "萬佳鄉-廣明店", "address": "新北市土城區廣明街87號", "rating_result": "優"}, "geometry": {"type": "Point", "coordinates": [121.454643, 24.994323]}}, {"type": "Feature", "properties": {"city": "新北市", "district": "三峽區", "award_year": 114, "restaurant_name": "白甘蔗創意牛肉麵", "address": "新北市三峽區國際一街45號", "rating_result": "優"}, "geometry": {"type": "Point", "coordinates": [121.372559, 24.941879]}}, {"type": "Feature", "properties": {"city": "新北市", "district": "板橋區", "award_year": 114, "restaurant_name": "豆腐村-遠百板橋店", "address": "新北市板橋區中山路一段152號13樓", "rating_result": "優"}, "geometry": {"type": "Point", "coordinates": [121.464344, 25.011113]}}, {"type": "Feature", "properties": {"city": "新北市", "district": "樹林區", "award_year": 114, "restaurant_name": "MISTER DONUT統一多拿滋-樹林秀泰門市", "address": "新北市樹林區樹新路40-6號7樓", "rating_result": "優"}, "geometry": {"type": "Point", "coordinates": [121.427951, 24.995486]}}, {"type": "Feature", "properties": {"city": "新北市", "district": "中和區", "award_year": 114, "restaurant_name": "MISTER DONUT-新中環門市", "address": "新北市中和區中山路三段122號2樓", "rating_result": "優"}, "geometry": {"type": "Point", "coordinates": [121.475688, 25.006077]}}, {"type": "Feature", "properties": {"city": "新北市", "district": "板橋區", "award_year": 114, "restaurant_name": "MISTER DONUT-板橋大遠百門市", "address": "新北市板橋區新站路28號B1", "rating_result": "優"}, "geometry": {"type": "Point", "coordinates": [121.466627, 25.013621]}}, {"type": "Feature", "properties": {"city": "新北市", "district": "中和區", "award_year": 114, "restaurant_name": "金蕎手感烘焙", "address": "新北市中和區連城路265號", "rating_result": "優"}, "geometry": {"type": "Point", "coordinates": [121.491286, 24.996288]}}, {"type": "Feature", "properties": {"city": "新北市", "district": "林口區", "award_year": 114, "restaurant_name": "勝博殿-林口A9店", "address": "新北市林口區文化三路一段2號4樓", "rating_result": "優"}, "geometry": {"type": "Point", "coordinates": [121.361398, 25.066148]}}, {"type": "Feature", "properties": {"city": "新北市", "district": "永和區", "award_year": 114, "restaurant_name": "勝博殿-永和比漾店", "address": "新北市永和區中山路一段238號5樓", "rating_result": "優"}, "geometry": {"type": "Point", "coordinates": [121.507646, 25.007836]}}, {"type": "Feature", "properties": {"city": "新北市", "district": "中和區", "award_year": 114, "restaurant_name": "勝博殿-中和環球EXPRESS店", "address": "新北市中和區中山路三段122號3樓", "rating_result": "優"}, "geometry": {"type": "Point", "coordinates": [121.475688, 25.006077]}}, {"type": "Feature", "properties": {"city": "新北市", "district": "板橋區", "award_year": 114, "restaurant_name": "吉比鮮釀餐廳-新北板橋店", "address": "新北市板橋區中山路一段152號11樓", "rating_result": "優"}, "geometry": {"type": "Point", "coordinates": [121.464344, 25.011113]}}, {"type": "Feature", "properties": {"city": "新北市", "district": "中和區", "award_year": 114, "restaurant_name": "皇廚一品牛排-環球店", "address": "新北市中和區中山路三段122號3樓", "rating_result": "優"}, "geometry": {"type": "Point", "coordinates": [121.475688, 25.006077]}}, {"type": "Feature", "properties": {"city": "新北市", "district": "林口區", "award_year": 114, "restaurant_name": "讚岐製麵所-林口A9店", "address": "新北市林口區文化三路一段2號4樓", "rating_result": "優"}, "geometry": {"type": "Point", "coordinates": [121.361398, 25.066148]}}, {"type": "Feature", "properties": {"city": "新北市", "district": "板橋區", "award_year": 114, "restaurant_name": "海壽司-板橋大遠百店", "address": "新北市板橋區新站路28號B1", "rating_result": "優"}, "geometry": {"type": "Point", "coordinates": [121.466627, 25.013621]}}, {"type": "Feature", "properties": {"city": "新北市", "district": "林口區", "award_year": 114, "restaurant_name": "點水樓-林口店", "address": "新北市林口區文化三路一段356號", "rating_result": "優"}, "geometry": {"type": "Point", "coordinates": [121.363506, 25.070789]}}, {"type": "Feature", "properties": {"city": "新北市", "district": "板橋區", "award_year": 114, "restaurant_name": "B&G德國農莊複合式餐茶館-板橋大遠百店", "address": "新北市板橋區新站路28號3樓", "rating_result": "優"}, "geometry": {"type": "Point", "coordinates": [121.466627, 25.013621]}}, {"type": "Feature", "properties": {"city": "新北市", "district": "中和區", "award_year": 114, "restaurant_name": "酷聖石冰淇淋-中環門市", "address": "新北市中和區中山路三段122號B2", "rating_result": "優"}, "geometry": {"type": "Point", "coordinates": [121.475688, 25.006077]}}, {"type": "Feature", "properties": {"city": "新北市", "district": "板橋區", "award_year": 114, "restaurant_name": "COLD STONE-板橋門市", "address": "新北市板橋區新站路28號B1", "rating_result": "優"}, "geometry": {"type": "Point", "coordinates": [121.466627, 25.013621]}}, {"type": "Feature", "properties": {"city": "新北市", "district": "樹林區", "award_year": 114, "restaurant_name": "酷聖石冰淇淋-樹林門市", "address": "新北市樹林區樹新路40-6號7樓", "rating_result": "優"}, "geometry": {"type": "Point", "coordinates": [121.427951, 24.995486]}}, {"type": "Feature", "properties": {"city": "新北市", "district": "板橋區", "award_year": 114, "restaurant_name": "樂麵屋-板橋店", "address": "新北市板橋區縣民大道二段7號B1", "rating_result": "優"}, "geometry": {"type": "Point", "coordinates": [121.463636, 25.014331]}}, {"type": "Feature", "properties": {"city": "新北市", "district": "中和區", "award_year": 114, "restaurant_name": "小南門-環球中和店", "address": "新北市中和區中山路三段122號3樓", "rating_result": "優"}, "geometry": {"type": "Point", "coordinates": [121.475688, 25.006077]}}, {"type": "Feature", "properties": {"city": "新北市", "district": "林口區", "award_year": 114, "restaurant_name": "飛機河粉-林口三井店", "address": "新北市林口區文化三路一段356號2樓", "rating_result": "優"}, "geometry": {"type": "Point", "coordinates": [121.363506, 25.070789]}}, {"type": "Feature", "properties": {"city": "新北市", "district": "汐止區", "award_year": 114, "restaurant_name": "北村豆腐家-汐止遠雄店", "address": "新北市汐止區新台五路一段99號", "rating_result": "優"}, "geometry": {"type": "Point", "coordinates": [121.648247, 25.061619]}}, {"type": "Feature", "properties": {"city": "新北市", "district": "新店區", "award_year": 114, "restaurant_name": "涓豆腐-新店裕隆城店", "address": "新北市新店區中興路三段70號3樓", "rating_result": "優"}, "geometry": {"type": "Point", "coordinates": [121.546291, 24.977831]}}, {"type": "Feature", "properties": {"city": "新北市", "district": "新店區", "award_year": 114, "restaurant_name": "韓姜熙的小廚房-新店裕隆城店", "address": "新北市新店區中興路三段70號B1", "rating_result": "優"}, "geometry": {"type": "Point", "coordinates": [121.546291, 24.977831]}}, {"type": "Feature", "properties": {"city": "新北市", "district": "樹林區", "award_year": 114, "restaurant_name": "韓姜熙的小廚房-樹林家樂福店", "address": "新北市樹林區大安路118號1樓", "rating_result": "優"}, "geometry": {"type": "Point", "coordinates": [121.42094, 24.996488]}}, {"type": "Feature", "properties": {"city": "新北市", "district": "林口區", "award_year": 114, "restaurant_name": "涓豆腐-林口三井店", "address": "新北市林口區文化二路一段123號3樓", "rating_result": "優"}, "geometry": {"type": "Point", "coordinates": [121.36529, 25.068984]}}, {"type": "Feature", "properties": {"city": "新北市", "district": "板橋區", "award_year": 114, "restaurant_name": "薩莉亞-板橋亞東店", "address": "新北市板橋區南雅南路二段122-23號B1", "rating_result": "優"}, "geometry": {"type": "Point", "coordinates": [121.451895, 24.997347]}}, {"type": "Feature", "properties": {"city": "新北市", "district": "板橋區", "award_year": 114, "restaurant_name": "藍屋-板橋大遠百店", "address": "新北市板橋區新站路28號9樓", "rating_result": "優"}, "geometry": {"type": "Point", "coordinates": [121.466627, 25.013621]}}, {"type": "Feature", "properties": {"city": "新北市", "district": "板橋區", "award_year": 114, "restaurant_name": "古拉爵-板橋大遠百新站店", "address": "新北市板橋區新站路28號9樓", "rating_result": "優"}, "geometry": {"type": "Point", "coordinates": [121.466627, 25.013621]}}, {"type": "Feature", "properties": {"city": "新北市", "district": "三峽區", "award_year": 114, "restaurant_name": "蔗鼎鮮養生火鍋-三峽總店", "address": "新北市三峽區復興路166號", "rating_result": "優"}, "geometry": {"type": "Point", "coordinates": [121.371066, 24.938472]}}, {"type": "Feature", "properties": {"city": "新北市", "district": "板橋區", "award_year": 114, "restaurant_name": "拉亞漢堡-板橋亞東店", "address": "新北市板橋區德興街3號", "rating_result": "優"}, "geometry": {"type": "Point", "coordinates": [121.453428, 24.994928]}}, {"type": "Feature", "properties": {"city": "新北市", "district": "新莊區", "award_year": 114, "restaurant_name": "涓豆腐-新莊佳瑪店", "address": "新北市新莊區幸福路746號2樓", "rating_result": "優"}, "geometry": {"type": "Point", "coordinates": [121.448066, 25.049251]}}, {"type": "Feature", "properties": {"city": "新北市", "district": "永和區", "award_year": 114, "restaurant_name": "北村豆腐家-永和比漾店", "address": "新北市永和區中山路一段238號2樓", "rating_result": "優"}, "geometry": {"type": "Point", "coordinates": [121.507646, 25.007836]}}, {"type": "Feature", "properties": {"city": "新北市", "district": "板橋區", "award_year": 114, "restaurant_name": "韓姜熙的小廚房-板橋環球店", "address": "新北市板橋區縣民大道二段7號B1", "rating_result": "優"}, "geometry": {"type": "Point", "coordinates": [121.463636, 25.014331]}}, {"type": "Feature", "properties": {"city": "新北市", "district": "樹林區", "award_year": 114, "restaurant_name": "北村豆腐家-樹林秀泰店", "address": "新北市樹林區樹新路40-6號7樓", "rating_result": "優"}, "geometry": {"type": "Point", "coordinates": [121.427951, 24.995486]}}, {"type": "Feature", "properties": {"city": "新北市", "district": "土城區", "award_year": 114, "restaurant_name": "北村豆腐家-土城日月光店", "address": "新北市土城區學府路二段210號", "rating_result": "優"}, "geometry": {"type": "Point", "coordinates": [121.445127, 24.978765]}}, {"type": "Feature", "properties": {"city": "新北市", "district": "三峽區", "award_year": 114, "restaurant_name": "迷客夏-三峽北大店", "address": "新北市三峽區國際二街33號", "rating_result": "優"}, "geometry": {"type": "Point", "coordinates": [121.372535, 24.943122]}}, {"type": "Feature", "properties": {"city": "新北市", "district": "中和區", "award_year": 114, "restaurant_name": "迷客夏MILKSHA PLUS-新北中和環球店", "address": "新北市中和區中山路三段122號3樓", "rating_result": "優"}, "geometry": {"type": "Point", "coordinates": [121.475688, 25.006077]}}, {"type": "Feature", "properties": {"city": "新北市", "district": "中和區", "award_year": 114, "restaurant_name": "哈肯舖-中和環球店", "address": "新北市中和區中山路三段122號B2", "rating_result": "優"}, "geometry": {"type": "Point", "coordinates": [121.475688, 25.006077]}}, {"type": "Feature", "properties": {"city": "新北市", "district": "中和區", "award_year": 114, "restaurant_name": "宏宜烘焙專門店", "address": "新北市中和區員山路261號", "rating_result": "優"}, "geometry": {"type": "Point", "coordinates": [121.481159, 24.999066]}}, {"type": "Feature", "properties": {"city": "新北市", "district": "中和區", "award_year": 114, "restaurant_name": "踏踏貓廚坊", "address": "新北市中和區華新街162號", "rating_result": "優"}, "geometry": {"type": "Point", "coordinates": [121.507434, 24.982356]}}, {"type": "Feature", "properties": {"city": "新北市", "district": "瑞芳區", "award_year": 114, "restaurant_name": "猴硐貓村217咖啡", "address": "新北市瑞芳區柴寮路217號", "rating_result": "優"}, "geometry": {"type": "Point", "coordinates": [121.825845, 25.086462]}}, {"type": "Feature", "properties": {"city": "新北市", "district": "三峽區", "award_year": 114, "restaurant_name": "8鍋臭臭鍋-三峽店", "address": "新北市三峽區文化路226號", "rating_result": "優"}, "geometry": {"type": "Point", "coordinates": [121.367951, 24.935957]}}, {"type": "Feature", "properties": {"city": "新北市", "district": "三峽區", "award_year": 114, "restaurant_name": "呷尚寶-北大店", "address": "新北市三峽區國際二街15號", "rating_result": "優"}, "geometry": {"type": "Point", "coordinates": [121.373494, 24.943661]}}, {"type": "Feature", "properties": {"city": "新北市", "district": "三重區", "award_year": 114, "restaurant_name": "QBURGER-三重龍門店", "address": "新北市三重區龍門路40號", "rating_result": "優"}, "geometry": {"type": "Point", "coordinates": [121.495961, 25.072445]}}, {"type": "Feature", "properties": {"city": "新北市", "district": "中和區", "award_year": 114, "restaurant_name": "QBURGER-中和民生店", "address": "新北市中和區民生街85巷1弄2號", "rating_result": "優"}, "geometry": {"type": "Point", "coordinates": [121.469075, 25.004567]}}, {"type": "Feature", "properties": {"city": "新北市", "district": "板橋區", "award_year": 114, "restaurant_name": "眼鏡仔豬血湯-旗艦店", "address": "新北市板橋區南雅南路一段60號", "rating_result": "優"}, "geometry": {"type": "Point", "coordinates": [121.455502, 25.005569]}}, {"type": "Feature", "properties": {"city": "新北市", "district": "泰山區", "award_year": 114, "restaurant_name": "QBURGER-泰山明志店", "address": "新北市泰山區明志路2段353號", "rating_result": "優"}, "geometry": {"type": "Point", "coordinates": [121.425445, 25.044391]}}, {"type": "Feature", "properties": {"city": "新北市", "district": "三峽區", "award_year": 114, "restaurant_name": "小眼睛歐霸小館", "address": "新北市三峽區大觀路12-3號", "rating_result": "優"}, "geometry": {"type": "Point", "coordinates": [121.375695, 24.944112]}}, {"type": "Feature", "properties": {"city": "新北市", "district": "新莊區", "award_year": 114, "restaurant_name": "QBURGER-新莊化成店", "address": "新北市新莊區化成路31號", "rating_result": "優"}, "geometry": {"type": "Point", "coordinates": [121.465074, 25.043993]}}, {"type": "Feature", "properties": {"city": "新北市", "district": "板橋區", "award_year": 114, "restaurant_name": "向陽晨間飲食館二館", "address": "新北市板橋區四川路二段47巷4弄17號", "rating_result": "優"}, "geometry": {"type": "Point", "coordinates": [121.453521, 24.99437]}}, {"type": "Feature", "properties": {"city": "新北市", "district": "新莊區", "award_year": 114, "restaurant_name": "QBURGER-新莊自立店", "address": "新北市新莊區自立街190號", "rating_result": "優"}, "geometry": {"type": "Point", "coordinates": [121.456374, 25.04537]}}, {"type": "Feature", "properties": {"city": "新北市", "district": "板橋區", "award_year": 114, "restaurant_name": "QBURGER-板橋英士店", "address": "新北市板橋區英士路70號", "rating_result": "優"}, "geometry": {"type": "Point", "coordinates": [121.460493, 25.024556]}}, {"type": "Feature", "properties": {"city": "新北市", "district": "林口區", "award_year": 114, "restaurant_name": "點點心-林口三井店", "address": "新北市林口區文化三路一段356號2樓", "rating_result": "優"}, "geometry": {"type": "Point", "coordinates": [121.363506, 25.070789]}}, {"type": "Feature", "properties": {"city": "新北市", "district": "新莊區", "award_year": 114, "restaurant_name": "點點心-新莊宏匯店", "address": "新北市新莊區新北大道四段3號7樓", "rating_result": "優"}, "geometry": {"type": "Point", "coordinates": [121.449452, 25.059943]}}, {"type": "Feature", "properties": {"city": "新北市", "district": "新店區", "award_year": 114, "restaurant_name": "點點心-新店裕隆城店", "address": "新北市新店區中興路三段70號3樓", "rating_result": "優"}, "geometry": {"type": "Point", "coordinates": [121.546291, 24.977831]}}, {"type": "Feature", "properties": {"city": "新北市", "district": "中和區", "award_year": 114, "restaurant_name": "點點心-中和環球店", "address": "新北市中和區中山路三段122號B2", "rating_result": "優"}, "geometry": {"type": "Point", "coordinates": [121.475688, 25.006077]}}, {"type": "Feature", "properties": {"city": "新北市", "district": "土城區", "award_year": 114, "restaurant_name": "點點心-土城日月光店", "address": "新北市土城區學府路二段210號", "rating_result": "優"}, "geometry": {"type": "Point", "coordinates": [121.445127, 24.978765]}}, {"type": "Feature", "properties": {"city": "新北市", "district": "新莊區", "award_year": 114, "restaurant_name": "瘋一鍋飲茶鍋物-新莊宏匯店", "address": "新北市新莊區新北大道四段3號6樓", "rating_result": "優"}, "geometry": {"type": "Point", "coordinates": [121.449452, 25.059943]}}, {"type": "Feature", "properties": {"city": "新北市", "district": "三峽區", "award_year": 114, "restaurant_name": "起家雞-三峽復興店", "address": "新北市三峽區復興路133號", "rating_result": "優"}, "geometry": {"type": "Point", "coordinates": [121.371302, 24.938016]}}, {"type": "Feature", "properties": {"city": "新北市", "district": "三峽區", "award_year": 114, "restaurant_name": "初芯初蒔經典中式料理", "address": "新北市三峽區大學路196號", "rating_result": "優"}, "geometry": {"type": "Point", "coordinates": [121.372576, 24.94676]}}, {"type": "Feature", "properties": {"city": "新北市", "district": "板橋區", "award_year": 114, "restaurant_name": "台北新板希爾頓酒店-青雅中餐廳", "address": "新北市板橋區民權路88號", "rating_result": "優"}, "geometry": {"type": "Point", "coordinates": [121.462421, 25.011294]}}, {"type": "Feature", "properties": {"city": "新北市", "district": "板橋區", "award_year": 114, "restaurant_name": "台北新板希爾頓酒店-悅?市集餐廳", "address": "新北市板橋區民權路88號", "rating_result": "優"}, "geometry": {"type": "Point", "coordinates": [121.462421, 25.011294]}}, {"type": "Feature", "properties": {"city": "新北市", "district": "板橋區", "award_year": 114, "restaurant_name": "台北新板希爾頓酒店-宴會廳", "address": "新北市板橋區民權路88號", "rating_result": "優"}, "geometry": {"type": "Point", "coordinates": [121.462421, 25.011294]}}, {"type": "Feature", "properties": {"city": "新北市", "district": "板橋區", "award_year": 114, "restaurant_name": "台北新板希爾頓酒店-逸廊", "address": "新北市板橋區民權路88號", "rating_result": "優"}, "geometry": {"type": "Point", "coordinates": [121.462421, 25.011294]}}, {"type": "Feature", "properties": {"city": "新北市", "district": "三重區", "award_year": 114, "restaurant_name": "QBURGER-三重永福店", "address": "新北市三重區永福街172號", "rating_result": "優"}, "geometry": {"type": "Point", "coordinates": [121.480903, 25.074467]}}, {"type": "Feature", "properties": {"city": "新北市", "district": "三峽區", "award_year": 114, "restaurant_name": "強尼兄弟健康廚房-三峽北大店", "address": "新北市三峽區大觀路115號", "rating_result": "優"}, "geometry": {"type": "Point", "coordinates": [121.374533, 24.94547]}}, {"type": "Feature", "properties": {"city": "新北市", "district": "樹林區", "award_year": 114, "restaurant_name": "宮武?岐烏龍麵-秀泰樹林店", "address": "新北市樹林區樹新路40-6號7樓", "rating_result": "優"}, "geometry": {"type": "Point", "coordinates": [121.427951, 24.995486]}}, {"type": "Feature", "properties": {"city": "新北市", "district": "五股區", "award_year": 114, "restaurant_name": "QBURGER-五股成泰店", "address": "新北市五股區成泰路一段47號", "rating_result": "優"}, "geometry": {"type": "Point", "coordinates": [121.434133, 25.067298]}}, {"type": "Feature", "properties": {"city": "新北市", "district": "板橋區", "award_year": 114, "restaurant_name": "三味香-板橋大遠百", "address": "新北市板橋區新站路28號B1", "rating_result": "優"}, "geometry": {"type": "Point", "coordinates": [121.466627, 25.013621]}}, {"type": "Feature", "properties": {"city": "新北市", "district": "土城區", "award_year": 114, "restaurant_name": "公主樂糕殿", "address": "新北市土城區延和路18巷15弄1號", "rating_result": "優"}, "geometry": {"type": "Point", "coordinates": [121.465295, 24.988018]}}, {"type": "Feature", "properties": {"city": "新北市", "district": "新莊區", "award_year": 114, "restaurant_name": "QBURGER-新莊中平店", "address": "新北市新莊區中平路82巷10號", "rating_result": "優"}, "geometry": {"type": "Point", "coordinates": [121.445343, 25.044785]}}, {"type": "Feature", "properties": {"city": "新北市", "district": "新莊區", "award_year": 114, "restaurant_name": "QBURGER-新莊裕民店", "address": "新北市新莊區裕民街128號", "rating_result": "優"}, "geometry": {"type": "Point", "coordinates": [121.417938, 25.022515]}}, {"type": "Feature", "properties": {"city": "新北市", "district": "蘆洲區", "award_year": 114, "restaurant_name": "QBURGER-蘆洲中興店", "address": "新北市蘆洲區中興街181號", "rating_result": "優"}, "geometry": {"type": "Point", "coordinates": [121.481829, 25.090017]}}, {"type": "Feature", "properties": {"city": "新北市", "district": "三峽區", "award_year": 114, "restaurant_name": "豚將拉麵-三峽文化店", "address": "新北市三峽區文化路228號", "rating_result": "優"}, "geometry": {"type": "Point", "coordinates": [121.367908, 24.935954]}}, {"type": "Feature", "properties": {"city": "新北市", "district": "新莊區", "award_year": 114, "restaurant_name": "QBURGER-新莊昌明店", "address": "新北市新莊區昌明街28號", "rating_result": "優"}, "geometry": {"type": "Point", "coordinates": [121.456872, 25.052391]}}, {"type": "Feature", "properties": {"city": "新北市", "district": "蘆洲區", "award_year": 114, "restaurant_name": "QBURGER-蘆洲光華店", "address": "新北市蘆洲區中正路185巷31弄1號", "rating_result": "優"}, "geometry": {"type": "Point", "coordinates": [121.466408, 25.084283]}}, {"type": "Feature", "properties": {"city": "新北市", "district": "樹林區", "award_year": 114, "restaurant_name": "沏座-樹林秀泰店", "address": "新北市樹林區樹新路40-6號7樓", "rating_result": "優"}, "geometry": {"type": "Point", "coordinates": [121.427951, 24.995486]}}, {"type": "Feature", "properties": {"city": "新北市", "district": "三峽區", "award_year": 114, "restaurant_name": "含笑股份有限公司", "address": "新北市三峽區介壽路一段261號後棟", "rating_result": "優"}, "geometry": {"type": "Point", "coordinates": [121.38015, 24.930714]}}, {"type": "Feature", "properties": {"city": "新北市", "district": "板橋區", "award_year": 114, "restaurant_name": "新馬辣-新北板橋店", "address": "新北市板橋區中山路一段152號11樓", "rating_result": "優"}, "geometry": {"type": "Point", "coordinates": [121.464344, 25.011113]}}, {"type": "Feature", "properties": {"city": "新北市", "district": "板橋區", "award_year": 114, "restaurant_name": "伊勢路勝勢日式豬排-板橋大遠百店", "address": "新北市板橋區新站路28號9樓", "rating_result": "優"}, "geometry": {"type": "Point", "coordinates": [121.466627, 25.013621]}}, {"type": "Feature", "properties": {"city": "新北市", "district": "板橋區", "award_year": 114, "restaurant_name": "喫尤平價鐵板燒 - 湳雅店", "address": "新北市板橋區南雅東路11號", "rating_result": "優"}, "geometry": {"type": "Point", "coordinates": [121.455134, 25.005758]}}, {"type": "Feature", "properties": {"city": "新北市", "district": "板橋區", "award_year": 114, "restaurant_name": "了凡-板橋大遠百店", "address": "新北市板橋區新站路28號B1", "rating_result": "優"}, "geometry": {"type": "Point", "coordinates": [121.466627, 25.013621]}}, {"type": "Feature", "properties": {"city": "新北市", "district": "板橋區", "award_year": 114, "restaurant_name": "饗燒-板橋大遠百店", "address": "新北市板橋區新站路28號B1", "rating_result": "優"}, "geometry": {"type": "Point", "coordinates": [121.466627, 25.013621]}}, {"type": "Feature", "properties": {"city": "新北市", "district": "中和區", "award_year": 114, "restaurant_name": "台灣壽司郎-新北中和環球店", "address": "新北市中和區中山路三段122號B2", "rating_result": "優"}, "geometry": {"type": "Point", "coordinates": [121.475688, 25.006077]}}, {"type": "Feature", "properties": {"city": "新北市", "district": "土城區", "award_year": 114, "restaurant_name": "台灣壽司郎-土城日月光店", "address": "新北市土城區學府路二段210號1樓", "rating_result": "優"}, "geometry": {"type": "Point", "coordinates": [121.445127, 24.978765]}}, {"type": "Feature", "properties": {"city": "新北市", "district": "新莊區", "award_year": 114, "restaurant_name": "台灣壽司郎-新莊中平店", "address": "新北市新莊區中平路412.416號1樓", "rating_result": "優"}, "geometry": {"type": "Point", "coordinates": [121.444911, 25.055273]}}, {"type": "Feature", "properties": {"city": "新北市", "district": "汐止區", "award_year": 114, "restaurant_name": "台灣壽司郎-汐止遠雄店", "address": "新北市汐止區新台五路一段99號1樓", "rating_result": "優"}, "geometry": {"type": "Point", "coordinates": [121.648247, 25.061619]}}, {"type": "Feature", "properties": {"city": "新北市", "district": "新店區", "award_year": 114, "restaurant_name": "台灣壽司郎-新店中興路店", "address": "新北市新店區中興路三段13號", "rating_result": "優"}, "geometry": {"type": "Point", "coordinates": [121.54542, 24.977687]}}, {"type": "Feature", "properties": {"city": "新北市", "district": "林口區", "award_year": 114, "restaurant_name": "台灣壽司郎-林口店", "address": "新北市林口區民富街110號", "rating_result": "優"}, "geometry": {"type": "Point", "coordinates": [121.370613, 25.075226]}}, {"type": "Feature", "properties": {"city": "新北市", "district": "板橋區", "award_year": 114, "restaurant_name": "台灣壽司郎-新北板橋府中店", "address": "新北市板橋區中山路1段10號1樓", "rating_result": "優"}, "geometry": {"type": "Point", "coordinates": [121.460122, 25.007961]}}, {"type": "Feature", "properties": {"city": "新北市", "district": "蘆洲區", "award_year": 114, "restaurant_name": "台灣壽司郎-蘆洲徐匯廣場店", "address": "新北市蘆洲區中山一路8號4樓", "rating_result": "優"}, "geometry": {"type": "Point", "coordinates": [121.480363, 25.080496]}}, {"type": "Feature", "properties": {"city": "新北市", "district": "板橋區", "award_year": 114, "restaurant_name": "台灣壽司郎-新北板橋新埔店", "address": "新北市板橋區文化路一段368號1樓", "rating_result": "優"}, "geometry": {"type": "Point", "coordinates": [121.469711, 25.023321]}}, {"type": "Feature", "properties": {"city": "新北市", "district": "新莊區", "award_year": 114, "restaurant_name": "大戶屋-新莊佳瑪店", "address": "新北市新莊區幸福路736號B1", "rating_result": "優"}, "geometry": {"type": "Point", "coordinates": [121.448642, 25.049259]}}, {"type": "Feature", "properties": {"city": "新北市", "district": "永和區", "award_year": 114, "restaurant_name": "大戶屋-永和比漾店", "address": "新北市永和區中山路一段238號3樓", "rating_result": "優"}, "geometry": {"type": "Point", "coordinates": [121.507646, 25.007836]}}, {"type": "Feature", "properties": {"city": "新北市", "district": "新店區", "award_year": 114, "restaurant_name": "大戶屋-新店小碧潭店", "address": "新北市新店區中央路157號5樓", "rating_result": "優"}, "geometry": {"type": "Point", "coordinates": [121.530551, 24.972512]}}, {"type": "Feature", "properties": {"city": "新北市", "district": "板橋區", "award_year": 114, "restaurant_name": "WOOSA屋莎鬆餅屋-板橋中山店", "address": "新北市板橋區中山路一段152號4樓", "rating_result": "優"}, "geometry": {"type": "Point", "coordinates": [121.464344, 25.011113]}}, {"type": "Feature", "properties": {"city": "新北市", "district": "中和區", "award_year": 114, "restaurant_name": "朱記餡餅粥-環球購物中心中和店", "address": "新北市中和區中山路三段122號3樓", "rating_result": "優"}, "geometry": {"type": "Point", "coordinates": [121.475688, 25.006077]}}, {"type": "Feature", "properties": {"city": "新北市", "district": "淡水區", "award_year": 114, "restaurant_name": "福容大飯店淡水漁人碼頭店-大廳咖啡廳", "address": "新北市淡水區觀海路88號", "rating_result": "優"}, "geometry": {"type": "Point", "coordinates": [121.414651, 25.182684]}}, {"type": "Feature", "properties": {"city": "新北市", "district": "新店區", "award_year": 114, "restaurant_name": "大戶屋-新店家樂福店", "address": "新北市新店區中興路三段1號6樓", "rating_result": "優"}, "geometry": {"type": "Point", "coordinates": [121.546235, 24.975877]}}, {"type": "Feature", "properties": {"city": "新北市", "district": "板橋區", "award_year": 114, "restaurant_name": "大戶屋-板橋愛買店", "address": "新北市板橋區貴興路101號3樓", "rating_result": "優"}, "geometry": {"type": "Point", "coordinates": [121.456586, 25.002002]}}, {"type": "Feature", "properties": {"city": "新北市", "district": "中和區", "award_year": 114, "restaurant_name": "大戶屋-中和環球店", "address": "新北市中和區中山路三段122號B2", "rating_result": "優"}, "geometry": {"type": "Point", "coordinates": [121.475688, 25.006077]}}, {"type": "Feature", "properties": {"city": "新北市", "district": "中和區", "award_year": 114, "restaurant_name": "麵家三士-中和環球店", "address": "新北市中和區中山路三段122號3樓", "rating_result": "優"}, "geometry": {"type": "Point", "coordinates": [121.475688, 25.006077]}}, {"type": "Feature", "properties": {"city": "新北市", "district": "板橋區", "award_year": 114, "restaurant_name": "寶島冰果室-板橋大遠百", "address": "新北市板橋區新站路28號B1", "rating_result": "優"}, "geometry": {"type": "Point", "coordinates": [121.466627, 25.013621]}}, {"type": "Feature", "properties": {"city": "新北市", "district": "中和區", "award_year": 114, "restaurant_name": "愛維爾手感烘焙", "address": "新北市中和區民享街40-3號", "rating_result": "優"}, "geometry": {"type": "Point", "coordinates": [121.473911, 25.002795]}}, {"type": "Feature", "properties": {"city": "新北市", "district": "板橋區", "award_year": 114, "restaurant_name": "春水堂人文茶館-板橋遠百店", "address": "新北市板橋區新站路28號3樓", "rating_result": "優"}, "geometry": {"type": "Point", "coordinates": [121.466627, 25.013621]}}, {"type": "Feature", "properties": {"city": "新北市", "district": "新莊區", "award_year": 114, "restaurant_name": "典華宴會廳-新莊店", "address": "新北市新莊區中央路469號", "rating_result": "優"}, "geometry": {"type": "Point", "coordinates": [121.446913, 25.057203]}}, {"type": "Feature", "properties": {"city": "新北市", "district": "新莊區", "award_year": 114, "restaurant_name": "典華雅聚-新莊店", "address": "新北市新莊區中央路469號", "rating_result": "優"}, "geometry": {"type": "Point", "coordinates": [121.446913, 25.057203]}}, {"type": "Feature", "properties": {"city": "新北市", "district": "板橋區", "award_year": 114, "restaurant_name": "山頭火-板橋大遠百店", "address": "新北市板橋區新站路28號9樓", "rating_result": "優"}, "geometry": {"type": "Point", "coordinates": [121.466627, 25.013621]}}, {"type": "Feature", "properties": {"city": "新北市", "district": "三重區", "award_year": 114, "restaurant_name": "大戶屋-蘆洲家樂福店", "address": "新北市三重區五華街282號4樓", "rating_result": "優"}, "geometry": {"type": "Point", "coordinates": [121.486479, 25.087995]}}, {"type": "Feature", "properties": {"city": "新北市", "district": "板橋區", "award_year": 114, "restaurant_name": "大戶屋-板橋遠百中山店", "address": "新北市板橋區中山路一段152號12樓", "rating_result": "優"}, "geometry": {"type": "Point", "coordinates": [121.464344, 25.011113]}}, {"type": "Feature", "properties": {"city": "新北市", "district": "三峽區", "award_year": 114, "restaurant_name": "CAMA CAFE-三峽大學店", "address": "新北市三峽區大學路156-3號", "rating_result": "優"}, "geometry": {"type": "Point", "coordinates": [121.373151, 24.945931]}}, {"type": "Feature", "properties": {"city": "新北市", "district": "汐止區", "award_year": 114, "restaurant_name": "魯山人和風壽喜鍋物-汐止中興店", "address": "新北市汐止區中興路150巷4號", "rating_result": "優"}, "geometry": {"type": "Point", "coordinates": [121.632874, 25.064771]}}, {"type": "Feature", "properties": {"city": "新北市", "district": "中和區", "award_year": 114, "restaurant_name": "雪嶽山-環球店", "address": "新北市中和區中山路三段122號3樓", "rating_result": "優"}, "geometry": {"type": "Point", "coordinates": [121.475688, 25.006077]}}, {"type": "Feature", "properties": {"city": "新北市", "district": "板橋區", "award_year": 114, "restaurant_name": "丸?製麵-大遠百板橋店", "address": "新北市板橋區新站路28號B1", "rating_result": "優"}, "geometry": {"type": "Point", "coordinates": [121.466627, 25.013621]}}, {"type": "Feature", "properties": {"city": "新北市", "district": "中和區", "award_year": 114, "restaurant_name": "丸?製麵-環球中和店", "address": "新北市中和區中山路三段122號3樓", "rating_result": "優"}, "geometry": {"type": "Point", "coordinates": [121.475688, 25.006077]}}, {"type": "Feature", "properties": {"city": "新北市", "district": "中和區", "award_year": 114, "restaurant_name": "春水堂人文茶館-環球中和店", "address": "新北市中和區中山路三段122號1樓", "rating_result": "優"}, "geometry": {"type": "Point", "coordinates": [121.475688, 25.006077]}}, {"type": "Feature", "properties": {"city": "新北市", "district": "樹林區", "award_year": 114, "restaurant_name": "春水堂-秀泰樹林店", "address": "新北市樹林區樹新路40-6號2樓", "rating_result": "優"}, "geometry": {"type": "Point", "coordinates": [121.427951, 24.995486]}}, {"type": "Feature", "properties": {"city": "新北市", "district": "中和區", "award_year": 114, "restaurant_name": "CAMA CAFE-中和環球店", "address": "新北市中和區中山路三段122號3樓", "rating_result": "優"}, "geometry": {"type": "Point", "coordinates": [121.475688, 25.006077]}}, {"type": "Feature", "properties": {"city": "新北市", "district": "三峽區", "award_year": 114, "restaurant_name": "黑沃咖啡-三峽大學店", "address": "新北市三峽區大學路120號", "rating_result": "優"}, "geometry": {"type": "Point", "coordinates": [121.374815, 24.943962]}}, {"type": "Feature", "properties": {"city": "新北市", "district": "中和區", "award_year": 114, "restaurant_name": "樂起司-中和環球店", "address": "新北市中和區中山路三段122號3樓", "rating_result": "優"}, "geometry": {"type": "Point", "coordinates": [121.475688, 25.006077]}}, {"type": "Feature", "properties": {"city": "新北市", "district": "三峽區", "award_year": 114, "restaurant_name": "上水樸石-三峽店", "address": "新北市三峽區國際一街22號", "rating_result": "優"}, "geometry": {"type": "Point", "coordinates": [121.373881, 24.943003]}}, {"type": "Feature", "properties": {"city": "新北市", "district": "中和區", "award_year": 114, "restaurant_name": "大心-中和環球店", "address": "新北市中和區中山路三段122號B2", "rating_result": "優"}, "geometry": {"type": "Point", "coordinates": [121.475688, 25.006077]}}, {"type": "Feature", "properties": {"city": "新北市", "district": "林口區", "award_year": 114, "restaurant_name": "焦糖楓-林口直營店", "address": "新北市林口區文化三路一段394巷1號", "rating_result": "優"}, "geometry": {"type": "Point", "coordinates": [121.366952, 25.072842]}}, {"type": "Feature", "properties": {"city": "新北市", "district": "板橋區", "award_year": 114, "restaurant_name": "焦糖楓-湳雅直營店", "address": "新北市板橋區南雅南路一段67號1樓", "rating_result": "優"}, "geometry": {"type": "Point", "coordinates": [121.455842, 25.005802]}}, {"type": "Feature", "properties": {"city": "新北市", "district": "中和區", "award_year": 114, "restaurant_name": "金春喜韓廚-中和環球店", "address": "新北市中和區中山路三段122號4樓", "rating_result": "優"}, "geometry": {"type": "Point", "coordinates": [121.475688, 25.006077]}}, {"type": "Feature", "properties": {"city": "新北市", "district": "三峽區", "award_year": 114, "restaurant_name": "五花馬-三峽大學店", "address": "新北市三峽區大學路86-1號", "rating_result": "優"}, "geometry": {"type": "Point", "coordinates": [121.375743, 24.942601]}}, {"type": "Feature", "properties": {"city": "新北市", "district": "樹林區", "award_year": 114, "restaurant_name": "YAYOI彌生軒-樹林秀泰店", "address": "新北市樹林區樹新路40-6號7樓", "rating_result": "優"}, "geometry": {"type": "Point", "coordinates": [121.427951, 24.995486]}}, {"type": "Feature", "properties": {"city": "新北市", "district": "中和區", "award_year": 114, "restaurant_name": "時時香-中和環球店", "address": "新北市中和區中山路三段122號4樓", "rating_result": "優"}, "geometry": {"type": "Point", "coordinates": [121.475688, 25.006077]}}, {"type": "Feature", "properties": {"city": "新北市", "district": "板橋區", "award_year": 114, "restaurant_name": "媽咪雞蛋仔-板橋大遠百", "address": "新北市板橋區新站路28號10樓", "rating_result": "優"}, "geometry": {"type": "Point", "coordinates": [121.466627, 25.013621]}}, {"type": "Feature", "properties": {"city": "新北市", "district": "中和區", "award_year": 114, "restaurant_name": "八色烤肉MINI-中和環球店", "address": "新北市中和區中山路三段122號3樓", "rating_result": "優"}, "geometry": {"type": "Point", "coordinates": [121.475688, 25.006077]}}, {"type": "Feature", "properties": {"city": "新北市", "district": "三峽區", "award_year": 114, "restaurant_name": "男爵餐酒館", "address": "新北市三峽區大學路200號", "rating_result": "優"}, "geometry": {"type": "Point", "coordinates": [121.37252, 24.946816]}}, {"type": "Feature", "properties": {"city": "新北市", "district": "中和區", "award_year": 114, "restaurant_name": "蘇泰泰-中和環球", "address": "新北市中和區中山路三段122號3樓", "rating_result": "優"}, "geometry": {"type": "Point", "coordinates": [121.475688, 25.006077]}}, {"type": "Feature", "properties": {"city": "新北市", "district": "蘆洲區", "award_year": 114, "restaurant_name": "香港奶茶王", "address": "新北市蘆洲區三民路279-1號", "rating_result": "優"}, "geometry": {"type": "Point", "coordinates": [121.467633, 25.089813]}}, {"type": "Feature", "properties": {"city": "新北市", "district": "新莊區", "award_year": 114, "restaurant_name": "天賜良緣", "address": "新北市新莊區中正路542號", "rating_result": "優"}, "geometry": {"type": "Point", "coordinates": [121.430103, 25.032073]}}, {"type": "Feature", "properties": {"city": "新北市", "district": "三峽區", "award_year": 114, "restaurant_name": "4U4U GOURMET", "address": "新北市三峽區國際一街15號", "rating_result": "優"}, "geometry": {"type": "Point", "coordinates": [121.374089, 24.942793]}}, {"type": "Feature", "properties": {"city": "新北市", "district": "板橋區", "award_year": 114, "restaurant_name": "龜記茗品-板橋南雅店", "address": "新北市板橋區南雅南路一段71號", "rating_result": "優"}, "geometry": {"type": "Point", "coordinates": [121.455815, 25.005752]}}, {"type": "Feature", "properties": {"city": "新北市", "district": "板橋區", "award_year": 114, "restaurant_name": "彭園湘菜-板橋店", "address": "新北市板橋區文化路二段182巷3弄79號4樓", "rating_result": "優"}, "geometry": {"type": "Point", "coordinates": [121.472657, 25.029364]}}, {"type": "Feature", "properties": {"city": "新北市", "district": "中和區", "award_year": 114, "restaurant_name": "QBURGER-中和連城店", "address": "新北市中和區連城路469巷17號", "rating_result": "優"}, "geometry": {"type": "Point", "coordinates": [121.483656, 24.995229]}}, {"type": "Feature", "properties": {"city": "新北市", "district": "五股區", "award_year": 114, "restaurant_name": "QBURGER-五股國小店", "address": "新北市五股區成泰路二段108號", "rating_result": "優"}, "geometry": {"type": "Point", "coordinates": [121.437874, 25.083213]}}, {"type": "Feature", "properties": {"city": "新北市", "district": "三峽區", "award_year": 114, "restaurant_name": "小木屋鬆餅-三峽文化店", "address": "新北市三峽區文化路134號", "rating_result": "優"}, "geometry": {"type": "Point", "coordinates": [121.370768, 24.936247]}}, {"type": "Feature", "properties": {"city": "新北市", "district": "泰山區", "award_year": 114, "restaurant_name": "QBURGER-泰山義學店", "address": "新北市泰山區明志路2段101號", "rating_result": "優"}, "geometry": {"type": "Point", "coordinates": [121.428358, 25.051844]}}, {"type": "Feature", "properties": {"city": "新北市", "district": "淡水區", "award_year": 114, "restaurant_name": "QBURGER-淡水學府店", "address": "新北市淡水區學府路85號", "rating_result": "優"}, "geometry": {"type": "Point", "coordinates": [121.448553, 25.17022]}}, {"type": "Feature", "properties": {"city": "新北市", "district": "三重區", "award_year": 114, "restaurant_name": "QBURGER-三重仁愛店", "address": "新北市三重區溪尾街269號", "rating_result": "優"}, "geometry": {"type": "Point", "coordinates": [121.487656, 25.082346]}}, {"type": "Feature", "properties": {"city": "新北市", "district": "板橋區", "award_year": 114, "restaurant_name": "板橋小籠包", "address": "新北市板橋區南雅南路一段79號", "rating_result": "優"}, "geometry": {"type": "Point", "coordinates": [121.455693, 25.005536]}}, {"type": "Feature", "properties": {"city": "新北市", "district": "三重區", "award_year": 114, "restaurant_name": "QBURGER-三重福德南店", "address": "新北市三重區福德南路40號", "rating_result": "優"}, "geometry": {"type": "Point", "coordinates": [121.502991, 25.062595]}}, {"type": "Feature", "properties": {"city": "新北市", "district": "三峽區", "award_year": 114, "restaurant_name": "師傅很忙平價鐵板燒-三峽北大店", "address": "新北市三峽區國際一街3號", "rating_result": "優"}, "geometry": {"type": "Point", "coordinates": [121.374654, 24.943146]}}, {"type": "Feature", "properties": {"city": "新北市", "district": "板橋區", "award_year": 114, "restaurant_name": "華中水餃板川館", "address": "新北市板橋區四川路二段245巷23號", "rating_result": "優"}, "geometry": {"type": "Point", "coordinates": [121.451238, 24.993032]}}, {"type": "Feature", "properties": {"city": "新北市", "district": "板橋區", "award_year": 114, "restaurant_name": "JAG這個浮洲", "address": "新北市板橋區大觀路一段29巷35號", "rating_result": "優"}, "geometry": {"type": "Point", "coordinates": [121.450325, 25.007563]}}, {"type": "Feature", "properties": {"city": "新北市", "district": "中和區", "award_year": 114, "restaurant_name": "QBURGER-中和員山店", "address": "新北市中和區員山路395號", "rating_result": "優"}, "geometry": {"type": "Point", "coordinates": [121.481103, 25.002982]}}, {"type": "Feature", "properties": {"city": "新北市", "district": "新莊區", "award_year": 114, "restaurant_name": "QBURGER-新莊民本店", "address": "新北市新莊區民本街22號", "rating_result": "優"}, "geometry": {"type": "Point", "coordinates": [121.428102, 25.019692]}}, {"type": "Feature", "properties": {"city": "新北市", "district": "新莊區", "award_year": 114, "restaurant_name": "QBURGER-新莊中港店", "address": "新北市新莊區中港路419號", "rating_result": "優"}, "geometry": {"type": "Point", "coordinates": [121.452214, 25.04756]}}, {"type": "Feature", "properties": {"city": "新北市", "district": "板橋區", "award_year": 114, "restaurant_name": "饗食天堂-新北板橋店", "address": "新北市板橋區中山路一段152號12樓", "rating_result": "優"}, "geometry": {"type": "Point", "coordinates": [121.464344, 25.011113]}}, {"type": "Feature", "properties": {"city": "新北市", "district": "永和區", "award_year": 114, "restaurant_name": "開飯川食堂-永和店", "address": "新北市永和區中山路一段238號B2", "rating_result": "優"}, "geometry": {"type": "Point", "coordinates": [121.507646, 25.007836]}}, {"type": "Feature", "properties": {"city": "新北市", "district": "板橋區", "award_year": 114, "restaurant_name": "開飯川食堂-板橋店", "address": "新北市板橋區中山路一段152號13樓", "rating_result": "優"}, "geometry": {"type": "Point", "coordinates": [121.464344, 25.011113]}}, {"type": "Feature", "properties": {"city": "新北市", "district": "板橋區", "award_year": 114, "restaurant_name": "果然匯-板橋遠百店", "address": "新北市板橋區中山路一段152號11樓", "rating_result": "優"}, "geometry": {"type": "Point", "coordinates": [121.464344, 25.011113]}}, {"type": "Feature", "properties": {"city": "新北市", "district": "新店區", "award_year": 114, "restaurant_name": "開飯川食堂-小碧潭店", "address": "新北市新店區中央路157號5樓", "rating_result": "優"}, "geometry": {"type": "Point", "coordinates": [121.530551, 24.972512]}}, {"type": "Feature", "properties": {"city": "新北市", "district": "新莊區", "award_year": 114, "restaurant_name": "開飯川食堂-宏匯店", "address": "新北市新莊區新北大道四段3號B2", "rating_result": "優"}, "geometry": {"type": "Point", "coordinates": [121.449452, 25.059943]}}, {"type": "Feature", "properties": {"city": "新北市", "district": "新莊區", "award_year": 114, "restaurant_name": "饗泰多-新莊宏匯店", "address": "新北市新莊區新北大道四段3號B2", "rating_result": "優"}, "geometry": {"type": "Point", "coordinates": [121.449452, 25.059943]}}, {"type": "Feature", "properties": {"city": "新北市", "district": "中和區", "award_year": 114, "restaurant_name": "開飯川食堂-中和環球店", "address": "新北市中和區中山路三段122號4樓", "rating_result": "優"}, "geometry": {"type": "Point", "coordinates": [121.475688, 25.006077]}}, {"type": "Feature", "properties": {"city": "新北市", "district": "中和區", "award_year": 114, "restaurant_name": "小福利麻辣鍋-中和環球店", "address": "新北市中和區中山路三段122號4樓", "rating_result": "優"}, "geometry": {"type": "Point", "coordinates": [121.475688, 25.006077]}}, {"type": "Feature", "properties": {"city": "新北市", "district": "永和區", "award_year": 114, "restaurant_name": "饗泰多-永和比漾店", "address": "新北市永和區中山路一段238號2樓", "rating_result": "優"}, "geometry": {"type": "Point", "coordinates": [121.507646, 25.007836]}}, {"type": "Feature", "properties": {"city": "新北市", "district": "永和區", "award_year": 114, "restaurant_name": "真珠-永和比漾店", "address": "新北市永和區中山路一段238號2樓", "rating_result": "優"}, "geometry": {"type": "Point", "coordinates": [121.507646, 25.007836]}}, {"type": "Feature", "properties": {"city": "新北市", "district": "新莊區", "award_year": 114, "restaurant_name": "饗饗-新莊店", "address": "新北市新莊區思源路555號39樓", "rating_result": "優"}, "geometry": {"type": "Point", "coordinates": [121.459441, 25.058228]}}, {"type": "Feature", "properties": {"city": "新北市", "district": "新店區", "award_year": 114, "restaurant_name": "真珠-新店小碧潭店", "address": "新北市新店區中央路157號5樓", "rating_result": "優"}, "geometry": {"type": "Point", "coordinates": [121.530551, 24.972512]}}, {"type": "Feature", "properties": {"city": "新北市", "district": "新店區", "award_year": 114, "restaurant_name": "小福利麻辣鍋-新店小碧潭店", "address": "新北市新店區中央路157號5樓", "rating_result": "優"}, "geometry": {"type": "Point", "coordinates": [121.530551, 24.972512]}}, {"type": "Feature", "properties": {"city": "新北市", "district": "新莊區", "award_year": 114, "restaurant_name": "旨醞-新莊店", "address": "新北市新莊區思源路555號38樓", "rating_result": "優"}, "geometry": {"type": "Point", "coordinates": [121.459441, 25.058228]}}, {"type": "Feature", "properties": {"city": "新北市", "district": "樹林區", "award_year": 114, "restaurant_name": "瓦城-樹林秀泰店", "address": "新北市樹林區樹新路40-6號7樓", "rating_result": "優"}, "geometry": {"type": "Point", "coordinates": [121.427951, 24.995486]}}, {"type": "Feature", "properties": {"city": "新北市", "district": "板橋區", "award_year": 114, "restaurant_name": "非常泰-板橋大遠百店", "address": "新北市板橋區新站路28號9樓", "rating_result": "優"}, "geometry": {"type": "Point", "coordinates": [121.466627, 25.013621]}}, {"type": "Feature", "properties": {"city": "新北市", "district": "三峽區", "award_year": 114, "restaurant_name": "良師塾校園食飲-北大店", "address": "新北市三峽區大學路151號", "rating_result": "優"}, "geometry": {"type": "Point", "coordinates": [121.373158, 24.945133]}}, {"type": "Feature", "properties": {"city": "新北市", "district": "林口區", "award_year": 114, "restaurant_name": "乾杯燒肉居酒屋-林口店", "address": "新北市林口區文化三路一段356號2樓", "rating_result": "優"}, "geometry": {"type": "Point", "coordinates": [121.363506, 25.070789]}}, {"type": "Feature", "properties": {"city": "新北市", "district": "新莊區", "award_year": 114, "restaurant_name": "乾杯燒肉居酒屋-新莊宏匯店", "address": "新北市新莊區新北大道四段3號7樓", "rating_result": "優"}, "geometry": {"type": "Point", "coordinates": [121.449452, 25.059943]}}, {"type": "Feature", "properties": {"city": "新北市", "district": "新莊區", "award_year": 114, "restaurant_name": "黑毛屋-新莊宏匯店", "address": "新北市新莊區新北大道四段3號7樓", "rating_result": "優"}, "geometry": {"type": "Point", "coordinates": [121.449452, 25.059943]}}, {"type": "Feature", "properties": {"city": "新北市", "district": "板橋區", "award_year": 114, "restaurant_name": "黑毛屋本家-板橋大遠百店", "address": "新北市板橋區新站路28號11樓", "rating_result": "優"}, "geometry": {"type": "Point", "coordinates": [121.466627, 25.013621]}}, {"type": "Feature", "properties": {"city": "新北市", "district": "板橋區", "award_year": 114, "restaurant_name": "老乾杯-板橋大遠百店", "address": "新北市板橋區新站路28號11樓", "rating_result": "優"}, "geometry": {"type": "Point", "coordinates": [121.466627, 25.013621]}}, {"type": "Feature", "properties": {"city": "新北市", "district": "板橋區", "award_year": 114, "restaurant_name": "八方雲集-板橋亞東店", "address": "新北市板橋區四川路二段40號", "rating_result": "優"}, "geometry": {"type": "Point", "coordinates": [121.453724, 24.995437]}}, {"type": "Feature", "properties": {"city": "新北市", "district": "板橋區", "award_year": 114, "restaurant_name": "樂法-新北亞東店", "address": "新北市板橋區南雅南路二段21號", "rating_result": "優"}, "geometry": {"type": "Point", "coordinates": [121.452311, 24.997313]}}, {"type": "Feature", "properties": {"city": "新北市", "district": "板橋區", "award_year": 114, "restaurant_name": "添好運-板橋大遠百店", "address": "新北市板橋區新站路28號B1", "rating_result": "優"}, "geometry": {"type": "Point", "coordinates": [121.466627, 25.013621]}}, {"type": "Feature", "properties": {"city": "新北市", "district": "三峽區", "award_year": 114, "restaurant_name": "麵匡匡拉麵食堂-三峽和平店", "address": "新北市三峽區和平街70號", "rating_result": "優"}, "geometry": {"type": "Point", "coordinates": [121.37052, 24.938157]}}, {"type": "Feature", "properties": {"city": "新北市", "district": "新店區", "award_year": 114, "restaurant_name": "QBURGER-新店中國城店", "address": "新北市新店區玫瑰路60巷1號", "rating_result": "優"}, "geometry": {"type": "Point", "coordinates": [121.495567, 24.946202]}}, {"type": "Feature", "properties": {"city": "新北市", "district": "板橋區", "award_year": 114, "restaurant_name": "BEARD PAPAS-板橋大遠百店", "address": "新北市板橋區新站路28號B1", "rating_result": "優"}, "geometry": {"type": "Point", "coordinates": [121.466627, 25.013621]}}, {"type": "Feature", "properties": {"city": "新北市", "district": "中和區", "award_year": 114, "restaurant_name": "BEARD PAPAS-環球購物中心中和店", "address": "新北市中和區中山路三段122號B2", "rating_result": "優"}, "geometry": {"type": "Point", "coordinates": [121.475688, 25.006077]}}, {"type": "Feature", "properties": {"city": "新北市", "district": "板橋區", "award_year": 114, "restaurant_name": "清心福全-廣明店", "address": "新北市板橋區四川路二段47巷2弄1號", "rating_result": "優"}, "geometry": {"type": "Point", "coordinates": [121.45404, 24.994909]}}, {"type": "Feature", "properties": {"city": "新北市", "district": "三峽區", "award_year": 114, "restaurant_name": "清心福全-三峽大學店", "address": "新北市三峽區國際一街36號", "rating_result": "優"}, "geometry": {"type": "Point", "coordinates": [121.373435, 24.942684]}}, {"type": "Feature", "properties": {"city": "新北市", "district": "板橋區", "award_year": 114, "restaurant_name": "清心福全-湳雅店", "address": "新北市板橋區南雅南路一段81號", "rating_result": "優"}, "geometry": {"type": "Point", "coordinates": [121.455684, 25.005503]}}, {"type": "Feature", "properties": {"city": "新北市", "district": "永和區", "award_year": 114, "restaurant_name": "鮮芋仙-永和比漾店", "address": "新北市永和區中山路一段238號B2", "rating_result": "優"}, "geometry": {"type": "Point", "coordinates": [121.507646, 25.007836]}}, {"type": "Feature", "properties": {"city": "新北市", "district": "中和區", "award_year": 114, "restaurant_name": "亞尼克-環球中和店", "address": "新北市中和區中山路三段122號1樓", "rating_result": "優"}, "geometry": {"type": "Point", "coordinates": [121.475688, 25.006077]}}, {"type": "Feature", "properties": {"city": "新北市", "district": "中和區", "award_year": 114, "restaurant_name": "日出茶太-中和環球店", "address": "新北市中和區中山路三段122號3樓", "rating_result": "優"}, "geometry": {"type": "Point", "coordinates": [121.475688, 25.006077]}}, {"type": "Feature", "properties": {"city": "新北市", "district": "中和區", "award_year": 114, "restaurant_name": "達客魷魚-中和環球", "address": "新北市中和區中山路三段122號3樓", "rating_result": "優"}, "geometry": {"type": "Point", "coordinates": [121.475688, 25.006077]}}, {"type": "Feature", "properties": {"city": "新北市", "district": "板橋區", "award_year": 114, "restaurant_name": "美食坊早餐店", "address": "新北市板橋區四川路二段245巷61號", "rating_result": "優"}, "geometry": {"type": "Point", "coordinates": [121.452427, 24.992245]}}, {"type": "Feature", "properties": {"city": "新北市", "district": "中和區", "award_year": 114, "restaurant_name": "QBURGER-中和興南店", "address": "新北市中和區興南路二段69號", "rating_result": "優"}, "geometry": {"type": "Point", "coordinates": [121.506858, 24.985072]}}, {"type": "Feature", "properties": {"city": "新北市", "district": "板橋區", "award_year": 114, "restaurant_name": "QBURGER-板橋民治店", "address": "新北市板橋區民治街63號1樓", "rating_result": "優"}, "geometry": {"type": "Point", "coordinates": [121.479648, 25.033013]}}, {"type": "Feature", "properties": {"city": "新北市", "district": "中和區", "award_year": 114, "restaurant_name": "QBURGER-中和泰和店", "address": "新北市中和區泰和街22號", "rating_result": "優"}, "geometry": {"type": "Point", "coordinates": [121.499583, 25.00067]}}, {"type": "Feature", "properties": {"city": "新北市", "district": "中和區", "award_year": 114, "restaurant_name": "QBURGER-中和廣福店", "address": "新北市中和區廣福路82號", "rating_result": "優"}, "geometry": {"type": "Point", "coordinates": [121.502847, 25.001566]}}, {"type": "Feature", "properties": {"city": "新北市", "district": "板橋區", "award_year": 114, "restaurant_name": "QBURGER-板橋吳鳳店", "address": "新北市板橋區吳鳳路68號", "rating_result": "優"}, "geometry": {"type": "Point", "coordinates": [121.467433, 25.030823]}}, {"type": "Feature", "properties": {"city": "新北市", "district": "中和區", "award_year": 114, "restaurant_name": "QBURGER-中和景新店", "address": "新北市中和區景平路111巷61弄21號", "rating_result": "優"}, "geometry": {"type": "Point", "coordinates": [121.514947, 24.989907]}}, {"type": "Feature", "properties": {"city": "新北市", "district": "三峽區", "award_year": 114, "restaurant_name": "小木屋鬆餅-三峽北大店", "address": "新北市三峽區大學路151號", "rating_result": "優"}, "geometry": {"type": "Point", "coordinates": [121.373158, 24.945133]}}, {"type": "Feature", "properties": {"city": "新北市", "district": "新莊區", "award_year": 114, "restaurant_name": "QBURGER-新莊新豐店", "address": "新北市新莊區新豐街25號1樓", "rating_result": "優"}, "geometry": {"type": "Point", "coordinates": [121.448081, 25.034169]}}, {"type": "Feature", "properties": {"city": "新北市", "district": "板橋區", "award_year": 114, "restaurant_name": "QBURGER-板橋長安店", "address": "新北市板橋區長安街210之1號", "rating_result": "優"}, "geometry": {"type": "Point", "coordinates": [121.474633, 25.011995]}}, {"type": "Feature", "properties": {"city": "新北市", "district": "泰山區", "award_year": 114, "restaurant_name": "QBURGER-泰山全興店", "address": "新北市泰山區全興路105號", "rating_result": "優"}, "geometry": {"type": "Point", "coordinates": [121.433774, 25.056958]}}, {"type": "Feature", "properties": {"city": "新北市", "district": "三峽區", "award_year": 114, "restaurant_name": "早到晚到-三峽北大店", "address": "新北市三峽區大學路192號", "rating_result": "優"}, "geometry": {"type": "Point", "coordinates": [121.372659, 24.946629]}}, {"type": "Feature", "properties": {"city": "新北市", "district": "板橋區", "award_year": 114, "restaurant_name": "QBURGER-板橋金園店", "address": "新北市板橋區金門街171號", "rating_result": "優"}, "geometry": {"type": "Point", "coordinates": [121.432573, 24.990117]}}, {"type": "Feature", "properties": {"city": "新北市", "district": "永和區", "award_year": 114, "restaurant_name": "QBURGER-永和信義店", "address": "新北市永和區信義路93號", "rating_result": "優"}, "geometry": {"type": "Point", "coordinates": [121.512274, 25.013875]}}, {"type": "Feature", "properties": {"city": "新北市", "district": "板橋區", "award_year": 114, "restaurant_name": "一沐日-板橋南雅南店", "address": "新北市板橋區南雅南路一段87號", "rating_result": "優"}, "geometry": {"type": "Point", "coordinates": [121.455634, 25.005407]}}, {"type": "Feature", "properties": {"city": "新北市", "district": "樹林區", "award_year": 114, "restaurant_name": "童鍋-秀泰樹林店", "address": "新北市樹林區樹新路40-6號6樓", "rating_result": "優"}, "geometry": {"type": "Point", "coordinates": [121.427951, 24.995486]}}, {"type": "Feature", "properties": {"city": "新北市", "district": "新莊區", "award_year": 114, "restaurant_name": "忠青商行-新莊宏匯店", "address": "新北市新莊區新北大道四段3號7樓", "rating_result": "優"}, "geometry": {"type": "Point", "coordinates": [121.449452, 25.059943]}}, {"type": "Feature", "properties": {"city": "新北市", "district": "林口區", "award_year": 114, "restaurant_name": "忠青商行-林口三井二館店", "address": "新北市林口區文化二路一段123號3樓", "rating_result": "優"}, "geometry": {"type": "Point", "coordinates": [121.36529, 25.068984]}}, {"type": "Feature", "properties": {"city": "新北市", "district": "板橋區", "award_year": 114, "restaurant_name": "SAIKABO妻家房-板橋大遠百店", "address": "新北市板橋區新站路28號9樓", "rating_result": "優"}, "geometry": {"type": "Point", "coordinates": [121.466627, 25.013621]}}, {"type": "Feature", "properties": {"city": "新北市", "district": "中和區", "award_year": 114, "restaurant_name": "三年五班-中和環球店", "address": "新北市中和區中山路三段122號B2", "rating_result": "優"}, "geometry": {"type": "Point", "coordinates": [121.475688, 25.006077]}}, {"type": "Feature", "properties": {"city": "新北市", "district": "新莊區", "award_year": 114, "restaurant_name": "QBURGER-新莊建安店", "address": "新北市新莊區建安街45號1樓", "rating_result": "優"}, "geometry": {"type": "Point", "coordinates": [121.42873, 25.025538]}}, {"type": "Feature", "properties": {"city": "新北市", "district": "三重區", "award_year": 114, "restaurant_name": "QBURGER-三重三民店", "address": "新北市三重區三民街298號", "rating_result": "優"}, "geometry": {"type": "Point", "coordinates": [121.477968, 25.068932]}}, {"type": "Feature", "properties": {"city": "新北市", "district": "樹林區", "award_year": 114, "restaurant_name": "QBURGER-樹林千歲店", "address": "新北市樹林區千歲街12號", "rating_result": "優"}, "geometry": {"type": "Point", "coordinates": [121.425139, 24.995758]}}, {"type": "Feature", "properties": {"city": "新北市", "district": "板橋區", "award_year": 114, "restaurant_name": "占元府-板橋大遠百", "address": "新北市板橋區新站路28號B1", "rating_result": "優"}, "geometry": {"type": "Point", "coordinates": [121.466627, 25.013621]}}, {"type": "Feature", "properties": {"city": "新北市", "district": "中和區", "award_year": 114, "restaurant_name": "開丼燒肉VS丼飯-中和環球店", "address": "新北市中和區中山路三段122號3樓", "rating_result": "優"}, "geometry": {"type": "Point", "coordinates": [121.475688, 25.006077]}}, {"type": "Feature", "properties": {"city": "新北市", "district": "新莊區", "award_year": 114, "restaurant_name": "肉多多-新莊和興店", "address": "新北市新莊區和興街69號", "rating_result": "優"}, "geometry": {"type": "Point", "coordinates": [121.446107, 25.041093]}}, {"type": "Feature", "properties": {"city": "新北市", "district": "板橋區", "award_year": 114, "restaurant_name": "肉多多-板橋實踐店", "address": "新北市板橋區實踐路151號", "rating_result": "優"}, "geometry": {"type": "Point", "coordinates": [121.464311, 25.004292]}}, {"type": "Feature", "properties": {"city": "新北市", "district": "三峽區", "award_year": 114, "restaurant_name": "肉多多-三峽介壽店", "address": "新北市三峽區介壽路一段52號", "rating_result": "優"}, "geometry": {"type": "Point", "coordinates": [121.375601, 24.932045]}}, {"type": "Feature", "properties": {"city": "新北市", "district": "永和區", "award_year": 114, "restaurant_name": "肉多多-永和民權店", "address": "新北市永和區民權路108號", "rating_result": "優"}, "geometry": {"type": "Point", "coordinates": [121.519717, 24.996618]}}, {"type": "Feature", "properties": {"city": "新北市", "district": "樹林區", "award_year": 114, "restaurant_name": "肉多多-樹林中山店", "address": "新北市樹林區中山路一段146號", "rating_result": "優"}, "geometry": {"type": "Point", "coordinates": [121.422475, 24.990104]}}, {"type": "Feature", "properties": {"city": "新北市", "district": "淡水區", "award_year": 114, "restaurant_name": "肉多多-淡水中正店", "address": "新北市淡水區中正路55號2樓", "rating_result": "優"}, "geometry": {"type": "Point", "coordinates": [121.441815, 25.169478]}}, {"type": "Feature", "properties": {"city": "新北市", "district": "中和區", "award_year": 114, "restaurant_name": "狂一鍋-中和永貞店", "address": "新北市中和區永貞路274號", "rating_result": "優"}, "geometry": {"type": "Point", "coordinates": [121.513416, 25.003878]}}, {"type": "Feature", "properties": {"city": "新北市", "district": "新莊區", "award_year": 114, "restaurant_name": "狂一鍋-新莊復興店", "address": "新北市新莊區復興路一段3號", "rating_result": "優"}, "geometry": {"type": "Point", "coordinates": [121.445542, 25.041625]}}, {"type": "Feature", "properties": {"city": "新北市", "district": "林口區", "award_year": 114, "restaurant_name": "肉多多-林口昕境店", "address": "新北市林口區文化三路一段402巷2號3樓", "rating_result": "優"}, "geometry": {"type": "Point", "coordinates": [121.368635, 25.073741]}}, {"type": "Feature", "properties": {"city": "新北市", "district": "林口區", "award_year": 114, "restaurant_name": "狂一鍋-林口昕境店", "address": "新北市林口區文化三路一段402巷2號3樓", "rating_result": "優"}, "geometry": {"type": "Point", "coordinates": [121.368635, 25.073741]}}, {"type": "Feature", "properties": {"city": "新北市", "district": "林口區", "award_year": 114, "restaurant_name": "明水然·樂-林口昕境店", "address": "新北市林口區文化三路一段402巷2號3樓", "rating_result": "優"}, "geometry": {"type": "Point", "coordinates": [121.368635, 25.073741]}}, {"type": "Feature", "properties": {"city": "新北市", "district": "三重區", "award_year": 114, "restaurant_name": "狂一鍋-三重重新店", "address": "新北市三重區重新路二段79號", "rating_result": "優"}, "geometry": {"type": "Point", "coordinates": [121.496348, 25.061831]}}, {"type": "Feature", "properties": {"city": "新北市", "district": "淡水區", "award_year": 114, "restaurant_name": "明水然·樂-淡水中山店", "address": "新北市淡水區中山路8號1樓", "rating_result": "優"}, "geometry": {"type": "Point", "coordinates": [121.445144, 25.1691]}}, {"type": "Feature", "properties": {"city": "新北市", "district": "板橋區", "award_year": 114, "restaurant_name": "明水然·樂-板橋重慶店", "address": "新北市板橋區重慶路23號", "rating_result": "優"}, "geometry": {"type": "Point", "coordinates": [121.461093, 25.007938]}}, {"type": "Feature", "properties": {"city": "新北市", "district": "永和區", "award_year": 114, "restaurant_name": "QBURGER-永和永貞店", "address": "新北市永和區永貞路355巷2號", "rating_result": "優"}, "geometry": {"type": "Point", "coordinates": [121.508985, 25.007586]}}, {"type": "Feature", "properties": {"city": "新北市", "district": "新莊區", "award_year": 114, "restaurant_name": "劉家肉粽-新莊店", "address": "新北市新莊區思源路167號", "rating_result": "優"}, "geometry": {"type": "Point", "coordinates": [121.459664, 25.044953]}}, {"type": "Feature", "properties": {"city": "新北市", "district": "永和區", "award_year": 114, "restaurant_name": "QBURGER-永和永平店", "address": "新北市永和區永平路250號", "rating_result": "優"}, "geometry": {"type": "Point", "coordinates": [121.508551, 25.011266]}}, {"type": "Feature", "properties": {"city": "新北市", "district": "三峽區", "award_year": 114, "restaurant_name": "韓燒-北大店", "address": "新北市三峽區大學路86-2號", "rating_result": "優"}, "geometry": {"type": "Point", "coordinates": [121.375831, 24.942482]}}, {"type": "Feature", "properties": {"city": "新北市", "district": "樹林區", "award_year": 114, "restaurant_name": "築間幸福鍋物-樹林秀泰店", "address": "新北市樹林區樹新路40-6號5樓", "rating_result": "優"}, "geometry": {"type": "Point", "coordinates": [121.427951, 24.995486]}}, {"type": "Feature", "properties": {"city": "新北市", "district": "永和區", "award_year": 114, "restaurant_name": "築間幸福鍋物-新北永和店", "address": "新北市永和區永和路二段116號5樓", "rating_result": "優"}, "geometry": {"type": "Point", "coordinates": [121.515216, 25.012069]}}, {"type": "Feature", "properties": {"city": "新北市", "district": "淡水區", "award_year": 114, "restaurant_name": "築間幸福鍋物-淡水新市店", "address": "新北市淡水區新市一路一段8號1樓", "rating_result": "優"}, "geometry": {"type": "Point", "coordinates": [121.429569, 25.18683]}}, {"type": "Feature", "properties": {"city": "新北市", "district": "新莊區", "award_year": 114, "restaurant_name": "築間幸福鍋物-新莊中悅廣場店", "address": "新北市新莊區中原里中平路402號", "rating_result": "優"}, "geometry": {"type": "Point", "coordinates": [121.444924, 25.054644]}}, {"type": "Feature", "properties": {"city": "新北市", "district": "蘆洲區", "award_year": 114, "restaurant_name": "築間幸福鍋物-蘆洲三民店", "address": "新北市蘆洲區三民路248號", "rating_result": "優"}, "geometry": {"type": "Point", "coordinates": [121.468039, 25.08996]}}, {"type": "Feature", "properties": {"city": "新北市", "district": "三峽區", "award_year": 114, "restaurant_name": "築間幸福鍋物-三峽大學店", "address": "新北市三峽區大學路198號", "rating_result": "優"}, "geometry": {"type": "Point", "coordinates": [121.372547, 24.946789]}}, {"type": "Feature", "properties": {"city": "新北市", "district": "新莊區", "award_year": 114, "restaurant_name": "築間幸福鍋物-新莊中正店", "address": "新北市新莊區中正路72號2樓", "rating_result": "優"}, "geometry": {"type": "Point", "coordinates": [121.458853, 25.038172]}}, {"type": "Feature", "properties": {"city": "新北市", "district": "三重區", "award_year": 114, "restaurant_name": "築間幸福鍋物-新北三重店", "address": "新北市三重區重新路二段92號", "rating_result": "優"}, "geometry": {"type": "Point", "coordinates": [121.497069, 25.06185]}}, {"type": "Feature", "properties": {"city": "新北市", "district": "汐止區", "award_year": 114, "restaurant_name": "築間幸福鍋物-新北汐止店", "address": "新北市汐止區新台五路二段12號1、2樓", "rating_result": "優"}, "geometry": {"type": "Point", "coordinates": [121.660397, 25.064971]}}, {"type": "Feature", "properties": {"city": "新北市", "district": "新店區", "award_year": 114, "restaurant_name": "築間幸福鍋物-京站小碧潭店", "address": "新北市新店區中央路157號5樓", "rating_result": "優"}, "geometry": {"type": "Point", "coordinates": [121.530551, 24.972512]}}, {"type": "Feature", "properties": {"city": "新北市", "district": "土城區", "award_year": 114, "restaurant_name": "築間幸福鍋物-土城中央店", "address": "新北市土城區中央路二段21巷128號1樓", "rating_result": "優"}, "geometry": {"type": "Point", "coordinates": [121.445151, 24.979227]}}, {"type": "Feature", "properties": {"city": "新北市", "district": "中和區", "award_year": 114, "restaurant_name": "築間幸福鍋物-雙和中和路店", "address": "新北市中和區中和路262號", "rating_result": "優"}, "geometry": {"type": "Point", "coordinates": [121.508519, 24.999496]}}, {"type": "Feature", "properties": {"city": "新北市", "district": "林口區", "award_year": 114, "restaurant_name": "築間幸福鍋物-林口文化店", "address": "新北市林口區文化二路一段72號2樓", "rating_result": "優"}, "geometry": {"type": "Point", "coordinates": [121.366049, 25.069114]}}, {"type": "Feature", "properties": {"city": "新北市", "district": "土城區", "award_year": 114, "restaurant_name": "築間幸福鍋物-土城裕民店", "address": "新北市土城區學士路23號", "rating_result": "優"}, "geometry": {"type": "Point", "coordinates": [121.453321, 24.982457]}}, {"type": "Feature", "properties": {"city": "新北市", "district": "三峽區", "award_year": 114, "restaurant_name": "仙月緣蔬食館", "address": "新北市三峽區大勇路35-1號", "rating_result": "優"}, "geometry": {"type": "Point", "coordinates": [121.367304, 24.936051]}}, {"type": "Feature", "properties": {"city": "新北市", "district": "三峽區", "award_year": 114, "restaurant_name": "珍煮丹-三峽北大店", "address": "新北市三峽區大學路145號", "rating_result": "優"}, "geometry": {"type": "Point", "coordinates": [121.374223, 24.943932]}}, {"type": "Feature", "properties": {"city": "新北市", "district": "樹林區", "award_year": 114, "restaurant_name": "燒肉SMILE-樹林秀泰店", "address": "新北市樹林區樹新路40-6號7樓", "rating_result": "優"}, "geometry": {"type": "Point", "coordinates": [121.427951, 24.995486]}}, {"type": "Feature", "properties": {"city": "新北市", "district": "三重區", "award_year": 114, "restaurant_name": "燒肉SMILE-新北三重店", "address": "新北市三重區重新路二段100號", "rating_result": "優"}, "geometry": {"type": "Point", "coordinates": [121.496863, 25.061784]}}, {"type": "Feature", "properties": {"city": "新北市", "district": "中和區", "award_year": 114, "restaurant_name": "築間酸菜魚火鍋-中和環球店", "address": "新北市中和區中山路三段122號4樓", "rating_result": "優"}, "geometry": {"type": "Point", "coordinates": [121.475688, 25.006077]}}, {"type": "Feature", "properties": {"city": "新北市", "district": "永和區", "award_year": 114, "restaurant_name": "築間燒肉本命-新北永和店", "address": "新北市永和區永和路二段116號5樓", "rating_result": "優"}, "geometry": {"type": "Point", "coordinates": [121.515216, 25.012069]}}, {"type": "Feature", "properties": {"city": "新北市", "district": "樹林區", "award_year": 114, "restaurant_name": "朴庶銅盤烤肉-樹林秀泰店", "address": "新北市樹林區樹新路40-6號7樓", "rating_result": "優"}, "geometry": {"type": "Point", "coordinates": [121.427951, 24.995486]}}, {"type": "Feature", "properties": {"city": "新北市", "district": "板橋區", "award_year": 114, "restaurant_name": "QBURGER-板橋國光店", "address": "新北市板橋區國光路183號", "rating_result": "優"}, "geometry": {"type": "Point", "coordinates": [121.460919, 25.018519]}}, {"type": "Feature", "properties": {"city": "新北市", "district": "三重區", "award_year": 114, "restaurant_name": "QBURGER-三重頂崁店", "address": "新北市三重區頂崁街188號", "rating_result": "優"}, "geometry": {"type": "Point", "coordinates": [121.477416, 25.066399]}}, {"type": "Feature", "properties": {"city": "新北市", "district": "中和區", "award_year": 114, "restaurant_name": "QBURGER-中和板南店", "address": "新北市中和區連城路219巷1號", "rating_result": "優"}, "geometry": {"type": "Point", "coordinates": [121.494542, 24.997452]}}, {"type": "Feature", "properties": {"city": "新北市", "district": "板橋區", "award_year": 114, "restaurant_name": "蔬坊-板橋遠百店", "address": "新北市板橋區新站路28號B1", "rating_result": "優"}, "geometry": {"type": "Point", "coordinates": [121.466627, 25.013621]}}, {"type": "Feature", "properties": {"city": "新北市", "district": "新莊區", "award_year": 114, "restaurant_name": "IKEA-新莊店", "address": "新北市新莊區中正路1號", "rating_result": "優"}, "geometry": {"type": "Point", "coordinates": [121.413944, 25.022668]}}, {"type": "Feature", "properties": {"city": "新北市", "district": "新店區", "award_year": 114, "restaurant_name": "IKEA-新店店", "address": "新北市新店區中央路159號4樓", "rating_result": "優"}, "geometry": {"type": "Point", "coordinates": [121.531244, 24.972216]}}, {"type": "Feature", "properties": {"city": "新北市", "district": "中和區", "award_year": 114, "restaurant_name": "QBURGER-中和自立店", "address": "新北市中和區自立路76號一樓", "rating_result": "優"}, "geometry": {"type": "Point", "coordinates": [121.524045, 24.99125]}}, {"type": "Feature", "properties": {"city": "新北市", "district": "板橋區", "award_year": 114, "restaurant_name": "翰林茶棧-台北板橋遠百新站店", "address": "新北市板橋區新站路28號B1", "rating_result": "優"}, "geometry": {"type": "Point", "coordinates": [121.466627, 25.013621]}}, {"type": "Feature", "properties": {"city": "新北市", "district": "板橋區", "award_year": 114, "restaurant_name": "SAKIMOTO BAKERY-板橋大遠百店", "address": "新北市板橋區新站路28號1樓", "rating_result": "優"}, "geometry": {"type": "Point", "coordinates": [121.466627, 25.013621]}}, {"type": "Feature", "properties": {"city": "新北市", "district": "樹林區", "award_year": 114, "restaurant_name": "QBURGER-樹林三福店", "address": "新北市樹林區三福街144號", "rating_result": "優"}, "geometry": {"type": "Point", "coordinates": [121.405839, 25.016077]}}, {"type": "Feature", "properties": {"city": "新北市", "district": "中和區", "award_year": 114, "restaurant_name": "QBURGER-中和宜安店", "address": "新北市中和區宜安路25號", "rating_result": "優"}, "geometry": {"type": "Point", "coordinates": [121.512827, 24.995901]}}, {"type": "Feature", "properties": {"city": "新北市", "district": "三重區", "award_year": 114, "restaurant_name": "QBURGER-三重光復店", "address": "新北市三重區光復路一段68巷22號", "rating_result": "優"}, "geometry": {"type": "Point", "coordinates": [121.471062, 25.049163]}}, {"type": "Feature", "properties": {"city": "新北市", "district": "永和區", "award_year": 114, "restaurant_name": "QBURGER-永和得和店", "address": "新北市永和區得和路172號1樓", "rating_result": "優"}, "geometry": {"type": "Point", "coordinates": [121.519631, 25.00001]}}, {"type": "Feature", "properties": {"city": "新北市", "district": "三重區", "award_year": 114, "restaurant_name": "QBURGER-三重忠孝店", "address": "新北市三重區忠孝路二段46號", "rating_result": "優"}, "geometry": {"type": "Point", "coordinates": [121.485192, 25.070458]}}, {"type": "Feature", "properties": {"city": "新北市", "district": "中和區", "award_year": 114, "restaurant_name": "QBURGER-中和華順店", "address": "新北市中和區華順街120號1樓", "rating_result": "優"}, "geometry": {"type": "Point", "coordinates": [121.465084, 24.996559]}}, {"type": "Feature", "properties": {"city": "新北市", "district": "五股區", "award_year": 114, "restaurant_name": "QBURGER-五股工商店", "address": "新北市五股區工商路193號1樓", "rating_result": "優"}, "geometry": {"type": "Point", "coordinates": [121.433636, 25.087051]}}, {"type": "Feature", "properties": {"city": "新北市", "district": "中和區", "award_year": 114, "restaurant_name": "漢堡排嘉-中和環球店", "address": "新北市中和區中山路三段122號4樓", "rating_result": "優"}, "geometry": {"type": "Point", "coordinates": [121.475688, 25.006077]}}, {"type": "Feature", "properties": {"city": "新北市", "district": "中和區", "award_year": 114, "restaurant_name": "?肉???(?肉LIKE)-中和環球店", "address": "新北市中和區中山路三段122號B2", "rating_result": "優"}, "geometry": {"type": "Point", "coordinates": [121.475688, 25.006077]}}, {"type": "Feature", "properties": {"city": "新北市", "district": "板橋區", "award_year": 114, "restaurant_name": "QBURGER-板橋文聖店", "address": "新北市板橋區文聖街142號", "rating_result": "優"}, "geometry": {"type": "Point", "coordinates": [121.478471, 25.027914]}}, {"type": "Feature", "properties": {"city": "新北市", "district": "三峽區", "award_year": 114, "restaurant_name": "COCO都可-三峽北大店", "address": "新北市三峽區大學路143號", "rating_result": "優"}, "geometry": {"type": "Point", "coordinates": [121.374245, 24.943904]}}, {"type": "Feature", "properties": {"city": "新北市", "district": "土城區", "award_year": 114, "restaurant_name": "QBURGER-土城延和店", "address": "新北市土城區延和路115號1樓", "rating_result": "優"}, "geometry": {"type": "Point", "coordinates": [121.467982, 24.990404]}}, {"type": "Feature", "properties": {"city": "新北市", "district": "蘆洲區", "award_year": 114, "restaurant_name": "QBURGER-蘆洲成功店", "address": "新北市蘆洲區長安街268號", "rating_result": "優"}, "geometry": {"type": "Point", "coordinates": [121.457429, 25.086817]}}, {"type": "Feature", "properties": {"city": "新北市", "district": "汐止區", "award_year": 114, "restaurant_name": "QBURGER-汐止明峰店", "address": "新北市汐止區明峰街125-3號1樓", "rating_result": "優"}, "geometry": {"type": "Point", "coordinates": [121.63056, 25.070912]}}, {"type": "Feature", "properties": {"city": "新北市", "district": "新店區", "award_year": 114, "restaurant_name": "QBURGER-新店大豐店", "address": "新北市新店區大豐路16巷2號", "rating_result": "優"}, "geometry": {"type": "Point", "coordinates": [121.540925, 24.980433]}}, {"type": "Feature", "properties": {"city": "新北市", "district": "三峽區", "award_year": 114, "restaurant_name": "MISS ENERGY能量小姐-北大門市", "address": "新北市三峽區學成路246號", "rating_result": "優"}, "geometry": {"type": "Point", "coordinates": [121.374934, 24.941834]}}, {"type": "Feature", "properties": {"city": "新北市", "district": "新莊區", "award_year": 114, "restaurant_name": "QBURGER-新莊雙鳳店", "address": "新北市新莊區雙鳳路23號1樓", "rating_result": "優"}, "geometry": {"type": "Point", "coordinates": [121.416634, 25.026983]}}, {"type": "Feature", "properties": {"city": "新北市", "district": "三重區", "award_year": 114, "restaurant_name": "QBURGER-三重大智店", "address": "新北市三重區大智街55號", "rating_result": "優"}, "geometry": {"type": "Point", "coordinates": [121.492759, 25.067777]}}, {"type": "Feature", "properties": {"city": "新北市", "district": "五股區", "award_year": 114, "restaurant_name": "QBURGER-五股成洲店", "address": "新北市五股區成泰路三段577巷43號1樓", "rating_result": "優"}, "geometry": {"type": "Point", "coordinates": [121.450931, 25.103012]}}, {"type": "Feature", "properties": {"city": "新北市", "district": "板橋區", "award_year": 114, "restaurant_name": "QBURGER-板橋介壽店", "address": "新北市板橋區介壽街17號1樓", "rating_result": "優"}, "geometry": {"type": "Point", "coordinates": [121.467594, 25.020259]}}, {"type": "Feature", "properties": {"city": "新北市", "district": "土城區", "award_year": 114, "restaurant_name": "QBURGER-土城青雲店", "address": "新北市土城區青雲路238號1樓", "rating_result": "優"}, "geometry": {"type": "Point", "coordinates": [121.458972, 24.980546]}}, {"type": "Feature", "properties": {"city": "新北市", "district": "中和區", "award_year": 114, "restaurant_name": "QBURGER-中和中興店", "address": "新北市中和區中興街163號1樓+地下室", "rating_result": "優"}, "geometry": {"type": "Point", "coordinates": [121.500043, 24.990794]}}, {"type": "Feature", "properties": {"city": "新北市", "district": "板橋區", "award_year": 114, "restaurant_name": "川山蜀麻辣燙-四川創始店", "address": "新北市板橋區四川路二段35號", "rating_result": "優"}, "geometry": {"type": "Point", "coordinates": [121.454262, 24.995333]}}, {"type": "Feature", "properties": {"city": "新北市", "district": "土城區", "award_year": 114, "restaurant_name": "QBURGER-土城員林店", "address": "新北市土城區員林街10-2號1樓", "rating_result": "優"}, "geometry": {"type": "Point", "coordinates": [121.442998, 24.977884]}}, {"type": "Feature", "properties": {"city": "新北市", "district": "三峽區", "award_year": 114, "restaurant_name": "泰鍋古藝-北大店", "address": "新北市三峽區國學街88號", "rating_result": "優"}, "geometry": {"type": "Point", "coordinates": [121.372563, 24.943014]}}, {"type": "Feature", "properties": {"city": "新北市", "district": "板橋區", "award_year": 114, "restaurant_name": "QBURGER-板橋大仁店", "address": "新北市板橋區大仁街26號1樓", "rating_result": "優"}, "geometry": {"type": "Point", "coordinates": [121.455529, 25.016952]}}, {"type": "Feature", "properties": {"city": "新北市", "district": "中和區", "award_year": 114, "restaurant_name": "哈根達斯-中和環球店", "address": "新北市中和區中山路三段122號3樓", "rating_result": "優"}, "geometry": {"type": "Point", "coordinates": [121.475688, 25.006077]}}, {"type": "Feature", "properties": {"city": "新北市", "district": "板橋區", "award_year": 114, "restaurant_name": "哈根達斯-板橋大遠百旗艦店", "address": "新北市板橋區新站路28號2樓", "rating_result": "優"}, "geometry": {"type": "Point", "coordinates": [121.466627, 25.013621]}}, {"type": "Feature", "properties": {"city": "新北市", "district": "中和區", "award_year": 114, "restaurant_name": "QBURGER-中和秀朗店", "address": "新北市中和區秀朗路三段48號", "rating_result": "優"}, "geometry": {"type": "Point", "coordinates": [121.526367, 24.995583]}}, {"type": "Feature", "properties": {"city": "新北市", "district": "三峽區", "award_year": 114, "restaurant_name": "24個比例", "address": "新北市三峽區大學路151號", "rating_result": "優"}, "geometry": {"type": "Point", "coordinates": [121.373158, 24.945133]}}, {"type": "Feature", "properties": {"city": "新北市", "district": "三峽區", "award_year": 114, "restaurant_name": "麥味登-三峽恩主公店", "address": "新北市三峽區中山路234號", "rating_result": "優"}, "geometry": {"type": "Point", "coordinates": [121.362632, 24.937395]}}, {"type": "Feature", "properties": {"city": "新北市", "district": "三峽區", "award_year": 114, "restaurant_name": "THE BBQ HOUSE-三峽北大店", "address": "新北市三峽區大學路86-2號2樓", "rating_result": "優"}, "geometry": {"type": "Point", "coordinates": [121.375831, 24.942482]}}, {"type": "Feature", "properties": {"city": "新北市", "district": "永和區", "award_year": 114, "restaurant_name": "QBURGER-永和永利店", "address": "新北市永和區永利路3號1樓", "rating_result": "優"}, "geometry": {"type": "Point", "coordinates": [121.517427, 25.006085]}}, {"type": "Feature", "properties": {"city": "新北市", "district": "板橋區", "award_year": 114, "restaurant_name": "QBURGER-板橋永豐店", "address": "新北市板橋區永豐街115號", "rating_result": "優"}, "geometry": {"type": "Point", "coordinates": [121.474303, 25.019641]}}, {"type": "Feature", "properties": {"city": "新北市", "district": "三峽區", "award_year": 114, "restaurant_name": "八鍋臭臭鍋-北大店", "address": "新北市三峽區國際一街10號", "rating_result": "優"}, "geometry": {"type": "Point", "coordinates": [121.374332, 24.943195]}}, {"type": "Feature", "properties": {"city": "新北市", "district": "三重區", "award_year": 114, "restaurant_name": "QBURGER-創英店", "address": "新北市三重區中興北街236號", "rating_result": "優"}, "geometry": {"type": "Point", "coordinates": [121.468918, 25.060855]}}, {"type": "Feature", "properties": {"city": "新北市", "district": "新店區", "award_year": 114, "restaurant_name": "QBURGER-新店安康店", "address": "新北市新店區安康路二段107巷1號", "rating_result": "優"}, "geometry": {"type": "Point", "coordinates": [121.51275, 24.962166]}}, {"type": "Feature", "properties": {"city": "新北市", "district": "板橋區", "award_year": 114, "restaurant_name": "21風味館-板橋大遠百門市", "address": "新北市板橋區新站路28號9樓", "rating_result": "優"}, "geometry": {"type": "Point", "coordinates": [121.466627, 25.013621]}}, {"type": "Feature", "properties": {"city": "新北市", "district": "板橋區", "award_year": 114, "restaurant_name": "QBURGER-板橋四維店", "address": "新北市板橋區四維路308號", "rating_result": "優"}, "geometry": {"type": "Point", "coordinates": [121.462557, 25.029781]}}, {"type": "Feature", "properties": {"city": "新北市", "district": "中和區", "award_year": 114, "restaurant_name": "QBURGER-中和福美店", "address": "新北市中和區福善里福美路313號", "rating_result": "優"}, "geometry": {"type": "Point", "coordinates": [121.49675, 25.004674]}}, {"type": "Feature", "properties": {"city": "新北市", "district": "板橋區", "award_year": 114, "restaurant_name": "QBURGER-板橋中山店", "address": "新北市板橋區東丘里中山路2段90巷12號", "rating_result": "優"}, "geometry": {"type": "Point", "coordinates": [121.475419, 25.015884]}}, {"type": "Feature", "properties": {"city": "新北市", "district": "中和區", "award_year": 114, "restaurant_name": "QBURGER-中和南山店", "address": "新北市中和區南山路161號1樓", "rating_result": "優"}, "geometry": {"type": "Point", "coordinates": [121.502753, 24.995434]}}, {"type": "Feature", "properties": {"city": "新北市", "district": "三重區", "award_year": 114, "restaurant_name": "QBURGER-三重集成店", "address": "新北市三重區集成路42號", "rating_result": "優"}, "geometry": {"type": "Point", "coordinates": [121.488977, 25.052773]}}, {"type": "Feature", "properties": {"city": "新北市", "district": "土城區", "award_year": 114, "restaurant_name": "QBURGER-土城立德店", "address": "新北市土城區延和路54號", "rating_result": "優"}, "geometry": {"type": "Point", "coordinates": [121.465513, 24.988858]}}, {"type": "Feature", "properties": {"city": "新北市", "district": "三峽區", "award_year": 114, "restaurant_name": "QBURGER-三峽大同店", "address": "新北市三峽區介壽里大同路1-4號1樓", "rating_result": "優"}, "geometry": {"type": "Point", "coordinates": [121.378178, 24.929622]}}, {"type": "Feature", "properties": {"city": "新北市", "district": "永和區", "award_year": 114, "restaurant_name": "QBURGER-永和永亨店", "address": "新北市永和區永亨路107號", "rating_result": "優"}, "geometry": {"type": "Point", "coordinates": [121.5234, 25.004806]}}, {"type": "Feature", "properties": {"city": "新北市", "district": "三重區", "award_year": 114, "restaurant_name": "QBURGER-三重長安店", "address": "新北市三重區長安街73號1樓", "rating_result": "優"}, "geometry": {"type": "Point", "coordinates": [121.501446, 25.067395]}}, {"type": "Feature", "properties": {"city": "新北市", "district": "新莊區", "award_year": 114, "restaurant_name": "QBURGER-新北五工店", "address": "新北市新莊區五工二路95號1樓", "rating_result": "優"}, "geometry": {"type": "Point", "coordinates": [121.4592, 25.066717]}}, {"type": "Feature", "properties": {"city": "新北市", "district": "三峽區", "award_year": 114, "restaurant_name": "QBURGER-三峽文化店", "address": "新北市三峽區文化路266-13號", "rating_result": "優"}, "geometry": {"type": "Point", "coordinates": [121.366109, 24.935782]}}, {"type": "Feature", "properties": {"city": "新北市", "district": "板橋區", "award_year": 114, "restaurant_name": "亞瑟蘭印度料理-板橋大遠百", "address": "新北市板橋區新站路28號B1", "rating_result": "優"}, "geometry": {"type": "Point", "coordinates": [121.466627, 25.013621]}}, {"type": "Feature", "properties": {"city": "新北市", "district": "中和區", "award_year": 114, "restaurant_name": "HUATIAN花甜-中和環球店", "address": "新北市中和區中山路三段122號3樓", "rating_result": "優"}, "geometry": {"type": "Point", "coordinates": [121.475688, 25.006077]}}, {"type": "Feature", "properties": {"city": "新北市", "district": "板橋區", "award_year": 114, "restaurant_name": "金春喜韓廚-板橋遠百店", "address": "新北市板橋區中山路一段152號12樓", "rating_result": "優"}, "geometry": {"type": "Point", "coordinates": [121.464344, 25.011113]}}, {"type": "Feature", "properties": {"city": "新北市", "district": "板橋區", "award_year": 114, "restaurant_name": "初魚鮨-板橋大遠百店", "address": "新北市板橋區新站路28號2樓", "rating_result": "優"}, "geometry": {"type": "Point", "coordinates": [121.466627, 25.013621]}}, {"type": "Feature", "properties": {"city": "新北市", "district": "板橋區", "award_year": 114, "restaurant_name": "初魚鐵板料亭-板橋大遠百店", "address": "新北市板橋區新站路28號2樓", "rating_result": "優"}, "geometry": {"type": "Point", "coordinates": [121.466627, 25.013621]}}, {"type": "Feature", "properties": {"city": "新北市", "district": "中和區", "award_year": 114, "restaurant_name": "長?魚屋-中和環球店", "address": "新北市中和區中山路三段122號3樓", "rating_result": "優"}, "geometry": {"type": "Point", "coordinates": [121.475688, 25.006077]}}, {"type": "Feature", "properties": {"city": "新北市", "district": "中和區", "award_year": 114, "restaurant_name": "米哥烘焙坊-中和門市", "address": "新北市中和區中山路三段122號B2", "rating_result": "優"}, "geometry": {"type": "Point", "coordinates": [121.475688, 25.006077]}}, {"type": "Feature", "properties": {"city": "新北市", "district": "三重區", "award_year": 114, "restaurant_name": "QBURGER-三重中正南店", "address": "新北市三重區中正南路49號", "rating_result": "優"}, "geometry": {"type": "Point", "coordinates": [121.493899, 25.059565]}}, {"type": "Feature", "properties": {"city": "新北市", "district": "三峽區", "award_year": 114, "restaurant_name": "QBURGER-三峽中華店", "address": "新北市三峽區安溪里中華路46-2號", "rating_result": "優"}, "geometry": {"type": "Point", "coordinates": [121.371979, 24.93046]}}, {"type": "Feature", "properties": {"city": "新北市", "district": "板橋區", "award_year": 114, "restaurant_name": "八王子東京拉麵-板橋大遠百", "address": "新北市板橋區新站路28號B1", "rating_result": "優"}, "geometry": {"type": "Point", "coordinates": [121.466627, 25.013621]}}, {"type": "Feature", "properties": {"city": "新北市", "district": "板橋區", "award_year": 114, "restaurant_name": "八町目-板橋大遠百", "address": "新北市板橋區新站路28號B1", "rating_result": "優"}, "geometry": {"type": "Point", "coordinates": [121.466627, 25.013621]}}, {"type": "Feature", "properties": {"city": "新北市", "district": "蘆洲區", "award_year": 114, "restaurant_name": "QBURGER-蘆洲長興店", "address": "新北市蘆洲區長興路265號", "rating_result": "優"}, "geometry": {"type": "Point", "coordinates": [121.460258, 25.088034]}}, {"type": "Feature", "properties": {"city": "新北市", "district": "新莊區", "award_year": 114, "restaurant_name": "QBURGER-新莊建中店", "address": "新北市新莊區建中街86號", "rating_result": "優"}, "geometry": {"type": "Point", "coordinates": [121.447068, 25.036813]}}, {"type": "Feature", "properties": {"city": "新北市", "district": "蘆洲區", "award_year": 114, "restaurant_name": "QBURGER-蘆洲民族店", "address": "新北市蘆洲區民族路357號", "rating_result": "優"}, "geometry": {"type": "Point", "coordinates": [121.471922, 25.09168]}}, {"type": "Feature", "properties": {"city": "新北市", "district": "中和區", "award_year": 114, "restaurant_name": "LOPIA-GLOBAL MALL新北中和店", "address": "新北市中和區中山路三段122號B2", "rating_result": "優"}, "geometry": {"type": "Point", "coordinates": [121.475688, 25.006077]}}, {"type": "Feature", "properties": {"city": "新北市", "district": "板橋區", "award_year": 114, "restaurant_name": "PHO25上癮河粉-板橋大遠百店", "address": "新北市板橋區新站路28號B1", "rating_result": "優"}, "geometry": {"type": "Point", "coordinates": [121.466627, 25.013621]}}, {"type": "Feature", "properties": {"city": "新北市", "district": "三峽區", "award_year": 114, "restaurant_name": "漢堡速客X泰喫", "address": "新北市三峽區大學路151號", "rating_result": "優"}, "geometry": {"type": "Point", "coordinates": [121.373158, 24.945133]}}, {"type": "Feature", "properties": {"city": "新北市", "district": "中和區", "award_year": 114, "restaurant_name": "八月堂-新北中和環球購物中心", "address": "新北市中和區中山路三段122號B2", "rating_result": "優"}, "geometry": {"type": "Point", "coordinates": [121.475688, 25.006077]}}, {"type": "Feature", "properties": {"city": "新北市", "district": "中和區", "award_year": 114, "restaurant_name": "花月嵐-中和環球店", "address": "新北市中和區中山路三段122號3樓", "rating_result": "優"}, "geometry": {"type": "Point", "coordinates": [121.475688, 25.006077]}}, {"type": "Feature", "properties": {"city": "新北市", "district": "新店區", "award_year": 114, "restaurant_name": "QBURGER-新店建國店", "address": "新北市新店區建國路189號1樓", "rating_result": "優"}, "geometry": {"type": "Point", "coordinates": [121.537998, 24.979684]}}, {"type": "Feature", "properties": {"city": "新北市", "district": "中和區", "award_year": 114, "restaurant_name": "威秀影城-中和環球", "address": "新北市中和區中山路三段122號4樓", "rating_result": "優"}, "geometry": {"type": "Point", "coordinates": [121.475688, 25.006077]}}, {"type": "Feature", "properties": {"city": "新北市", "district": "新莊區", "award_year": 114, "restaurant_name": "QBURGER-新莊光明店", "address": "新北市新莊區民安西路256號1樓", "rating_result": "優"}, "geometry": {"type": "Point", "coordinates": [121.425951, 25.013455]}}, {"type": "Feature", "properties": {"city": "新北市", "district": "三重區", "award_year": 114, "restaurant_name": "QBURGER-三重菜寮店", "address": "新北市三重區重新路三段93號1樓", "rating_result": "優"}, "geometry": {"type": "Point", "coordinates": [121.491574, 25.060117]}}, {"type": "Feature", "properties": {"city": "新北市", "district": "新店區", "award_year": 114, "restaurant_name": "QBURGER-新店安民店", "address": "新北市新店區安民街300號一樓", "rating_result": "優"}, "geometry": {"type": "Point", "coordinates": [121.517709, 24.973704]}}, {"type": "Feature", "properties": {"city": "新北市", "district": "鶯歌區", "award_year": 114, "restaurant_name": "QBURGER-鶯歌南雅店", "address": "新北市鶯歌區南雅路447號1樓", "rating_result": "優"}, "geometry": {"type": "Point", "coordinates": [121.346571, 24.954121]}}, {"type": "Feature", "properties": {"city": "新北市", "district": "板橋區", "award_year": 114, "restaurant_name": "台G湯養生廚房-新北板橋店", "address": "新北市板橋區南雅南路二段11之1號", "rating_result": "優"}, "geometry": {"type": "Point", "coordinates": [121.454333, 25.002549]}}, {"type": "Feature", "properties": {"city": "新北市", "district": "三峽區", "award_year": 114, "restaurant_name": "良晨吉食-三峽總店", "address": "新北市三峽區復興路174巷4號", "rating_result": "優"}, "geometry": {"type": "Point", "coordinates": [121.370712, 24.938745]}}, {"type": "Feature", "properties": {"city": "新北市", "district": "新店區", "award_year": 114, "restaurant_name": "QBURGER-新店中華店", "address": "新北市新店區中華路39號", "rating_result": "優"}, "geometry": {"type": "Point", "coordinates": [121.54027, 24.967605]}}, {"type": "Feature", "properties": {"city": "新北市", "district": "三峽區", "award_year": 114, "restaurant_name": "珍城自助餐-大義店", "address": "新北市三峽區大義路251號", "rating_result": "優"}, "geometry": {"type": "Point", "coordinates": [121.377558, 24.946078]}}, {"type": "Feature", "properties": {"city": "新北市", "district": "新莊區", "award_year": 114, "restaurant_name": "QBURGER-新莊中華店", "address": "新北市新莊區中華路一段45巷2號", "rating_result": "優"}, "geometry": {"type": "Point", "coordinates": [121.45194, 25.038312]}}, {"type": "Feature", "properties": {"city": "新北市", "district": "新莊區", "award_year": 114, "restaurant_name": "QBURGER-新莊中信店", "address": "新北市新莊區中信街18號", "rating_result": "優"}, "geometry": {"type": "Point", "coordinates": [121.450878, 25.050905]}}, {"type": "Feature", "properties": {"city": "新北市", "district": "汐止區", "award_year": 114, "restaurant_name": "QBURGER-汐止秀峰店", "address": "新北市汐止區仁愛路26號1樓", "rating_result": "優"}, "geometry": {"type": "Point", "coordinates": [121.659974, 25.062892]}}, {"type": "Feature", "properties": {"city": "新北市", "district": "板橋區", "award_year": 114, "restaurant_name": "NU PASTA-板橋亞東店", "address": "新北市板橋區南雅南路二段144巷2號", "rating_result": "優"}, "geometry": {"type": "Point", "coordinates": [121.45144, 24.99628]}}, {"type": "Feature", "properties": {"city": "新北市", "district": "淡水區", "award_year": 114, "restaurant_name": "QBURGER-淡水中山北店", "address": "新北市淡水區中山北路一段149巷28號", "rating_result": "優"}, "geometry": {"type": "Point", "coordinates": [121.442991, 25.178131]}}, {"type": "Feature", "properties": {"city": "新北市", "district": "樹林區", "award_year": 114, "restaurant_name": "QBURGER-樹林保安店", "address": "新北市樹林區保安街二段115號1樓", "rating_result": "優"}, "geometry": {"type": "Point", "coordinates": [121.415484, 25.001533]}}, {"type": "Feature", "properties": {"city": "新北市", "district": "新店區", "award_year": 114, "restaurant_name": "QBURGER-新店玫瑰店", "address": "新北市新店區安康路三段30號一樓", "rating_result": "優"}, "geometry": {"type": "Point", "coordinates": [121.493038, 24.953208]}}, {"type": "Feature", "properties": {"city": "新北市", "district": "樹林區", "award_year": 114, "restaurant_name": "QBURGER-樹林大有店", "address": "新北市樹林區大有路118號", "rating_result": "優"}, "geometry": {"type": "Point", "coordinates": [121.383817, 24.949517]}}, {"type": "Feature", "properties": {"city": "新北市", "district": "新店區", "award_year": 114, "restaurant_name": "QBURGER-新店建興店", "address": "新北市新店區建國路72號", "rating_result": "優"}, "geometry": {"type": "Point", "coordinates": [121.540687, 24.97617]}}, {"type": "Feature", "properties": {"city": "新北市", "district": "新莊區", "award_year": 114, "restaurant_name": "QBURGER-新莊中美店", "address": "新北市新莊區中港路179號", "rating_result": "優"}, "geometry": {"type": "Point", "coordinates": [121.45491, 25.041516]}}, {"type": "Feature", "properties": {"city": "新北市", "district": "土城區", "award_year": 114, "restaurant_name": "QBURGER-土城延吉店", "address": "新北市土城區延吉街312號", "rating_result": "優"}, "geometry": {"type": "Point", "coordinates": [121.463912, 24.984054]}}, {"type": "Feature", "properties": {"city": "新北市", "district": "中和區", "award_year": 114, "restaurant_name": "QBURGER-中和復興店", "address": "新北市中和區復興路54號", "rating_result": "優"}, "geometry": {"type": "Point", "coordinates": [121.504021, 24.990314]}}, {"type": "Feature", "properties": {"city": "新北市", "district": "三峽區", "award_year": 114, "restaurant_name": "BURBAR", "address": "新北市三峽區國際二街21號", "rating_result": "優"}, "geometry": {"type": "Point", "coordinates": [121.373405, 24.943469]}}, {"type": "Feature", "properties": {"city": "新北市", "district": "三峽區", "award_year": 114, "restaurant_name": "元爵味黃燜雞米飯-三峽店", "address": "新北市三峽區國際一街8號", "rating_result": "優"}, "geometry": {"type": "Point", "coordinates": [121.374391, 24.943229]}}, {"type": "Feature", "properties": {"city": "新北市", "district": "五股區", "award_year": 114, "restaurant_name": "QBURGER-五股洲子洋店", "address": "新北市五股區成泰路三段201號", "rating_result": "優"}, "geometry": {"type": "Point", "coordinates": [121.445713, 25.092606]}}, {"type": "Feature", "properties": {"city": "新北市", "district": "三重區", "award_year": 114, "restaurant_name": "蘆洲紅燒羊肉拉麵-三重店", "address": "新北市三重區龍濱路265號", "rating_result": "優"}, "geometry": {"type": "Point", "coordinates": [121.501505, 25.073011]}}, {"type": "Feature", "properties": {"city": "新北市", "district": "樹林區", "award_year": 114, "restaurant_name": "QBURGER-樹林日新店", "address": "新北市樹林區日新街67號", "rating_result": "優"}, "geometry": {"type": "Point", "coordinates": [121.422163, 24.991036]}}, {"type": "Feature", "properties": {"city": "新北市", "district": "汐止區", "award_year": 114, "restaurant_name": "QBURGER-汐止福德店", "address": "新北市汐止區福德二路140號", "rating_result": "優"}, "geometry": {"type": "Point", "coordinates": [121.630733, 25.065238]}}, {"type": "Feature", "properties": {"city": "新北市", "district": "泰山區", "award_year": 114, "restaurant_name": "QBURGER-泰山泰高店", "address": "新北市泰山區明志路一段433號一樓", "rating_result": "優"}, "geometry": {"type": "Point", "coordinates": [121.43087, 25.056482]}}, {"type": "Feature", "properties": {"city": "新北市", "district": "林口區", "award_year": 114, "restaurant_name": "茶自點複合式餐飲-林口環球A9店", "address": "新北市林口區文化三路一段2號2樓", "rating_result": "優"}, "geometry": {"type": "Point", "coordinates": [121.361398, 25.066148]}}, {"type": "Feature", "properties": {"city": "新北市", "district": "三峽區", "award_year": 114, "restaurant_name": "凱莉日嚐CAILY CAFE", "address": "新北市三峽區學成路285號", "rating_result": "優"}, "geometry": {"type": "Point", "coordinates": [121.376129, 24.943507]}}, {"type": "Feature", "properties": {"city": "新北市", "district": "三重區", "award_year": 114, "restaurant_name": "QBURGER-三重慈愛店", "address": "新北市三重區慈愛街46號", "rating_result": "優"}, "geometry": {"type": "Point", "coordinates": [121.485858, 25.079186]}}, {"type": "Feature", "properties": {"city": "新北市", "district": "新店區", "award_year": 114, "restaurant_name": "彭園會館-新店館", "address": "新北市新店區北新路三段207-1號", "rating_result": "優"}, "geometry": {"type": "Point", "coordinates": [121.540023, 24.984725]}}, {"type": "Feature", "properties": {"city": "新北市", "district": "中和區", "award_year": 114, "restaurant_name": "MUM,MUM 饅饅好食-中和環球門市", "address": "新北市中和區中山路三段122號B2", "rating_result": "優"}, "geometry": {"type": "Point", "coordinates": [121.475688, 25.006077]}}, {"type": "Feature", "properties": {"city": "新北市", "district": "永和區", "award_year": 114, "restaurant_name": "QBURGER-永和永元店", "address": "新北市永和區永元路124號", "rating_result": "優"}, "geometry": {"type": "Point", "coordinates": [121.522894, 25.002853]}}, {"type": "Feature", "properties": {"city": "新北市", "district": "板橋區", "award_year": 114, "restaurant_name": "雲泰廚房-板橋大遠百", "address": "新北市板橋區新站路28號B1", "rating_result": "優"}, "geometry": {"type": "Point", "coordinates": [121.466627, 25.013621]}}, {"type": "Feature", "properties": {"city": "新北市", "district": "林口區", "award_year": 114, "restaurant_name": "我家牛排-新北林口A9店", "address": "新北市林口區文化三路一段2號3樓", "rating_result": "優"}, "geometry": {"type": "Point", "coordinates": [121.361398, 25.066148]}}, {"type": "Feature", "properties": {"city": "新北市", "district": "中和區", "award_year": 114, "restaurant_name": "CREMIA-中和環球購物中心店", "address": "新北市中和區中山路三段122號B2", "rating_result": "優"}, "geometry": {"type": "Point", "coordinates": [121.475688, 25.006077]}}, {"type": "Feature", "properties": {"city": "新北市", "district": "板橋區", "award_year": 114, "restaurant_name": "QBURGER-板橋僑中店", "address": "新北市板橋區僑中一街90號1樓", "rating_result": "優"}, "geometry": {"type": "Point", "coordinates": [121.447088, 25.01176]}}, {"type": "Feature", "properties": {"city": "新北市", "district": "三重區", "award_year": 114, "restaurant_name": "QBURGER-台灣創始店", "address": "新北市三重區國隆路26號", "rating_result": "優"}, "geometry": {"type": "Point", "coordinates": [121.492479, 25.06423]}}, {"type": "Feature", "properties": {"city": "新北市", "district": "汐止區", "award_year": 114, "restaurant_name": "QBURGER-汐止綠多店", "address": "新北市汐止區仁愛路162號1樓", "rating_result": "優"}, "geometry": {"type": "Point", "coordinates": [121.664168, 25.064956]}}, {"type": "Feature", "properties": {"city": "新北市", "district": "淡水區", "award_year": 114, "restaurant_name": "QBURGER-淡水北新店", "address": "新北市淡水區北新路182巷59號", "rating_result": "優"}, "geometry": {"type": "Point", "coordinates": [121.447928, 25.177306]}}, {"type": "Feature", "properties": {"city": "新北市", "district": "永和區", "award_year": 114, "restaurant_name": "QBURGER-永和竹林店", "address": "新北市永和區竹林路146號", "rating_result": "優"}, "geometry": {"type": "Point", "coordinates": [121.520194, 25.010583]}}, {"type": "Feature", "properties": {"city": "新北市", "district": "三峽區", "award_year": 114, "restaurant_name": "早。自己-北大店", "address": "新北市三峽區國際一街66-2號", "rating_result": "優"}, "geometry": {"type": "Point", "coordinates": [121.372428, 24.942151]}}, {"type": "Feature", "properties": {"city": "新北市", "district": "中和區", "award_year": 114, "restaurant_name": "QBURGER-中和大仁店", "address": "新北市中和區大仁街19巷6號", "rating_result": "優"}, "geometry": {"type": "Point", "coordinates": [121.517438, 24.993281]}}, {"type": "Feature", "properties": {"city": "新北市", "district": "三重區", "award_year": 114, "restaurant_name": "QBURGER-三重文化南店", "address": "新北市三重區文化南路59號", "rating_result": "優"}, "geometry": {"type": "Point", "coordinates": [121.500221, 25.061012]}}, {"type": "Feature", "properties": {"city": "新北市", "district": "汐止區", "award_year": 114, "restaurant_name": "QBURGER-汐止忠孝店", "address": "新北市汐止區忠孝東路416號", "rating_result": "優"}, "geometry": {"type": "Point", "coordinates": [121.665994, 25.071452]}}, {"type": "Feature", "properties": {"city": "新北市", "district": "新店區", "award_year": 114, "restaurant_name": "QBURGER-新店中正店", "address": "新北市新店區中正路546號1樓", "rating_result": "優"}, "geometry": {"type": "Point", "coordinates": [121.533676, 24.986499]}}, {"type": "Feature", "properties": {"city": "新北市", "district": "蘆洲區", "award_year": 114, "restaurant_name": "QBURGER-蘆洲水湳店", "address": "新北市蘆洲區水湳街27號", "rating_result": "優"}, "geometry": {"type": "Point", "coordinates": [121.47211, 25.088029]}}, {"type": "Feature", "properties": {"city": "新北市", "district": "泰山區", "award_year": 114, "restaurant_name": "QBURGER-泰山明志科大店", "address": "新北市泰山區明志路三段135號", "rating_result": "優"}, "geometry": {"type": "Point", "coordinates": [121.425049, 25.040361]}}, {"type": "Feature", "properties": {"city": "新北市", "district": "永和區", "award_year": 114, "restaurant_name": "三合院港式飲茶-雙和店", "address": "新北市永和區中山路一段238號3樓", "rating_result": "優"}, "geometry": {"type": "Point", "coordinates": [121.507646, 25.007836]}}, {"type": "Feature", "properties": {"city": "新北市", "district": "三峽區", "award_year": 114, "restaurant_name": "蒙古勾勾", "address": "新北市三峽區國光街386-2號", "rating_result": "優"}, "geometry": {"type": "Point", "coordinates": [121.370782, 24.939526]}}, {"type": "Feature", "properties": {"city": "新北市", "district": "汐止區", "award_year": 114, "restaurant_name": "肯德基-汐止中興", "address": "新北市汐止區中興路169號1-2樓", "rating_result": "優"}, "geometry": {"type": "Point", "coordinates": [121.630842, 25.066285]}}, {"type": "Feature", "properties": {"city": "新北市", "district": "淡水區", "award_year": 114, "restaurant_name": "肯德基-淡水竹圍餐廳", "address": "新北市淡水區民權路41號", "rating_result": "優"}, "geometry": {"type": "Point", "coordinates": [121.460108, 25.140392]}}, {"type": "Feature", "properties": {"city": "新北市", "district": "淡水區", "award_year": 114, "restaurant_name": "肯德基-淡水中山", "address": "新北市淡水區中山北路一段151號", "rating_result": "優"}, "geometry": {"type": "Point", "coordinates": [121.443116, 25.177477]}}, {"type": "Feature", "properties": {"city": "新北市", "district": "林口區", "award_year": 114, "restaurant_name": "肯德基-林口文化餐廳", "address": "新北市林口區文化一路一段78號", "rating_result": "優"}, "geometry": {"type": "Point", "coordinates": [121.37185, 25.069793]}}, {"type": "Feature", "properties": {"city": "新北市", "district": "三重區", "award_year": 114, "restaurant_name": "肯德基-三重重新二餐廳", "address": "新北市三重區重新路二段1-1號", "rating_result": "優"}, "geometry": {"type": "Point", "coordinates": [121.499663, 25.062997]}}, {"type": "Feature", "properties": {"city": "新北市", "district": "三重區", "award_year": 114, "restaurant_name": "肯德基-三重三和", "address": "新北市三重區三和路四段193-195號", "rating_result": "優"}, "geometry": {"type": "Point", "coordinates": [121.482354, 25.07929]}}, {"type": "Feature", "properties": {"city": "新北市", "district": "新莊區", "award_year": 114, "restaurant_name": "肯德基-新莊中港", "address": "新北市新莊區中港路311-313號", "rating_result": "優"}, "geometry": {"type": "Point", "coordinates": [121.452602, 25.044667]}}, {"type": "Feature", "properties": {"city": "新北市", "district": "新莊區", "award_year": 114, "restaurant_name": "肯德基-新莊幸福餐廳", "address": "新北市新莊區幸福路763-6號", "rating_result": "優"}, "geometry": {"type": "Point", "coordinates": [121.447227, 25.04899]}}, {"type": "Feature", "properties": {"city": "新北市", "district": "泰山區", "award_year": 114, "restaurant_name": "肯德基-泰山明志餐廳", "address": "新北市泰山區明志路一段326號", "rating_result": "優"}, "geometry": {"type": "Point", "coordinates": [121.431313, 25.059071]}}, {"type": "Feature", "properties": {"city": "新北市", "district": "板橋區", "award_year": 114, "restaurant_name": "肯德基-板橋埔墘餐廳", "address": "新北市板橋區中山路二段249號", "rating_result": "優"}, "geometry": {"type": "Point", "coordinates": [121.477327, 25.017635]}}, {"type": "Feature", "properties": {"city": "新北市", "district": "板橋區", "award_year": 114, "restaurant_name": "肯德基-板橋新埔", "address": "新北市板橋區文化路一段421巷2號1樓", "rating_result": "優"}, "geometry": {"type": "Point", "coordinates": [121.467335, 25.022869]}}, {"type": "Feature", "properties": {"city": "新北市", "district": "新店區", "award_year": 114, "restaurant_name": "肯德基-新店北新", "address": "新北市新店區北新路二段61號", "rating_result": "優"}, "geometry": {"type": "Point", "coordinates": [121.542747, 24.973314]}}, {"type": "Feature", "properties": {"city": "新北市", "district": "新店區", "award_year": 114, "restaurant_name": "肯德基-新店光明", "address": "新北市新店區光明街1之1號1-5樓", "rating_result": "優"}, "geometry": {"type": "Point", "coordinates": [121.538257, 24.959106]}}, {"type": "Feature", "properties": {"city": "新北市", "district": "樹林區", "award_year": 114, "restaurant_name": "肯德基-樹林中山餐廳", "address": "新北市樹林區中山路一段67號", "rating_result": "優"}, "geometry": {"type": "Point", "coordinates": [121.423782, 24.9919]}}, {"type": "Feature", "properties": {"city": "新北市", "district": "中和區", "award_year": 114, "restaurant_name": "肯德基-中和興南", "address": "新北市中和區興南路一段79號", "rating_result": "優"}, "geometry": {"type": "Point", "coordinates": [121.51007, 24.989087]}}, {"type": "Feature", "properties": {"city": "新北市", "district": "中和區", "award_year": 114, "restaurant_name": "肯德基-中和福祥餐廳", "address": "新北市中和區中山路二段228-1號", "rating_result": "優"}, "geometry": {"type": "Point", "coordinates": [121.498871, 25.003006]}}, {"type": "Feature", "properties": {"city": "新北市", "district": "永和區", "award_year": 114, "restaurant_name": "肯德基-永和中正", "address": "新北市永和區中正路294號", "rating_result": "優"}, "geometry": {"type": "Point", "coordinates": [121.517183, 24.999028]}}, {"type": "Feature", "properties": {"city": "新北市", "district": "土城區", "award_year": 114, "restaurant_name": "肯德基-土城金城餐廳", "address": "新北市土城區金城路二段269號", "rating_result": "優"}, "geometry": {"type": "Point", "coordinates": [121.463922, 24.98602]}}, {"type": "Feature", "properties": {"city": "新北市", "district": "三峽區", "award_year": 114, "restaurant_name": "肯德基-三峽北大", "address": "新北市三峽區大學路150號", "rating_result": "優"}, "geometry": {"type": "Point", "coordinates": [121.37419, 24.944685]}}, {"type": "Feature", "properties": {"city": "新北市", "district": "汐止區", "award_year": 114, "restaurant_name": "肯德基-汐止大同餐廳", "address": "新北市汐止區大同路二段383號", "rating_result": "優"}, "geometry": {"type": "Point", "coordinates": [121.657603, 25.06735]}}, {"type": "Feature", "properties": {"city": "新北市", "district": "板橋區", "award_year": 114, "restaurant_name": "肯德基-板橋中山二", "address": "新北市板橋區中山路一段65號", "rating_result": "優"}, "geometry": {"type": "Point", "coordinates": [121.461107, 25.009667]}}, {"type": "Feature", "properties": {"city": "新北市", "district": "永和區", "award_year": 114, "restaurant_name": "肯德基-永和中山餐廳", "address": "新北市永和區中山路一段173、175號", "rating_result": "優"}, "geometry": {"type": "Point", "coordinates": [121.509668, 25.009118]}}, {"type": "Feature", "properties": {"city": "新北市", "district": "新莊區", "award_year": 114, "restaurant_name": "肯德基-新莊輔大", "address": "新北市新莊區中正路516-3號", "rating_result": "優"}, "geometry": {"type": "Point", "coordinates": [121.433331, 25.032426]}}, {"type": "Feature", "properties": {"city": "新北市", "district": "三重區", "award_year": 114, "restaurant_name": "肯德基-三重正義", "address": "新北市三重區正義北路139,141號1樓", "rating_result": "優"}, "geometry": {"type": "Point", "coordinates": [121.496694, 25.06674]}}, {"type": "Feature", "properties": {"city": "新北市", "district": "五股區", "award_year": 114, "restaurant_name": "肯德基-五股成泰餐廳", "address": "新北市五股區成泰路二段113號1-4樓", "rating_result": "優"}, "geometry": {"type": "Point", "coordinates": [121.438462, 25.08461]}}, {"type": "Feature", "properties": {"city": "新北市", "district": "淡水區", "award_year": 114, "restaurant_name": "肯德基-淡水中山二", "address": "新北市淡水區中山路24.26號", "rating_result": "優"}, "geometry": {"type": "Point", "coordinates": [121.444424, 25.169662]}}, {"type": "Feature", "properties": {"city": "新北市", "district": "土城區", "award_year": 114, "restaurant_name": "肯德基-土城中央", "address": "新北市土城區中央路二段174號1樓2樓", "rating_result": "優"}, "geometry": {"type": "Point", "coordinates": [121.441891, 24.976266]}}, {"type": "Feature", "properties": {"city": "新北市", "district": "鶯歌區", "award_year": 114, "restaurant_name": "肯德基-新北鶯歌", "address": "新北市鶯歌區建國路153號", "rating_result": "優"}, "geometry": {"type": "Point", "coordinates": [121.350502, 24.953513]}}, {"type": "Feature", "properties": {"city": "新北市", "district": "新店區", "award_year": 114, "restaurant_name": "肯德基-新店安康", "address": "新北市新店區安康路二段60號1、2樓", "rating_result": "優"}, "geometry": {"type": "Point", "coordinates": [121.514913, 24.963765]}}, {"type": "Feature", "properties": {"city": "新北市", "district": "中和區", "award_year": 114, "restaurant_name": "肯德基-中和員山餐廳", "address": "新北市中和區員山路202,204號1,2樓", "rating_result": "優"}, "geometry": {"type": "Point", "coordinates": [121.481387, 25.000686]}}, {"type": "Feature", "properties": {"city": "新北市", "district": "板橋區", "award_year": 114, "restaurant_name": "肯德基-板橋忠孝餐廳", "address": "新北市板橋區忠孝路21號", "rating_result": "優"}, "geometry": {"type": "Point", "coordinates": [121.460453, 25.002014]}}, {"type": "Feature", "properties": {"city": "新北市", "district": "八里區", "award_year": 114, "restaurant_name": "肯德基-新北八里", "address": "新北市八里區中華路二段512號1樓", "rating_result": "優"}, "geometry": {"type": "Point", "coordinates": [121.39948, 25.145366]}}, {"type": "Feature", "properties": {"city": "新北市", "district": "蘆洲區", "award_year": 114, "restaurant_name": "肯德基-蘆洲長榮餐廳", "address": "新北市蘆洲區長榮路80號", "rating_result": "優"}, "geometry": {"type": "Point", "coordinates": [121.462376, 25.083729]}}, {"type": "Feature", "properties": {"city": "新北市", "district": "中和區", "award_year": 114, "restaurant_name": "肯德基-中和景安", "address": "新北市中和區景安路114號", "rating_result": "優"}, "geometry": {"type": "Point", "coordinates": [121.505315, 24.995208]}}, {"type": "Feature", "properties": {"city": "新北市", "district": "土城區", "award_year": 114, "restaurant_name": "弘爺漢堡-廣明店", "address": "新北市土城區廣明街24號", "rating_result": "優"}, "geometry": {"type": "Point", "coordinates": [121.455751, 24.992462]}}, {"type": "Feature", "properties": {"city": "新北市", "district": "三峽區", "award_year": 114, "restaurant_name": "半扮鍋苑", "address": "新北市三峽區國際一街66-6號", "rating_result": "優"}, "geometry": {"type": "Point", "coordinates": [121.372211, 24.942041]}}, {"type": "Feature", "properties": {"city": "新北市", "district": "泰山區", "award_year": 114, "restaurant_name": "QBURGER-泰山泰林店", "address": "新北市泰山區泰林路二段475號1樓", "rating_result": "優"}, "geometry": {"type": "Point", "coordinates": [121.42516, 25.063874]}}, {"type": "Feature", "properties": {"city": "新北市", "district": "蘆洲區", "award_year": 114, "restaurant_name": "QBURGER-蘆洲長安店", "address": "新北市蘆洲區長安街53號", "rating_result": "優"}, "geometry": {"type": "Point", "coordinates": [121.463158, 25.079645]}}, {"type": "Feature", "properties": {"city": "新北市", "district": "板橋區", "award_year": 114, "restaurant_name": "老湯石頭火鍋", "address": "新北市板橋區忠孝路81號", "rating_result": "優"}, "geometry": {"type": "Point", "coordinates": [121.462028, 25.002267]}}, {"type": "Feature", "properties": {"city": "新北市", "district": "五股區", "award_year": 114, "restaurant_name": "QBURGER-五股水碓店", "address": "新北市五股區水碓路26號", "rating_result": "優"}, "geometry": {"type": "Point", "coordinates": [121.433212, 25.072777]}}, {"type": "Feature", "properties": {"city": "新北市", "district": "蘆洲區", "award_year": 114, "restaurant_name": "QBURGER-蘆洲三民店", "address": "新北市蘆洲區民族路429號(三民路口)", "rating_result": "優"}, "geometry": {"type": "Point", "coordinates": [121.468066, 25.089116]}}, {"type": "Feature", "properties": {"city": "新北市", "district": "中和區", "award_year": 114, "restaurant_name": "九如商號", "address": "新北市中和區中山路三段122號3樓", "rating_result": "優"}, "geometry": {"type": "Point", "coordinates": [121.475688, 25.006077]}}, {"type": "Feature", "properties": {"city": "新北市", "district": "汐止區", "award_year": 114, "restaurant_name": "拿坡里披薩炸雞-汐止店", "address": "新北市汐止區大同路二段411號", "rating_result": "優"}, "geometry": {"type": "Point", "coordinates": [121.658401, 25.06738]}}, {"type": "Feature", "properties": {"city": "新北市", "district": "汐止區", "award_year": 114, "restaurant_name": "拿坡里披薩炸雞-汐止遠雄店", "address": "新北市汐止區新台五路一段95號B1", "rating_result": "優"}, "geometry": {"type": "Point", "coordinates": [121.647966, 25.061621]}}, {"type": "Feature", "properties": {"city": "新北市", "district": "板橋區", "award_year": 114, "restaurant_name": "八番赤野-板大店", "address": "新北市板橋區新站路28號B1", "rating_result": "優"}, "geometry": {"type": "Point", "coordinates": [121.466627, 25.013621]}}, {"type": "Feature", "properties": {"city": "新北市", "district": "中和區", "award_year": 114, "restaurant_name": "八番赤野-中和環球", "address": "新北市中和區中山路三段122號3樓", "rating_result": "優"}, "geometry": {"type": "Point", "coordinates": [121.475688, 25.006077]}}, {"type": "Feature", "properties": {"city": "新北市", "district": "板橋區", "award_year": 114, "restaurant_name": "八番小雞-板橋大遠百", "address": "新北市板橋區新站路28號B1", "rating_result": "優"}, "geometry": {"type": "Point", "coordinates": [121.466627, 25.013621]}}, {"type": "Feature", "properties": {"city": "新北市", "district": "三峽區", "award_year": 114, "restaurant_name": "丹尼廚房", "address": "新北市三峽區大觀路88號", "rating_result": "優"}, "geometry": {"type": "Point", "coordinates": [121.374022, 24.946498]}}, {"type": "Feature", "properties": {"city": "新北市", "district": "三峽區", "award_year": 114, "restaurant_name": "瑞麟美而美-北大二店", "address": "新北市三峽區大德路137號", "rating_result": "優"}, "geometry": {"type": "Point", "coordinates": [121.375792, 24.944881]}}, {"type": "Feature", "properties": {"city": "新北市", "district": "板橋區", "award_year": 114, "restaurant_name": "瑞麟美而美-四川店", "address": "新北市板橋區四川路二段245巷17號", "rating_result": "優"}, "geometry": {"type": "Point", "coordinates": [121.451073, 24.993194]}}, {"type": "Feature", "properties": {"city": "新北市", "district": "中和區", "award_year": 114, "restaurant_name": "美珍香-中和環球購物中心", "address": "新北市中和區中山路三段122號B2", "rating_result": "優"}, "geometry": {"type": "Point", "coordinates": [121.475688, 25.006077]}}, {"type": "Feature", "properties": {"city": "新北市", "district": "三峽區", "award_year": 114, "restaurant_name": "SUBWAY-三峽北大餐廳", "address": "新北市三峽區國學街84號", "rating_result": "優"}, "geometry": {"type": "Point", "coordinates": [121.372635, 24.942911]}}, {"type": "Feature", "properties": {"city": "新北市", "district": "鶯歌區", "award_year": 114, "restaurant_name": "滋味嘉羊肉麵", "address": "新北市鶯歌區建國路108號2樓", "rating_result": "優"}, "geometry": {"type": "Point", "coordinates": [121.353359, 24.954298]}}, {"type": "Feature", "properties": {"city": "新北市", "district": "新莊區", "award_year": 114, "restaurant_name": "QBURGER-新莊立信店", "address": "新北市新莊區立信三街12巷12號(1樓)", "rating_result": "優"}, "geometry": {"type": "Point", "coordinates": [121.444284, 25.050977]}}, {"type": "Feature", "properties": {"city": "新北市", "district": "三峽區", "award_year": 114, "restaurant_name": "古飽食堂", "address": "新北市三峽區國際一街32號", "rating_result": "優"}, "geometry": {"type": "Point", "coordinates": [121.373535, 24.942747]}}, {"type": "Feature", "properties": {"city": "新北市", "district": "三峽區", "award_year": 114, "restaurant_name": "珍膳美早餐店", "address": "新北市三峽區國學街55號", "rating_result": "優"}, "geometry": {"type": "Point", "coordinates": [121.372376, 24.942848]}}, {"type": "Feature", "properties": {"city": "新北市", "district": "三峽區", "award_year": 114, "restaurant_name": "漢堡大師-三峽國際店", "address": "新北市三峽區國際一街48號", "rating_result": "優"}, "geometry": {"type": "Point", "coordinates": [121.373257, 24.942568]}}, {"type": "Feature", "properties": {"city": "新北市", "district": "中和區", "award_year": 114, "restaurant_name": "小紅帽早餐", "address": "新北市中和區華新街192巷36號", "rating_result": "優"}, "geometry": {"type": "Point", "coordinates": [121.506202, 24.983593]}}, {"type": "Feature", "properties": {"city": "新北市", "district": "三峽區", "award_year": 114, "restaurant_name": "頤園漢堡三明治", "address": "新北市三峽區大觀路305號", "rating_result": "優"}, "geometry": {"type": "Point", "coordinates": [121.373514, 24.946601]}}, {"type": "Feature", "properties": {"city": "新北市", "district": "三峽區", "award_year": 114, "restaurant_name": "吉購吉日式丼飯茶飲-北大店", "address": "新北市三峽區大德路222號", "rating_result": "優"}, "geometry": {"type": "Point", "coordinates": [121.374829, 24.947221]}}, {"type": "Feature", "properties": {"city": "新北市", "district": "金山區", "award_year": 114, "restaurant_name": "福華海鮮", "address": "新北市金山區民生路51巷1之2號", "rating_result": "優"}, "geometry": {"type": "Point", "coordinates": [121.642047, 25.220083]}}, {"type": "Feature", "properties": {"city": "新北市", "district": "三峽區", "award_year": 114, "restaurant_name": "大埔鐵板燒-三峽店", "address": "新北市三峽區大學路116號", "rating_result": "優"}, "geometry": {"type": "Point", "coordinates": [121.374381, 24.948956]}}, {"type": "Feature", "properties": {"city": "新北市", "district": "三重區", "award_year": 114, "restaurant_name": "彭園會館-三重館", "address": "新北市三重區龍門路6號3樓", "rating_result": "優"}, "geometry": {"type": "Point", "coordinates": [121.494702, 25.071295]}}, {"type": "Feature", "properties": {"city": "新北市", "district": "板橋區", "award_year": 114, "restaurant_name": "三杯鐵板燒-湳雅店", "address": "新北市板橋區南雅東路83號", "rating_result": "優"}, "geometry": {"type": "Point", "coordinates": [121.453269, 25.008272]}}, {"type": "Feature", "properties": {"city": "新北市", "district": "三峽區", "award_year": 114, "restaurant_name": "日久阿囉哈咖啡漢堡-三峽國光店", "address": "新北市三峽區國光街336號", "rating_result": "優"}, "geometry": {"type": "Point", "coordinates": [121.371848, 24.939559]}}, {"type": "Feature", "properties": {"city": "新北市", "district": "三峽區", "award_year": 114, "restaurant_name": "怡蘭扁食", "address": "新北市三峽區國學街86號", "rating_result": "優"}, "geometry": {"type": "Point", "coordinates": [121.3726, 24.942961]}}, {"type": "Feature", "properties": {"city": "新北市", "district": "三峽區", "award_year": 114, "restaurant_name": "夯牛屋牛排專賣店", "address": "新北市三峽區國際一街41號", "rating_result": "優"}, "geometry": {"type": "Point", "coordinates": [121.372741, 24.941974]}}, {"type": "Feature", "properties": {"city": "新北市", "district": "板橋區", "award_year": 114, "restaurant_name": "興隆美而美", "address": "新北市板橋區大觀路二段37巷57號", "rating_result": "優"}, "geometry": {"type": "Point", "coordinates": [121.449281, 25.002626]}}, {"type": "Feature", "properties": {"city": "新北市", "district": "三峽區", "award_year": 114, "restaurant_name": "一品羊-三峽店", "address": "新北市三峽區和平街91-2號", "rating_result": "優"}, "geometry": {"type": "Point", "coordinates": [121.370143, 24.937708]}}, {"type": "Feature", "properties": {"city": "新北市", "district": "板橋區", "award_year": 114, "restaurant_name": "APPLE 203-板橋亞東店", "address": "新北市板橋區南雅南路二段144巷16號", "rating_result": "優"}, "geometry": {"type": "Point", "coordinates": [121.450796, 24.995797]}}, {"type": "Feature", "properties": {"city": "新北市", "district": "中和區", "award_year": 114, "restaurant_name": "果果日式涮涮鍋", "address": "新北市中和區華新街96號", "rating_result": "優"}, "geometry": {"type": "Point", "coordinates": [121.508529, 24.983045]}}, {"type": "Feature", "properties": {"city": "新北市", "district": "泰山區", "award_year": 114, "restaurant_name": "優米自助餐", "address": "新北市泰山區貴子路69號B1", "rating_result": "優"}, "geometry": {"type": "Point", "coordinates": [121.430799, 25.039675]}}, {"type": "Feature", "properties": {"city": "新北市", "district": "中和區", "award_year": 114, "restaurant_name": "湘園雲泰緬美食", "address": "新北市中和區華新街83號", "rating_result": "優"}, "geometry": {"type": "Point", "coordinates": [121.508446, 24.983538]}}, {"type": "Feature", "properties": {"city": "新北市", "district": "中和區", "award_year": 114, "restaurant_name": "小檳城食堂", "address": "新北市中和區華新街112號", "rating_result": "優"}, "geometry": {"type": "Point", "coordinates": [121.508411, 24.982852]}}, {"type": "Feature", "properties": {"city": "新北市", "district": "板橋區", "award_year": 114, "restaurant_name": "在一起 ONE&TOGETHER", "address": "新北市板橋區文昌街24巷9號", "rating_result": "優"}, "geometry": {"type": "Point", "coordinates": [121.456197, 25.010887]}}, {"type": "Feature", "properties": {"city": "新北市", "district": "三峽區", "award_year": 114, "restaurant_name": "樂芙漢堡", "address": "新北市三峽區大德路479號", "rating_result": "優"}, "geometry": {"type": "Point", "coordinates": [121.374285, 24.947303]}}, {"type": "Feature", "properties": {"city": "新北市", "district": "板橋區", "award_year": 114, "restaurant_name": "牛魔王-板橋大遠百", "address": "新北市板橋區新站路28號B1", "rating_result": "優"}, "geometry": {"type": "Point", "coordinates": [121.466627, 25.013621]}}, {"type": "Feature", "properties": {"city": "新北市", "district": "坪林區", "award_year": 114, "restaurant_name": "東木河茶莊", "address": "新北市坪林區北宜路八段206號", "rating_result": "優"}, "geometry": {"type": "Point", "coordinates": [121.708408, 24.934669]}}, {"type": "Feature", "properties": {"city": "新北市", "district": "坪林區", "award_year": 114, "restaurant_name": "氧森谷花園餐廳", "address": "新北市坪林區粗窟里仁里?15-2號", "rating_result": "優"}, "geometry": {"type": "Point", "coordinates": [121.672892, 24.904062]}}, {"type": "Feature", "properties": {"city": "新北市", "district": "板橋區", "award_year": 114, "restaurant_name": "QBURGER-板橋國慶店", "address": "新北市板橋區國慶路161之5號", "rating_result": "優"}, "geometry": {"type": "Point", "coordinates": [121.461892, 24.996222]}}, {"type": "Feature", "properties": {"city": "新北市", "district": "板橋區", "award_year": 114, "restaurant_name": "寶豆咖啡", "address": "新北市板橋區大觀路一段59號", "rating_result": "優"}, "geometry": {"type": "Point", "coordinates": [121.447569, 25.005889]}}, {"type": "Feature", "properties": {"city": "新北市", "district": "瑞芳區", "award_year": 114, "restaurant_name": "新中天食堂", "address": "新北市瑞芳區瑞濱路32-10號2樓", "rating_result": "優"}, "geometry": {"type": "Point", "coordinates": [121.823305, 25.121124]}}, {"type": "Feature", "properties": {"city": "新北市", "district": "板橋區", "award_year": 114, "restaurant_name": "金食堂55元便當店", "address": "新北市板橋區四川路二段47巷3弄1號", "rating_result": "優"}, "geometry": {"type": "Point", "coordinates": [121.454275, 24.994789]}}, {"type": "Feature", "properties": {"city": "新北市", "district": "三峽區", "award_year": 114, "restaurant_name": "ROOSTER BURGER & CAFE", "address": "新北市三峽區國際二街21-1號", "rating_result": "優"}, "geometry": {"type": "Point", "coordinates": [121.373434, 24.943414]}}, {"type": "Feature", "properties": {"city": "新北市", "district": "板橋區", "award_year": 114, "restaurant_name": "義饗屋-板橋大遠百店", "address": "新北市板橋區新站路28號9樓", "rating_result": "優"}, "geometry": {"type": "Point", "coordinates": [121.466627, 25.013621]}}, {"type": "Feature", "properties": {"city": "新北市", "district": "永和區", "award_year": 114, "restaurant_name": "天悅婚宴會館", "address": "新北市永和區成功路一段80號B1", "rating_result": "優"}, "geometry": {"type": "Point", "coordinates": [121.526776, 25.003315]}}, {"type": "Feature", "properties": {"city": "新北市", "district": "板橋區", "award_year": 114, "restaurant_name": "鮮堡漢堡-板橋大觀店", "address": "新北市板橋區大觀路二段37巷32號", "rating_result": "優"}, "geometry": {"type": "Point", "coordinates": [121.448419, 25.00268]}}, {"type": "Feature", "properties": {"city": "新北市", "district": "永和區", "award_year": 114, "restaurant_name": "天天來海鮮餐廳", "address": "新北市永和區民有街7號", "rating_result": "優"}, "geometry": {"type": "Point", "coordinates": [121.51617, 24.997109]}}, {"type": "Feature", "properties": {"city": "新北市", "district": "中和區", "award_year": 114, "restaurant_name": "旺旺來亞洲咖哩屋", "address": "新北市中和區華新街23號", "rating_result": "優"}, "geometry": {"type": "Point", "coordinates": [121.507655, 24.984988]}}, {"type": "Feature", "properties": {"city": "新北市", "district": "蘆洲區", "award_year": 114, "restaurant_name": "QBURGER-蘆洲信義店", "address": "新北市蘆洲區信義路245號", "rating_result": "優"}, "geometry": {"type": "Point", "coordinates": [121.479026, 25.084297]}}, {"type": "Feature", "properties": {"city": "新北市", "district": "板橋區", "award_year": 114, "restaurant_name": "御園坊-板橋大遠百", "address": "新北市板橋區新站路28號B1", "rating_result": "優"}, "geometry": {"type": "Point", "coordinates": [121.466627, 25.013621]}}, {"type": "Feature", "properties": {"city": "新北市", "district": "三峽區", "award_year": 114, "restaurant_name": "台灣G湯-三峽北大店", "address": "新北市三峽區學成路231號", "rating_result": "優"}, "geometry": {"type": "Point", "coordinates": [121.374946, 24.942526]}}, {"type": "Feature", "properties": {"city": "新北市", "district": "樹林區", "award_year": 114, "restaurant_name": "QBURGER-樹林太順店", "address": "新北市樹林區太順街47號", "rating_result": "優"}, "geometry": {"type": "Point", "coordinates": [121.418001, 24.979223]}}, {"type": "Feature", "properties": {"city": "新北市", "district": "三峽區", "award_year": 114, "restaurant_name": "早安美芝城-三峽大概念店", "address": "新北市三峽區大觀路84號", "rating_result": "優"}, "geometry": {"type": "Point", "coordinates": [121.374103, 24.946376]}}, {"type": "Feature", "properties": {"city": "新北市", "district": "板橋區", "award_year": 114, "restaurant_name": "金煲銀廣式煲仔飯-板橋大遠百", "address": "新北市板橋區新站路28號B1", "rating_result": "優"}, "geometry": {"type": "Point", "coordinates": [121.466627, 25.013621]}}, {"type": "Feature", "properties": {"city": "新北市", "district": "板橋區", "award_year": 114, "restaurant_name": "QBURGER-板橋莊敬店", "address": "新北市板橋區莊敬路134號", "rating_result": "優"}, "geometry": {"type": "Point", "coordinates": [121.470937, 25.023522]}}, {"type": "Feature", "properties": {"city": "新北市", "district": "三峽區", "award_year": 114, "restaurant_name": "松柏園早餐-恩主公店", "address": "新北市三峽區復興路367巷1弄14號", "rating_result": "優"}, "geometry": {"type": "Point", "coordinates": [121.364144, 24.937643]}}, {"type": "Feature", "properties": {"city": "新北市", "district": "板橋區", "award_year": 114, "restaurant_name": "樂鬆餅", "address": "新北市板橋區四川路二段47巷3弄7號", "rating_result": "優"}, "geometry": {"type": "Point", "coordinates": [121.45454, 24.994893]}}, {"type": "Feature", "properties": {"city": "新北市", "district": "中和區", "award_year": 114, "restaurant_name": "貓樂貓咖啡-中和環球店", "address": "新北市中和區中山路三段122號1樓", "rating_result": "優"}, "geometry": {"type": "Point", "coordinates": [121.475688, 25.006077]}}, {"type": "Feature", "properties": {"city": "新北市", "district": "板橋區", "award_year": 114, "restaurant_name": "串明?", "address": "新北市板橋區館前西路168-1號", "rating_result": "優"}, "geometry": {"type": "Point", "coordinates": [121.452376, 25.008706]}}, {"type": "Feature", "properties": {"city": "新北市", "district": "板橋區", "award_year": 114, "restaurant_name": "清原-新北板橋四維店", "address": "新北市板橋區四維路120號", "rating_result": "優"}, "geometry": {"type": "Point", "coordinates": [121.465455, 25.024946]}}, {"type": "Feature", "properties": {"city": "新北市", "district": "土城區", "award_year": 114, "restaurant_name": "QBURGER-土城學成店", "address": "新北市土城區學成路47號", "rating_result": "優"}, "geometry": {"type": "Point", "coordinates": [121.452222, 24.98748]}}, {"type": "Feature", "properties": {"city": "新北市", "district": "板橋區", "award_year": 114, "restaurant_name": "早安美芝城-板橋四川概念店", "address": "新北市板橋區四川路二段245巷47號", "rating_result": "優"}, "geometry": {"type": "Point", "coordinates": [121.451978, 24.99254]}}, {"type": "Feature", "properties": {"city": "新北市", "district": "土城區", "award_year": 114, "restaurant_name": "啵蛋BO EGG", "address": "新北市土城區廣明街41巷22號", "rating_result": "優"}, "geometry": {"type": "Point", "coordinates": [121.454304, 24.992952]}}, {"type": "Feature", "properties": {"city": "新北市", "district": "三峽區", "award_year": 114, "restaurant_name": "宏丞", "address": "新北市三峽區國學街9號", "rating_result": "優"}, "geometry": {"type": "Point", "coordinates": [121.373134, 24.941851]}}, {"type": "Feature", "properties": {"city": "新北市", "district": "板橋區", "award_year": 114, "restaurant_name": "瑞麟美而美-亞東店", "address": "新北市板橋區南雅南路二段142巷11號", "rating_result": "優"}, "geometry": {"type": "Point", "coordinates": [121.451655, 24.997101]}}, {"type": "Feature", "properties": {"city": "新北市", "district": "三峽區", "award_year": 114, "restaurant_name": "日生珍味", "address": "新北市三峽區大勇路1-3號", "rating_result": "優"}, "geometry": {"type": "Point", "coordinates": [121.367146, 24.937781]}}, {"type": "Feature", "properties": {"city": "新北市", "district": "板橋區", "award_year": 114, "restaurant_name": "勁大碗拉麵丼飯", "address": "新北市板橋區南雅東路39號", "rating_result": "優"}, "geometry": {"type": "Point", "coordinates": [121.454202, 25.006347]}}, {"type": "Feature", "properties": {"city": "新北市", "district": "三峽區", "award_year": 114, "restaurant_name": "永和豆漿", "address": "新北市三峽區大勇路18-1號", "rating_result": "優"}, "geometry": {"type": "Point", "coordinates": [121.366922, 24.938068]}}, {"type": "Feature", "properties": {"city": "新北市", "district": "板橋區", "award_year": 114, "restaurant_name": "OEC美味CEO", "address": "新北市板橋區南雅南路二段144巷24號", "rating_result": "優"}, "geometry": {"type": "Point", "coordinates": [121.450452, 24.995569]}}, {"type": "Feature", "properties": {"city": "新北市", "district": "中和區", "award_year": 114, "restaurant_name": "滇城雲南美食", "address": "新北市中和區華新街78號", "rating_result": "優"}, "geometry": {"type": "Point", "coordinates": [121.508272, 24.983519]}}, {"type": "Feature", "properties": {"city": "新北市", "district": "板橋區", "award_year": 114, "restaurant_name": "四海快餐", "address": "新北市板橋區四川路二段47巷3弄3號", "rating_result": "優"}, "geometry": {"type": "Point", "coordinates": [121.454375, 24.994825]}}, {"type": "Feature", "properties": {"city": "新北市", "district": "中和區", "award_year": 114, "restaurant_name": "緬甸奶茶館", "address": "新北市中和區華新街58號", "rating_result": "優"}, "geometry": {"type": "Point", "coordinates": [121.508009, 24.983924]}}, {"type": "Feature", "properties": {"city": "新北市", "district": "三峽區", "award_year": 114, "restaurant_name": "赤田屋咖哩屋", "address": "新北市三峽區大學路141號", "rating_result": "優"}, "geometry": {"type": "Point", "coordinates": [121.37428, 24.943833]}}, {"type": "Feature", "properties": {"city": "新北市", "district": "鶯歌區", "award_year": 114, "restaurant_name": "英姐麵疙瘩", "address": "新北市鶯歌區建國路108號2樓", "rating_result": "優"}, "geometry": {"type": "Point", "coordinates": [121.353359, 24.954298]}}, {"type": "Feature", "properties": {"city": "新北市", "district": "板橋區", "award_year": 114, "restaurant_name": "妙觀音素食-板橋亞東店", "address": "新北市板橋區四川路二段35號", "rating_result": "優"}, "geometry": {"type": "Point", "coordinates": [121.454262, 24.995333]}}, {"type": "Feature", "properties": {"city": "新北市", "district": "三峽區", "award_year": 114, "restaurant_name": "彩虹森林活力早餐坊", "address": "新北市三峽區國慶路102號", "rating_result": "優"}, "geometry": {"type": "Point", "coordinates": [121.376535, 24.939304]}}, {"type": "Feature", "properties": {"city": "新北市", "district": "三峽區", "award_year": 114, "restaurant_name": "老柴咖啡館", "address": "新北市三峽區大觀路113號", "rating_result": "優"}, "geometry": {"type": "Point", "coordinates": [121.374583, 24.945398]}}, {"type": "Feature", "properties": {"city": "新北市", "district": "三峽區", "award_year": 114, "restaurant_name": "LA OLIVE綠橄欖義式蔬食", "address": "新北市三峽區國際二街35號", "rating_result": "優"}, "geometry": {"type": "Point", "coordinates": [121.37224, 24.942975]}}, {"type": "Feature", "properties": {"city": "新北市", "district": "三峽區", "award_year": 114, "restaurant_name": "鍋媽-三峽北大店", "address": "新北市三峽區國際一街7號", "rating_result": "優"}, "geometry": {"type": "Point", "coordinates": [121.374469, 24.943027]}}, {"type": "Feature", "properties": {"city": "新北市", "district": "三峽區", "award_year": 114, "restaurant_name": "農家樂四川特色小吃", "address": "新北市三峽區復興路155號", "rating_result": "優"}, "geometry": {"type": "Point", "coordinates": [121.370718, 24.938186]}}, {"type": "Feature", "properties": {"city": "新北市", "district": "三峽區", "award_year": 114, "restaurant_name": "如是我聞蔬食海苔飯捲", "address": "新北市三峽區復興路137號", "rating_result": "優"}, "geometry": {"type": "Point", "coordinates": [121.371189, 24.938021]}}, {"type": "Feature", "properties": {"city": "新北市", "district": "板橋區", "award_year": 114, "restaurant_name": "吐司廚房-板橋亞東店", "address": "新北市板橋區南雅南路二段144巷4號", "rating_result": "優"}, "geometry": {"type": "Point", "coordinates": [121.451335, 24.996179]}}, {"type": "Feature", "properties": {"city": "新北市", "district": "鶯歌區", "award_year": 114, "restaurant_name": "美美泰式奶茶", "address": "新北市鶯歌區建國路108號2樓", "rating_result": "優"}, "geometry": {"type": "Point", "coordinates": [121.353359, 24.954298]}}, {"type": "Feature", "properties": {"city": "新北市", "district": "三峽區", "award_year": 114, "restaurant_name": "芋見豆花", "address": "新北市三峽區文化路246號", "rating_result": "優"}, "geometry": {"type": "Point", "coordinates": [121.367437, 24.935905]}}, {"type": "Feature", "properties": {"city": "新北市", "district": "三峽區", "award_year": 114, "restaurant_name": "薩爾金堡早午餐-北大店", "address": "新北市三峽區國學街7號", "rating_result": "優"}, "geometry": {"type": "Point", "coordinates": [121.373181, 24.941797]}}, {"type": "Feature", "properties": {"city": "新北市", "district": "土城區", "award_year": 114, "restaurant_name": "喔嗨喲早餐店", "address": "新北市土城區廣明街43號", "rating_result": "優"}, "geometry": {"type": "Point", "coordinates": [121.455218, 24.99321]}}, {"type": "Feature", "properties": {"city": "新北市", "district": "土城區", "award_year": 114, "restaurant_name": "福氣包子", "address": "新北市土城區廣明街21號", "rating_result": "優"}, "geometry": {"type": "Point", "coordinates": [121.455607, 24.992455]}}, {"type": "Feature", "properties": {"city": "新北市", "district": "板橋區", "award_year": 114, "restaurant_name": "帝王堡", "address": "新北市板橋區南雅南路二段144巷10號", "rating_result": "優"}, "geometry": {"type": "Point", "coordinates": [121.451082, 24.995997]}}, {"type": "Feature", "properties": {"city": "新北市", "district": "三峽區", "award_year": 114, "restaurant_name": "伊垛義式小廚", "address": "新北市三峽區國際一街54號", "rating_result": "優"}, "geometry": {"type": "Point", "coordinates": [121.37307, 24.942481]}}, {"type": "Feature", "properties": {"city": "新北市", "district": "三峽區", "award_year": 114, "restaurant_name": "A華加湯滷味", "address": "新北市三峽區大學路151號", "rating_result": "優"}, "geometry": {"type": "Point", "coordinates": [121.373158, 24.945133]}}, {"type": "Feature", "properties": {"city": "新北市", "district": "三峽區", "award_year": 114, "restaurant_name": "鳥鳴子拉麵", "address": "新北市三峽區國際一街33號", "rating_result": "優"}, "geometry": {"type": "Point", "coordinates": [121.373487, 24.94234]}}, {"type": "Feature", "properties": {"city": "新北市", "district": "三峽區", "award_year": 114, "restaurant_name": "PHO SAIGON 西貢經典美食", "address": "新北市三峽區大觀路30號", "rating_result": "優"}, "geometry": {"type": "Point", "coordinates": [121.374915, 24.945219]}}, {"type": "Feature", "properties": {"city": "新北市", "district": "金山區", "award_year": 114, "restaurant_name": "QQ堡", "address": "新北市金山區中山路301號", "rating_result": "優"}, "geometry": {"type": "Point", "coordinates": [121.635841, 25.223431]}}, {"type": "Feature", "properties": {"city": "新北市", "district": "泰山區", "award_year": 114, "restaurant_name": "茶與布朗-輔醫店", "address": "新北市泰山區貴子路69號B1", "rating_result": "優"}, "geometry": {"type": "Point", "coordinates": [121.430799, 25.039675]}}, {"type": "Feature", "properties": {"city": "新北市", "district": "泰山區", "award_year": 114, "restaurant_name": "林翠華養生饅頭", "address": "新北市泰山區貴子路69號B1", "rating_result": "優"}, "geometry": {"type": "Point", "coordinates": [121.430799, 25.039675]}}, {"type": "Feature", "properties": {"city": "新北市", "district": "泰山區", "award_year": 114, "restaurant_name": "幸福芸-輔大醫院店", "address": "新北市泰山區貴子路69號B1", "rating_result": "優"}, "geometry": {"type": "Point", "coordinates": [121.430799, 25.039675]}}, {"type": "Feature", "properties": {"city": "新北市", "district": "三峽區", "award_year": 114, "restaurant_name": "牛好吃-三峽旗艦店", "address": "新北市三峽區國際二街19號", "rating_result": "優"}, "geometry": {"type": "Point", "coordinates": [121.373389, 24.94359]}}, {"type": "Feature", "properties": {"city": "新北市", "district": "板橋區", "award_year": 114, "restaurant_name": "福氣塘HOKI TEA-板橋大遠百門市", "address": "新北市板橋區新站路28號B1", "rating_result": "優"}, "geometry": {"type": "Point", "coordinates": [121.466627, 25.013621]}}, {"type": "Feature", "properties": {"city": "新北市", "district": "三峽區", "award_year": 114, "restaurant_name": "慢。思", "address": "新北市三峽區國際二街21-1號", "rating_result": "優"}, "geometry": {"type": "Point", "coordinates": [121.373434, 24.943414]}}, {"type": "Feature", "properties": {"city": "新北市", "district": "三峽區", "award_year": 114, "restaurant_name": "優米自助餐", "address": "新北市三峽區大學路151號", "rating_result": "優"}, "geometry": {"type": "Point", "coordinates": [121.373158, 24.945133]}}, {"type": "Feature", "properties": {"city": "新北市", "district": "三峽區", "award_year": 114, "restaurant_name": "阿里山鐵路便當-三峽店", "address": "新北市三峽區文化路104號", "rating_result": "優"}, "geometry": {"type": "Point", "coordinates": [121.371478, 24.936251]}}, {"type": "Feature", "properties": {"city": "新北市", "district": "三峽區", "award_year": 114, "restaurant_name": "無飲-三峽店", "address": "新北市三峽區國學街28號", "rating_result": "優"}, "geometry": {"type": "Point", "coordinates": [121.373208, 24.942149]}}, {"type": "Feature", "properties": {"city": "新北市", "district": "三峽區", "award_year": 114, "restaurant_name": "一碗幸福好滋味", "address": "新北市三峽區大德路135號", "rating_result": "優"}, "geometry": {"type": "Point", "coordinates": [121.375852, 24.944785]}}, {"type": "Feature", "properties": {"city": "新北市", "district": "三峽區", "award_year": 114, "restaurant_name": "麗媽四季鍋-三峽國際店", "address": "新北市三峽區國際二街21-1號", "rating_result": "優"}, "geometry": {"type": "Point", "coordinates": [121.373434, 24.943414]}}, {"type": "Feature", "properties": {"city": "新北市", "district": "中和區", "award_year": 114, "restaurant_name": "厝內食堂", "address": "新北市中和區中山路三段122號3樓", "rating_result": "優"}, "geometry": {"type": "Point", "coordinates": [121.475688, 25.006077]}}, {"type": "Feature", "properties": {"city": "新北市", "district": "三峽區", "award_year": 114, "restaurant_name": "阿芳魯肉飯-大義店", "address": "新北市三峽區大義路257號", "rating_result": "優"}, "geometry": {"type": "Point", "coordinates": [121.37743, 24.946318]}}, {"type": "Feature", "properties": {"city": "新北市", "district": "三峽區", "award_year": 114, "restaurant_name": "一燔歐姆蛋咖哩炸雞專門店", "address": "新北市三峽區大德路151號", "rating_result": "優"}, "geometry": {"type": "Point", "coordinates": [121.375547, 24.945349]}}, {"type": "Feature", "properties": {"city": "新北市", "district": "三峽區", "award_year": 114, "restaurant_name": "波之家韓式石鍋料理", "address": "新北市三峽區大學路151號", "rating_result": "優"}, "geometry": {"type": "Point", "coordinates": [121.373158, 24.945133]}}, {"type": "Feature", "properties": {"city": "新北市", "district": "林口區", "award_year": 114, "restaurant_name": "QBURGER-林口中山店", "address": "新北市林口區中山路3號1樓", "rating_result": "優"}, "geometry": {"type": "Point", "coordinates": [121.396536, 25.078022]}}, {"type": "Feature", "properties": {"city": "新北市", "district": "三峽區", "award_year": 114, "restaurant_name": "THAI LE 泰料", "address": "新北市三峽區大學路151號", "rating_result": "優"}, "geometry": {"type": "Point", "coordinates": [121.373158, 24.945133]}}, {"type": "Feature", "properties": {"city": "新北市", "district": "林口區", "award_year": 114, "restaurant_name": "QBURGER-林口仁愛店", "address": "新北市林口區西林里仁愛路二段150號", "rating_result": "優"}, "geometry": {"type": "Point", "coordinates": [121.381933, 25.074339]}}, {"type": "Feature", "properties": {"city": "新北市", "district": "三峽區", "award_year": 114, "restaurant_name": "初飽快餐", "address": "新北市三峽區大學路151號", "rating_result": "優"}, "geometry": {"type": "Point", "coordinates": [121.373158, 24.945133]}}, {"type": "Feature", "properties": {"city": "新北市", "district": "林口區", "award_year": 114, "restaurant_name": "QBURGER-林口國小店", "address": "新北市林口區中山路156-1號一樓", "rating_result": "優"}, "geometry": {"type": "Point", "coordinates": [121.390844, 25.07893]}}, {"type": "Feature", "properties": {"city": "新北市", "district": "三峽區", "award_year": 114, "restaurant_name": "嗦珍的螺獅粉", "address": "新北市三峽區復興路461號", "rating_result": "優"}, "geometry": {"type": "Point", "coordinates": [121.362022, 24.938362]}}, {"type": "Feature", "properties": {"city": "新北市", "district": "板橋區", "award_year": 114, "restaurant_name": "真不同酸菜魚-板橋大遠百", "address": "新北市板橋區新站路28號B1", "rating_result": "優"}, "geometry": {"type": "Point", "coordinates": [121.466627, 25.013621]}}, {"type": "Feature", "properties": {"city": "新北市", "district": "金山區", "award_year": 114, "restaurant_name": "金順吉餅舖", "address": "新北市金山區中山路200號", "rating_result": "優"}, "geometry": {"type": "Point", "coordinates": [121.637745, 25.221694]}}, {"type": "Feature", "properties": {"city": "新北市", "district": "三峽區", "award_year": 114, "restaurant_name": "老私房牛肉麵", "address": "新北市三峽區國際一街66-1號", "rating_result": "優"}, "geometry": {"type": "Point", "coordinates": [121.372487, 24.942175]}}, {"type": "Feature", "properties": {"city": "新北市", "district": "板橋區", "award_year": 114, "restaurant_name": "M18韓式海苔飯捲", "address": "新北市板橋區南雅南路二段138號", "rating_result": "優"}, "geometry": {"type": "Point", "coordinates": [121.451847, 24.996501]}}, {"type": "Feature", "properties": {"city": "新北市", "district": "泰山區", "award_year": 114, "restaurant_name": "矗然心動", "address": "新北市泰山區貴子路69號B1", "rating_result": "優"}, "geometry": {"type": "Point", "coordinates": [121.430799, 25.039675]}}, {"type": "Feature", "properties": {"city": "新北市", "district": "泰山區", "award_year": 114, "restaurant_name": "無心料理", "address": "新北市泰山區貴子路69號B1", "rating_result": "優"}, "geometry": {"type": "Point", "coordinates": [121.430799, 25.039675]}}, {"type": "Feature", "properties": {"city": "新北市", "district": "板橋區", "award_year": 114, "restaurant_name": "57黃燜雞-板橋大遠百", "address": "新北市板橋區新站路28號B1", "rating_result": "優"}, "geometry": {"type": "Point", "coordinates": [121.466627, 25.013621]}}, {"type": "Feature", "properties": {"city": "新北市", "district": "板橋區", "award_year": 114, "restaurant_name": "歐義式", "address": "新北市板橋區南雅南路二段106號", "rating_result": "優"}, "geometry": {"type": "Point", "coordinates": [121.453301, 25.001211]}}, {"type": "Feature", "properties": {"city": "新北市", "district": "淡水區", "award_year": 114, "restaurant_name": "QBURGER-淡水新春店", "address": "新北市淡水區新春街98號1樓", "rating_result": "優"}, "geometry": {"type": "Point", "coordinates": [121.439297, 25.182435]}}, {"type": "Feature", "properties": {"city": "新北市", "district": "中和區", "award_year": 114, "restaurant_name": "麥味登-中和華新店", "address": "新北市中和區華新街150號", "rating_result": "優"}, "geometry": {"type": "Point", "coordinates": [121.50772, 24.982508]}}, {"type": "Feature", "properties": {"city": "新北市", "district": "土城區", "award_year": 114, "restaurant_name": "廣明食堂", "address": "新北市土城區廣明街66號", "rating_result": "優"}, "geometry": {"type": "Point", "coordinates": [121.455142, 24.993658]}}, {"type": "Feature", "properties": {"city": "新北市", "district": "板橋區", "award_year": 114, "restaurant_name": "美晨早午餐", "address": "新北市板橋區德興街37巷24號", "rating_result": "優"}, "geometry": {"type": "Point", "coordinates": [121.454096, 24.993928]}}, {"type": "Feature", "properties": {"city": "新北市", "district": "三峽區", "award_year": 114, "restaurant_name": "上宇林-三峽和平店", "address": "新北市三峽區和平街24-3號", "rating_result": "優"}, "geometry": {"type": "Point", "coordinates": [121.370326, 24.936415]}}, {"type": "Feature", "properties": {"city": "新北市", "district": "三峽區", "award_year": 114, "restaurant_name": "隨園麵食館", "address": "新北市三峽區國際一街23-1號", "rating_result": "優"}, "geometry": {"type": "Point", "coordinates": [121.373954, 24.942437]}}, {"type": "Feature", "properties": {"city": "新北市", "district": "三峽區", "award_year": 114, "restaurant_name": "小巷子清燉牛肉拉麵", "address": "新北市三峽區大觀路6號", "rating_result": "優"}, "geometry": {"type": "Point", "coordinates": [121.375955, 24.94376]}}, {"type": "Feature", "properties": {"city": "新北市", "district": "板橋區", "award_year": 114, "restaurant_name": "享時雞肉飯", "address": "新北市板橋區四川路二段99巷4弄7號", "rating_result": "優"}, "geometry": {"type": "Point", "coordinates": [121.452991, 24.994119]}}, {"type": "Feature", "properties": {"city": "新北市", "district": "土城區", "award_year": 114, "restaurant_name": "91號咖喱", "address": "新北市土城區廣明街91號", "rating_result": "優"}, "geometry": {"type": "Point", "coordinates": [121.454608, 24.994389]}}, {"type": "Feature", "properties": {"city": "新北市", "district": "三峽區", "award_year": 114, "restaurant_name": "瑞麟美而美-三峽中山店", "address": "新北市三峽區中山路132號", "rating_result": "優"}, "geometry": {"type": "Point", "coordinates": [121.365375, 24.93615]}}, {"type": "Feature", "properties": {"city": "新北市", "district": "三峽區", "award_year": 114, "restaurant_name": "萬佳鄉-晨富店", "address": "新北市三峽區國光街173號", "rating_result": "優"}, "geometry": {"type": "Point", "coordinates": [121.37117, 24.939514]}}, {"type": "Feature", "properties": {"city": "新北市", "district": "中和區", "award_year": 114, "restaurant_name": "南洋複合式美食", "address": "新北市中和區華新街114號", "rating_result": "良"}, "geometry": {"type": "Point", "coordinates": [121.508371, 24.982836]}}, {"type": "Feature", "properties": {"city": "新北市", "district": "三峽區", "award_year": 114, "restaurant_name": "第一鮮", "address": "新北市三峽區中山路145號", "rating_result": "良"}, "geometry": {"type": "Point", "coordinates": [121.36497, 24.936164]}}, {"type": "Feature", "properties": {"city": "新北市", "district": "三峽區", "award_year": 114, "restaurant_name": "韓讚", "address": "新北市三峽區國際一街47號", "rating_result": "良"}, "geometry": {"type": "Point", "coordinates": [121.372492, 24.941841]}}, {"type": "Feature", "properties": {"city": "新北市", "district": "三峽區", "award_year": 114, "restaurant_name": "根日式料理", "address": "新北市三峽區大觀路1號", "rating_result": "良"}, "geometry": {"type": "Point", "coordinates": [121.37577, 24.943462]}}, {"type": "Feature", "properties": {"city": "新北市", "district": "三峽區", "award_year": 114, "restaurant_name": "帝一嶺活海鮮餐廳", "address": "新北市三峽區信義街21號", "rating_result": "良"}, "geometry": {"type": "Point", "coordinates": [121.370807, 24.935582]}}, {"type": "Feature", "properties": {"city": "新北市", "district": "板橋區", "award_year": 114, "restaurant_name": "土司工坊-板橋大遠百店", "address": "新北市板橋區新站路28號B1", "rating_result": "良"}, "geometry": {"type": "Point", "coordinates": [121.466627, 25.013621]}}, {"type": "Feature", "properties": {"city": "新北市", "district": "中和區", "award_year": 114, "restaurant_name": "沅保奶茶店", "address": "新北市中和區華新街71號", "rating_result": "良"}, "geometry": {"type": "Point", "coordinates": [121.508193, 24.983986]}}, {"type": "Feature", "properties": {"city": "新北市", "district": "三峽區", "award_year": 114, "restaurant_name": "阿勃勒泰式料理", "address": "新北市三峽區大學路112號", "rating_result": "良"}, "geometry": {"type": "Point", "coordinates": [121.374889, 24.943875]}}, {"type": "Feature", "properties": {"city": "臺北市", "district": "松山區", "award_year": 114, "restaurant_name": "麥當勞民生二和德昌(股)公司", "address": "臺北市松山區民生東路5段234號", "rating_result": "優"}, "geometry": {"type": "Point", "coordinates": [121.56606609873478, 25.058935933414432]}}, {"type": "Feature", "properties": {"city": "臺北市", "district": "中山區", "award_year": 114, "restaurant_name": "麥當勞 - 台北北安", "address": "臺北市中山區北安路626號1樓", "rating_result": "優"}, "geometry": {"type": "Point", "coordinates": [121.5491149581653, 25.082718343577845]}}, {"type": "Feature", "properties": {"city": "臺北市", "district": "中山區", "award_year": 114, "restaurant_name": "麥當勞-長春", "address": "臺北市中山區長春路172號", "rating_result": "優"}, "geometry": {"type": "Point", "coordinates": [121.53385012622716, 25.054691804790483]}}, {"type": "Feature", "properties": {"city": "臺北市", "district": "中山區", "award_year": 114, "restaurant_name": "麥當勞-台北民權II分公司", "address": "臺北市中山區民權東路2段43號1樓", "rating_result": "優"}, "geometry": {"type": "Point", "coordinates": [121.53047095966654, 25.062758583913748]}}, {"type": "Feature", "properties": {"city": "臺北市", "district": "中山區", "award_year": 114, "restaurant_name": "韓姜熙的小廚房 - 台北大直店", "address": "臺北市中山區敬業三路20號B1", "rating_result": "優"}, "geometry": {"type": "Point", "coordinates": [121.55669866517155, 25.083374664366772]}}, {"type": "Feature", "properties": {"city": "臺北市", "district": "中山區", "award_year": 114, "restaurant_name": "台北中山雅樂軒酒店", "address": "臺北市中山區雙城街1號", "rating_result": "優"}, "geometry": {"type": "Point", "coordinates": [121.52443516891682, 25.0630640108756]}}, {"type": "Feature", "properties": {"city": "臺北市", "district": "中山區", "award_year": 114, "restaurant_name": "Mo-Mo-Paradise台北中山牧場", "address": "臺北市中山區南京西路6號2樓", "rating_result": "優"}, "geometry": {"type": "Point", "coordinates": [121.52184881131492, 25.05206823906649]}}, {"type": "Feature", "properties": {"city": "臺北市", "district": "松山區", "award_year": 114, "restaurant_name": "麥當勞-民權一", "address": "臺北市松山區民權東路3段128號1樓", "rating_result": "優"}, "geometry": {"type": "Point", "coordinates": [121.54608854234552, 25.061824571111266]}}, {"type": "Feature", "properties": {"city": "臺北市", "district": "松山區", "award_year": 114, "restaurant_name": "麥當勞-台北南京六", "address": "臺北市松山區南京東路4段57號", "rating_result": "優"}, "geometry": {"type": "Point", "coordinates": [121.55272125107402, 25.05185278365368]}}, {"type": "Feature", "properties": {"city": "臺北市", "district": "松山區", "award_year": 114, "restaurant_name": "樂雅樂餐廳-敦化店", "address": "臺北市松山區敦化北路199巷9號1樓", "rating_result": "優"}, "geometry": {"type": "Point", "coordinates": [121.55197947943883, 25.05677566704889]}}, {"type": "Feature", "properties": {"city": "臺北市", "district": "文山區", "award_year": 114, "restaurant_name": "大來自助餐-台北市萬芳醫院", "address": "臺北市文山區興隆路3段111號B1", "rating_result": "優"}, "geometry": {"type": "Point", "coordinates": [121.55833027943584, 25.000306277630603]}}, {"type": "Feature", "properties": {"city": "臺北市", "district": "文山區", "award_year": 114, "restaurant_name": "我家養生料理-台北市萬芳醫院", "address": "臺北市文山區興隆路3段111號B1", "rating_result": "優"}, "geometry": {"type": "Point", "coordinates": [121.55833027943584, 25.000306277630603]}}, {"type": "Feature", "properties": {"city": "臺北市", "district": "士林區", "award_year": 114, "restaurant_name": "乾杯股份有限公司-黑毛屋(SOGO天母店)", "address": "臺北市士林區中山北路6段77號8樓", "rating_result": "優"}, "geometry": {"type": "Point", "coordinates": [121.52427805943859, 25.10500701264649]}}, {"type": "Feature", "properties": {"city": "臺北市", "district": "士林區", "award_year": 114, "restaurant_name": "麥當勞-台北德行餐廳", "address": "臺北市士林區德行東路227號1樓", "rating_result": "優"}, "geometry": {"type": "Point", "coordinates": [121.53307992936429, 25.109534575234875]}}, {"type": "Feature", "properties": {"city": "臺北市", "district": "士林區", "award_year": 114, "restaurant_name": "麥當勞-重北一餐廳", "address": "臺北市士林區重慶北路4段123號", "rating_result": "優"}, "geometry": {"type": "Point", "coordinates": [121.51200449651797, 25.08250317264901]}}, {"type": "Feature", "properties": {"city": "臺北市", "district": "中正區", "award_year": 114, "restaurant_name": "西雅圖極品咖啡-台大醫院店", "address": "臺北市中正區中山南路7號", "rating_result": "優"}, "geometry": {"type": "Point", "coordinates": [121.51855793268219, 25.040775742702056]}}, {"type": "Feature", "properties": {"city": "臺北市", "district": "中正區", "award_year": 114, "restaurant_name": "乾杯股份有限公司-黑毛屋(微風北車店)", "address": "臺北市中正區北平西路3號2樓", "rating_result": "優"}, "geometry": {"type": "Point", "coordinates": [121.51705766108309, 25.047175932953532]}}, {"type": "Feature", "properties": {"city": "臺北市", "district": "中正區", "award_year": 114, "restaurant_name": "台北凱撒大飯店-王朝中餐廳", "address": "臺北市中正區忠孝西路1段38號", "rating_result": "優"}, "geometry": {"type": "Point", "coordinates": [121.51643622872682, 25.04621455024095]}}, {"type": "Feature", "properties": {"city": "臺北市", "district": "中正區", "award_year": 114, "restaurant_name": "凱撒大飯店-checkers自助餐", "address": "臺北市中正區忠孝西路1段38號2樓", "rating_result": "優"}, "geometry": {"type": "Point", "coordinates": [121.51643622872682, 25.04621455024095]}}, {"type": "Feature", "properties": {"city": "臺北市", "district": "文山區", "award_year": 114, "restaurant_name": "麥當勞-台北木柵店", "address": "臺北市文山區木柵路3段57號1樓", "rating_result": "優"}, "geometry": {"type": "Point", "coordinates": [121.56648020939326, 24.988643358902998]}}, {"type": "Feature", "properties": {"city": "臺北市", "district": "文山區", "award_year": 114, "restaurant_name": "麥當勞-台北指南店", "address": "臺北市文山區指南路2段67號1樓", "rating_result": "優"}, "geometry": {"type": "Point", "coordinates": [121.57472800642928, 24.98794265331148]}}, {"type": "Feature", "properties": {"city": "臺北市", "district": "萬華區", "award_year": 114, "restaurant_name": "肉多多-台北西門營業所", "address": "臺北市萬華區漢中街42號4樓", "rating_result": "優"}, "geometry": {"type": "Point", "coordinates": [121.50734606766487, 25.044225418989935]}}, {"type": "Feature", "properties": {"city": "臺北市", "district": "萬華區", "award_year": 114, "restaurant_name": "麥當勞-昆明", "address": "臺北市萬華區昆明街92之4號", "rating_result": "優"}, "geometry": {"type": "Point", "coordinates": [121.50527088781713, 25.04489117059354]}}, {"type": "Feature", "properties": {"city": "臺北市", "district": "信義區", "award_year": 114, "restaurant_name": "麥當勞-松山車站", "address": "臺北市信義區松山路11號1樓", "rating_result": "優"}, "geometry": {"type": "Point", "coordinates": [121.57830731876943, 25.04919696563771]}}, {"type": "Feature", "properties": {"city": "臺北市", "district": "南港區", "award_year": 114, "restaurant_name": "樂雅樂餐廳-南港店", "address": "臺北市南港區經貿二路66之1號", "rating_result": "優"}, "geometry": {"type": "Point", "coordinates": [121.61591504259358, 25.057168424610193]}}, {"type": "Feature", "properties": {"city": "臺北市", "district": "南港區", "award_year": 114, "restaurant_name": "涓豆腐-南港車站店", "address": "臺北市南港區忠孝東路7段369號8樓C棟", "rating_result": "優"}, "geometry": {"type": "Point", "coordinates": [121.60720834980488, 25.052670201502984]}}, {"type": "Feature", "properties": {"city": "臺北市", "district": "南港區", "award_year": 114, "restaurant_name": "乾杯-南港中信店", "address": "臺北市南港區經貿二路186之1號2樓", "rating_result": "優"}, "geometry": {"type": "Point", "coordinates": [121.61496880605277, 25.05874286566276]}}, {"type": "Feature", "properties": {"city": "臺北市", "district": "信義區", "award_year": 114, "restaurant_name": "台北艾麗酒店-宴會廳", "address": "臺北市信義區松高路18號5樓", "rating_result": "優"}, "geometry": {"type": "Point", "coordinates": [121.56746529436565, 25.038618237062245]}}, {"type": "Feature", "properties": {"city": "臺北市", "district": "信義區", "award_year": 114, "restaurant_name": "台北艾麗酒店-La Farfalla", "address": "臺北市信義區松高路18號6樓", "rating_result": "優"}, "geometry": {"type": "Point", "coordinates": [121.56746529436565, 25.038618237062245]}}, {"type": "Feature", "properties": {"city": "臺北市", "district": "信義區", "award_year": 114, "restaurant_name": "黑毛屋本家-信義店", "address": "臺北市信義區松高路19號6樓", "rating_result": "優"}, "geometry": {"type": "Point", "coordinates": [121.56666695366349, 25.039359055217176]}}, {"type": "Feature", "properties": {"city": "臺北市", "district": "信義區", "award_year": 114, "restaurant_name": "老乾杯-信義店", "address": "臺北市信義區松壽路9號8樓", "rating_result": "優"}, "geometry": {"type": "Point", "coordinates": [121.56666229822561, 25.036081589739393]}}, {"type": "Feature", "properties": {"city": "臺北市", "district": "信義區", "award_year": 114, "restaurant_name": "麥當勞-新光信義", "address": "臺北市信義區松高路12號B2", "rating_result": "優"}, "geometry": {"type": "Point", "coordinates": [121.56680015542207, 25.038813087314097]}}, {"type": "Feature", "properties": {"city": "臺北市", "district": "大同區", "award_year": 114, "restaurant_name": "三澧企業股份有限公司-天吉屋 台北京站店", "address": "臺北市大同區承德路1段1號1樓", "rating_result": "優"}, "geometry": {"type": "Point", "coordinates": [121.51678413900474, 25.04909008063802]}}, {"type": "Feature", "properties": {"city": "臺北市", "district": "大同區", "award_year": 114, "restaurant_name": "三澧企業股份有限公司-BELLINI Pasta Pasta 台北京站店", "address": "臺北市大同區承德路1段1號4樓", "rating_result": "優"}, "geometry": {"type": "Point", "coordinates": [121.51678413900474, 25.04909008063802]}}, {"type": "Feature", "properties": {"city": "臺北市", "district": "大同區", "award_year": 114, "restaurant_name": "三澧企業股份有限公司 Mo-Mo-Paradise 台北京站牧場", "address": "臺北市大同區承德路1段1號4樓", "rating_result": "優"}, "geometry": {"type": "Point", "coordinates": [121.51678413900474, 25.04909008063802]}}, {"type": "Feature", "properties": {"city": "臺北市", "district": "大同區", "award_year": 114, "restaurant_name": "和德昌股份有限公司 麥當勞-台北承德", "address": "臺北市大同區承德路1段34-36號1樓，32號2樓之1", "rating_result": "優"}, "geometry": {"type": "Point", "coordinates": [121.51678214959472, 25.050755668088296]}}, {"type": "Feature", "properties": {"city": "臺北市", "district": "松山區", "award_year": 114, "restaurant_name": "紅蕃茄餐飲-臺北市立中崙高中 ", "address": "臺北市松山區八德路4段101號", "rating_result": "優"}, "geometry": {"type": "Point", "coordinates": [121.56106914719203, 25.04870475486533]}}, {"type": "Feature", "properties": {"city": "臺北市", "district": "萬華區", "award_year": 114, "restaurant_name": "築間-台北西門町店", "address": "臺北市萬華區昆明街92之1號2樓", "rating_result": "優"}, "geometry": {"type": "Point", "coordinates": [121.50529165408807, 25.04496793062866]}}, {"type": "Feature", "properties": {"city": "臺北市", "district": "萬華區", "award_year": 114, "restaurant_name": "樂麵屋 (西門店)", "address": "臺北市萬華區昆明街25號", "rating_result": "優"}, "geometry": {"type": "Point", "coordinates": [121.50557510663874, 25.04531289175336]}}, {"type": "Feature", "properties": {"city": "臺北市", "district": "萬華區", "award_year": 114, "restaurant_name": "兩餐年糕火鍋吃到飽 西門店", "address": "臺北市萬華區西寧南路123號4樓", "rating_result": "優"}, "geometry": {"type": "Point", "coordinates": [121.50656891029932, 25.044574567165217]}}, {"type": "Feature", "properties": {"city": "臺北市", "district": "萬華區", "award_year": 114, "restaurant_name": "石二鍋台北家樂福桂林店", "address": "臺北市萬華區桂林路1號", "rating_result": "優"}, "geometry": {"type": "Point", "coordinates": [121.50630357557705, 25.037675439831208]}}, {"type": "Feature", "properties": {"city": "臺北市", "district": "中山區", "award_year": 114, "restaurant_name": "築間餐飲事業股份有限公司-築間-台北南京二店", "address": "臺北市中山區南京東路1段138號2樓", "rating_result": "優"}, "geometry": {"type": "Point", "coordinates": [121.52733845096984, 25.051881496228393]}}, {"type": "Feature", "properties": {"city": "臺北市", "district": "中山區", "award_year": 114, "restaurant_name": "匡振股份有限公司-壹品宴", "address": "臺北市中山區南京東路2段63號2樓", "rating_result": "良"}, "geometry": {"type": "Point", "coordinates": [121.53025019227381, 25.052256143568165]}}, {"type": "Feature", "properties": {"city": "臺北市", "district": "中山區", "award_year": 114, "restaurant_name": "品粹國際股份有限公司-Molino de Urdániz 渥達尼斯磨坊", "address": "臺北市中山區建國北路1段61號GF", "rating_result": "優"}, "geometry": {"type": "Point", "coordinates": [121.53713161828429, 25.050670981007542]}}, {"type": "Feature", "properties": {"city": "臺北市", "district": "中山區", "award_year": 114, "restaurant_name": "鬍鬚張股份有限公司-鬍鬚張-台北吉林店", "address": "臺北市中山區吉林路220號", "rating_result": "優"}, "geometry": {"type": "Point", "coordinates": [121.53010279568386, 25.059004423571263]}}, {"type": "Feature", "properties": {"city": "臺北市", "district": "中山區", "award_year": 114, "restaurant_name": "登峰旅館股份有限公司-薇閣精品旅館-大直館", "address": "臺北市中山區敬業三路11號", "rating_result": "優"}, "geometry": {"type": "Point", "coordinates": [121.55591028656865, 25.083571754918]}}, {"type": "Feature", "properties": {"city": "臺北市", "district": "中山區", "award_year": 114, "restaurant_name": "荃鴻股份有限公司Krispy Kreme-美麗華", "address": "臺北市中山區敬業三路20號B1", "rating_result": "優"}, "geometry": {"type": "Point", "coordinates": [121.55669866517155, 25.083374664366772]}}, {"type": "Feature", "properties": {"city": "臺北市", "district": "中山區", "award_year": 114, "restaurant_name": "鬍鬚張股份有限公司鬍鬚張-大直北安店", "address": "臺北市中山區北安路631號", "rating_result": "優"}, "geometry": {"type": "Point", "coordinates": [121.54897550951762, 25.083490045470505]}}, {"type": "Feature", "properties": {"city": "臺北市", "district": "中山區", "award_year": 114, "restaurant_name": "台北國賓大飯店-國賓中餐廳", "address": "臺北市中山區遼寧街177號2樓", "rating_result": "優"}, "geometry": {"type": "Point", "coordinates": [121.54236531247705, 25.052795867441493]}}, {"type": "Feature", "properties": {"city": "臺北市", "district": "中山區", "award_year": 114, "restaurant_name": "台北國賓大飯店-A CUT牛排館", "address": "臺北市中山區遼寧街177號2樓", "rating_result": "優"}, "geometry": {"type": "Point", "coordinates": [121.54236531247705, 25.052795867441493]}}, {"type": "Feature", "properties": {"city": "臺北市", "district": "士林區", "award_year": 114, "restaurant_name": "臺北市士林區文昌國民小學駐點廚房 (上將食品)", "address": "臺北市士林區文林路615巷20號", "rating_result": "優"}, "geometry": {"type": "Point", "coordinates": [121.52090522080977, 25.099616182402738]}}, {"type": "Feature", "properties": {"city": "臺北市", "district": "士林區", "award_year": 114, "restaurant_name": "臺北市私立華興高級中等學校廚房", "address": "臺北市士林區仰德大道1段101號", "rating_result": "優"}, "geometry": {"type": "Point", "coordinates": [121.53820815361928, 25.104604095863614]}}, {"type": "Feature", "properties": {"city": "臺北市", "district": "士林區", "award_year": 114, "restaurant_name": "開飯川食堂-天母店", "address": "臺北市士林區忠誠路2段55號5樓", "rating_result": "優"}, "geometry": {"type": "Point", "coordinates": [121.5314382031111, 25.111811064842684]}}, {"type": "Feature", "properties": {"city": "臺北市", "district": "士林區", "award_year": 114, "restaurant_name": "饗泰多-天母店", "address": "臺北市士林區忠誠路2段55號5樓", "rating_result": "優"}, "geometry": {"type": "Point", "coordinates": [121.5314382031111, 25.111811064842684]}}, {"type": "Feature", "properties": {"city": "臺北市", "district": "士林區", "award_year": 114, "restaurant_name": "果然匯-天母店", "address": "臺北市士林區忠誠路2段55號B1", "rating_result": "優"}, "geometry": {"type": "Point", "coordinates": [121.5314382031111, 25.111811064842684]}}, {"type": "Feature", "properties": {"city": "臺北市", "district": "中正區", "award_year": 114, "restaurant_name": "beard papa 微風北車店", "address": "臺北市中正區北平西路3號1樓", "rating_result": "優"}, "geometry": {"type": "Point", "coordinates": [121.51705766108309, 25.047175932953532]}}, {"type": "Feature", "properties": {"city": "臺北市", "district": "中正區", "award_year": 114, "restaurant_name": "徹思叔叔起司蛋糕-微風北車店", "address": "臺北市中正區北平西路3號1樓", "rating_result": "優"}, "geometry": {"type": "Point", "coordinates": [121.51705766108309, 25.047175932953532]}}, {"type": "Feature", "properties": {"city": "臺北市", "district": "中正區", "award_year": 114, "restaurant_name": "老董牛肉麵-微風台大醫院店", "address": "臺北市中正區中山南路7號B1", "rating_result": "優"}, "geometry": {"type": "Point", "coordinates": [121.51855793268219, 25.040775742702056]}}, {"type": "Feature", "properties": {"city": "臺北市", "district": "中正區", "award_year": 114, "restaurant_name": "安永鮮食-微風台大醫院店", "address": "臺北市中正區中山南路7號B1", "rating_result": "優"}, "geometry": {"type": "Point", "coordinates": [121.51855793268219, 25.040775742702056]}}, {"type": "Feature", "properties": {"city": "臺北市", "district": "中正區", "award_year": 114, "restaurant_name": "明德素食園-微風台大醫院店", "address": "臺北市中正區中山南路7號B1", "rating_result": "優"}, "geometry": {"type": "Point", "coordinates": [121.51855793268219, 25.040775742702056]}}, {"type": "Feature", "properties": {"city": "臺北市", "district": "中正區", "award_year": 114, "restaurant_name": "太傻包子-微風台大醫院店", "address": "臺北市中正區中山南路7號B1", "rating_result": "優"}, "geometry": {"type": "Point", "coordinates": [121.51855793268219, 25.040775742702056]}}, {"type": "Feature", "properties": {"city": "臺北市", "district": "中正區", "award_year": 114, "restaurant_name": "鬍鬚張-台北南昌店", "address": "臺北市中正區南昌路1段70號", "rating_result": "優"}, "geometry": {"type": "Point", "coordinates": [121.51713770377499, 25.031179960217536]}}, {"type": "Feature", "properties": {"city": "臺北市", "district": "中正區", "award_year": 114, "restaurant_name": "鬍鬚張-台北華山店", "address": "臺北市中正區忠孝東路1段150號", "rating_result": "優"}, "geometry": {"type": "Point", "coordinates": [121.52580070038809, 25.04400901076138]}}, {"type": "Feature", "properties": {"city": "臺北市", "district": "中山區", "award_year": 114, "restaurant_name": "石二鍋台北民權東店", "address": "臺北市中山區民權東路3段19號", "rating_result": "優"}, "geometry": {"type": "Point", "coordinates": [121.54162848781408, 25.06255775435025]}}, {"type": "Feature", "properties": {"city": "臺北市", "district": "北投區", "award_year": 114, "restaurant_name": "大地酒店-奇岩一號", "address": "臺北市北投區奇岩路1號", "rating_result": "優"}, "geometry": {"type": "Point", "coordinates": [121.50727772967, 25.134627887703218]}}, {"type": "Feature", "properties": {"city": "臺北市", "district": "北投區", "award_year": 114, "restaurant_name": "大地酒店-月兒彎彎", "address": "臺北市北投區奇岩路1號", "rating_result": "優"}, "geometry": {"type": "Point", "coordinates": [121.50727772967, 25.134627887703218]}}, {"type": "Feature", "properties": {"city": "臺北市", "district": "士林區", "award_year": 114, "restaurant_name": "劍潭國小廚房 (味安餐飲)", "address": "臺北市士林區通河街16號", "rating_result": "優"}, "geometry": {"type": "Point", "coordinates": [121.52295013889817, 25.079957011684556]}}, {"type": "Feature", "properties": {"city": "臺北市", "district": "中正區", "award_year": 114, "restaurant_name": "螢橋國小廚房 (味安餐飲)", "address": "臺北市中正區詔安街29號", "rating_result": "優"}, "geometry": {"type": "Point", "coordinates": [121.51444635721745, 25.0249276552413]}}, {"type": "Feature", "properties": {"city": "臺北市", "district": "松山區", "award_year": 114, "restaurant_name": "松山國小廚房 (味安餐飲)", "address": "臺北市松山區八德路4段746號", "rating_result": "優"}, "geometry": {"type": "Point", "coordinates": [121.57926864874929, 25.05120521985932]}}, {"type": "Feature", "properties": {"city": "臺北市", "district": "大安區", "award_year": 114, "restaurant_name": "幸安國民小學午餐廚房 (中原食品)", "address": "臺北市大安區仁愛路3段22號", "rating_result": "優"}, "geometry": {"type": "Point", "coordinates": [121.53494929495542, 25.037660616233907]}}, {"type": "Feature", "properties": {"city": "臺北市", "district": "內湖區", "award_year": 114, "restaurant_name": "南湖國民小學午餐廚房(中原食品)", "address": "臺北市內湖區康寧路3段200號", "rating_result": "優"}, "geometry": {"type": "Point", "coordinates": [121.6118435988828, 25.06808684502623]}}, {"type": "Feature", "properties": {"city": "臺北市", "district": "內湖區", "award_year": 114, "restaurant_name": "麗山國民小學駐點廚房 (上將食品)", "address": "臺北市內湖區港華街100號", "rating_result": "優"}, "geometry": {"type": "Point", "coordinates": [121.57246929629133, 25.083509487647262]}}, {"type": "Feature", "properties": {"city": "臺北市", "district": "南港區", "award_year": 114, "restaurant_name": "宮保王食品有限公司", "address": "臺北市南港區南港路3段149巷49弄12、14號", "rating_result": "優"}, "geometry": {"type": "Point", "coordinates": [121.5852256473937, 25.05216518653146]}}, {"type": "Feature", "properties": {"city": "臺北市", "district": "中山區", "award_year": 114, "restaurant_name": "佳善自助餐-實踐大學店", "address": "臺北市中山區大直街70號", "rating_result": "優"}, "geometry": {"type": "Point", "coordinates": [121.54623416447966, 25.08358653368816]}}, {"type": "Feature", "properties": {"city": "臺北市", "district": "中山區", "award_year": 114, "restaurant_name": "輔大豬排-實踐大學店", "address": "臺北市中山區大直街70號", "rating_result": "優"}, "geometry": {"type": "Point", "coordinates": [121.54623416447966, 25.08358653368816]}}, {"type": "Feature", "properties": {"city": "臺北市", "district": "大安區", "award_year": 114, "restaurant_name": "樂麵屋 (永康公園店)", "address": "臺北市大安區永康街10巷3號", "rating_result": "優"}, "geometry": {"type": "Point", "coordinates": [121.52948561226479, 25.03201788346214]}}, {"type": "Feature", "properties": {"city": "臺北市", "district": "大安區", "award_year": 114, "restaurant_name": "Rice℃afé杓文字", "address": "臺北市大安區永康街10巷7號", "rating_result": "優"}, "geometry": {"type": "Point", "coordinates": [121.52927022011707, 25.032055636080514]}}, {"type": "Feature", "properties": {"city": "臺北市", "district": "中正區", "award_year": 114, "restaurant_name": "成功高中-紅太陽廚房", "address": "臺北市中正區濟南路1段71號", "rating_result": "優"}, "geometry": {"type": "Point", "coordinates": [121.52381111724794, 25.042394465796587]}}, {"type": "Feature", "properties": {"city": "臺北市", "district": "大安區", "award_year": 114, "restaurant_name": "和平國民小學午餐廚房(中原食品)", "address": "臺北市大安區敦南街76巷28號", "rating_result": "優"}, "geometry": {"type": "Point", "coordinates": [121.5466684166401, 25.02072515679823]}}, {"type": "Feature", "properties": {"city": "臺北市", "district": "中正區", "award_year": 114, "restaurant_name": "和逸飯店-台北忠孝館", "address": "臺北市中正區忠孝東路1段31號", "rating_result": "優"}, "geometry": {"type": "Point", "coordinates": [121.52533621474241, 25.044536387008563]}}, {"type": "Feature", "properties": {"city": "臺北市", "district": "大同區", "award_year": 114, "restaurant_name": "饗食天堂京站店", "address": "臺北市大同區承德路1段1號4樓", "rating_result": "優"}, "geometry": {"type": "Point", "coordinates": [121.51678413900474, 25.04909008063802]}}, {"type": "Feature", "properties": {"city": "臺北市", "district": "大同區", "award_year": 114, "restaurant_name": "開飯川食堂京站店", "address": "臺北市大同區承德路1段1號4樓", "rating_result": "優"}, "geometry": {"type": "Point", "coordinates": [121.51678413900474, 25.04909008063802]}}, {"type": "Feature", "properties": {"city": "臺北市", "district": "中正區", "award_year": 114, "restaurant_name": "成功高中-熱食一 (品大餐飲)", "address": "臺北市中正區濟南路1段71號", "rating_result": "優"}, "geometry": {"type": "Point", "coordinates": [121.52381111724794, 25.042394465796587]}}, {"type": "Feature", "properties": {"city": "臺北市", "district": "大同區", "award_year": 114, "restaurant_name": "鬍鬚張-美食文化館", "address": "臺北市大同區寧夏路54號", "rating_result": "優"}, "geometry": {"type": "Point", "coordinates": [121.51533254127045, 25.056563000246843]}}, {"type": "Feature", "properties": {"city": "臺北市", "district": "中正區", "award_year": 114, "restaurant_name": "開南高級中等學校熱食部 (冠霖物流)", "address": "臺北市中正區濟南路1段6號", "rating_result": "優"}, "geometry": {"type": "Point", "coordinates": [121.52183722828266, 25.042417406999256]}}, {"type": "Feature", "properties": {"city": "臺北市", "district": "北投區", "award_year": 114, "restaurant_name": "大屯國民小學午餐廚房 (中原食品)", "address": "臺北市北投區復興三路312號", "rating_result": "優"}, "geometry": {"type": "Point", "coordinates": [121.50427928881884, 25.154730609907734]}}, {"type": "Feature", "properties": {"city": "臺北市", "district": "北投區", "award_year": 114, "restaurant_name": "麥當勞-台北中央", "address": "臺北市北投區中央北路4段532號1樓", "rating_result": "優"}, "geometry": {"type": "Point", "coordinates": [121.46790299816337, 25.12838281106628]}}, {"type": "Feature", "properties": {"city": "臺北市", "district": "內湖區", "award_year": 114, "restaurant_name": "Mo-Mo-Paradise 內湖大潤發牧場", "address": "臺北市內湖區舊宗路1段188號", "rating_result": "優"}, "geometry": {"type": "Point", "coordinates": [121.575988536643, 25.062652764368043]}}, {"type": "Feature", "properties": {"city": "臺北市", "district": "內湖區", "award_year": 114, "restaurant_name": "麥當勞-內湖金龍", "address": "臺北市內湖區金龍路6號", "rating_result": "優"}, "geometry": {"type": "Point", "coordinates": [121.59416860202, 25.08451758520933]}}, {"type": "Feature", "properties": {"city": "臺北市", "district": "內湖區", "award_year": 114, "restaurant_name": "樂雅樂餐廳-西湖店", "address": "臺北市內湖區瑞光路583巷31號1樓", "rating_result": "優"}, "geometry": {"type": "Point", "coordinates": [121.56796816365859, 25.08082558477742]}}, {"type": "Feature", "properties": {"city": "臺北市", "district": "內湖區", "award_year": 114, "restaurant_name": "北村豆腐家-內湖潤泰店", "address": "臺北市內湖區成功路4段188號2樓", "rating_result": "良"}, "geometry": {"type": "Point", "coordinates": [121.59454681511231, 25.084081336150827]}}, {"type": "Feature", "properties": {"city": "臺北市", "district": "北投區", "award_year": 114, "restaurant_name": "西雅圖極品咖啡-振興醫院店", "address": "臺北市北投區振興街45號", "rating_result": "優"}, "geometry": {"type": "Point", "coordinates": [121.52240046602788, 25.117542553859668]}}, {"type": "Feature", "properties": {"city": "臺北市", "district": "北投區", "award_year": 114, "restaurant_name": "樂雅樂餐廳-北投店", "address": "臺北市北投區北投路2段9號1樓", "rating_result": "優"}, "geometry": {"type": "Point", "coordinates": [121.49897086387551, 25.130512481780965]}}, {"type": "Feature", "properties": {"city": "臺北市", "district": "北投區", "award_year": 114, "restaurant_name": "鬍鬚張-台北石牌店", "address": "臺北市北投區石牌路2段25號", "rating_result": "優"}, "geometry": {"type": "Point", "coordinates": [121.51543786677013, 25.115893254074187]}}, {"type": "Feature", "properties": {"city": "臺北市", "district": "內湖區", "award_year": 114, "restaurant_name": "鬍鬚張-內湖瑞光店", "address": "臺北市內湖區瑞光路301號", "rating_result": "優"}, "geometry": {"type": "Point", "coordinates": [121.57596222208682, 25.07587997314805]}}, {"type": "Feature", "properties": {"city": "臺北市", "district": "北投區", "award_year": 114, "restaurant_name": "小王子的飛行旅程餐廳-國立臺北藝術大學", "address": "臺北市北投區學園路1號", "rating_result": "優"}, "geometry": {"type": "Point", "coordinates": [121.4663681281747, 25.13008527766757]}}, {"type": "Feature", "properties": {"city": "臺北市", "district": "北投區", "award_year": 114, "restaurant_name": "達文西廚房-國立臺北藝術大學", "address": "臺北市北投區學園路1號", "rating_result": "優"}, "geometry": {"type": "Point", "coordinates": [121.4663681281747, 25.13008527766757]}}, {"type": "Feature", "properties": {"city": "臺北市", "district": "內湖區", "award_year": 114, "restaurant_name": "築間-台北內湖店", "address": "臺北市內湖區內湖路1段318號", "rating_result": "優"}, "geometry": {"type": "Point", "coordinates": [121.56970120415086, 25.081698946331066]}}, {"type": "Feature", "properties": {"city": "臺北市", "district": "北投區", "award_year": 114, "restaurant_name": "悅廚-振興醫院店", "address": "臺北市北投區振興街45號", "rating_result": "優"}, "geometry": {"type": "Point", "coordinates": [121.52240046602788, 25.117542553859668]}}, {"type": "Feature", "properties": {"city": "臺北市", "district": "士林區", "award_year": 114, "restaurant_name": "麥當勞 - 士林餐廳", "address": "臺北市士林區中山北路5段602號", "rating_result": "優"}, "geometry": {"type": "Point", "coordinates": [121.52813678884624, 25.09606499091758]}}, {"type": "Feature", "properties": {"city": "臺北市", "district": "士林區", "award_year": 114, "restaurant_name": "士林 萬麗酒店 宴會廳", "address": "臺北市士林區中山北路5段470巷8號", "rating_result": "優"}, "geometry": {"type": "Point", "coordinates": [121.52920495744117, 25.093169208798326]}}, {"type": "Feature", "properties": {"city": "臺北市", "district": "士林區", "award_year": 114, "restaurant_name": "士林 萬麗酒店 Tea Lab茶坊", "address": "臺北市士林區中山北路5段470巷8號", "rating_result": "優"}, "geometry": {"type": "Point", "coordinates": [121.52920495744117, 25.093169208798326]}}, {"type": "Feature", "properties": {"city": "臺北市", "district": "士林區", "award_year": 114, "restaurant_name": "士林 萬麗酒店 R-bar", "address": "臺北市士林區中山北路5段470巷8號", "rating_result": "優"}, "geometry": {"type": "Point", "coordinates": [121.52920495744117, 25.093169208798326]}}, {"type": "Feature", "properties": {"city": "臺北市", "district": "士林區", "award_year": 114, "restaurant_name": "士林 萬麗酒店 士林廚房", "address": "臺北市士林區中山北路5段470巷8號", "rating_result": "優"}, "geometry": {"type": "Point", "coordinates": [121.52920495744117, 25.093169208798326]}}, {"type": "Feature", "properties": {"city": "臺北市", "district": "士林區", "award_year": 114, "restaurant_name": "士林 萬麗酒店 萬麗軒", "address": "臺北市士林區中山北路5段470巷8號", "rating_result": "優"}, "geometry": {"type": "Point", "coordinates": [121.52920495744117, 25.093169208798326]}}, {"type": "Feature", "properties": {"city": "臺北市", "district": "信義區", "award_year": 114, "restaurant_name": "饗饗餐廳 信義店", "address": "臺北市信義區忠孝東路5段68號46樓", "rating_result": "優"}, "geometry": {"type": "Point", "coordinates": [121.5666938318801, 25.040647780585388]}}, {"type": "Feature", "properties": {"city": "臺北市", "district": "信義區", "award_year": 114, "restaurant_name": "彭園會館 台北館", "address": "臺北市信義區忠孝東路5段297號5樓", "rating_result": "良"}, "geometry": {"type": "Point", "coordinates": [121.57284935634692, 25.04114668808335]}}, {"type": "Feature", "properties": {"city": "臺北市", "district": "信義區", "award_year": 114, "restaurant_name": "藏壽司 松高店", "address": "臺北市信義區松高路16號B1", "rating_result": "優"}, "geometry": {"type": "Point", "coordinates": [121.5672770266639, 25.03872884178321]}}, {"type": "Feature", "properties": {"city": "臺北市", "district": "信義區", "award_year": 114, "restaurant_name": "TGI Fridays星期五餐廳　松高店", "address": "臺北市信義區松高路16號3樓", "rating_result": "優"}, "geometry": {"type": "Point", "coordinates": [121.5672770266639, 25.03872884178321]}}, {"type": "Feature", "properties": {"city": "臺北市", "district": "信義區", "award_year": 114, "restaurant_name": "饗泰多餐廳 松高店", "address": "臺北市信義區松高路16號3樓", "rating_result": "優"}, "geometry": {"type": "Point", "coordinates": [121.5672770266639, 25.03872884178321]}}, {"type": "Feature", "properties": {"city": "臺北市", "district": "信義區", "award_year": 114, "restaurant_name": "德州牛排餐廳 松高店", "address": "臺北市信義區松高路16號3樓", "rating_result": "優"}, "geometry": {"type": "Point", "coordinates": [121.5672770266639, 25.03872884178321]}}, {"type": "Feature", "properties": {"city": "臺北市", "district": "信義區", "award_year": 114, "restaurant_name": "掌門精釀啤酒餐廳 松高店", "address": "臺北市信義區松高路16號4樓", "rating_result": "優"}, "geometry": {"type": "Point", "coordinates": [121.5672770266639, 25.03872884178321]}}, {"type": "Feature", "properties": {"city": "臺北市", "district": "信義區", "award_year": 114, "restaurant_name": "饗食天堂餐廳 信義店", "address": "臺北市信義區松壽路12號6樓", "rating_result": "優"}, "geometry": {"type": "Point", "coordinates": [121.56602091453173, 25.035668095350335]}}, {"type": "Feature", "properties": {"city": "臺北市", "district": "信義區", "award_year": 114, "restaurant_name": "兩餐年糕火鍋餐廳 信義店", "address": "臺北市信義區松壽路12號4樓", "rating_result": "良"}, "geometry": {"type": "Point", "coordinates": [121.56602091453173, 25.035668095350335]}}, {"type": "Feature", "properties": {"city": "臺北市", "district": "文山區", "award_year": 114, "restaurant_name": "臺北市景興國小-中原食品", "address": "臺北市文山區景華街150巷21號", "rating_result": "優"}, "geometry": {"type": "Point", "coordinates": [121.54820569076513, 24.9960861213794]}}, {"type": "Feature", "properties": {"city": "臺北市", "district": "文山區", "award_year": 114, "restaurant_name": "石二鍋-台北興隆店", "address": "臺北市文山區興隆路4段149號1樓", "rating_result": "優"}, "geometry": {"type": "Point", "coordinates": [121.5617154906948, 24.984798630051294]}}, {"type": "Feature", "properties": {"city": "臺北市", "district": "北投區", "award_year": 114, "restaurant_name": "大地酒店-喜歡廳", "address": "臺北市北投區奇岩路1號", "rating_result": "優"}, "geometry": {"type": "Point", "coordinates": [121.50727772967, 25.134627887703218]}}, {"type": "Feature", "properties": {"city": "臺北市", "district": "北投區", "award_year": 114, "restaurant_name": "珍品軒-振興醫院店", "address": "臺北市北投區振興街45號", "rating_result": "優"}, "geometry": {"type": "Point", "coordinates": [121.52240046602788, 25.117542553859668]}}, {"type": "Feature", "properties": {"city": "臺北市", "district": "北投區", "award_year": 114, "restaurant_name": "桃源國民小學(宏遠國際餐飲股份有限公司)", "address": "臺北市北投區中央北路3段40巷45號", "rating_result": "優"}, "geometry": {"type": "Point", "coordinates": [121.4845111024921, 25.139644962307603]}}, {"type": "Feature", "properties": {"city": "臺北市", "district": "文山區", "award_year": 114, "restaurant_name": "力行國民小學(宏遠國際餐飲股份有限公司)", "address": "臺北市文山區木新路3段155巷7號", "rating_result": "優"}, "geometry": {"type": "Point", "coordinates": [121.5610001463377, 24.980921709613536]}}, {"type": "Feature", "properties": {"city": "臺北市", "district": "士林區", "award_year": 114, "restaurant_name": "木槿花", "address": "臺北市士林區承德路5段55號", "rating_result": "優"}, "geometry": {"type": "Point", "coordinates": [121.51416930475014, 25.096835135824783]}}, {"type": "Feature", "properties": {"city": "臺北市", "district": "士林區", "award_year": 114, "restaurant_name": "突厥", "address": "臺北市士林區承德路5段55號", "rating_result": "優"}, "geometry": {"type": "Point", "coordinates": [121.51416930475014, 25.096835135824783]}}, {"type": "Feature", "properties": {"city": "臺北市", "district": "士林區", "award_year": 114, "restaurant_name": "熊大廚", "address": "臺北市士林區承德路5段55號", "rating_result": "優"}, "geometry": {"type": "Point", "coordinates": [121.51416930475014, 25.096835135824783]}}, {"type": "Feature", "properties": {"city": "臺北市", "district": "士林區", "award_year": 114, "restaurant_name": "呀咪食堂", "address": "臺北市士林區承德路5段55號", "rating_result": "優"}, "geometry": {"type": "Point", "coordinates": [121.51416930475014, 25.096835135824783]}}, {"type": "Feature", "properties": {"city": "臺北市", "district": "士林區", "award_year": 114, "restaurant_name": "鼎豐Food", "address": "臺北市士林區承德路5段55號", "rating_result": "優"}, "geometry": {"type": "Point", "coordinates": [121.51416930475014, 25.096835135824783]}}, {"type": "Feature", "properties": {"city": "臺北市", "district": "士林區", "award_year": 114, "restaurant_name": "漢堡王-兒童新樂園", "address": "臺北市士林區承德路5段55號", "rating_result": "優"}, "geometry": {"type": "Point", "coordinates": [121.51416930475014, 25.096835135824783]}}, {"type": "Feature", "properties": {"city": "臺北市", "district": "士林區", "award_year": 114, "restaurant_name": "葡兒飛", "address": "臺北市士林區承德路5段55號", "rating_result": "優"}, "geometry": {"type": "Point", "coordinates": [121.51416930475014, 25.096835135824783]}}, {"type": "Feature", "properties": {"city": "臺北市", "district": "士林區", "award_year": 114, "restaurant_name": "義品院", "address": "臺北市士林區承德路5段55號", "rating_result": "優"}, "geometry": {"type": "Point", "coordinates": [121.51416930475014, 25.096835135824783]}}, {"type": "Feature", "properties": {"city": "臺北市", "district": "大同區", "award_year": 114, "restaurant_name": "臺北市立聯合醫院中興院區", "address": "臺北市大同區鄭州路145號B1營養科", "rating_result": "優"}, "geometry": {"type": "Point", "coordinates": [121.5088873578703, 25.050692437231344]}}, {"type": "Feature", "properties": {"city": "臺北市", "district": "中正區", "award_year": 114, "restaurant_name": "大戶屋-微風台北車站店", "address": "臺北市中正區北平西路3號2樓", "rating_result": "優"}, "geometry": {"type": "Point", "coordinates": [121.51705766108309, 25.047175932953532]}}, {"type": "Feature", "properties": {"city": "臺北市", "district": "中正區", "award_year": 114, "restaurant_name": "大戶屋-台北凱撒店", "address": "臺北市中正區忠孝西路1段38號B1", "rating_result": "優"}, "geometry": {"type": "Point", "coordinates": [121.51643622872682, 25.04621455024095]}}, {"type": "Feature", "properties": {"city": "臺北市", "district": "中山區", "award_year": 114, "restaurant_name": "彭園湘菜林森店", "address": "臺北市中山區林森北路380號2、3樓", "rating_result": "優"}, "geometry": {"type": "Point", "coordinates": [121.52540994243542, 25.058376754100912]}}, {"type": "Feature", "properties": {"city": "臺北市", "district": "大安區", "award_year": 114, "restaurant_name": "湘8老", "address": "臺北市大安區安和路2段74巷8號", "rating_result": "優"}, "geometry": {"type": "Point", "coordinates": [121.55133917052895, 25.03028754689738]}}, {"type": "Feature", "properties": {"city": "臺北市", "district": "大同區", "award_year": 114, "restaurant_name": "臺北市市立大同國小(統鮮美食股份有限公司)", "address": "臺北市大同區大龍街51號", "rating_result": "優"}, "geometry": {"type": "Point", "coordinates": [121.51610280903088, 25.064791288128117]}}, {"type": "Feature", "properties": {"city": "臺北市", "district": "信義區", "award_year": 114, "restaurant_name": "鼎泰豐-台北101店", "address": "臺北市信義區市府路45號B1", "rating_result": "優"}, "geometry": {"type": "Point", "coordinates": [121.56390405307721, 25.034026196672773]}}, {"type": "Feature", "properties": {"city": "臺北市", "district": "信義區", "award_year": 114, "restaurant_name": "凱林鐵板燒-台北101店", "address": "臺北市信義區市府路45號B1", "rating_result": "優"}, "geometry": {"type": "Point", "coordinates": [121.56390405307721, 25.034026196672773]}}, {"type": "Feature", "properties": {"city": "臺北市", "district": "信義區", "award_year": 114, "restaurant_name": "雪嶽山-台北101店", "address": "臺北市信義區市府路45號B1", "rating_result": "優"}, "geometry": {"type": "Point", "coordinates": [121.56390405307721, 25.034026196672773]}}, {"type": "Feature", "properties": {"city": "臺北市", "district": "信義區", "award_year": 114, "restaurant_name": "阿官火鍋-台北101店", "address": "臺北市信義區市府路45號B1", "rating_result": "優"}, "geometry": {"type": "Point", "coordinates": [121.56390405307721, 25.034026196672773]}}, {"type": "Feature", "properties": {"city": "臺北市", "district": "南港區", "award_year": 114, "restaurant_name": "臺北市立聯合醫院忠孝醫院供膳場所、臺北市立聯合醫院忠孝院區附設護理之家", "address": "臺北市南港區同德路87號B1營養科", "rating_result": "優"}, "geometry": {"type": "Point", "coordinates": [121.58615653155253, 25.046506741048137]}}, {"type": "Feature", "properties": {"city": "臺北市", "district": "南港區", "award_year": 114, "restaurant_name": "凱鴻素食有限公司", "address": "臺北市南港區松河街406號1樓", "rating_result": "優"}, "geometry": {"type": "Point", "coordinates": [121.58937948885065, 25.055376315616968]}}, {"type": "Feature", "properties": {"city": "臺北市", "district": "南港區", "award_year": 114, "restaurant_name": "鉅登團膳食品有限公司", "address": "臺北市南港區南港路3段80巷32號2樓", "rating_result": "優"}, "geometry": {"type": "Point", "coordinates": [121.59063456551756, 25.05510155639005]}}, {"type": "Feature", "properties": {"city": "臺北市", "district": "南港區", "award_year": 114, "restaurant_name": "紅蕃茄自助餐-南港高工", "address": "臺北市南港區興中路29號", "rating_result": "良"}, "geometry": {"type": "Point", "coordinates": [121.60719193859775, 25.056334701611778]}}, {"type": "Feature", "properties": {"city": "臺北市", "district": "文山區", "award_year": 114, "restaurant_name": "遠百企業股份有限公司-景美分公司", "address": "臺北市文山區景中街30巷12號", "rating_result": "優"}, "geometry": {"type": "Point", "coordinates": [121.54204752496436, 24.99225069329481]}}, {"type": "Feature", "properties": {"city": "臺北市", "district": "信義區", "award_year": 114, "restaurant_name": "Q Burger 信義吳興店", "address": "臺北市信義區吳興街281巷59號", "rating_result": "優"}, "geometry": {"type": "Point", "coordinates": [121.56577820010381, 25.02656400900926]}}, {"type": "Feature", "properties": {"city": "臺北市", "district": "大安區", "award_year": 114, "restaurant_name": "國立臺灣師範大學附屬高級中學-富秝餐飲有限公司", "address": "臺北市大安區信義路3段143號", "rating_result": "優"}, "geometry": {"type": "Point", "coordinates": [121.54039640809266, 25.03367505006809]}}, {"type": "Feature", "properties": {"city": "臺北市", "district": "信義區", "award_year": 114, "restaurant_name": "有限責任臺北市立松山高級工農職業學校員生消費合作社", "address": "臺北市信義區忠孝東路5段236巷15號自強樓B1", "rating_result": "優"}, "geometry": {"type": "Point", "coordinates": [121.57204113710422, 25.039852493686215]}}, {"type": "Feature", "properties": {"city": "臺北市", "district": "信義區", "award_year": 114, "restaurant_name": "松山高中 黑金珠咖啡館", "address": "臺北市信義區基隆路1段156號", "rating_result": "優"}, "geometry": {"type": "Point", "coordinates": [121.56582514848155, 25.043878121339144]}}, {"type": "Feature", "properties": {"city": "臺北市", "district": "信義區", "award_year": 114, "restaurant_name": "Q Burger 信義信安店", "address": "臺北市信義區信安街127號", "rating_result": "優"}, "geometry": {"type": "Point", "coordinates": [121.55593763860615, 25.024213726447837]}}, {"type": "Feature", "properties": {"city": "臺北市", "district": "信義區", "award_year": 114, "restaurant_name": "誠品行旅-The Chapter", "address": "臺北市信義區菸廠路98號1樓", "rating_result": "優"}, "geometry": {"type": "Point", "coordinates": [121.56173352395959, 25.044655396424908]}}, {"type": "Feature", "properties": {"city": "臺北市", "district": "信義區", "award_year": 114, "restaurant_name": "誠品行旅-In Between", "address": "臺北市信義區菸廠路98號2樓", "rating_result": "優"}, "geometry": {"type": "Point", "coordinates": [121.56173352395959, 25.044655396424908]}}, {"type": "Feature", "properties": {"city": "臺北市", "district": "萬華區", "award_year": 114, "restaurant_name": "駐外福星國小廚房-統鮮美食股份有限公司", "address": "臺北市萬華區中華路1段66號", "rating_result": "優"}, "geometry": {"type": "Point", "coordinates": [121.50890651762441, 25.04634478040557]}}, {"type": "Feature", "properties": {"city": "臺北市", "district": "文山區", "award_year": 114, "restaurant_name": "萬芳高中熱食部(連大莊企業有限公司)", "address": "臺北市文山區興隆路3段115巷1號", "rating_result": "優"}, "geometry": {"type": "Point", "coordinates": [121.55878117208843, 25.000558772256255]}}, {"type": "Feature", "properties": {"city": "臺北市", "district": "萬華區", "award_year": 114, "restaurant_name": "大理高中熱食部(連大莊企業有限公司)", "address": "臺北市萬華區長順街2號", "rating_result": "優"}, "geometry": {"type": "Point", "coordinates": [121.49129850415946, 25.0308915713477]}}, {"type": "Feature", "properties": {"city": "臺北市", "district": "萬華區", "award_year": 114, "restaurant_name": "華江高中早餐部(連大莊企業有限公司)", "address": "臺北市萬華區西藏路213號", "rating_result": "優"}, "geometry": {"type": "Point", "coordinates": [121.4961687188256, 25.028526493874484]}}, {"type": "Feature", "properties": {"city": "臺北市", "district": "萬華區", "award_year": 114, "restaurant_name": "華江高中熱食部(連大莊企業有限公司)", "address": "臺北市萬華區西藏路213號", "rating_result": "優"}, "geometry": {"type": "Point", "coordinates": [121.4961687188256, 25.028526493874484]}}, {"type": "Feature", "properties": {"city": "臺北市", "district": "萬華區", "award_year": 114, "restaurant_name": "Q Burger 萬華寶興店", "address": "臺北市萬華區寶興街149號1樓", "rating_result": "優"}, "geometry": {"type": "Point", "coordinates": [121.49516243421343, 25.024438072772256]}}, {"type": "Feature", "properties": {"city": "臺北市", "district": "萬華區", "award_year": 114, "restaurant_name": "格萊天漾大飯店-12F", "address": "臺北市萬華區艋舺大道101號12樓", "rating_result": "優"}, "geometry": {"type": "Point", "coordinates": [121.50147237768275, 25.033338586171293]}}, {"type": "Feature", "properties": {"city": "臺北市", "district": "萬華區", "award_year": 114, "restaurant_name": "格萊天漾大飯店-13F", "address": "臺北市萬華區艋舺大道101號13樓", "rating_result": "優"}, "geometry": {"type": "Point", "coordinates": [121.50147237768275, 25.033338586171293]}}, {"type": "Feature", "properties": {"city": "臺北市", "district": "萬華區", "award_year": 114, "restaurant_name": "格萊天漾大飯店-14F", "address": "臺北市萬華區艋舺大道101號14樓", "rating_result": "優"}, "geometry": {"type": "Point", "coordinates": [121.50147237768275, 25.033338586171293]}}, {"type": "Feature", "properties": {"city": "臺北市", "district": "萬華區", "award_year": 114, "restaurant_name": "格萊天漾大飯店-15F", "address": "臺北市萬華區艋舺大道101號15樓", "rating_result": "優"}, "geometry": {"type": "Point", "coordinates": [121.50147237768275, 25.033338586171293]}}, {"type": "Feature", "properties": {"city": "臺北市", "district": "萬華區", "award_year": 114, "restaurant_name": "格萊天漾大飯店-16F", "address": "臺北市萬華區艋舺大道101號16樓", "rating_result": "優"}, "geometry": {"type": "Point", "coordinates": [121.50147237768275, 25.033338586171293]}}, {"type": "Feature", "properties": {"city": "臺北市", "district": "中正區", "award_year": 114, "restaurant_name": "環球敦品產後護理之家", "address": "臺北市中正區中華路2段77號", "rating_result": "優"}, "geometry": {"type": "Point", "coordinates": [121.50587391307991, 25.03417879481036]}}, {"type": "Feature", "properties": {"city": "臺北市", "district": "中正區", "award_year": 114, "restaurant_name": "台糖台北會館", "address": "臺北市中正區中華路1段39號", "rating_result": "優"}, "geometry": {"type": "Point", "coordinates": [121.50967025732348, 25.04533683571028]}}, {"type": "Feature", "properties": {"city": "臺北市", "district": "萬華區", "award_year": 114, "restaurant_name": "Friday's-西門餐廳", "address": "臺北市萬華區武昌街2段72號2樓", "rating_result": "優"}, "geometry": {"type": "Point", "coordinates": [121.50619979412815, 25.044813256743385]}}, {"type": "Feature", "properties": {"city": "臺北市", "district": "萬華區", "award_year": 114, "restaurant_name": "JAI宅", "address": "臺北市萬華區武昌街2段50巷10號2樓", "rating_result": "優"}, "geometry": {"type": "Point", "coordinates": [121.50679524380647, 25.044064673542525]}}, {"type": "Feature", "properties": {"city": "臺北市", "district": "萬華區", "award_year": 114, "restaurant_name": "我!就厲害燒烤吃到飽 西門店", "address": "臺北市萬華區漢中街127號4、5樓", "rating_result": "優"}, "geometry": {"type": "Point", "coordinates": [121.50769468425234, 25.042797839591373]}}, {"type": "Feature", "properties": {"city": "臺北市", "district": "萬華區", "award_year": 114, "restaurant_name": "成真咖啡-台北西門店", "address": "臺北市萬華區漢口街2段53巷2號", "rating_result": "優"}, "geometry": {"type": "Point", "coordinates": [121.50625325994552, 25.04611644454066]}}, {"type": "Feature", "properties": {"city": "臺北市", "district": "大同區", "award_year": 114, "restaurant_name": "朱媽媽小吃店", "address": "臺北市大同區酒泉街10巷1號", "rating_result": "優"}, "geometry": {"type": "Point", "coordinates": [121.51976096658292, 25.07052747483206]}}, {"type": "Feature", "properties": {"city": "臺北市", "district": "萬華區", "award_year": 114, "restaurant_name": "Thai boat noodle original", "address": "臺北市萬華區中華路2段8號", "rating_result": "優"}, "geometry": {"type": "Point", "coordinates": [121.50548296084632, 25.03397657715874]}}, {"type": "Feature", "properties": {"city": "臺北市", "district": "萬華區", "award_year": 114, "restaurant_name": "富宏牛肉麵", "address": "臺北市萬華區洛陽街67號", "rating_result": "優"}, "geometry": {"type": "Point", "coordinates": [121.50781736325318, 25.04753276993014]}}, {"type": "Feature", "properties": {"city": "臺北市", "district": "萬華區", "award_year": 114, "restaurant_name": "威尼斯點心坊", "address": "臺北市萬華區莒光路145號", "rating_result": "良"}, "geometry": {"type": "Point", "coordinates": [121.50316329860624, 25.031103425943687]}}, {"type": "Feature", "properties": {"city": "臺北市", "district": "大同區", "award_year": 114, "restaurant_name": "ASI南洋風味館", "address": "臺北市大同區酒泉街26之4號", "rating_result": "良"}, "geometry": {"type": "Point", "coordinates": [121.51949801420257, 25.0705679594923]}}, {"type": "Feature", "properties": {"city": "臺北市", "district": "大同區", "award_year": 114, "restaurant_name": "坂京鍋燒麵", "address": "臺北市大同區酒泉街10巷17號", "rating_result": "優"}, "geometry": {"type": "Point", "coordinates": [121.5197305910944, 25.070283566741818]}}, {"type": "Feature", "properties": {"city": "臺北市", "district": "大同區", "award_year": 114, "restaurant_name": "21工房", "address": "臺北市大同區酒泉街10巷25號", "rating_result": "優"}, "geometry": {"type": "Point", "coordinates": [121.5196702145142, 25.06986346635369]}}, {"type": "Feature", "properties": {"city": "臺北市", "district": "大同區", "award_year": 114, "restaurant_name": "晶湯匙", "address": "臺北市大同區承德路1段1號4樓", "rating_result": "優"}, "geometry": {"type": "Point", "coordinates": [121.51678413900474, 25.04909008063802]}}, {"type": "Feature", "properties": {"city": "臺北市", "district": "大同區", "award_year": 114, "restaurant_name": "君城本家-重慶門市", "address": "臺北市大同區重慶北路3段53號1樓", "rating_result": "優"}, "geometry": {"type": "Point", "coordinates": [121.51389885751566, 25.065778756069708]}}, {"type": "Feature", "properties": {"city": "臺北市", "district": "萬華區", "award_year": 114, "restaurant_name": "天天利美食坊", "address": "臺北市萬華區漢中街32巷1號", "rating_result": "良"}, "geometry": {"type": "Point", "coordinates": [121.5075510375344, 25.045003371299984]}}, {"type": "Feature", "properties": {"city": "臺北市", "district": "士林區", "award_year": 114, "restaurant_name": "四海遊龍-台北兒童新樂園", "address": "臺北市士林區承德路5段55號", "rating_result": "優"}, "geometry": {"type": "Point", "coordinates": [121.51416930475014, 25.096835135824783]}}, {"type": "Feature", "properties": {"city": "臺北市", "district": "士林區", "award_year": 114, "restaurant_name": "鴻屋蛋包飯", "address": "臺北市士林區承德路5段55號", "rating_result": "優"}, "geometry": {"type": "Point", "coordinates": [121.51416930475014, 25.096835135824783]}}, {"type": "Feature", "properties": {"city": "臺北市", "district": "士林區", "award_year": 114, "restaurant_name": "花蓮扁食-台北新兒童樂園", "address": "臺北市士林區承德路5段55號", "rating_result": "優"}, "geometry": {"type": "Point", "coordinates": [121.51416930475014, 25.096835135824783]}}, {"type": "Feature", "properties": {"city": "臺北市", "district": "信義區", "award_year": 114, "restaurant_name": "KADOKADO-台北101店", "address": "臺北市信義區信義路5段7號89樓", "rating_result": "優"}, "geometry": {"type": "Point", "coordinates": [121.5646039976053, 25.03352417789433]}}, {"type": "Feature", "properties": {"city": "臺北市", "district": "中山區", "award_year": 114, "restaurant_name": "Q Burger 中山天祥店", "address": "臺北市中山區天祥路22號1樓", "rating_result": "優"}, "geometry": {"type": "Point", "coordinates": [121.52096049354573, 25.061153689749926]}}, {"type": "Feature", "properties": {"city": "臺北市", "district": "松山區", "award_year": 114, "restaurant_name": "點水樓-南京店", "address": "臺北市松山區南京東路4段61號", "rating_result": "優"}, "geometry": {"type": "Point", "coordinates": [121.55281999106958, 25.051849974793143]}}, {"type": "Feature", "properties": {"city": "臺北市", "district": "松山區", "award_year": 114, "restaurant_name": "大來商旅（桃莉廚房）", "address": "臺北市松山區長春路432號1-7樓", "rating_result": "優"}, "geometry": {"type": "Point", "coordinates": [121.54488254439521, 25.054440668773708]}}, {"type": "Feature", "properties": {"city": "臺北市", "district": "大安區", "award_year": 114, "restaurant_name": "秀蘭 Gourmet", "address": "臺北市大安區信義路2段198巷5之5號1樓", "rating_result": "良"}, "geometry": {"type": "Point", "coordinates": [121.53054753293554, 25.03290674561266]}}, {"type": "Feature", "properties": {"city": "臺北市", "district": "中山區", "award_year": 114, "restaurant_name": "Q Burger 中山農安店", "address": "臺北市中山區農安街170號1樓、地下室", "rating_result": "優"}, "geometry": {"type": "Point", "coordinates": [121.53445897844269, 25.064584995150934]}}, {"type": "Feature", "properties": {"city": "臺北市", "district": "內湖區", "award_year": 114, "restaurant_name": "內湖高中熱食部(連大莊企業有限公司)", "address": "臺北市內湖區文德路218號", "rating_result": "良"}, "geometry": {"type": "Point", "coordinates": [121.58652189782232, 25.07840268462301]}}, {"type": "Feature", "properties": {"city": "臺北市", "district": "內湖區", "award_year": 114, "restaurant_name": "湘之坊-內湖高工熱食部", "address": "臺北市內湖區內湖路1段520號B1", "rating_result": "優"}, "geometry": {"type": "Point", "coordinates": [121.57544776285674, 25.079736951962445]}}, {"type": "Feature", "properties": {"city": "臺北市", "district": "內湖區", "award_year": 114, "restaurant_name": "Q Burger 內湖港墘店", "address": "臺北市內湖區麗山街68巷16號1樓及地下室", "rating_result": "優"}, "geometry": {"type": "Point", "coordinates": [121.57901042910736, 25.082035400809666]}}, {"type": "Feature", "properties": {"city": "臺北市", "district": "內湖區", "award_year": 114, "restaurant_name": "好市多股份有限公司-內湖分公司", "address": "臺北市內湖區舊宗路1段268號", "rating_result": "優"}, "geometry": {"type": "Point", "coordinates": [121.57611505121734, 25.063985371597425]}}, {"type": "Feature", "properties": {"city": "臺北市", "district": "內湖區", "award_year": 114, "restaurant_name": "士福美食股份有限公司", "address": "臺北市內湖區新明路193、195號", "rating_result": "優"}, "geometry": {"type": "Point", "coordinates": [121.5883333013119, 25.058512200563204]}}, {"type": "Feature", "properties": {"city": "臺北市", "district": "中山區", "award_year": 114, "restaurant_name": "柯達大飯店臺北一店", "address": "臺北市中山區中山北路2段11巷1號", "rating_result": "優"}, "geometry": {"type": "Point", "coordinates": [121.52321014663364, 25.052837733812883]}}, {"type": "Feature", "properties": {"city": "臺北市", "district": "中山區", "award_year": 114, "restaurant_name": "柯達大飯店臺北二店", "address": "臺北市中山區中山北路2段139號", "rating_result": "優"}, "geometry": {"type": "Point", "coordinates": [121.52306367224664, 25.061829872770566]}}, {"type": "Feature", "properties": {"city": "臺北市", "district": "中山區", "award_year": 114, "restaurant_name": "大戶屋-民權東路一段店", "address": "臺北市中山區民權東路1段9號B1", "rating_result": "優"}, "geometry": {"type": "Point", "coordinates": [121.52332722234988, 25.062943236316347]}}, {"type": "Feature", "properties": {"city": "臺北市", "district": "中山區", "award_year": 114, "restaurant_name": "大同高中熟食部(連大莊企業有限公司)", "address": "臺北市中山區長春路167號", "rating_result": "優"}, "geometry": {"type": "Point", "coordinates": [121.5351084233251, 25.05498628040277]}}, {"type": "Feature", "properties": {"city": "臺北市", "district": "大同區", "award_year": 114, "restaurant_name": "Q Burger 大橋頭店", "address": "臺北市大同區民權西路226號", "rating_result": "優"}, "geometry": {"type": "Point", "coordinates": [121.5132424359156, 25.06279718886081]}}, {"type": "Feature", "properties": {"city": "臺北市", "district": "大同區", "award_year": 114, "restaurant_name": "成淵熱食部", "address": "臺北市大同區承德路2段235號", "rating_result": "優"}, "geometry": {"type": "Point", "coordinates": [121.51852720980827, 25.061274892972108]}}, {"type": "Feature", "properties": {"city": "臺北市", "district": "大同區", "award_year": 114, "restaurant_name": "成淵早餐部", "address": "臺北市大同區承德路2段235號", "rating_result": "優"}, "geometry": {"type": "Point", "coordinates": [121.51852720980827, 25.061274892972108]}}, {"type": "Feature", "properties": {"city": "臺北市", "district": "大同區", "award_year": 114, "restaurant_name": "臺北車站智選假日酒店", "address": "臺北市大同區重慶北路1段73號", "rating_result": "優"}, "geometry": {"type": "Point", "coordinates": [121.51421592792586, 25.052241755091465]}}, {"type": "Feature", "properties": {"city": "臺北市", "district": "大同區", "award_year": 114, "restaurant_name": "臺北市立啟聰學校", "address": "臺北市大同區重慶北路3段320號", "rating_result": "優"}, "geometry": {"type": "Point", "coordinates": [121.51358909856347, 25.07469783505286]}}, {"type": "Feature", "properties": {"city": "臺北市", "district": "信義區", "award_year": 114, "restaurant_name": "統鮮美食駐外雙永國小廚房", "address": "臺北市信義區松山路287巷5號", "rating_result": "優"}, "geometry": {"type": "Point", "coordinates": [121.57975328243592, 25.04334654315636]}}, {"type": "Feature", "properties": {"city": "臺北市", "district": "大安區", "award_year": 114, "restaurant_name": "美樂食餐飲-大安森林食堂", "address": "臺北市大安區新生南路1段161之3號", "rating_result": "優"}, "geometry": {"type": "Point", "coordinates": [121.53302286043427, 25.034493221805253]}}, {"type": "Feature", "properties": {"city": "臺北市", "district": "大安區", "award_year": 114, "restaurant_name": "驥園川菜餐廳", "address": "臺北市大安區敦化南路1段324號B1", "rating_result": "良"}, "geometry": {"type": "Point", "coordinates": [121.54845599526813, 25.035256469544343]}}, {"type": "Feature", "properties": {"city": "臺北市", "district": "大安區", "award_year": 114, "restaurant_name": "五月雪客家私房珍釀", "address": "臺北市大安區敦化南路1段329巷16號", "rating_result": "優"}, "geometry": {"type": "Point", "coordinates": [121.54996807949989, 25.033867779020312]}}, {"type": "Feature", "properties": {"city": "臺北市", "district": "大安區", "award_year": 114, "restaurant_name": "勺日zhuori", "address": "臺北市大安區復興南路1段206號1樓", "rating_result": "優"}, "geometry": {"type": "Point", "coordinates": [121.54349870735479, 25.039429779523125]}}, {"type": "Feature", "properties": {"city": "臺北市", "district": "大安區", "award_year": 114, "restaurant_name": "真的好海鮮餐廳", "address": "臺北市大安區復興南路1段222號1樓、B1", "rating_result": "良"}, "geometry": {"type": "Point", "coordinates": [121.54348766568006, 25.039236561391622]}}, {"type": "Feature", "properties": {"city": "臺北市", "district": "大安區", "award_year": 114, "restaurant_name": "BELLINI Caffe 臺北敦南店", "address": "臺北市大安區敦化南路1段370號B1、B2", "rating_result": "優"}, "geometry": {"type": "Point", "coordinates": [121.54844504079888, 25.033677246631687]}}, {"type": "Feature", "properties": {"city": "臺北市", "district": "大安區", "award_year": 114, "restaurant_name": "ULV Restaurant", "address": "臺北市大安區敦化南路1段160巷18號1樓", "rating_result": "優"}, "geometry": {"type": "Point", "coordinates": [121.54771678542367, 25.043465479298582]}}, {"type": "Feature", "properties": {"city": "臺北市", "district": "大安區", "award_year": 114, "restaurant_name": "Mamak檔忠孝店", "address": "臺北市大安區敦化南路1段187巷72號1樓", "rating_result": "優"}, "geometry": {"type": "Point", "coordinates": [121.55276638678916, 25.042431505877147]}}, {"type": "Feature", "properties": {"city": "臺北市", "district": "大安區", "award_year": 114, "restaurant_name": "莫宰羊精緻羊肉料理", "address": "臺北市大安區新生南路3段28號", "rating_result": "良"}, "geometry": {"type": "Point", "coordinates": [121.53438429332587, 25.023870040162397]}}, {"type": "Feature", "properties": {"city": "臺北市", "district": "大安區", "award_year": 114, "restaurant_name": "侍燒肉", "address": "臺北市大安區敦化南路1段177巷22號1樓", "rating_result": "優"}, "geometry": {"type": "Point", "coordinates": [121.55026796244448, 25.04298435972259]}}, {"type": "Feature", "properties": {"city": "臺北市", "district": "大安區", "award_year": 114, "restaurant_name": "梵燒肉", "address": "臺北市大安區敦化南路1段235號2樓", "rating_result": "優"}, "geometry": {"type": "Point", "coordinates": [121.54926727802139, 25.040293685871223]}}, {"type": "Feature", "properties": {"city": "臺北市", "district": "大安區", "award_year": 114, "restaurant_name": "橘色", "address": "臺北市大安區大安路1段135號", "rating_result": "優"}, "geometry": {"type": "Point", "coordinates": [121.54616618075899, 25.038680090816715]}}, {"type": "Feature", "properties": {"city": "臺北市", "district": "大安區", "award_year": 114, "restaurant_name": "不一樣乾麵", "address": "臺北市大安區延吉街70巷5弄10號1樓", "rating_result": "良"}, "geometry": {"type": "Point", "coordinates": [121.55385037459375, 25.042221211072867]}}, {"type": "Feature", "properties": {"city": "臺北市", "district": "大安區", "award_year": 114, "restaurant_name": "玉喜飯店", "address": "臺北市大安區忠孝東路4段289號3-5樓", "rating_result": "良"}, "geometry": {"type": "Point", "coordinates": [121.55473745567919, 25.041610664607248]}}, {"type": "Feature", "properties": {"city": "臺北市", "district": "大安區", "award_year": 114, "restaurant_name": "春申食府", "address": "臺北市大安區仁愛路4段66號B1", "rating_result": "優"}, "geometry": {"type": "Point", "coordinates": [121.54774976210113, 25.037596146891275]}}, {"type": "Feature", "properties": {"city": "臺北市", "district": "大安區", "award_year": 114, "restaurant_name": "謙安和", "address": "臺北市大安區安和路1段127巷4號", "rating_result": "優"}, "geometry": {"type": "Point", "coordinates": [121.55285895801605, 25.034572984488833]}}, {"type": "Feature", "properties": {"city": "臺北市", "district": "大安區", "award_year": 114, "restaurant_name": "LADY M 臺北旗艦店", "address": "臺北市大安區光復南路240巷26號", "rating_result": "優"}, "geometry": {"type": "Point", "coordinates": [121.55633910945558, 25.040842731697]}}, {"type": "Feature", "properties": {"city": "臺北市", "district": "大安區", "award_year": 114, "restaurant_name": "蘭ORCHID", "address": "臺北市大安區安和路2段83號", "rating_result": "優"}, "geometry": {"type": "Point", "coordinates": [121.55217310222355, 25.030023407417524]}}, {"type": "Feature", "properties": {"city": "臺北市", "district": "大安區", "award_year": 114, "restaurant_name": "Indulge Bistro", "address": "臺北市大安區復興南路1段219巷11號1樓", "rating_result": "優"}, "geometry": {"type": "Point", "coordinates": [121.54475163677627, 25.039129317663676]}}, {"type": "Feature", "properties": {"city": "臺北市", "district": "中山區", "award_year": 114, "restaurant_name": "哈根達斯 - 美麗華", "address": "臺北市中山區敬業三路20號1樓", "rating_result": "優"}, "geometry": {"type": "Point", "coordinates": [121.55669866517155, 25.083374664366772]}}, {"type": "Feature", "properties": {"city": "臺北市", "district": "中山區", "award_year": 114, "restaurant_name": "點水樓 - 大直店", "address": "臺北市中山區樂群三路299號3樓", "rating_result": "優"}, "geometry": {"type": "Point", "coordinates": [121.55921536246929, 25.082733527222018]}}, {"type": "Feature", "properties": {"city": "臺北市", "district": "中山區", "award_year": 114, "restaurant_name": "涓豆腐 - 美麗華店", "address": "臺北市中山區敬業三路20號3樓", "rating_result": "優"}, "geometry": {"type": "Point", "coordinates": [121.55669866517155, 25.083374664366772]}}, {"type": "Feature", "properties": {"city": "臺北市", "district": "中山區", "award_year": 114, "restaurant_name": "壽司郎 - 美麗華", "address": "臺北市中山區敬業三路20號2樓", "rating_result": "優"}, "geometry": {"type": "Point", "coordinates": [121.55669866517155, 25.083374664366772]}}, {"type": "Feature", "properties": {"city": "臺北市", "district": "中山區", "award_year": 114, "restaurant_name": "添好運 - 美麗華店", "address": "臺北市中山區敬業三路22號2樓", "rating_result": "優"}, "geometry": {"type": "Point", "coordinates": [121.55770985761816, 25.083231337957105]}}, {"type": "Feature", "properties": {"city": "臺北市", "district": "中山區", "award_year": 114, "restaurant_name": "Fridays - 美麗華店", "address": "臺北市中山區敬業三路22號2樓", "rating_result": "良"}, "geometry": {"type": "Point", "coordinates": [121.55770985761816, 25.083231337957105]}}, {"type": "Feature", "properties": {"city": "臺北市", "district": "中山區", "award_year": 114, "restaurant_name": "駱姐正雞酒", "address": "臺北市中山區敬業三路20號B1", "rating_result": "優"}, "geometry": {"type": "Point", "coordinates": [121.55669866517155, 25.083374664366772]}}, {"type": "Feature", "properties": {"city": "臺北市", "district": "中山區", "award_year": 114, "restaurant_name": "新佳坡海南雞飯", "address": "臺北市中山區敬業三路20號B1", "rating_result": "優"}, "geometry": {"type": "Point", "coordinates": [121.55669866517155, 25.083374664366772]}}, {"type": "Feature", "properties": {"city": "臺北市", "district": "中山區", "award_year": 114, "restaurant_name": "軒記蚵仔煎", "address": "臺北市中山區敬業三路20號B1", "rating_result": "優"}, "geometry": {"type": "Point", "coordinates": [121.55669866517155, 25.083374664366772]}}, {"type": "Feature", "properties": {"city": "臺北市", "district": "中山區", "award_year": 114, "restaurant_name": "朱記餡餅粥店-美麗華", "address": "臺北市中山區敬業三路20號B1", "rating_result": "優"}, "geometry": {"type": "Point", "coordinates": [121.55669866517155, 25.083374664366772]}}, {"type": "Feature", "properties": {"city": "臺北市", "district": "中山區", "award_year": 114, "restaurant_name": "豆之味豆腐坊", "address": "臺北市中山區敬業三路20號B1", "rating_result": "優"}, "geometry": {"type": "Point", "coordinates": [121.55669866517155, 25.083374664366772]}}, {"type": "Feature", "properties": {"city": "臺北市", "district": "中山區", "award_year": 114, "restaurant_name": "Jamba Juice", "address": "臺北市中山區敬業三路20號B1", "rating_result": "優"}, "geometry": {"type": "Point", "coordinates": [121.55669866517155, 25.083374664366772]}}, {"type": "Feature", "properties": {"city": "臺北市", "district": "中山區", "award_year": 114, "restaurant_name": "酷聖石冰淇淋 - 美麗華", "address": "臺北市中山區敬業三路20號B1", "rating_result": "優"}, "geometry": {"type": "Point", "coordinates": [121.55669866517155, 25.083374664366772]}}, {"type": "Feature", "properties": {"city": "臺北市", "district": "中山區", "award_year": 114, "restaurant_name": "大心Express - 美麗華", "address": "臺北市中山區敬業三路20號B1", "rating_result": "優"}, "geometry": {"type": "Point", "coordinates": [121.55669866517155, 25.083374664366772]}}, {"type": "Feature", "properties": {"city": "臺北市", "district": "中山區", "award_year": 114, "restaurant_name": "杏桃鬆餅屋 - 大直美麗華店", "address": "臺北市中山區敬業三路20號B1", "rating_result": "優"}, "geometry": {"type": "Point", "coordinates": [121.55669866517155, 25.083374664366772]}}, {"type": "Feature", "properties": {"city": "臺北市", "district": "中山區", "award_year": 114, "restaurant_name": "靜岡勝政日式豬排 - 大直美麗華店", "address": "臺北市中山區敬業三路20號B1", "rating_result": "優"}, "geometry": {"type": "Point", "coordinates": [121.55669866517155, 25.083374664366772]}}, {"type": "Feature", "properties": {"city": "臺北市", "district": "中山區", "award_year": 114, "restaurant_name": "哈根達斯 - 美麗華影城", "address": "臺北市中山區敬業三路20號", "rating_result": "優"}, "geometry": {"type": "Point", "coordinates": [121.55669866517155, 25.083374664366772]}}, {"type": "Feature", "properties": {"city": "臺北市", "district": "中山區", "award_year": 114, "restaurant_name": "美琪蒙古烤肉", "address": "臺北市中山區敬業三路20號5樓", "rating_result": "優"}, "geometry": {"type": "Point", "coordinates": [121.55669866517155, 25.083374664366772]}}, {"type": "Feature", "properties": {"city": "臺北市", "district": "中山區", "award_year": 114, "restaurant_name": "Meat love - 美麗華", "address": "臺北市中山區敬業三路20號5樓", "rating_result": "優"}, "geometry": {"type": "Point", "coordinates": [121.55669866517155, 25.083374664366772]}}, {"type": "Feature", "properties": {"city": "臺北市", "district": "中山區", "award_year": 114, "restaurant_name": "時時香 - 美麗華店", "address": "臺北市中山區敬業三路20號5樓", "rating_result": "優"}, "geometry": {"type": "Point", "coordinates": [121.55669866517155, 25.083374664366772]}}, {"type": "Feature", "properties": {"city": "臺北市", "district": "中山區", "award_year": 114, "restaurant_name": "唐點小聚 - 美麗華店", "address": "臺北市中山區敬業三路20號5樓", "rating_result": "優"}, "geometry": {"type": "Point", "coordinates": [121.55669866517155, 25.083374664366772]}}, {"type": "Feature", "properties": {"city": "臺北市", "district": "中山區", "award_year": 114, "restaurant_name": "統鮮美食駐外永安國小廚房", "address": "臺北市中山區明水路397巷19弄1號", "rating_result": "優"}, "geometry": {"type": "Point", "coordinates": [121.54939164429996, 25.078735522574117]}}, {"type": "Feature", "properties": {"city": "臺北市", "district": "中山區", "award_year": 114, "restaurant_name": "BEPPIN PASTA - 美麗華", "address": "臺北市中山區敬業三路20號5樓", "rating_result": "優"}, "geometry": {"type": "Point", "coordinates": [121.55669866517155, 25.083374664366772]}}, {"type": "Feature", "properties": {"city": "臺北市", "district": "中山區", "award_year": 114, "restaurant_name": "大戶屋 - 美麗華店", "address": "臺北市中山區敬業三路20號B1", "rating_result": "優"}, "geometry": {"type": "Point", "coordinates": [121.55669866517155, 25.083374664366772]}}, {"type": "Feature", "properties": {"city": "臺北市", "district": "中山區", "award_year": 114, "restaurant_name": "溫野菜 - 美麗華店", "address": "臺北市中山區敬業三路20號5樓", "rating_result": "優"}, "geometry": {"type": "Point", "coordinates": [121.55669866517155, 25.083374664366772]}}, {"type": "Feature", "properties": {"city": "臺北市", "district": "中山區", "award_year": 114, "restaurant_name": "金色三麥 - 美麗華店", "address": "臺北市中山區敬業三路20號5樓", "rating_result": "優"}, "geometry": {"type": "Point", "coordinates": [121.55669866517155, 25.083374664366772]}}, {"type": "Feature", "properties": {"city": "臺北市", "district": "大安區", "award_year": 114, "restaurant_name": "開飯川食堂敦化店", "address": "臺北市大安區敦化南路1段246號B2", "rating_result": "優"}, "geometry": {"type": "Point", "coordinates": [121.5484420062849, 25.040146191251544]}}, {"type": "Feature", "properties": {"city": "臺北市", "district": "大安區", "award_year": 114, "restaurant_name": "鬍鬚張-台北通化店", "address": "臺北市大安區通化街18號", "rating_result": "優"}, "geometry": {"type": "Point", "coordinates": [121.55416832010081, 25.031960301699154]}}, {"type": "Feature", "properties": {"city": "臺北市", "district": "松山區", "award_year": 114, "restaurant_name": "Beimaru米三角日式飯糰專賣店", "address": "臺北市松山區敦化北路153之1號", "rating_result": "優"}, "geometry": {"type": "Point", "coordinates": [121.54946956863051, 25.054232013488765]}}, {"type": "Feature", "properties": {"city": "臺北市", "district": "松山區", "award_year": 114, "restaurant_name": "齒牛香牛肉麵", "address": "臺北市松山區饒河街104號", "rating_result": "良"}, "geometry": {"type": "Point", "coordinates": [121.57442812717498, 25.050311502681154]}}, {"type": "Feature", "properties": {"city": "臺北市", "district": "松山區", "award_year": 114, "restaurant_name": "君悅排骨-捷運南京店", "address": "臺北市松山區慶城街23號", "rating_result": "優"}, "geometry": {"type": "Point", "coordinates": [121.54522512795081, 25.053494184039366]}}, {"type": "Feature", "properties": {"city": "臺北市", "district": "松山區", "award_year": 114, "restaurant_name": "品麟生猛活海鮮", "address": "臺北市松山區新東街60巷17號", "rating_result": "良"}, "geometry": {"type": "Point", "coordinates": [121.56607572256208, 25.06217766314608]}}, {"type": "Feature", "properties": {"city": "臺北市", "district": "松山區", "award_year": 114, "restaurant_name": "戰醬燒肉", "address": "臺北市松山區市民大道4段157號", "rating_result": "良"}, "geometry": {"type": "Point", "coordinates": [121.5511377559155, 25.04487562337795]}}, {"type": "Feature", "properties": {"city": "臺北市", "district": "松山區", "award_year": 114, "restaurant_name": "王記府城肉粽", "address": "臺北市松山區八德路2段374號1樓", "rating_result": "優"}, "geometry": {"type": "Point", "coordinates": [121.54604113698991, 25.047957020320982]}}, {"type": "Feature", "properties": {"city": "臺北市", "district": "松山區", "award_year": 114, "restaurant_name": "はま寿司-南京復興店", "address": "臺北市松山區南京東路3段270號", "rating_result": "優"}, "geometry": {"type": "Point", "coordinates": [121.5452079706508, 25.051626133799466]}}, {"type": "Feature", "properties": {"city": "臺北市", "district": "松山區", "award_year": 114, "restaurant_name": "HOOTERS美式餐廳", "address": "臺北市松山區慶城街18號、18號之1", "rating_result": "優"}, "geometry": {"type": "Point", "coordinates": [121.5454542244152, 25.05328049470096]}}, {"type": "Feature", "properties": {"city": "臺北市", "district": "松山區", "award_year": 114, "restaurant_name": "蘿莎娜小廚房La Locanda", "address": "臺北市松山區八德路3段12巷52弄18號1樓", "rating_result": "優"}, "geometry": {"type": "Point", "coordinates": [121.54980239918926, 25.046251621884856]}}, {"type": "Feature", "properties": {"city": "臺北市", "district": "松山區", "award_year": 114, "restaurant_name": "御膳煲養生雞湯館", "address": "臺北市松山區光復北路60巷17號", "rating_result": "優"}, "geometry": {"type": "Point", "coordinates": [121.5570528172309, 25.04967998252304]}}, {"type": "Feature", "properties": {"city": "臺北市", "district": "松山區", "award_year": 114, "restaurant_name": "春水堂-慶城店", "address": "臺北市松山區慶城街1號2樓", "rating_result": "優"}, "geometry": {"type": "Point", "coordinates": [121.54463228150435, 25.05276091209894]}}, {"type": "Feature", "properties": {"city": "臺北市", "district": "松山區", "award_year": 114, "restaurant_name": "少點鹽健康餐盒專賣小巨蛋店", "address": "臺北市松山區敦化北路120巷7弄5號", "rating_result": "優"}, "geometry": {"type": "Point", "coordinates": [121.54809414007356, 25.05384328177792]}}, {"type": "Feature", "properties": {"city": "臺北市", "district": "松山區", "award_year": 114, "restaurant_name": "薺元小館", "address": "臺北市松山區南京東路4段19號", "rating_result": "優"}, "geometry": {"type": "Point", "coordinates": [121.55029161342506, 25.051931337589014]}}, {"type": "Feature", "properties": {"city": "臺北市", "district": "松山區", "award_year": 114, "restaurant_name": "君悅排骨-敦北店", "address": "臺北市松山區敦化北路155巷2號1樓", "rating_result": "優"}, "geometry": {"type": "Point", "coordinates": [121.5500900094038, 25.05441989506986]}}, {"type": "Feature", "properties": {"city": "臺北市", "district": "松山區", "award_year": 114, "restaurant_name": "犁園湯包館", "address": "臺北市松山區南京東路3段256巷24號", "rating_result": "良"}, "geometry": {"type": "Point", "coordinates": [121.54474658422598, 25.050397981612846]}}, {"type": "Feature", "properties": {"city": "臺北市", "district": "松山區", "award_year": 114, "restaurant_name": "鍋爸涮涮鍋-南京店", "address": "臺北市松山區南京東路4段50號B1", "rating_result": "良"}, "geometry": {"type": "Point", "coordinates": [121.55346152114831, 25.05144713354607]}}, {"type": "Feature", "properties": {"city": "臺北市", "district": "松山區", "award_year": 114, "restaurant_name": "花娘小館", "address": "臺北市松山區敦化北路165巷15號", "rating_result": "良"}, "geometry": {"type": "Point", "coordinates": [121.55092231687324, 25.054870541663558]}}, {"type": "Feature", "properties": {"city": "臺北市", "district": "松山區", "award_year": 114, "restaurant_name": "百八魚場-南京店", "address": "臺北市松山區南京東路5段208號", "rating_result": "良"}, "geometry": {"type": "Point", "coordinates": [121.5649956290268, 25.0511870134563]}}, {"type": "Feature", "properties": {"city": "臺北市", "district": "松山區", "award_year": 114, "restaurant_name": "醉楓園小館", "address": "臺北市松山區八德路3段8巷5號1樓", "rating_result": "良"}, "geometry": {"type": "Point", "coordinates": [121.54980806245712, 25.047442199238482]}}, {"type": "Feature", "properties": {"city": "臺北市", "district": "松山區", "award_year": 114, "restaurant_name": "吉品海鮮餐廳", "address": "臺北市松山區敦化南路1段1號1樓", "rating_result": "優"}, "geometry": {"type": "Point", "coordinates": [121.54928540489514, 25.047672854964055]}}, {"type": "Feature", "properties": {"city": "臺北市", "district": "松山區", "award_year": 114, "restaurant_name": "扶風堂", "address": "臺北市松山區敦化北路165巷5號", "rating_result": "優"}, "geometry": {"type": "Point", "coordinates": [121.55030665526003, 25.054834759333133]}}, {"type": "Feature", "properties": {"city": "臺北市", "district": "松山區", "award_year": 114, "restaurant_name": "中崙巧味亭日本料理", "address": "臺北市松山區八德路3段84號", "rating_result": "良"}, "geometry": {"type": "Point", "coordinates": [121.55313862429605, 25.04808195513015]}}, {"type": "Feature", "properties": {"city": "臺北市", "district": "松山區", "award_year": 114, "restaurant_name": "京鼎小館", "address": "臺北市松山區敦化北路155巷13號", "rating_result": "良"}, "geometry": {"type": "Point", "coordinates": [121.55063563968075, 25.054200882214392]}}, {"type": "Feature", "properties": {"city": "臺北市", "district": "松山區", "award_year": 114, "restaurant_name": "池上傳統便當", "address": "臺北市松山區八德路4段53號1樓", "rating_result": "良"}, "geometry": {"type": "Point", "coordinates": [121.55955041502989, 25.048497421744827]}}, {"type": "Feature", "properties": {"city": "臺北市", "district": "松山區", "award_year": 114, "restaurant_name": "上島咖啡-八德店", "address": "臺北市松山區八德路3段32號1樓", "rating_result": "優"}, "geometry": {"type": "Point", "coordinates": [121.55171293522486, 25.04806974098031]}}, {"type": "Feature", "properties": {"city": "臺北市", "district": "松山區", "award_year": 114, "restaurant_name": "三井料理美術館", "address": "臺北市松山區敦化南路1段108號B1-1", "rating_result": "優"}, "geometry": {"type": "Point", "coordinates": [121.54848323946017, 25.045581620423597]}}, {"type": "Feature", "properties": {"city": "臺北市", "district": "松山區", "award_year": 114, "restaurant_name": "米與多蜜-台北東興店", "address": "臺北市松山區東興路23號1樓", "rating_result": "優"}, "geometry": {"type": "Point", "coordinates": [121.56558434713202, 25.049653479614257]}}, {"type": "Feature", "properties": {"city": "臺北市", "district": "松山區", "award_year": 114, "restaurant_name": "珍蜜咖啡館", "address": "臺北市松山區八德路3段2號1樓", "rating_result": "優"}, "geometry": {"type": "Point", "coordinates": [121.54929456291673, 25.047860104645697]}}, {"type": "Feature", "properties": {"city": "臺北市", "district": "松山區", "award_year": 114, "restaurant_name": "磚窯古早味餐廳", "address": "臺北市松山區敦化南路1段7之1號", "rating_result": "良"}, "geometry": {"type": "Point", "coordinates": [121.54928195001156, 25.046881991272386]}}, {"type": "Feature", "properties": {"city": "臺北市", "district": "南港區", "award_year": 114, "restaurant_name": "鬍鬚張-台北永吉店", "address": "臺北市南港區永吉路533號", "rating_result": "優"}, "geometry": {"type": "Point", "coordinates": [121.58088490401249, 25.04551713368309]}}, {"type": "Feature", "properties": {"city": "臺北市", "district": "南港區", "award_year": 114, "restaurant_name": "開飯川食堂南港店", "address": "臺北市南港區經貿二路186之1號C棟3樓", "rating_result": "優"}, "geometry": {"type": "Point", "coordinates": [121.61496880605277, 25.05874286566276]}}, {"type": "Feature", "properties": {"city": "臺北市", "district": "南港區", "award_year": 114, "restaurant_name": "樂麵屋 (南港店)", "address": "臺北市南港區經貿二路166號A棟2樓", "rating_result": "優"}, "geometry": {"type": "Point", "coordinates": [121.61612483331844, 25.05839530247415]}}, {"type": "Feature", "properties": {"city": "臺北市", "district": "南港區", "award_year": 114, "restaurant_name": "Q Burger 南港福德店", "address": "臺北市南港區福德街312號1樓", "rating_result": "優"}, "geometry": {"type": "Point", "coordinates": [121.58764941634337, 25.039387892239247]}}, {"type": "Feature", "properties": {"city": "臺北市", "district": "南港區", "award_year": 114, "restaurant_name": "悟饕池上飯包-台北南港店", "address": "臺北市南港區南港路2段211號1樓", "rating_result": "優"}, "geometry": {"type": "Point", "coordinates": [121.59251634311902, 25.054148403523566]}}, {"type": "Feature", "properties": {"city": "臺北市", "district": "南港區", "award_year": 114, "restaurant_name": "朱記餡餅粥店-南港中信店", "address": "臺北市南港區經貿二路186之1號C棟3樓", "rating_result": "優"}, "geometry": {"type": "Point", "coordinates": [121.61496880605277, 25.05874286566276]}}, {"type": "Feature", "properties": {"city": "臺北市", "district": "南港區", "award_year": 114, "restaurant_name": "雅悅會館文華館", "address": "臺北市南港區經貿二路166號A棟3樓", "rating_result": "優"}, "geometry": {"type": "Point", "coordinates": [121.61612483331844, 25.05839530247415]}}, {"type": "Feature", "properties": {"city": "臺北市", "district": "士林區", "award_year": 114, "restaurant_name": "富源號", "address": "臺北市士林區文昌路28號1樓", "rating_result": "良"}, "geometry": {"type": "Point", "coordinates": [121.52168303082536, 25.09528610254026]}}, {"type": "Feature", "properties": {"city": "臺北市", "district": "士林區", "award_year": 114, "restaurant_name": "番紅花印度美饌-天母店", "address": "臺北市士林區天母東路38之6號", "rating_result": "優"}, "geometry": {"type": "Point", "coordinates": [121.53285302479152, 25.11786372346835]}}, {"type": "Feature", "properties": {"city": "臺北市", "district": "士林區", "award_year": 114, "restaurant_name": "金蓬萊台菜餐廳", "address": "臺北市士林區天母東路101號", "rating_result": "優"}, "geometry": {"type": "Point", "coordinates": [121.53624240786921, 25.118361580928024]}}, {"type": "Feature", "properties": {"city": "臺北市", "district": "士林區", "award_year": 114, "restaurant_name": "風月涼麵", "address": "臺北市士林區前港街30號", "rating_result": "良"}, "geometry": {"type": "Point", "coordinates": [121.52187096231354, 25.084567988545157]}}, {"type": "Feature", "properties": {"city": "臺北市", "district": "士林區", "award_year": 114, "restaurant_name": "翡宴印度餐廳", "address": "臺北市士林區天母東路50巷22之1號", "rating_result": "良"}, "geometry": {"type": "Point", "coordinates": [121.53339772733212, 25.117110177158793]}}, {"type": "Feature", "properties": {"city": "臺北市", "district": "士林區", "award_year": 114, "restaurant_name": "豚王拉麵", "address": "臺北市士林區天母東路50巷10弄2號", "rating_result": "優"}, "geometry": {"type": "Point", "coordinates": [121.53340171847569, 25.11762823960686]}}, {"type": "Feature", "properties": {"city": "臺北市", "district": "士林區", "award_year": 114, "restaurant_name": "原味錄黑糖刨冰", "address": "臺北市士林區天母東路50巷20之9號", "rating_result": "良"}, "geometry": {"type": "Point", "coordinates": [121.5331016866878, 25.117246072157204]}}, {"type": "Feature", "properties": {"city": "臺北市", "district": "士林區", "award_year": 114, "restaurant_name": "倈得有限公司-天母分公司", "address": "臺北市士林區中山北路7段31號", "rating_result": "良"}, "geometry": {"type": "Point", "coordinates": [121.53044736208733, 25.119452088929272]}}, {"type": "Feature", "properties": {"city": "臺北市", "district": "中山區", "award_year": 114, "restaurant_name": "莫凡彼 - 美麗華店", "address": "臺北市中山區敬業三路20號3樓", "rating_result": "優"}, "geometry": {"type": "Point", "coordinates": [121.55669866517155, 25.083374664366772]}}, {"type": "Feature", "properties": {"city": "臺北市", "district": "北投區", "award_year": 114, "restaurant_name": "君城本家-石牌門市", "address": "臺北市北投區石牌路2段64號", "rating_result": "優"}, "geometry": {"type": "Point", "coordinates": [121.51609519551613, 25.116294471372857]}}, {"type": "Feature", "properties": {"city": "臺北市", "district": "中山區", "award_year": 114, "restaurant_name": "蘭軒中國菜-實踐大學店", "address": "臺北市中山區大直街70號", "rating_result": "優"}, "geometry": {"type": "Point", "coordinates": [121.54623416447966, 25.08358653368816]}}, {"type": "Feature", "properties": {"city": "臺北市", "district": "士林區", "award_year": 114, "restaurant_name": "阿德的店", "address": "臺北市士林區光華路26巷8號", "rating_result": "良"}, "geometry": {"type": "Point", "coordinates": [121.54169683441762, 25.13737187109791]}}, {"type": "Feature", "properties": {"city": "臺北市", "district": "士林區", "award_year": 114, "restaurant_name": "CINE CAFE", "address": "臺北市士林區長春街12號", "rating_result": "良"}, "geometry": {"type": "Point", "coordinates": [121.54339674850145, 25.13734503437395]}}, {"type": "Feature", "properties": {"city": "臺北市", "district": "士林區", "award_year": 114, "restaurant_name": "福勝亭-士林店", "address": "臺北市士林區文林路438號", "rating_result": "優"}, "geometry": {"type": "Point", "coordinates": [121.5247915968767, 25.09476248317391]}}, {"type": "Feature", "properties": {"city": "臺北市", "district": "士林區", "award_year": 114, "restaurant_name": "杏禹濃茶", "address": "臺北市士林區中山北路6段822號", "rating_result": "優"}, "geometry": {"type": "Point", "coordinates": [121.5303521472087, 25.11810860757845]}}, {"type": "Feature", "properties": {"city": "臺北市", "district": "士林區", "award_year": 114, "restaurant_name": "君城本家-芝山店", "address": "臺北市士林區福國路70號", "rating_result": "優"}, "geometry": {"type": "Point", "coordinates": [121.52260164083687, 25.10215770432132]}}, {"type": "Feature", "properties": {"city": "臺北市", "district": "士林區", "award_year": 114, "restaurant_name": "荖子鍋-家樂福天母店", "address": "臺北市士林區德行西路47號1樓", "rating_result": "優"}, "geometry": {"type": "Point", "coordinates": [121.52255326581437, 25.105547872513515]}}, {"type": "Feature", "properties": {"city": "臺北市", "district": "士林區", "award_year": 114, "restaurant_name": "典華雅聚-士林店", "address": "臺北市士林區福華路114號", "rating_result": "優"}, "geometry": {"type": "Point", "coordinates": [121.52299268789405, 25.102296201827723]}}, {"type": "Feature", "properties": {"city": "臺北市", "district": "士林區", "award_year": 114, "restaurant_name": "高麗味", "address": "臺北市士林區忠誠路2段152號", "rating_result": "優"}, "geometry": {"type": "Point", "coordinates": [121.53265874250702, 25.114967917082534]}}, {"type": "Feature", "properties": {"city": "臺北市", "district": "士林區", "award_year": 114, "restaurant_name": "洋蔥-天母店", "address": "臺北市士林區忠誠路2段132號", "rating_result": "良"}, "geometry": {"type": "Point", "coordinates": [121.53206124906723, 25.114178193763383]}}, {"type": "Feature", "properties": {"city": "臺北市", "district": "士林區", "award_year": 114, "restaurant_name": "青青食尚花園會館", "address": "臺北市士林區至善路2段266巷32-64號", "rating_result": "優"}, "geometry": {"type": "Point", "coordinates": [121.55195113807048, 25.099707083396993]}}, {"type": "Feature", "properties": {"city": "臺北市", "district": "文山區", "award_year": 114, "restaurant_name": "Q Burger 文山福興店", "address": "臺北市文山區福興路45號", "rating_result": "優"}, "geometry": {"type": "Point", "coordinates": [121.55066421792434, 25.003121183149894]}}, {"type": "Feature", "properties": {"city": "臺北市", "district": "松山區", "award_year": 114, "restaurant_name": "鬍鬚張-台北民生店", "address": "臺北市松山區民生東路4段76號", "rating_result": "優"}, "geometry": {"type": "Point", "coordinates": [121.55270089472427, 25.05790267780308]}}, {"type": "Feature", "properties": {"city": "臺北市", "district": "大安區", "award_year": 114, "restaurant_name": "國聯大飯店-北馥樓", "address": "臺北市大安區光復南路200號2樓", "rating_result": "優"}, "geometry": {"type": "Point", "coordinates": [121.55749136954269, 25.04215145120992]}}, {"type": "Feature", "properties": {"city": "臺北市", "district": "大安區", "award_year": 114, "restaurant_name": "麥當勞-台北新生", "address": "臺北市大安區新生南路3段88之2號", "rating_result": "優"}, "geometry": {"type": "Point", "coordinates": [121.53333969585894, 25.018045376715992]}}, {"type": "Feature", "properties": {"city": "臺北市", "district": "大安區", "award_year": 114, "restaurant_name": "人从众厚切牛排(台北永康店)", "address": "臺北市大安區永康街10巷2號", "rating_result": "優"}, "geometry": {"type": "Point", "coordinates": [121.52937944223721, 25.03193052608394]}}, {"type": "Feature", "properties": {"city": "臺北市", "district": "信義區", "award_year": 114, "restaurant_name": "Wired TOKYO-統一時代店", "address": "臺北市信義區忠孝東路5段8號5樓", "rating_result": "優"}, "geometry": {"type": "Point", "coordinates": [121.56541702973843, 25.040864621547676]}}, {"type": "Feature", "properties": {"city": "臺北市", "district": "信義區", "award_year": 114, "restaurant_name": "米達人-統一時代店", "address": "臺北市信義區忠孝東路5段8號B2", "rating_result": "優"}, "geometry": {"type": "Point", "coordinates": [121.56541702973843, 25.040864621547676]}}, {"type": "Feature", "properties": {"city": "臺北市", "district": "信義區", "award_year": 114, "restaurant_name": "大戶屋-統一時代店", "address": "臺北市信義區忠孝東路5段8號B2", "rating_result": "優"}, "geometry": {"type": "Point", "coordinates": [121.56541702973843, 25.040864621547676]}}, {"type": "Feature", "properties": {"city": "臺北市", "district": "信義區", "award_year": 114, "restaurant_name": "首塢爾-統一時代店", "address": "臺北市信義區忠孝東路5段8號B2", "rating_result": "優"}, "geometry": {"type": "Point", "coordinates": [121.56541702973843, 25.040864621547676]}}, {"type": "Feature", "properties": {"city": "臺北市", "district": "信義區", "award_year": 114, "restaurant_name": "億長御坊-統一時代店", "address": "臺北市信義區忠孝東路5段8號B2", "rating_result": "優"}, "geometry": {"type": "Point", "coordinates": [121.56541702973843, 25.040864621547676]}}, {"type": "Feature", "properties": {"city": "臺北市", "district": "信義區", "award_year": 114, "restaurant_name": "北村豆腐家-統一時代店", "address": "臺北市信義區忠孝東路5段8號B2", "rating_result": "優"}, "geometry": {"type": "Point", "coordinates": [121.56541702973843, 25.040864621547676]}}, {"type": "Feature", "properties": {"city": "臺北市", "district": "信義區", "award_year": 114, "restaurant_name": "涓豆腐 -統一時代店", "address": "臺北市信義區忠孝東路5段8號7樓", "rating_result": "優"}, "geometry": {"type": "Point", "coordinates": [121.56541702973843, 25.040864621547676]}}, {"type": "Feature", "properties": {"city": "臺北市", "district": "信義區", "award_year": 114, "restaurant_name": "涮乃葉-統一時代店", "address": "臺北市信義區忠孝東路5段8號3樓", "rating_result": "優"}, "geometry": {"type": "Point", "coordinates": [121.56541702973843, 25.040864621547676]}}, {"type": "Feature", "properties": {"city": "臺北市", "district": "中正區", "award_year": 114, "restaurant_name": "山海樓", "address": "臺北市中正區仁愛路2段94號", "rating_result": "優"}, "geometry": {"type": "Point", "coordinates": [121.53138157349122, 25.037979858343142]}}, {"type": "Feature", "properties": {"city": "臺北市", "district": "中山區", "award_year": 114, "restaurant_name": "欣葉台菜創始店", "address": "臺北市中山區雙城街34之1號1樓、2樓、B1", "rating_result": "優"}, "geometry": {"type": "Point", "coordinates": [121.5242398754766, 25.06653585682399]}}, {"type": "Feature", "properties": {"city": "臺北市", "district": "松山區", "award_year": 114, "restaurant_name": "築間-台北三民店", "address": "臺北市松山區三民路25號", "rating_result": "優"}, "geometry": {"type": "Point", "coordinates": [121.56365046615477, 25.05456170503914]}}, {"type": "Feature", "properties": {"city": "臺北市", "district": "松山區", "award_year": 114, "restaurant_name": "釜山順豆腐-微風南京店", "address": "臺北市松山區南京東路3段337號B2", "rating_result": "優"}, "geometry": {"type": "Point", "coordinates": [121.54798765202567, 25.051988619519886]}}, {"type": "Feature", "properties": {"city": "臺北市", "district": "松山區", "award_year": 114, "restaurant_name": "和民手作廚房-微風南京店", "address": "臺北市松山區南京東路3段337號B2", "rating_result": "優"}, "geometry": {"type": "Point", "coordinates": [121.54798765202567, 25.051988619519886]}}, {"type": "Feature", "properties": {"city": "臺北市", "district": "士林區", "award_year": 114, "restaurant_name": "臺北市立陽明教養院", "address": "臺北市士林區凱旋路61巷4弄9號", "rating_result": "優"}, "geometry": {"type": "Point", "coordinates": [121.54120295718569, 25.135171716612952]}}, {"type": "Feature", "properties": {"city": "臺北市", "district": "士林區", "award_year": 114, "restaurant_name": "KEY COFFEE天母新光三越", "address": "臺北市士林區天母東路68號B1", "rating_result": "優"}, "geometry": {"type": "Point", "coordinates": [121.5339786618603, 25.11791312685135]}}, {"type": "Feature", "properties": {"city": "臺北市", "district": "士林區", "award_year": 114, "restaurant_name": "就愛豐盛號", "address": "臺北市士林區中正路223巷4號1樓", "rating_result": "優"}, "geometry": {"type": "Point", "coordinates": [121.52629458449644, 25.09502434761704]}}, {"type": "Feature", "properties": {"city": "臺北市", "district": "士林區", "award_year": 114, "restaurant_name": "禾膳股份有限公司-士林餐飲場所(禾馨士林產後護理之家)", "address": "臺北市士林區中正路289之1號1樓", "rating_result": "優"}, "geometry": {"type": "Point", "coordinates": [121.52394242191352, 25.094674177428484]}}, {"type": "Feature", "properties": {"city": "臺北市", "district": "北投區", "award_year": 114, "restaurant_name": "好市多股份有限公司北投分公司", "address": "臺北市北投區立德路117號", "rating_result": "優"}, "geometry": {"type": "Point", "coordinates": [121.47006748869816, 25.12756329564385]}}, {"type": "Feature", "properties": {"city": "臺北市", "district": "北投區", "award_year": 114, "restaurant_name": "大戶屋-新北投店", "address": "臺北市北投區泉源路12號2樓之1", "rating_result": "優"}, "geometry": {"type": "Point", "coordinates": [121.50434272297544, 25.137092487407067]}}, {"type": "Feature", "properties": {"city": "臺北市", "district": "北投區", "award_year": 114, "restaurant_name": "北投水美溫泉會館", "address": "臺北市北投區光明路224號", "rating_result": "優"}, "geometry": {"type": "Point", "coordinates": [121.50491501345354, 25.136157174069748]}}, {"type": "Feature", "properties": {"city": "臺北市", "district": "士林區", "award_year": 114, "restaurant_name": "統鮮美食駐外葫蘆國小廚房", "address": "臺北市士林區環河北路3段95號", "rating_result": "優"}, "geometry": {"type": "Point", "coordinates": [121.50702719336225, 25.083758406757163]}}, {"type": "Feature", "properties": {"city": "臺北市", "district": "北投區", "award_year": 114, "restaurant_name": "國際大旅舘", "address": "臺北市北投區湖山路1段7號", "rating_result": "優"}, "geometry": {"type": "Point", "coordinates": [121.54803072346257, 25.152220072037522]}}, {"type": "Feature", "properties": {"city": "臺北市", "district": "北投區", "award_year": 114, "restaurant_name": "Q Burger 北投懷德店", "address": "臺北市北投區建民路161之5號1樓", "rating_result": "優"}, "geometry": {"type": "Point", "coordinates": [121.51960524420237, 25.111066302773057]}}, {"type": "Feature", "properties": {"city": "臺北市", "district": "士林區", "award_year": 114, "restaurant_name": "臺北市立聯合醫院陽明院區 營養科供膳場所", "address": "臺北市士林區雨聲街105號B1營養科", "rating_result": "優"}, "geometry": {"type": "Point", "coordinates": [121.53156558302685, 25.10519406515192]}}, {"type": "Feature", "properties": {"city": "臺北市", "district": "士林區", "award_year": 114, "restaurant_name": "妻家房-天母SOGO", "address": "臺北市士林區中山北路6段77號8樓", "rating_result": "優"}, "geometry": {"type": "Point", "coordinates": [121.52427805943859, 25.10500701264649]}}, {"type": "Feature", "properties": {"city": "臺北市", "district": "士林區", "award_year": 114, "restaurant_name": "漢來海港-天母SOGO店", "address": "臺北市士林區中山北路6段77號7樓", "rating_result": "優"}, "geometry": {"type": "Point", "coordinates": [121.52427805943859, 25.10500701264649]}}, {"type": "Feature", "properties": {"city": "臺北市", "district": "中山區", "award_year": 114, "restaurant_name": "老爺會館 台北南西", "address": "臺北市中山區南京西路1號8樓", "rating_result": "良"}, "geometry": {"type": "Point", "coordinates": [121.522084551169, 25.05247136153638]}}, {"type": "Feature", "properties": {"city": "臺北市", "district": "中山區", "award_year": 114, "restaurant_name": "大戶屋 誠品南西店", "address": "臺北市中山區南京西路14號B1", "rating_result": "優"}, "geometry": {"type": "Point", "coordinates": [121.5206635494622, 25.05243327933632]}}, {"type": "Feature", "properties": {"city": "臺北市", "district": "中山區", "award_year": 114, "restaurant_name": "大倉久和 歐風館", "address": "臺北市中山區南京東路1段9號2樓", "rating_result": "優"}, "geometry": {"type": "Point", "coordinates": [121.52334832136263, 25.05253045729201]}}, {"type": "Feature", "properties": {"city": "臺北市", "district": "中山區", "award_year": 114, "restaurant_name": "大倉久和 宴會廳", "address": "臺北市中山區南京東路1段9號3樓", "rating_result": "優"}, "geometry": {"type": "Point", "coordinates": [121.52334832136263, 25.05253045729201]}}, {"type": "Feature", "properties": {"city": "臺北市", "district": "中山區", "award_year": 114, "restaurant_name": "大倉久和  桃花林", "address": "臺北市中山區南京東路1段9號2樓", "rating_result": "優"}, "geometry": {"type": "Point", "coordinates": [121.52334832136263, 25.05253045729201]}}, {"type": "Feature", "properties": {"city": "臺北市", "district": "中山區", "award_year": 114, "restaurant_name": "大倉久和  山里", "address": "臺北市中山區南京東路1段9號5樓", "rating_result": "優"}, "geometry": {"type": "Point", "coordinates": [121.52334832136263, 25.05253045729201]}}, {"type": "Feature", "properties": {"city": "臺北市", "district": "中山區", "award_year": 114, "restaurant_name": "大倉久和  麵包廚", "address": "臺北市中山區南京東路1段9號B2", "rating_result": "優"}, "geometry": {"type": "Point", "coordinates": [121.52334832136263, 25.05253045729201]}}, {"type": "Feature", "properties": {"city": "臺北市", "district": "中山區", "award_year": 114, "restaurant_name": "大倉久和  點心廚", "address": "臺北市中山區南京東路1段9號B2", "rating_result": "優"}, "geometry": {"type": "Point", "coordinates": [121.52334832136263, 25.05253045729201]}}, {"type": "Feature", "properties": {"city": "臺北市", "district": "大安區", "award_year": 114, "restaurant_name": "麻醉坊", "address": "臺北市大安區永康街37之2號", "rating_result": "良"}, "geometry": {"type": "Point", "coordinates": [121.52956635736749, 25.030671235098062]}}, {"type": "Feature", "properties": {"city": "臺北市", "district": "大安區", "award_year": 114, "restaurant_name": "DA ANTONIO by隨意鳥地方（公企中心店）", "address": "臺北市大安區金華街187號", "rating_result": "優"}, "geometry": {"type": "Point", "coordinates": [121.52762783853534, 25.030129366445706]}}, {"type": "Feature", "properties": {"city": "臺北市", "district": "大安區", "award_year": 114, "restaurant_name": "歐嬤德式美食 金華店", "address": "臺北市大安區金華街221號", "rating_result": "優"}, "geometry": {"type": "Point", "coordinates": [121.5291851854381, 25.02986115763699]}}, {"type": "Feature", "properties": {"city": "臺北市", "district": "大安區", "award_year": 114, "restaurant_name": "草原風蒙古火鍋", "address": "臺北市大安區永康街37巷18號", "rating_result": "優"}, "geometry": {"type": "Point", "coordinates": [121.53015979458074, 25.030703811437114]}}, {"type": "Feature", "properties": {"city": "臺北市", "district": "大安區", "award_year": 114, "restaurant_name": "鴉埠咖啡", "address": "臺北市大安區永康街41巷26號1樓", "rating_result": "優"}, "geometry": {"type": "Point", "coordinates": [121.53057800103149, 25.03042869243671]}}, {"type": "Feature", "properties": {"city": "臺北市", "district": "大安區", "award_year": 114, "restaurant_name": "8% ice cafe", "address": "臺北市大安區永康街23巷6號1樓", "rating_result": "優"}, "geometry": {"type": "Point", "coordinates": [121.53002418530272, 25.031737931216725]}}, {"type": "Feature", "properties": {"city": "臺北市", "district": "大安區", "award_year": 114, "restaurant_name": "成真咖啡-台北永康店", "address": "臺北市大安區永康街37巷6號", "rating_result": "優"}, "geometry": {"type": "Point", "coordinates": [121.52976922134518, 25.03069474395224]}}, {"type": "Feature", "properties": {"city": "臺北市", "district": "大安區", "award_year": 114, "restaurant_name": "MR Energy 能量先生-台北東門店", "address": "臺北市大安區金山南路2段7號", "rating_result": "優"}, "geometry": {"type": "Point", "coordinates": [121.52737316871915, 25.0336131624518]}}, {"type": "Feature", "properties": {"city": "臺北市", "district": "大安區", "award_year": 114, "restaurant_name": "饃饃噠商行", "address": "臺北市大安區金山南路2段25之1號1樓", "rating_result": "優"}, "geometry": {"type": "Point", "coordinates": [121.52728370765821, 25.033148086321464]}}, {"type": "Feature", "properties": {"city": "臺北市", "district": "大安區", "award_year": 114, "restaurant_name": "魚鼎食場", "address": "臺北市大安區永康街53號", "rating_result": "良"}, "geometry": {"type": "Point", "coordinates": [121.52957926853796, 25.02995020349555]}}, {"type": "Feature", "properties": {"city": "臺北市", "district": "大安區", "award_year": 114, "restaurant_name": "鑫華小吃店", "address": "臺北市大安區愛國東路101號", "rating_result": "良"}, "geometry": {"type": "Point", "coordinates": [121.52851111292816, 25.031531578848973]}}, {"type": "Feature", "properties": {"city": "臺北市", "district": "大安區", "award_year": 114, "restaurant_name": "好公道金雞園", "address": "臺北市大安區永康街28之1號", "rating_result": "良"}, "geometry": {"type": "Point", "coordinates": [121.5294772486094, 25.0306443319561]}}, {"type": "Feature", "properties": {"city": "臺北市", "district": "大安區", "award_year": 114, "restaurant_name": "無一物海產粥", "address": "臺北市大安區金華街183巷22號", "rating_result": "良"}, "geometry": {"type": "Point", "coordinates": [121.52725851782074, 25.030969574563787]}}, {"type": "Feature", "properties": {"city": "臺北市", "district": "大安區", "award_year": 114, "restaurant_name": "Muko Brunch", "address": "臺北市大安區金華街183巷8號", "rating_result": "優"}, "geometry": {"type": "Point", "coordinates": [121.527187098365, 25.03059120014053]}}, {"type": "Feature", "properties": {"city": "臺北市", "district": "大安區", "award_year": 114, "restaurant_name": "Petit Doux 微兜 永康店", "address": "臺北市大安區信義路2段198巷7之3號1樓", "rating_result": "優"}, "geometry": {"type": "Point", "coordinates": [121.53068174116173, 25.032665585166605]}}, {"type": "Feature", "properties": {"city": "臺北市", "district": "大安區", "award_year": 114, "restaurant_name": "福圓號-永康門市", "address": "臺北市大安區信義路2段248號1樓", "rating_result": "優"}, "geometry": {"type": "Point", "coordinates": [121.5323528313457, 25.03341972653532]}}, {"type": "Feature", "properties": {"city": "臺北市", "district": "萬華區", "award_year": 114, "restaurant_name": "家樂福桂林店-即食熟食區", "address": "臺北市萬華區桂林路1號3樓", "rating_result": "優"}, "geometry": {"type": "Point", "coordinates": [121.50630357557705, 25.037675439831208]}}, {"type": "Feature", "properties": {"city": "臺北市", "district": "萬華區", "award_year": 114, "restaurant_name": "北村豆腐家", "address": "臺北市萬華區桂林路1號", "rating_result": "優"}, "geometry": {"type": "Point", "coordinates": [121.50630357557705, 25.037675439831208]}}, {"type": "Feature", "properties": {"city": "臺北市", "district": "大安區", "award_year": 114, "restaurant_name": "空中咖啡館", "address": "臺北市大安區金山南路2段85巷7號", "rating_result": "優"}, "geometry": {"type": "Point", "coordinates": [121.52727415518629, 25.031251485204688]}}, {"type": "Feature", "properties": {"city": "臺北市", "district": "大安區", "award_year": 114, "restaurant_name": "頂尖高手夢幻鹹酥雞", "address": "臺北市大安區永康街15號之8", "rating_result": "優"}, "geometry": {"type": "Point", "coordinates": [121.52981470510419, 25.032502387391602]}}, {"type": "Feature", "properties": {"city": "臺北市", "district": "大安區", "award_year": 114, "restaurant_name": "豆豆里-永康旗艦店", "address": "臺北市大安區永康街2巷7號", "rating_result": "優"}, "geometry": {"type": "Point", "coordinates": [121.52940671542088, 25.03326417862909]}}, {"type": "Feature", "properties": {"city": "臺北市", "district": "大安區", "award_year": 114, "restaurant_name": "雲鼎阿二麻辣", "address": "臺北市大安區永康街6巷13號", "rating_result": "優"}, "geometry": {"type": "Point", "coordinates": [121.52913296472057, 25.032758730636107]}}, {"type": "Feature", "properties": {"city": "臺北市", "district": "大安區", "award_year": 114, "restaurant_name": "府岸海產城", "address": "臺北市大安區永康街8巷7號1樓", "rating_result": "優"}, "geometry": {"type": "Point", "coordinates": [121.52932764257606, 25.032373424885524]}}, {"type": "Feature", "properties": {"city": "臺北市", "district": "大安區", "award_year": 114, "restaurant_name": "府城台南美食", "address": "臺北市大安區永康街8之1號", "rating_result": "良"}, "geometry": {"type": "Point", "coordinates": [121.5295942664729, 25.032064822661322]}}, {"type": "Feature", "properties": {"city": "臺北市", "district": "大安區", "award_year": 114, "restaurant_name": "五燈獎", "address": "臺北市大安區永康街14巷3號1樓", "rating_result": "優"}, "geometry": {"type": "Point", "coordinates": [121.52924911066123, 25.03139008202347]}}, {"type": "Feature", "properties": {"city": "臺北市", "district": "大安區", "award_year": 114, "restaurant_name": "食藝手創", "address": "臺北市大安區永康街13巷5號", "rating_result": "優"}, "geometry": {"type": "Point", "coordinates": [121.5300947192178, 25.032723122764068]}}, {"type": "Feature", "properties": {"city": "臺北市", "district": "中山區", "award_year": 114, "restaurant_name": "新葡苑-台北中山店", "address": "臺北市中山區中山北路2段24之3號", "rating_result": "優"}, "geometry": {"type": "Point", "coordinates": [121.52235882406124, 25.053918555114446]}}, {"type": "Feature", "properties": {"city": "臺北市", "district": "大安區", "award_year": 114, "restaurant_name": "大來小館", "address": "臺北市大安區永康街7巷2號", "rating_result": "優"}, "geometry": {"type": "Point", "coordinates": [121.53018632799805, 25.033081667865815]}}, {"type": "Feature", "properties": {"city": "臺北市", "district": "大安區", "award_year": 114, "restaurant_name": "朱記餡餅粥-永康店", "address": "臺北市大安區永康街6巷10號", "rating_result": "優"}, "geometry": {"type": "Point", "coordinates": [121.52935337765864, 25.03260546006298]}}, {"type": "Feature", "properties": {"city": "臺北市", "district": "大安區", "award_year": 114, "restaurant_name": "誠記越南麵食館", "address": "臺北市大安區永康街6巷1號及1之1號", "rating_result": "良"}, "geometry": {"type": "Point", "coordinates": [121.52968227186298, 25.0326691517811]}}, {"type": "Feature", "properties": {"city": "臺北市", "district": "大安區", "award_year": 114, "restaurant_name": "Saizeriya薩莉亞義大利料理餐廳-師大店", "address": "臺北市大安區和平東路1段129之1號", "rating_result": "優"}, "geometry": {"type": "Point", "coordinates": [121.52965815190822, 25.026717183626403]}}, {"type": "Feature", "properties": {"city": "臺北市", "district": "大安區", "award_year": 114, "restaurant_name": "享鴨台北金山南店", "address": "臺北市大安區金山南路2段2號2樓", "rating_result": "優"}, "geometry": {"type": "Point", "coordinates": [121.52705910457333, 25.03382205956429]}}, {"type": "Feature", "properties": {"city": "臺北市", "district": "大安區", "award_year": 114, "restaurant_name": "馬辣復興店", "address": "臺北市大安區復興南路1段152~162號4樓", "rating_result": "優"}, "geometry": {"type": "Point", "coordinates": [121.54354919662289, 25.042103733790572]}}, {"type": "Feature", "properties": {"city": "臺北市", "district": "大安區", "award_year": 114, "restaurant_name": "65咖啡", "address": "臺北市大安區金華街179號", "rating_result": "優"}, "geometry": {"type": "Point", "coordinates": [121.52685170345632, 25.03026445785133]}}, {"type": "Feature", "properties": {"city": "臺北市", "district": "大安區", "award_year": 114, "restaurant_name": "永康刀削麵", "address": "臺北市大安區永康街10巷5號", "rating_result": "優"}, "geometry": {"type": "Point", "coordinates": [121.52937305929082, 25.03203760312237]}}, {"type": "Feature", "properties": {"city": "臺北市", "district": "大安區", "award_year": 114, "restaurant_name": "八方雲集 大安金山南店", "address": "臺北市大安區金山南路2段8號", "rating_result": "優"}, "geometry": {"type": "Point", "coordinates": [121.52702748635548, 25.03364668802546]}}, {"type": "Feature", "properties": {"city": "臺北市", "district": "大安區", "award_year": 114, "restaurant_name": "牡丹", "address": "臺北市大安區四維路52巷17號", "rating_result": "優"}, "geometry": {"type": "Point", "coordinates": [121.54718093774848, 25.03518548461625]}}, {"type": "Feature", "properties": {"city": "臺北市", "district": "大安區", "award_year": 114, "restaurant_name": "台北馥敦飯店復南館", "address": "臺北市大安區復興南路2段41號", "rating_result": "良"}, "geometry": {"type": "Point", "coordinates": [121.54377048276939, 25.031460295775215]}}, {"type": "Feature", "properties": {"city": "臺北市", "district": "萬華區", "award_year": 114, "restaurant_name": "爭鮮-桂林家樂福店", "address": "臺北市萬華區桂林路1號", "rating_result": "優"}, "geometry": {"type": "Point", "coordinates": [121.50630357557705, 25.037675439831208]}}, {"type": "Feature", "properties": {"city": "臺北市", "district": "大安區", "award_year": 114, "restaurant_name": "慕軒飯店 Gustoso義大利餐廳", "address": "臺北市大安區敦化南路1段331號2樓", "rating_result": "優"}, "geometry": {"type": "Point", "coordinates": [121.54922961138735, 25.034060543160862]}}, {"type": "Feature", "properties": {"city": "臺北市", "district": "中山區", "award_year": 114, "restaurant_name": "丹迪旅店-台北天津", "address": "臺北市中山區中山北路1段135巷13號", "rating_result": "優"}, "geometry": {"type": "Point", "coordinates": [121.52330359396696, 25.051664702297625]}}, {"type": "Feature", "properties": {"city": "臺北市", "district": "大安區", "award_year": 114, "restaurant_name": "柯達大飯店-台北敦南", "address": "臺北市大安區敦化南路2段238號", "rating_result": "優"}, "geometry": {"type": "Point", "coordinates": [121.54829152542072, 25.020939734837313]}}, {"type": "Feature", "properties": {"city": "臺北市", "district": "中山區", "award_year": 114, "restaurant_name": "柯達大飯店-台北天津", "address": "臺北市中山區中山北路1段53巷22號", "rating_result": "優"}, "geometry": {"type": "Point", "coordinates": [121.52314789901098, 25.048845068671383]}}, {"type": "Feature", "properties": {"city": "臺北市", "district": "大安區", "award_year": 114, "restaurant_name": "MUME(慕梅餐飲股份有限公司)", "address": "臺北市大安區四維路28號", "rating_result": "優"}, "geometry": {"type": "Point", "coordinates": [121.54805494738169, 25.03623276216578]}}, {"type": "Feature", "properties": {"city": "臺北市", "district": "中山區", "award_year": 114, "restaurant_name": "柯達大飯店台北松江", "address": "臺北市中山區松江路251號", "rating_result": "優"}, "geometry": {"type": "Point", "coordinates": [121.5333925512961, 25.059376215259892]}}, {"type": "Feature", "properties": {"city": "臺北市", "district": "中山區", "award_year": 114, "restaurant_name": "柯達大飯店台北長安", "address": "臺北市中山區松江路61之1號", "rating_result": "優"}, "geometry": {"type": "Point", "coordinates": [121.53317447858096, 25.0486508405144]}}, {"type": "Feature", "properties": {"city": "臺北市", "district": "中山區", "award_year": 114, "restaurant_name": "Restaurant Page 頁小館", "address": "臺北市中山區北安路595巷20弄4號1樓", "rating_result": "優"}, "geometry": {"type": "Point", "coordinates": [121.54779819833365, 25.081801195502518]}}, {"type": "Feature", "properties": {"city": "臺北市", "district": "大安區", "award_year": 114, "restaurant_name": "The Tavernist", "address": "臺北市大安區仁愛路4段27巷25號12樓", "rating_result": "優"}, "geometry": {"type": "Point", "coordinates": [121.54535695524228, 25.040480508672015]}}, {"type": "Feature", "properties": {"city": "臺北市", "district": "大安區", "award_year": 114, "restaurant_name": "愛兒家產後護理", "address": "臺北市大安區忠孝東路4段87號6樓", "rating_result": "優"}, "geometry": {"type": "Point", "coordinates": [121.54762439806346, 25.041757575132788]}}, {"type": "Feature", "properties": {"city": "臺北市", "district": "內湖區", "award_year": 114, "restaurant_name": "楊記蚌麵三總店", "address": "臺北市內湖區成功路2段325號B1", "rating_result": "優"}, "geometry": {"type": "Point", "coordinates": [121.5919821102814, 25.071800415956396]}}, {"type": "Feature", "properties": {"city": "臺北市", "district": "內湖區", "award_year": 114, "restaurant_name": "老董牛肉麵-三總店", "address": "臺北市內湖區成功路2段325號B1", "rating_result": "優"}, "geometry": {"type": "Point", "coordinates": [121.5919821102814, 25.071800415956396]}}, {"type": "Feature", "properties": {"city": "臺北市", "district": "內湖區", "award_year": 114, "restaurant_name": "明德素食園三總店", "address": "臺北市內湖區成功路2段325號B1", "rating_result": "優"}, "geometry": {"type": "Point", "coordinates": [121.5919821102814, 25.071800415956396]}}, {"type": "Feature", "properties": {"city": "臺北市", "district": "內湖區", "award_year": 114, "restaurant_name": "好好吃大餛飩", "address": "臺北市內湖區成功路2段325號B1", "rating_result": "優"}, "geometry": {"type": "Point", "coordinates": [121.5919821102814, 25.071800415956396]}}, {"type": "Feature", "properties": {"city": "臺北市", "district": "內湖區", "award_year": 114, "restaurant_name": "小南門三總店", "address": "臺北市內湖區成功路2段325號B1", "rating_result": "優"}, "geometry": {"type": "Point", "coordinates": [121.5919821102814, 25.071800415956396]}}, {"type": "Feature", "properties": {"city": "臺北市", "district": "內湖區", "award_year": 114, "restaurant_name": "花蓮扁食-三總店", "address": "臺北市內湖區成功路2段325號B1", "rating_result": "優"}, "geometry": {"type": "Point", "coordinates": [121.5919821102814, 25.071800415956396]}}, {"type": "Feature", "properties": {"city": "臺北市", "district": "信義區", "award_year": 114, "restaurant_name": "撈王鍋物料理", "address": "臺北市信義區松壽路12號9樓", "rating_result": "優"}, "geometry": {"type": "Point", "coordinates": [121.56602091453173, 25.035668095350335]}}, {"type": "Feature", "properties": {"city": "臺北市", "district": "信義區", "award_year": 114, "restaurant_name": "刁民酸菜魚信義店", "address": "臺北市信義區松壽路12號1樓、B1", "rating_result": "優"}, "geometry": {"type": "Point", "coordinates": [121.56602091453173, 25.035668095350335]}}, {"type": "Feature", "properties": {"city": "臺北市", "district": "信義區", "award_year": 114, "restaurant_name": "L'ATELIER de Joël Robuchon 侯布雄法式餐廳", "address": "臺北市信義區松仁路28號5樓", "rating_result": "優"}, "geometry": {"type": "Point", "coordinates": [121.56812463976411, 25.039511053664487]}}, {"type": "Feature", "properties": {"city": "臺北市", "district": "信義區", "award_year": 114, "restaurant_name": "SALON DE THE de Joël Robuchon 侯布雄法式茶點沙龍", "address": "臺北市信義區松仁路28號3樓", "rating_result": "優"}, "geometry": {"type": "Point", "coordinates": [121.56812463976411, 25.039511053664487]}}, {"type": "Feature", "properties": {"city": "臺北市", "district": "信義區", "award_year": 114, "restaurant_name": "餵我早餐忠孝店", "address": "臺北市信義區忠孝東路5段252號1樓", "rating_result": "優"}, "geometry": {"type": "Point", "coordinates": [121.57288342866185, 25.04078397401062]}}, {"type": "Feature", "properties": {"city": "臺北市", "district": "信義區", "award_year": 114, "restaurant_name": "珠寶盒法式點心坊", "address": "臺北市信義區莊敬路239巷1弄1號", "rating_result": "優"}, "geometry": {"type": "Point", "coordinates": [121.56250346304077, 25.02985793135009]}}, {"type": "Feature", "properties": {"city": "臺北市", "district": "大安區", "award_year": 114, "restaurant_name": "吉天婦羅-台北SOGO忠孝店", "address": "臺北市大安區忠孝東路4段45號11樓", "rating_result": "優"}, "geometry": {"type": "Point", "coordinates": [121.54488279240725, 25.041902438705698]}}, {"type": "Feature", "properties": {"city": "臺北市", "district": "大安區", "award_year": 114, "restaurant_name": "乾杯-本店", "address": "臺北市大安區敦化南路1段236巷17號", "rating_result": "優"}, "geometry": {"type": "Point", "coordinates": [121.54700785660872, 25.04065930223147]}}, {"type": "Feature", "properties": {"city": "臺北市", "district": "內湖區", "award_year": 114, "restaurant_name": "三軍總醫院營養部", "address": "臺北市內湖區成功路2段325號", "rating_result": "優"}, "geometry": {"type": "Point", "coordinates": [121.5919821102814, 25.071800415956396]}}, {"type": "Feature", "properties": {"city": "臺北市", "district": "中山區", "award_year": 114, "restaurant_name": "泰市場", "address": "臺北市中山區植福路200號4樓", "rating_result": "優"}, "geometry": {"type": "Point", "coordinates": [121.56007673466927, 25.083243243451854]}}, {"type": "Feature", "properties": {"city": "臺北市", "district": "大同區", "award_year": 114, "restaurant_name": "家樂福重慶店-即食熟食區 ", "address": "臺北市大同區重慶北路2段171號", "rating_result": "優"}, "geometry": {"type": "Point", "coordinates": [121.51382812947165, 25.059021918394986]}}, {"type": "Feature", "properties": {"city": "臺北市", "district": "大同區", "award_year": 114, "restaurant_name": "馬辣-中山店", "address": "臺北市大同區南京西路22號B1", "rating_result": "優"}, "geometry": {"type": "Point", "coordinates": [121.51999332301888, 25.052577666251903]}}, {"type": "Feature", "properties": {"city": "臺北市", "district": "內湖區", "award_year": 114, "restaurant_name": "花蓮扁食-內湖2店", "address": "臺北市內湖區舊宗路1段188號1樓", "rating_result": "優"}, "geometry": {"type": "Point", "coordinates": [121.575988536643, 25.062652764368043]}}, {"type": "Feature", "properties": {"city": "臺北市", "district": "內湖區", "award_year": 114, "restaurant_name": "三商巧福-舊宗店", "address": "臺北市內湖區舊宗路1段188號1樓", "rating_result": "優"}, "geometry": {"type": "Point", "coordinates": [121.575988536643, 25.062652764368043]}}, {"type": "Feature", "properties": {"city": "臺北市", "district": "中山區", "award_year": 114, "restaurant_name": "Taïrroir 態芮", "address": "臺北市中山區樂群三路299號6樓", "rating_result": "優"}, "geometry": {"type": "Point", "coordinates": [121.55921536246929, 25.082733527222018]}}, {"type": "Feature", "properties": {"city": "臺北市", "district": "大安區", "award_year": 114, "restaurant_name": "臺北市立聯合醫院-仁愛院區", "address": "臺北市大安區仁愛路4段10號B1", "rating_result": "優"}, "geometry": {"type": "Point", "coordinates": [121.54530223055023, 25.037539986849385]}}, {"type": "Feature", "properties": {"city": "臺北市", "district": "大同區", "award_year": 114, "restaurant_name": "爭鮮-重慶店", "address": "臺北市大同區重慶北路2段171號", "rating_result": "優"}, "geometry": {"type": "Point", "coordinates": [121.51382812947165, 25.059021918394986]}}, {"type": "Feature", "properties": {"city": "臺北市", "district": "中山區", "award_year": 114, "restaurant_name": "LadyM 晶華店", "address": "臺北市中山區中山北路2段39巷3號", "rating_result": "優"}, "geometry": {"type": "Point", "coordinates": [121.5237433698758, 25.054198659867108]}}, {"type": "Feature", "properties": {"city": "臺北市", "district": "大同區", "award_year": 114, "restaurant_name": "荖子鍋股份有限公司", "address": "臺北市大同區重慶北路2段171號", "rating_result": "優"}, "geometry": {"type": "Point", "coordinates": [121.51382812947165, 25.059021918394986]}}, {"type": "Feature", "properties": {"city": "臺北市", "district": "大同區", "award_year": 114, "restaurant_name": "城市商旅-南西館", "address": "臺北市大同區南京西路169號", "rating_result": "優"}, "geometry": {"type": "Point", "coordinates": [121.51272845959058, 25.054052436073814]}}, {"type": "Feature", "properties": {"city": "臺北市", "district": "大同區", "award_year": 114, "restaurant_name": "百八魚場", "address": "臺北市大同區重慶北路2段171號", "rating_result": "優"}, "geometry": {"type": "Point", "coordinates": [121.51382812947165, 25.059021918394986]}}, {"type": "Feature", "properties": {"city": "臺北市", "district": "南港區", "award_year": 114, "restaurant_name": "台北六福萬怡酒店-宴會廳", "address": "臺北市南港區忠孝東路7段359號9樓", "rating_result": "優"}, "geometry": {"type": "Point", "coordinates": [121.60605580936945, 25.052512460809623]}}, {"type": "Feature", "properties": {"city": "臺北市", "district": "南港區", "award_year": 114, "restaurant_name": "台北六福萬怡酒店-粵亮廣式料理", "address": "臺北市南港區忠孝東路7段359號8樓", "rating_result": "優"}, "geometry": {"type": "Point", "coordinates": [121.60605580936945, 25.052512460809623]}}, {"type": "Feature", "properties": {"city": "臺北市", "district": "南港區", "award_year": 114, "restaurant_name": "台北六福萬怡酒店-敘日全日餐廳", "address": "臺北市南港區忠孝東路7段359號7樓", "rating_result": "優"}, "geometry": {"type": "Point", "coordinates": [121.60605580936945, 25.052512460809623]}}, {"type": "Feature", "properties": {"city": "臺北市", "district": "大安區", "award_year": 114, "restaurant_name": "游壽司-金華店", "address": "臺北市大安區金華街201號", "rating_result": "優"}, "geometry": {"type": "Point", "coordinates": [121.52816489443983, 25.03004117583102]}}, {"type": "Feature", "properties": {"city": "臺北市", "district": "松山區", "award_year": 114, "restaurant_name": "知己知米私府餐盒/李鴻記餐盒公司", "address": "臺北市松山區光復北路85巷13號1樓", "rating_result": "優"}, "geometry": {"type": "Point", "coordinates": [121.5587351014084, 25.05059258152087]}}, {"type": "Feature", "properties": {"city": "臺北市", "district": "松山區", "award_year": 114, "restaurant_name": "阿福號三明治專門店", "address": "臺北市松山區光復北路85巷13號1樓", "rating_result": "優"}, "geometry": {"type": "Point", "coordinates": [121.5587351014084, 25.05059258152087]}}, {"type": "Feature", "properties": {"city": "臺北市", "district": "文山區", "award_year": 114, "restaurant_name": "壹品香扁食-台北市立萬芳醫院", "address": "臺北市文山區興隆路3段111號B1", "rating_result": "優"}, "geometry": {"type": "Point", "coordinates": [121.55833027943584, 25.000306277630603]}}, {"type": "Feature", "properties": {"city": "臺北市", "district": "文山區", "award_year": 114, "restaurant_name": "總會有機會Club 25", "address": "臺北市文山區興隆路3段111號B1", "rating_result": "優"}, "geometry": {"type": "Point", "coordinates": [121.55833027943584, 25.000306277630603]}}, {"type": "Feature", "properties": {"city": "臺北市", "district": "中正區", "award_year": 114, "restaurant_name": "龍凰號-微風台大醫院店", "address": "臺北市中正區中山南路7號B1", "rating_result": "優"}, "geometry": {"type": "Point", "coordinates": [121.51855793268219, 25.040775742702056]}}, {"type": "Feature", "properties": {"city": "臺北市", "district": "萬華區", "award_year": 114, "restaurant_name": "明水然樂-台北西門營業所", "address": "臺北市萬華區中華路1段88號4樓", "rating_result": "優"}, "geometry": {"type": "Point", "coordinates": [121.50864522781559, 25.045012986226027]}}, {"type": "Feature", "properties": {"city": "臺北市", "district": "萬華區", "award_year": 114, "restaurant_name": "狂一鍋-台北西門店", "address": "臺北市萬華區中華路1段88號4樓", "rating_result": "優"}, "geometry": {"type": "Point", "coordinates": [121.50864522781559, 25.045012986226027]}}, {"type": "Feature", "properties": {"city": "臺北市", "district": "南港區", "award_year": 114, "restaurant_name": "樂雅樂餐廳-生技店", "address": "臺北市南港區忠孝東路7段508號2樓", "rating_result": "優"}, "geometry": {"type": "Point", "coordinates": [121.60958455763362, 25.05212499987339]}}, {"type": "Feature", "properties": {"city": "臺北市", "district": "南港區", "award_year": 114, "restaurant_name": "麥當勞-南港車站", "address": "臺北市南港區忠孝東路7段359號1樓B0601", "rating_result": "優"}, "geometry": {"type": "Point", "coordinates": [121.60605580936945, 25.052512460809623]}}, {"type": "Feature", "properties": {"city": "臺北市", "district": "南港區", "award_year": 114, "restaurant_name": "總理的定食", "address": "臺北市南港區研究院路3段245號", "rating_result": "優"}, "geometry": {"type": "Point", "coordinates": [121.60991476572539, 25.033594939668767]}}, {"type": "Feature", "properties": {"city": "臺北市", "district": "信義區", "award_year": 114, "restaurant_name": "田原香-寶麗廣塲", "address": "臺北市信義區松仁路28號B2", "rating_result": "優"}, "geometry": {"type": "Point", "coordinates": [121.56812463976411, 25.039511053664487]}}, {"type": "Feature", "properties": {"city": "臺北市", "district": "信義區", "award_year": 114, "restaurant_name": "Diamond Tony's 隨意鳥地方", "address": "臺北市信義區信義路5段7號85樓", "rating_result": "優"}, "geometry": {"type": "Point", "coordinates": [121.5646039976053, 25.03352417789433]}}, {"type": "Feature", "properties": {"city": "臺北市", "district": "信義區", "award_year": 114, "restaurant_name": "台北艾麗酒店-The terrace", "address": "臺北市信義區松高路18號6樓", "rating_result": "優"}, "geometry": {"type": "Point", "coordinates": [121.56746529436565, 25.038618237062245]}}, {"type": "Feature", "properties": {"city": "臺北市", "district": "萬華區", "award_year": 114, "restaurant_name": "八方悅鍋物(萬華長泰店)", "address": "臺北市萬華區長泰街77號", "rating_result": "優"}, "geometry": {"type": "Point", "coordinates": [121.4997210736502, 25.02269686646826]}}, {"type": "Feature", "properties": {"city": "臺北市", "district": "大安區", "award_year": 114, "restaurant_name": "青花驕-台北光復店", "address": "臺北市大安區光復南路100號1樓", "rating_result": "優"}, "geometry": {"type": "Point", "coordinates": [121.55746647316239, 25.04366783744752]}}, {"type": "Feature", "properties": {"city": "臺北市", "district": "中正區", "award_year": 114, "restaurant_name": "小樂木桶燒-微風台北車站", "address": "臺北市中正區北平西路3號2樓", "rating_result": "優"}, "geometry": {"type": "Point", "coordinates": [121.51705766108309, 25.047175932953532]}}, {"type": "Feature", "properties": {"city": "臺北市", "district": "中正區", "award_year": 114, "restaurant_name": "本村炸雞-微風台北車站", "address": "臺北市中正區北平西路3號2樓", "rating_result": "優"}, "geometry": {"type": "Point", "coordinates": [121.51705766108309, 25.047175932953532]}}, {"type": "Feature", "properties": {"city": "臺北市", "district": "中正區", "award_year": 114, "restaurant_name": "花火禾茶-微風台北車站店", "address": "臺北市中正區北平西路3號1樓", "rating_result": "優"}, "geometry": {"type": "Point", "coordinates": [121.51705766108309, 25.047175932953532]}}, {"type": "Feature", "properties": {"city": "臺北市", "district": "中正區", "award_year": 114, "restaurant_name": "頂呱呱-微風台北車站", "address": "臺北市中正區北平西路3號1樓", "rating_result": "優"}, "geometry": {"type": "Point", "coordinates": [121.51705766108309, 25.047175932953532]}}, {"type": "Feature", "properties": {"city": "臺北市", "district": "中正區", "award_year": 114, "restaurant_name": "關北紅豆餅-微風台北車站店", "address": "臺北市中正區北平西路3號1樓", "rating_result": "優"}, "geometry": {"type": "Point", "coordinates": [121.51705766108309, 25.047175932953532]}}, {"type": "Feature", "properties": {"city": "臺北市", "district": "中山區", "award_year": 114, "restaurant_name": "台灣壽司郎-台北民權建國店", "address": "臺北市中山區民權東路3段2號1樓", "rating_result": "優"}, "geometry": {"type": "Point", "coordinates": [121.5377664539058, 25.062146396431295]}}, {"type": "Feature", "properties": {"city": "臺北市", "district": "中山區", "award_year": 114, "restaurant_name": "米哥烘焙坊-雙連門市", "address": "臺北市中山區民生西路23號", "rating_result": "優"}, "geometry": {"type": "Point", "coordinates": [121.52134392725684, 25.057875027899055]}}, {"type": "Feature", "properties": {"city": "臺北市", "district": "中山區", "award_year": 114, "restaurant_name": "青花驕台北中山北店", "address": "臺北市中山區中山北路1段137號、139號1-4樓", "rating_result": "優"}, "geometry": {"type": "Point", "coordinates": [121.52265052652749, 25.05177307152885]}}, {"type": "Feature", "properties": {"city": "臺北市", "district": "中正區", "award_year": 114, "restaurant_name": "Krispy Kreme-台北站前店", "address": "臺北市中正區忠孝西路1段49號B1", "rating_result": "優"}, "geometry": {"type": "Point", "coordinates": [121.51724347609903, 25.046481431619075]}}, {"type": "Feature", "properties": {"city": "臺北市", "district": "中正區", "award_year": 114, "restaurant_name": "占元府-新光三越站前店", "address": "臺北市中正區忠孝西路1段66號B1", "rating_result": "優"}, "geometry": {"type": "Point", "coordinates": [121.5153019873981, 25.04622581631083]}}, {"type": "Feature", "properties": {"city": "臺北市", "district": "中正區", "award_year": 114, "restaurant_name": "台灣壽司郎-台北館前店", "address": "臺北市中正區館前路8號2樓", "rating_result": "優"}, "geometry": {"type": "Point", "coordinates": [121.514895427042, 25.045813967505534]}}, {"type": "Feature", "properties": {"city": "臺北市", "district": "中正區", "award_year": 114, "restaurant_name": "築間-台北南門店", "address": "臺北市中正區羅斯福路1段13號2樓", "rating_result": "優"}, "geometry": {"type": "Point", "coordinates": [121.51819815424632, 25.033195824866166]}}, {"type": "Feature", "properties": {"city": "臺北市", "district": "中正區", "award_year": 114, "restaurant_name": "BONGOUSSE-微風台大醫院店", "address": "臺北市中正區中山南路7號B1", "rating_result": "優"}, "geometry": {"type": "Point", "coordinates": [121.51855793268219, 25.040775742702056]}}, {"type": "Feature", "properties": {"city": "臺北市", "district": "中正區", "award_year": 114, "restaurant_name": "本粥-微風台大醫院店", "address": "臺北市中正區中山南路7號B1", "rating_result": "優"}, "geometry": {"type": "Point", "coordinates": [121.51855793268219, 25.040775742702056]}}, {"type": "Feature", "properties": {"city": "臺北市", "district": "中正區", "award_year": 114, "restaurant_name": "非越即泰-微風台大醫院店", "address": "臺北市中正區中山南路7號B1", "rating_result": "優"}, "geometry": {"type": "Point", "coordinates": [121.51855793268219, 25.040775742702056]}}, {"type": "Feature", "properties": {"city": "臺北市", "district": "士林區", "award_year": 114, "restaurant_name": "雲朵列車", "address": "臺北市士林區承德路5段55號", "rating_result": "優"}, "geometry": {"type": "Point", "coordinates": [121.51416930475014, 25.096835135824783]}}, {"type": "Feature", "properties": {"city": "臺北市", "district": "信義區", "award_year": 114, "restaurant_name": "真珠微風南山店", "address": "臺北市信義區松智路17號5樓", "rating_result": "優"}, "geometry": {"type": "Point", "coordinates": [121.5657744687392, 25.034435302504555]}}, {"type": "Feature", "properties": {"city": "臺北市", "district": "信義區", "award_year": 114, "restaurant_name": "米哥烘焙坊-松山門市", "address": "臺北市信義區松山路11號", "rating_result": "優"}, "geometry": {"type": "Point", "coordinates": [121.57830731876943, 25.04919696563771]}}, {"type": "Feature", "properties": {"city": "臺北市", "district": "文山區", "award_year": 114, "restaurant_name": "米哥烘焙坊-景美門市", "address": "臺北市文山區木新路3段327號", "rating_result": "優"}, "geometry": {"type": "Point", "coordinates": [121.55631677420821, 24.980485600035493]}}, {"type": "Feature", "properties": {"city": "臺北市", "district": "文山區", "award_year": 114, "restaurant_name": "火鍋世家-木柵木新店", "address": "臺北市文山區木新路3段58號", "rating_result": "優"}, "geometry": {"type": "Point", "coordinates": [121.56397098533566, 24.9825559214879]}}, {"type": "Feature", "properties": {"city": "臺北市", "district": "大安區", "award_year": 114, "restaurant_name": "復興實驗高中廚房 (味安餐飲)", "address": "臺北市大安區敦化南路1段262號", "rating_result": "優"}, "geometry": {"type": "Point", "coordinates": [121.54844008835745, 25.039328232379656]}}, {"type": "Feature", "properties": {"city": "臺北市", "district": "大安區", "award_year": 114, "restaurant_name": "老先覺-台北公館", "address": "臺北市大安區羅斯福路3段283巷18號", "rating_result": "優"}, "geometry": {"type": "Point", "coordinates": [121.53169087527598, 25.01857097070126]}}, {"type": "Feature", "properties": {"city": "臺北市", "district": "中正區", "award_year": 114, "restaurant_name": "台灣壽司郎-台北公館店", "address": "臺北市中正區羅斯福路4段68號2樓", "rating_result": "優"}, "geometry": {"type": "Point", "coordinates": [121.53427405229321, 25.014503583051997]}}, {"type": "Feature", "properties": {"city": "臺北市", "district": "文山區", "award_year": 114, "restaurant_name": "錢都日式涮涮鍋-木柵木新店", "address": "臺北市文山區木新路3段60號", "rating_result": "優"}, "geometry": {"type": "Point", "coordinates": [121.56393016071463, 24.982546945129283]}}, {"type": "Feature", "properties": {"city": "臺北市", "district": "大安區", "award_year": 114, "restaurant_name": "鬍鬚張-台北安居店", "address": "臺北市大安區安居街48號1樓", "rating_result": "優"}, "geometry": {"type": "Point", "coordinates": [121.55405617829223, 25.02032890256196]}}, {"type": "Feature", "properties": {"city": "臺北市", "district": "信義區", "award_year": 114, "restaurant_name": "鬍鬚張-京簡康台北吳興店", "address": "臺北市信義區吳興街26號1樓", "rating_result": "優"}, "geometry": {"type": "Point", "coordinates": [121.55971865253565, 25.031399761057813]}}, {"type": "Feature", "properties": {"city": "臺北市", "district": "中山區", "award_year": 114, "restaurant_name": "包子商行-實踐大學店", "address": "臺北市中山區大直街70號", "rating_result": "優"}, "geometry": {"type": "Point", "coordinates": [121.54623416447966, 25.08358653368816]}}, {"type": "Feature", "properties": {"city": "臺北市", "district": "中山區", "award_year": 114, "restaurant_name": "炒香-實踐大學店", "address": "臺北市中山區大直街70號", "rating_result": "優"}, "geometry": {"type": "Point", "coordinates": [121.54623416447966, 25.08358653368816]}}, {"type": "Feature", "properties": {"city": "臺北市", "district": "中山區", "award_year": 114, "restaurant_name": "花現廚房-實踐大學店", "address": "臺北市中山區大直街70號", "rating_result": "優"}, "geometry": {"type": "Point", "coordinates": [121.54623416447966, 25.08358653368816]}}, {"type": "Feature", "properties": {"city": "臺北市", "district": "中山區", "award_year": 114, "restaurant_name": "渣等-實踐大學店", "address": "臺北市中山區大直街70號", "rating_result": "優"}, "geometry": {"type": "Point", "coordinates": [121.54623416447966, 25.08358653368816]}}, {"type": "Feature", "properties": {"city": "臺北市", "district": "信義區", "award_year": 114, "restaurant_name": "順成蛋糕-信義店", "address": "臺北市信義區基隆路2段91號", "rating_result": "優"}, "geometry": {"type": "Point", "coordinates": [121.55794297018531, 25.02986647317922]}}, {"type": "Feature", "properties": {"city": "臺北市", "district": "北投區", "award_year": 114, "restaurant_name": "湖山國民小學午餐廚房 (中原食品)", "address": "臺北市北投區湖底路11號", "rating_result": "優"}, "geometry": {"type": "Point", "coordinates": [121.53549437082002, 25.149984803303738]}}, {"type": "Feature", "properties": {"city": "臺北市", "district": "士林區", "award_year": 114, "restaurant_name": "瓦非屋", "address": "臺北市士林區承德路5段55號", "rating_result": "優"}, "geometry": {"type": "Point", "coordinates": [121.51416930475014, 25.096835135824783]}}, {"type": "Feature", "properties": {"city": "臺北市", "district": "士林區", "award_year": 114, "restaurant_name": "小食光", "address": "臺北市士林區承德路5段55號", "rating_result": "優"}, "geometry": {"type": "Point", "coordinates": [121.51416930475014, 25.096835135824783]}}, {"type": "Feature", "properties": {"city": "臺北市", "district": "大安區", "award_year": 114, "restaurant_name": "龍泉居", "address": "臺北市大安區龍泉街23號", "rating_result": "優"}, "geometry": {"type": "Point", "coordinates": [121.52945945351995, 25.02451562904634]}}, {"type": "Feature", "properties": {"city": "臺北市", "district": "文山區", "award_year": 114, "restaurant_name": "火鍋世家-台北景華店", "address": "臺北市文山區景華街98號1樓", "rating_result": "優"}, "geometry": {"type": "Point", "coordinates": [121.54595951764315, 24.995232375085575]}}, {"type": "Feature", "properties": {"city": "臺北市", "district": "信義區", "award_year": 114, "restaurant_name": "馬可先生健康烘焙-忠孝店", "address": "臺北市信義區忠孝東路5段259號", "rating_result": "優"}, "geometry": {"type": "Point", "coordinates": [121.57077810447862, 25.041141397533668]}}, {"type": "Feature", "properties": {"city": "臺北市", "district": "士林區", "award_year": 114, "restaurant_name": "台北市私立衛理女子高級中學", "address": "臺北市士林區至善路2段321號", "rating_result": "優"}, "geometry": {"type": "Point", "coordinates": [121.55226469603915, 25.101724589537376]}}, {"type": "Feature", "properties": {"city": "臺北市", "district": "內湖區", "award_year": 114, "restaurant_name": "凱旋酒店55餐廳", "address": "臺北市內湖區江南街55號2樓", "rating_result": "優"}, "geometry": {"type": "Point", "coordinates": [121.57793894278659, 25.07757171602828]}}, {"type": "Feature", "properties": {"city": "臺北市", "district": "北投區", "award_year": 114, "restaurant_name": "蘇杭-北護店", "address": "臺北市北投區明德路365號", "rating_result": "優"}, "geometry": {"type": "Point", "coordinates": [121.52134673158699, 25.117549013409572]}}, {"type": "Feature", "properties": {"city": "臺北市", "district": "北投區", "award_year": 114, "restaurant_name": "台灣壽司郎-台北石牌店", "address": "臺北市北投區明德路365號", "rating_result": "優"}, "geometry": {"type": "Point", "coordinates": [121.52134673158699, 25.117549013409572]}}, {"type": "Feature", "properties": {"city": "臺北市", "district": "北投區", "award_year": 114, "restaurant_name": "21Plus-石牌門市", "address": "臺北市北投區明德路365號", "rating_result": "優"}, "geometry": {"type": "Point", "coordinates": [121.52134673158699, 25.117549013409572]}}, {"type": "Feature", "properties": {"city": "臺北市", "district": "北投區", "award_year": 114, "restaurant_name": "小飯桌-振興醫院店", "address": "臺北市北投區振興街45號", "rating_result": "優"}, "geometry": {"type": "Point", "coordinates": [121.52240046602788, 25.117542553859668]}}, {"type": "Feature", "properties": {"city": "臺北市", "district": "北投區", "award_year": 114, "restaurant_name": "天天健康便當-振興醫院店", "address": "臺北市北投區振興街45號", "rating_result": "優"}, "geometry": {"type": "Point", "coordinates": [121.52240046602788, 25.117542553859668]}}, {"type": "Feature", "properties": {"city": "臺北市", "district": "內湖區", "award_year": 114, "restaurant_name": "馬可先生健康烘焙-內湖店", "address": "臺北市內湖區內湖路1段361號", "rating_result": "優"}, "geometry": {"type": "Point", "coordinates": [121.56941765429448, 25.08217442357841]}}, {"type": "Feature", "properties": {"city": "臺北市", "district": "內湖區", "award_year": 114, "restaurant_name": "好食多涮涮鍋-西湖店", "address": "臺北市內湖區內湖路1段360巷2之1號2樓", "rating_result": "優"}, "geometry": {"type": "Point", "coordinates": [121.5704954198124, 25.081027651348645]}}, {"type": "Feature", "properties": {"city": "臺北市", "district": "內湖區", "award_year": 114, "restaurant_name": "Roger Café-康寧大學", "address": "臺北市內湖區康寧路3段75巷137號小木屋", "rating_result": "優"}, "geometry": {"type": "Point", "coordinates": [121.6100600635599, 25.07518537221716]}}, {"type": "Feature", "properties": {"city": "臺北市", "district": "松山區", "award_year": 114, "restaurant_name": "老先覺-台北光復南店", "address": "臺北市松山區光復南路5號", "rating_result": "優"}, "geometry": {"type": "Point", "coordinates": [121.55796530315331, 25.047801145208812]}}, {"type": "Feature", "properties": {"city": "臺北市", "district": "信義區", "award_year": 114, "restaurant_name": "米哥烘焙坊-大巨蛋門市", "address": "臺北市信義區忠孝東路4段515號D棟", "rating_result": "優"}, "geometry": {"type": "Point", "coordinates": [121.55952950601014, 25.042315029737438]}}, {"type": "Feature", "properties": {"city": "臺北市", "district": "松山區", "award_year": 114, "restaurant_name": "滷台味-微風南京", "address": "臺北市松山區南京東路3段337號地下室2樓", "rating_result": "優"}, "geometry": {"type": "Point", "coordinates": [121.54798765202567, 25.051988619519886]}}, {"type": "Feature", "properties": {"city": "臺北市", "district": "松山區", "award_year": 114, "restaurant_name": "這味泰泰-微風南京", "address": "臺北市松山區南京東路3段337號地下室2樓", "rating_result": "優"}, "geometry": {"type": "Point", "coordinates": [121.54798765202567, 25.051988619519886]}}, {"type": "Feature", "properties": {"city": "臺北市", "district": "北投區", "award_year": 114, "restaurant_name": "金鑽小吃店-八方悅鍋物-關渡捷運", "address": "臺北市北投區大度路3段296巷36號", "rating_result": "優"}, "geometry": {"type": "Point", "coordinates": [121.4669842513934, 25.124476549121713]}}, {"type": "Feature", "properties": {"city": "臺北市", "district": "士林區", "award_year": 114, "restaurant_name": "米哥烘焙坊-大東門市", "address": "臺北市士林區大東路82之1號", "rating_result": "優"}, "geometry": {"type": "Point", "coordinates": [121.52578323311006, 25.090897347051513]}}, {"type": "Feature", "properties": {"city": "臺北市", "district": "信義區", "award_year": 114, "restaurant_name": "台灣壽司郎-台北永春店", "address": "臺北市信義區忠孝東路5段297之1號1樓", "rating_result": "優"}, "geometry": {"type": "Point", "coordinates": [121.57320744619076, 25.04113814537601]}}, {"type": "Feature", "properties": {"city": "臺北市", "district": "信義區", "award_year": 114, "restaurant_name": "老井信義餐飲", "address": "臺北市信義區松仁路101號B1", "rating_result": "優"}, "geometry": {"type": "Point", "coordinates": [121.56869345240196, 25.03596291269801]}}, {"type": "Feature", "properties": {"city": "臺北市", "district": "信義區", "award_year": 114, "restaurant_name": "Krispy Kreme - 新光店A8", "address": "臺北市信義區松高路12號B2", "rating_result": "優"}, "geometry": {"type": "Point", "coordinates": [121.56680015542207, 25.038813087314097]}}, {"type": "Feature", "properties": {"city": "臺北市", "district": "信義區", "award_year": 114, "restaurant_name": "莫凡彼-微風松高店", "address": "臺北市信義區松高路16號3樓", "rating_result": "優"}, "geometry": {"type": "Point", "coordinates": [121.5672770266639, 25.03872884178321]}}, {"type": "Feature", "properties": {"city": "臺北市", "district": "松山區", "award_year": 114, "restaurant_name": "八方悅鍋物-民生興安店", "address": "臺北市松山區民生東路3段140巷13號", "rating_result": "優"}, "geometry": {"type": "Point", "coordinates": [121.54670028946305, 25.05612827782191]}}, {"type": "Feature", "properties": {"city": "臺北市", "district": "松山區", "award_year": 114, "restaurant_name": "百變全球餐飲-光復店", "address": "臺北市松山區光復北路8號1樓", "rating_result": "優"}, "geometry": {"type": "Point", "coordinates": [121.55766295445264, 25.048612131660803]}}, {"type": "Feature", "properties": {"city": "臺北市", "district": "士林區", "award_year": 114, "restaurant_name": "Melis Sweetie", "address": "臺北市士林區承德路5段55號", "rating_result": "優"}, "geometry": {"type": "Point", "coordinates": [121.51416930475014, 25.096835135824783]}}, {"type": "Feature", "properties": {"city": "臺北市", "district": "士林區", "award_year": 114, "restaurant_name": "貓貓小站", "address": "臺北市士林區承德路5段55號", "rating_result": "優"}, "geometry": {"type": "Point", "coordinates": [121.51416930475014, 25.096835135824783]}}, {"type": "Feature", "properties": {"city": "臺北市", "district": "士林區", "award_year": 114, "restaurant_name": "大眼蝦", "address": "臺北市士林區承德路5段55號", "rating_result": "優"}, "geometry": {"type": "Point", "coordinates": [121.51416930475014, 25.096835135824783]}}, {"type": "Feature", "properties": {"city": "臺北市", "district": "信義區", "award_year": 114, "restaurant_name": "POPEYES-台北101店", "address": "臺北市信義區市府路45號B1", "rating_result": "優"}, "geometry": {"type": "Point", "coordinates": [121.56390405307721, 25.034026196672773]}}, {"type": "Feature", "properties": {"city": "臺北市", "district": "士林區", "award_year": 114, "restaurant_name": "拿坡里披薩炸雞士林店", "address": "臺北市士林區文林路430號1樓", "rating_result": "優"}, "geometry": {"type": "Point", "coordinates": [121.52484633486841, 25.094562125211432]}}, {"type": "Feature", "properties": {"city": "臺北市", "district": "信義區", "award_year": 114, "restaurant_name": "KAFE D-台北101店", "address": "臺北市信義區信義路5段7號89樓", "rating_result": "優"}, "geometry": {"type": "Point", "coordinates": [121.5646039976053, 25.03352417789433]}}, {"type": "Feature", "properties": {"city": "臺北市", "district": "信義區", "award_year": 114, "restaurant_name": "迷客夏-台北101店", "address": "臺北市信義區信義路5段7號89樓", "rating_result": "優"}, "geometry": {"type": "Point", "coordinates": [121.5646039976053, 25.03352417789433]}}, {"type": "Feature", "properties": {"city": "臺北市", "district": "信義區", "award_year": 114, "restaurant_name": "奎士咖啡-台北101店", "address": "臺北市信義區市府路45號B1", "rating_result": "優"}, "geometry": {"type": "Point", "coordinates": [121.56390405307721, 25.034026196672773]}}, {"type": "Feature", "properties": {"city": "臺北市", "district": "信義區", "award_year": 114, "restaurant_name": "美利港式茶檔公司-台北101店", "address": "臺北市信義區市府路45號B1", "rating_result": "優"}, "geometry": {"type": "Point", "coordinates": [121.56390405307721, 25.034026196672773]}}, {"type": "Feature", "properties": {"city": "臺北市", "district": "士林區", "award_year": 114, "restaurant_name": "REEDS士林店（嘉穗創意食品股份有限公司）", "address": "臺北市士林區文林路340之1號", "rating_result": "優"}, "geometry": {"type": "Point", "coordinates": [121.52555471636857, 25.093136285860037]}}, {"type": "Feature", "properties": {"city": "臺北市", "district": "中正區", "award_year": 114, "restaurant_name": "建國中學早餐部(連大莊企業有限公司)", "address": "臺北市中正區南海路56號", "rating_result": "優"}, "geometry": {"type": "Point", "coordinates": [121.51217742373498, 25.031210045336888]}}, {"type": "Feature", "properties": {"city": "臺北市", "district": "士林區", "award_year": 114, "restaurant_name": "十盛-台北士林店", "address": "臺北市士林區中正路235巷24號1樓", "rating_result": "優"}, "geometry": {"type": "Point", "coordinates": [121.52612105728228, 25.094576661064057]}}, {"type": "Feature", "properties": {"city": "臺北市", "district": "士林區", "award_year": 114, "restaurant_name": "豚之家有限公司", "address": "臺北市士林區中山北路5段523號1樓", "rating_result": "優"}, "geometry": {"type": "Point", "coordinates": [121.5278333296163, 25.094012705647263]}}, {"type": "Feature", "properties": {"city": "臺北市", "district": "士林區", "award_year": 114, "restaurant_name": "堤諾義大利比薩 Tino's Pizza 士林中正門市", "address": "臺北市士林區中正路209號1樓", "rating_result": "優"}, "geometry": {"type": "Point", "coordinates": [121.52668994313287, 25.095334802428788]}}, {"type": "Feature", "properties": {"city": "臺北市", "district": "士林區", "award_year": 114, "restaurant_name": "小紅帽麵包", "address": "臺北市士林區中正路235巷26號1樓", "rating_result": "優"}, "geometry": {"type": "Point", "coordinates": [121.52613563298382, 25.09453313379747]}}, {"type": "Feature", "properties": {"city": "臺北市", "district": "士林區", "award_year": 114, "restaurant_name": "堤亞摩事業有限公司", "address": "臺北市士林區中正路210之5號", "rating_result": "優"}, "geometry": {"type": "Point", "coordinates": [121.52647289599172, 25.095617248433328]}}, {"type": "Feature", "properties": {"city": "臺北市", "district": "士林區", "award_year": 114, "restaurant_name": "Bar DAD", "address": "臺北市士林區中山北路5段505巷24號1樓", "rating_result": "優"}, "geometry": {"type": "Point", "coordinates": [121.5270523461249, 25.0931174360226]}}, {"type": "Feature", "properties": {"city": "臺北市", "district": "士林區", "award_year": 114, "restaurant_name": "2派克脆皮雞排", "address": "臺北市士林區文林路404巷21號", "rating_result": "優"}, "geometry": {"type": "Point", "coordinates": [121.52571819382503, 25.094335758628155]}}, {"type": "Feature", "properties": {"city": "臺北市", "district": "士林區", "award_year": 114, "restaurant_name": "士林9份芋圓", "address": "臺北市士林區文林路493號1樓", "rating_result": "優"}, "geometry": {"type": "Point", "coordinates": [121.52416657692217, 25.096322777319962]}}, {"type": "Feature", "properties": {"city": "臺北市", "district": "士林區", "award_year": 114, "restaurant_name": "Bremen不萊梅", "address": "臺北市士林區文林路514之1號1、2樓", "rating_result": "優"}, "geometry": {"type": "Point", "coordinates": [121.52416885410268, 25.097096865087487]}}, {"type": "Feature", "properties": {"city": "臺北市", "district": "士林區", "award_year": 114, "restaurant_name": "大塊牛排", "address": "臺北市士林區文林路341號", "rating_result": "優"}, "geometry": {"type": "Point", "coordinates": [121.52557676976151, 25.09268754170319]}}, {"type": "Feature", "properties": {"city": "臺北市", "district": "士林區", "award_year": 114, "restaurant_name": "小聚人複合式餐飲", "address": "臺北市士林區文林路527號1樓", "rating_result": "優"}, "geometry": {"type": "Point", "coordinates": [121.52395798349765, 25.09712508163296]}}, {"type": "Feature", "properties": {"city": "臺北市", "district": "士林區", "award_year": 114, "restaurant_name": "南美咖啡", "address": "臺北市士林區文林路446號1樓", "rating_result": "優"}, "geometry": {"type": "Point", "coordinates": [121.52464748754565, 25.095307126520563]}}, {"type": "Feature", "properties": {"city": "臺北市", "district": "士林區", "award_year": 114, "restaurant_name": "怡客咖啡股份有限公司", "address": "臺北市士林區中正路231號", "rating_result": "優"}, "geometry": {"type": "Point", "coordinates": [121.52609683640343, 25.095199241409844]}}, {"type": "Feature", "properties": {"city": "臺北市", "district": "士林區", "award_year": 114, "restaurant_name": "永和豆漿-文林店", "address": "臺北市士林區文林路526號", "rating_result": "優"}, "geometry": {"type": "Point", "coordinates": [121.52412258101161, 25.097187542779718]}}, {"type": "Feature", "properties": {"city": "臺北市", "district": "士林區", "award_year": 114, "restaurant_name": "歐品鄉廚餐坊", "address": "臺北市士林區中正路235巷32號", "rating_result": "優"}, "geometry": {"type": "Point", "coordinates": [121.52617284062099, 25.094422029102642]}}, {"type": "Feature", "properties": {"city": "臺北市", "district": "士林區", "award_year": 114, "restaurant_name": "得正", "address": "臺北市士林區中正路235巷28號", "rating_result": "優"}, "geometry": {"type": "Point", "coordinates": [121.52614782020488, 25.094496746604477]}}, {"type": "Feature", "properties": {"city": "臺北市", "district": "士林區", "award_year": 114, "restaurant_name": "老虎醬溫州大餛飩", "address": "臺北市士林區中正路235巷30號", "rating_result": "優"}, "geometry": {"type": "Point", "coordinates": [121.52616027168833, 25.094459564087078]}}, {"type": "Feature", "properties": {"city": "臺北市", "district": "士林區", "award_year": 114, "restaurant_name": "50嵐", "address": "臺北市士林區中正路235巷38號", "rating_result": "優"}, "geometry": {"type": "Point", "coordinates": [121.52621346441659, 25.094300702525917]}}, {"type": "Feature", "properties": {"city": "臺北市", "district": "士林區", "award_year": 114, "restaurant_name": "龜記茗品", "address": "臺北市士林區中正路235巷40號", "rating_result": "優"}, "geometry": {"type": "Point", "coordinates": [121.52622808888312, 25.094257003671807]}}, {"type": "Feature", "properties": {"city": "臺北市", "district": "士林區", "award_year": 114, "restaurant_name": "有小癮個人酸菜魚 士林中正店", "address": "臺北市士林區中正路235巷41號", "rating_result": "優"}, "geometry": {"type": "Point", "coordinates": [121.52631923461988, 25.094177671288968]}}, {"type": "Feature", "properties": {"city": "臺北市", "district": "士林區", "award_year": 114, "restaurant_name": "花香見咖啡烘焙工作室", "address": "臺北市士林區中正路235巷57號", "rating_result": "優"}, "geometry": {"type": "Point", "coordinates": [121.52642205266403, 25.093721031864707]}}, {"type": "Feature", "properties": {"city": "臺北市", "district": "士林區", "award_year": 114, "restaurant_name": "牛有廖", "address": "臺北市士林區美德街16巷8號", "rating_result": "優"}, "geometry": {"type": "Point", "coordinates": [121.52569437339544, 25.094392885100238]}}, {"type": "Feature", "properties": {"city": "臺北市", "district": "士林區", "award_year": 114, "restaurant_name": "有幸福咖啡", "address": "臺北市士林區美德街21號1樓", "rating_result": "優"}, "geometry": {"type": "Point", "coordinates": [121.52529731273613, 25.09444356434733]}}, {"type": "Feature", "properties": {"city": "臺北市", "district": "士林區", "award_year": 114, "restaurant_name": "第二人生咖啡館士林店", "address": "臺北市士林區美德街74號1樓", "rating_result": "優"}, "geometry": {"type": "Point", "coordinates": [121.5250519474418, 25.095776383502493]}}, {"type": "Feature", "properties": {"city": "臺北市", "district": "文山區", "award_year": 114, "restaurant_name": "臺北市政府社會局委託佳醫長照社團法人經營管理臺北市兆如老人安養護中心", "address": "臺北市文山區政大二街129號", "rating_result": "優"}, "geometry": {"type": "Point", "coordinates": [121.58419328760762, 24.989314768554067]}}, {"type": "Feature", "properties": {"city": "臺北市", "district": "大安區", "award_year": 114, "restaurant_name": "順成蛋糕-忠孝一店", "address": "臺北市大安區敦化南路1段212號", "rating_result": "優"}, "geometry": {"type": "Point", "coordinates": [121.54847060328484, 25.041260482832175]}}, {"type": "Feature", "properties": {"city": "臺北市", "district": "信義區", "award_year": 114, "restaurant_name": "初魚鮨 初魚鉄板料亭-臺北101店", "address": "臺北市信義區市府路45號4樓", "rating_result": "優"}, "geometry": {"type": "Point", "coordinates": [121.56390405307721, 25.034026196672773]}}, {"type": "Feature", "properties": {"city": "臺北市", "district": "信義區", "award_year": 114, "restaurant_name": "焦糖楓-永吉店", "address": "臺北市信義區永吉路30巷120號", "rating_result": "優"}, "geometry": {"type": "Point", "coordinates": [121.56866937653216, 25.043020259081022]}}, {"type": "Feature", "properties": {"city": "臺北市", "district": "信義區", "award_year": 114, "restaurant_name": "拿坡里披薩炸雞永吉店", "address": "臺北市信義區永吉路343號1樓", "rating_result": "優"}, "geometry": {"type": "Point", "coordinates": [121.57617814184862, 25.045651620033198]}}, {"type": "Feature", "properties": {"city": "臺北市", "district": "信義區", "award_year": 114, "restaurant_name": "興葉蚵仔煎-臺北101店", "address": "臺北市信義區市府路45號B1", "rating_result": "優"}, "geometry": {"type": "Point", "coordinates": [121.56390405307721, 25.034026196672773]}}, {"type": "Feature", "properties": {"city": "臺北市", "district": "南港區", "award_year": 114, "restaurant_name": "紅蕃茄醬早餐-南港高工", "address": "臺北市南港區興中路29號", "rating_result": "優"}, "geometry": {"type": "Point", "coordinates": [121.60719193859775, 25.056334701611778]}}, {"type": "Feature", "properties": {"city": "臺北市", "district": "南港區", "award_year": 114, "restaurant_name": "甜品美食屋-南港高工", "address": "臺北市南港區興中路29號", "rating_result": "優"}, "geometry": {"type": "Point", "coordinates": [121.60719193859775, 25.056334701611778]}}, {"type": "Feature", "properties": {"city": "臺北市", "district": "南港區", "award_year": 114, "restaurant_name": "第一餐盒股份有限公司", "address": "臺北市南港區重陽路263巷8號2樓", "rating_result": "優"}, "geometry": {"type": "Point", "coordinates": [121.60298239393681, 25.05834574071676]}}, {"type": "Feature", "properties": {"city": "臺北市", "district": "文山區", "award_year": 114, "restaurant_name": "靜心學校財團法人臺北市私立靜心高級中等學校(上林餐飲事業股份有限公司)", "address": "臺北市文山區興隆路2段46號B1", "rating_result": "優"}, "geometry": {"type": "Point", "coordinates": [121.54667250451041, 24.998959950173976]}}, {"type": "Feature", "properties": {"city": "臺北市", "district": "文山區", "award_year": 114, "restaurant_name": "萬芳高中早餐部(連大莊企業有限公司)", "address": "臺北市文山區興隆路3段115巷1號", "rating_result": "優"}, "geometry": {"type": "Point", "coordinates": [121.55878117208843, 25.000558772256255]}}, {"type": "Feature", "properties": {"city": "臺北市", "district": "大安區", "award_year": 114, "restaurant_name": "焦糖楓-通化店", "address": "臺北市大安區通化街48號", "rating_result": "優"}, "geometry": {"type": "Point", "coordinates": [121.55413944969227, 25.030692932527455]}}, {"type": "Feature", "properties": {"city": "臺北市", "district": "中正區", "award_year": 114, "restaurant_name": "焦糖楓-南機場店", "address": "臺北市中正區中華路2段307巷15號", "rating_result": "優"}, "geometry": {"type": "Point", "coordinates": [121.50571379837199, 25.02918603948945]}}, {"type": "Feature", "properties": {"city": "臺北市", "district": "萬華區", "award_year": 114, "restaurant_name": "焦糖楓-西門店", "address": "臺北市萬華區成都路46號", "rating_result": "優"}, "geometry": {"type": "Point", "coordinates": [121.50627778769626, 25.042593293954322]}}, {"type": "Feature", "properties": {"city": "臺北市", "district": "中山區", "award_year": 114, "restaurant_name": "拿坡里披薩炸雞龍江店", "address": "臺北市中山區龍江路303號", "rating_result": "優"}, "geometry": {"type": "Point", "coordinates": [121.54085707692614, 25.06094221469497]}}, {"type": "Feature", "properties": {"city": "臺北市", "district": "士林區", "award_year": 114, "restaurant_name": "小胖擼串士林店", "address": "臺北市士林區中山北路5段505巷23號", "rating_result": "優"}, "geometry": {"type": "Point", "coordinates": [121.52726027261751, 25.09318114536433]}}, {"type": "Feature", "properties": {"city": "臺北市", "district": "士林區", "award_year": 114, "restaurant_name": "萃茶風", "address": "臺北市士林區承德路5段55號", "rating_result": "優"}, "geometry": {"type": "Point", "coordinates": [121.51416930475014, 25.096835135824783]}}, {"type": "Feature", "properties": {"city": "臺北市", "district": "中山區", "award_year": 114, "restaurant_name": "家傳膳食有限公司", "address": "臺北市中山區樂群三路56號5樓", "rating_result": "優"}, "geometry": {"type": "Point", "coordinates": [121.55283468729745, 25.082475326003106]}}, {"type": "Feature", "properties": {"city": "臺北市", "district": "中山區", "award_year": 114, "restaurant_name": "中山女高熟食部", "address": "臺北市中山區長安東路2段141號", "rating_result": "優"}, "geometry": {"type": "Point", "coordinates": [121.5371613375072, 25.048531576263947]}}, {"type": "Feature", "properties": {"city": "臺北市", "district": "中山區", "award_year": 114, "restaurant_name": "拿坡里披薩炸雞松江店", "address": "臺北市中山區松江路42號", "rating_result": "優"}, "geometry": {"type": "Point", "coordinates": [121.53273527042943, 25.047737047815904]}}, {"type": "Feature", "properties": {"city": "臺北市", "district": "中山區", "award_year": 114, "restaurant_name": "大同高中早餐部（連大莊企業有限公司）", "address": "臺北市中山區長春路167號", "rating_result": "優"}, "geometry": {"type": "Point", "coordinates": [121.5351084233251, 25.05498628040277]}}, {"type": "Feature", "properties": {"city": "臺北市", "district": "松山區", "award_year": 114, "restaurant_name": "但馬家涮涮鍋", "address": "臺北市松山區敦化北路166號3樓", "rating_result": "優"}, "geometry": {"type": "Point", "coordinates": [121.54840743870649, 25.055589970757435]}}, {"type": "Feature", "properties": {"city": "臺北市", "district": "中山區", "award_year": 114, "restaurant_name": "JR東日本大飯店臺北-Platform", "address": "臺北市中山區南京東路3段133號1樓", "rating_result": "優"}, "geometry": {"type": "Point", "coordinates": [121.54125755052995, 25.052185434775723]}}, {"type": "Feature", "properties": {"city": "臺北市", "district": "中山區", "award_year": 114, "restaurant_name": "JR東日本大飯店臺北-The Bar", "address": "臺北市中山區南京東路3段133號3樓", "rating_result": "優"}, "geometry": {"type": "Point", "coordinates": [121.54125755052995, 25.052185434775723]}}, {"type": "Feature", "properties": {"city": "臺北市", "district": "中山區", "award_year": 114, "restaurant_name": "火鍋世家（民生ㄧ店）", "address": "臺北市中山區民生東路2段75號", "rating_result": "優"}, "geometry": {"type": "Point", "coordinates": [121.53048966747313, 25.058116393001978]}}, {"type": "Feature", "properties": {"city": "臺北市", "district": "中山區", "award_year": 114, "restaurant_name": "米哥烘焙坊-農安門市", "address": "臺北市中山區農安街12之6號", "rating_result": "優"}, "geometry": {"type": "Point", "coordinates": [121.52403896803477, 25.064857666172294]}}, {"type": "Feature", "properties": {"city": "臺北市", "district": "大安區", "award_year": 114, "restaurant_name": "焦糖楓-忠孝店", "address": "臺北市大安區忠孝東路4段10號1樓", "rating_result": "優"}, "geometry": {"type": "Point", "coordinates": [121.54419690125933, 25.041409851584824]}}, {"type": "Feature", "properties": {"city": "臺北市", "district": "內湖區", "award_year": 114, "restaurant_name": "拿坡里披薩炸雞東湖店", "address": "臺北市內湖區東湖路161號", "rating_result": "優"}, "geometry": {"type": "Point", "coordinates": [121.61755672776978, 25.06807272668032]}}, {"type": "Feature", "properties": {"city": "臺北市", "district": "內湖區", "award_year": 114, "restaurant_name": "國泰內湖產後護理之家", "address": "臺北市內湖區瑞光路337號C棟13樓", "rating_result": "優"}, "geometry": {"type": "Point", "coordinates": [121.575545878909, 25.07786514298427]}}, {"type": "Feature", "properties": {"city": "臺北市", "district": "內湖區", "award_year": 114, "restaurant_name": "一条通-舊宗門市", "address": "臺北市內湖區舊宗路1段128號1樓", "rating_result": "優"}, "geometry": {"type": "Point", "coordinates": [121.57832041256198, 25.060962986968747]}}, {"type": "Feature", "properties": {"city": "臺北市", "district": "大安區", "award_year": 114, "restaurant_name": "小李米粉湯", "address": "臺北市大安區師大路39巷17號", "rating_result": "優"}, "geometry": {"type": "Point", "coordinates": [121.52917820441837, 25.02464969045267]}}, {"type": "Feature", "properties": {"city": "臺北市", "district": "大安區", "award_year": 114, "restaurant_name": "阿諾可麗餅", "address": "臺北市大安區師大路39巷1號1樓", "rating_result": "優"}, "geometry": {"type": "Point", "coordinates": [121.52876594162008, 25.024710427477068]}}, {"type": "Feature", "properties": {"city": "臺北市", "district": "信義區", "award_year": 114, "restaurant_name": "統鮮美食駐外三興國小廚房", "address": "臺北市信義區基隆路2段99號", "rating_result": "優"}, "geometry": {"type": "Point", "coordinates": [121.55802696214077, 25.0297204036131]}}, {"type": "Feature", "properties": {"city": "臺北市", "district": "中山區", "award_year": 114, "restaurant_name": "排排沾 - 美麗華店", "address": "臺北市中山區敬業三路22號B1", "rating_result": "優"}, "geometry": {"type": "Point", "coordinates": [121.55770985761816, 25.083231337957105]}}, {"type": "Feature", "properties": {"city": "臺北市", "district": "中山區", "award_year": 114, "restaurant_name": "日春木瓜牛奶 - 美麗華", "address": "臺北市中山區敬業三路22號B1", "rating_result": "優"}, "geometry": {"type": "Point", "coordinates": [121.55770985761816, 25.083231337957105]}}, {"type": "Feature", "properties": {"city": "臺北市", "district": "中山區", "award_year": 114, "restaurant_name": "鴨覓 - 美麗華店", "address": "臺北市中山區敬業三路22號5樓", "rating_result": "優"}, "geometry": {"type": "Point", "coordinates": [121.55770985761816, 25.083231337957105]}}, {"type": "Feature", "properties": {"city": "臺北市", "district": "內湖區", "award_year": 114, "restaurant_name": "壬甲健康饗食館(南湖高中學生餐廳)", "address": "臺北市內湖區康寧路3段220號", "rating_result": "優"}, "geometry": {"type": "Point", "coordinates": [121.61112955771726, 25.06690232225829]}}, {"type": "Feature", "properties": {"city": "臺北市", "district": "大安區", "award_year": 114, "restaurant_name": "米哥烘焙坊-東門店", "address": "臺北市大安區金山南路2段2號", "rating_result": "優"}, "geometry": {"type": "Point", "coordinates": [121.52705910457333, 25.03382205956429]}}, {"type": "Feature", "properties": {"city": "臺北市", "district": "大安區", "award_year": 114, "restaurant_name": "上官木桶鍋(樂利店)", "address": "臺北市大安區樂利路52號", "rating_result": "優"}, "geometry": {"type": "Point", "coordinates": [121.55165920237013, 25.026393469254995]}}, {"type": "Feature", "properties": {"city": "臺北市", "district": "大安區", "award_year": 114, "restaurant_name": "好食多涮涮鍋-大安店", "address": "臺北市大安區大安路1段19巷8號1樓", "rating_result": "優"}, "geometry": {"type": "Point", "coordinates": [121.54658743017725, 25.044346603377846]}}, {"type": "Feature", "properties": {"city": "臺北市", "district": "文山區", "award_year": 114, "restaurant_name": "Q Burger 文山光輝店", "address": "臺北市文山區木柵路1段270、274號1樓", "rating_result": "優"}, "geometry": {"type": "Point", "coordinates": [121.55471333218864, 24.98801284439143]}}, {"type": "Feature", "properties": {"city": "臺北市", "district": "文山區", "award_year": 114, "restaurant_name": "景美熱食部(連大莊企業有限公司)", "address": "臺北市文山區木新路3段312號", "rating_result": "優"}, "geometry": {"type": "Point", "coordinates": [121.5562283624147, 24.98074172370626]}}, {"type": "Feature", "properties": {"city": "臺北市", "district": "大安區", "award_year": 114, "restaurant_name": "大台北平價滷味", "address": "臺北市大安區龍泉街54號前", "rating_result": "優"}, "geometry": {"type": "Point", "coordinates": [121.52934218655838, 25.023867819005368]}}, {"type": "Feature", "properties": {"city": "臺北市", "district": "文山區", "award_year": 114, "restaurant_name": "景美早餐部(連大莊企業有限公司)", "address": "臺北市文山區木新路3段312號", "rating_result": "優"}, "geometry": {"type": "Point", "coordinates": [121.5562283624147, 24.98074172370626]}}, {"type": "Feature", "properties": {"city": "臺北市", "district": "士林區", "award_year": 114, "restaurant_name": "士林家人涼麵", "address": "臺北市士林區文林路404巷21號1樓", "rating_result": "優"}, "geometry": {"type": "Point", "coordinates": [121.52571819382503, 25.094335758628155]}}, {"type": "Feature", "properties": {"city": "臺北市", "district": "士林區", "award_year": 114, "restaurant_name": "TWOS早午餐Brunch Cafe專賣店", "address": "臺北市士林區中正路235巷21號", "rating_result": "優"}, "geometry": {"type": "Point", "coordinates": [121.52616912919737, 25.09463695388207]}}, {"type": "Feature", "properties": {"city": "臺北市", "district": "士林區", "award_year": 114, "restaurant_name": "貳貳参商號", "address": "臺北市士林區中正路223巷11號", "rating_result": "優"}, "geometry": {"type": "Point", "coordinates": [121.5263864599177, 25.09488727734525]}}, {"type": "Feature", "properties": {"city": "臺北市", "district": "士林區", "award_year": 114, "restaurant_name": "靜心健康素食坊", "address": "臺北市士林區美德街26號", "rating_result": "優"}, "geometry": {"type": "Point", "coordinates": [121.5255055754756, 25.094608452470602]}}, {"type": "Feature", "properties": {"city": "臺北市", "district": "南港區", "award_year": 114, "restaurant_name": "Krispy Kreme-南港環球", "address": "臺北市南港區忠孝東路7段371號B1", "rating_result": "優"}, "geometry": {"type": "Point", "coordinates": [121.60749628912814, 25.052571101616007]}}, {"type": "Feature", "properties": {"city": "臺北市", "district": "南港區", "award_year": 114, "restaurant_name": "石研室爆炒石頭火鍋-南港中信店", "address": "臺北市南港區經貿二路186號C棟3樓", "rating_result": "優"}, "geometry": {"type": "Point", "coordinates": [121.61518623693459, 25.059223278430547]}}, {"type": "Feature", "properties": {"city": "臺北市", "district": "南港區", "award_year": 114, "restaurant_name": "青花驕台北南港車站店", "address": "臺北市南港區忠孝東路7段299號9樓", "rating_result": "優"}, "geometry": {"type": "Point", "coordinates": [121.60479249830898, 25.05236351057518]}}, {"type": "Feature", "properties": {"city": "臺北市", "district": "南港區", "award_year": 114, "restaurant_name": "火鍋世家(南港興中店)", "address": "臺北市南港區興中路12巷25號1樓", "rating_result": "優"}, "geometry": {"type": "Point", "coordinates": [121.60644409963088, 25.055027487439823]}}, {"type": "Feature", "properties": {"city": "臺北市", "district": "松山區", "award_year": 114, "restaurant_name": "第一餐盒股份有限公司 (健康國小群組)", "address": "臺北市松山區三民路43巷1號", "rating_result": "優"}, "geometry": {"type": "Point", "coordinates": [121.56346923159677, 25.055976535526028]}}, {"type": "Feature", "properties": {"city": "臺北市", "district": "中山區", "award_year": 114, "restaurant_name": "八色MiNi - 美麗華", "address": "臺北市中山區敬業三路20號B1", "rating_result": "優"}, "geometry": {"type": "Point", "coordinates": [121.55669866517155, 25.083374664366772]}}, {"type": "Feature", "properties": {"city": "臺北市", "district": "士林區", "award_year": 114, "restaurant_name": "黑豆坊咖啡", "address": "臺北市士林區中山北路5段527號1樓", "rating_result": "優"}, "geometry": {"type": "Point", "coordinates": [121.52784576452504, 25.094080772650518]}}, {"type": "Feature", "properties": {"city": "臺北市", "district": "士林區", "award_year": 114, "restaurant_name": "雅力根坊", "address": "臺北市士林區中山北路5段511號", "rating_result": "優"}, "geometry": {"type": "Point", "coordinates": [121.52780199794834, 25.09383522251048]}}, {"type": "Feature", "properties": {"city": "臺北市", "district": "士林區", "award_year": 114, "restaurant_name": "米太丰手作飯糰-士林店", "address": "臺北市士林區中正路235巷22號", "rating_result": "優"}, "geometry": {"type": "Point", "coordinates": [121.52610764030293, 25.0946175933998]}}, {"type": "Feature", "properties": {"city": "臺北市", "district": "士林區", "award_year": 114, "restaurant_name": "Banana  Bleu-士林店", "address": "臺北市士林區中正路182號", "rating_result": "優"}, "geometry": {"type": "Point", "coordinates": [121.52727977732299, 25.095794604899154]}}, {"type": "Feature", "properties": {"city": "臺北市", "district": "士林區", "award_year": 114, "restaurant_name": "松屋-士林中正店", "address": "臺北市士林區中正路208號", "rating_result": "優"}, "geometry": {"type": "Point", "coordinates": [121.5266087210963, 25.095639353776647]}}, {"type": "Feature", "properties": {"city": "臺北市", "district": "士林區", "award_year": 114, "restaurant_name": "UG-士林捷運店", "address": "臺北市士林區中正路235巷22號", "rating_result": "優"}, "geometry": {"type": "Point", "coordinates": [121.52610764030293, 25.0946175933998]}}, {"type": "Feature", "properties": {"city": "臺北市", "district": "士林區", "award_year": 114, "restaurant_name": "隱咖哩", "address": "臺北市士林區中山北路5段505巷1號", "rating_result": "優"}, "geometry": {"type": "Point", "coordinates": [121.52744650198412, 25.093294664722837]}}, {"type": "Feature", "properties": {"city": "臺北市", "district": "中正區", "award_year": 114, "restaurant_name": "上官木桶鍋(中正店)", "address": "臺北市中正區南昌路1段97號1樓", "rating_result": "優"}, "geometry": {"type": "Point", "coordinates": [121.51801332363819, 25.03030301894909]}}, {"type": "Feature", "properties": {"city": "臺北市", "district": "士林區", "award_year": 114, "restaurant_name": "熊吞炭火日式燒肉丼飯", "address": "臺北市士林區福壽街37號", "rating_result": "優"}, "geometry": {"type": "Point", "coordinates": [121.52548225376849, 25.096427375388433]}}, {"type": "Feature", "properties": {"city": "臺北市", "district": "萬華區", "award_year": 114, "restaurant_name": "拿坡里披薩炸雞西園店", "address": "臺北市萬華區西園路2段244號", "rating_result": "優"}, "geometry": {"type": "Point", "coordinates": [121.49490804197436, 25.02812281878331]}}, {"type": "Feature", "properties": {"city": "臺北市", "district": "南港區", "award_year": 114, "restaurant_name": "第一餐盒股份有限公司 (玉成國小群組)", "address": "臺北市南港區昆陽街9號旁巷子內", "rating_result": "優"}, "geometry": {"type": "Point", "coordinates": [121.59254048457554, 25.053650195078742]}}, {"type": "Feature", "properties": {"city": "臺北市", "district": "中正區", "award_year": 114, "restaurant_name": "建中熱食部(連大莊企業有限公司)", "address": "臺北市中正區南海路56號", "rating_result": "優"}, "geometry": {"type": "Point", "coordinates": [121.51217742373498, 25.031210045336888]}}, {"type": "Feature", "properties": {"city": "臺北市", "district": "信義區", "award_year": 114, "restaurant_name": "12MINI快煮鍋-統一時代店", "address": "臺北市信義區忠孝東路5段8號B2", "rating_result": "優"}, "geometry": {"type": "Point", "coordinates": [121.56541702973843, 25.040864621547676]}}, {"type": "Feature", "properties": {"city": "臺北市", "district": "信義區", "award_year": 114, "restaurant_name": "COMEME-統一時代店", "address": "臺北市信義區忠孝東路5段8號B2", "rating_result": "優"}, "geometry": {"type": "Point", "coordinates": [121.56541702973843, 25.040864621547676]}}, {"type": "Feature", "properties": {"city": "臺北市", "district": "信義區", "award_year": 114, "restaurant_name": "龜記-統一時代店", "address": "臺北市信義區忠孝東路5段8號B2", "rating_result": "優"}, "geometry": {"type": "Point", "coordinates": [121.56541702973843, 25.040864621547676]}}, {"type": "Feature", "properties": {"city": "臺北市", "district": "信義區", "award_year": 114, "restaurant_name": "魚君-統一時代店", "address": "臺北市信義區忠孝東路5段8號B2", "rating_result": "優"}, "geometry": {"type": "Point", "coordinates": [121.56541702973843, 25.040864621547676]}}, {"type": "Feature", "properties": {"city": "臺北市", "district": "信義區", "award_year": 114, "restaurant_name": "麵屋一燈-統一時代店", "address": "臺北市信義區忠孝東路5段8號B2", "rating_result": "優"}, "geometry": {"type": "Point", "coordinates": [121.56541702973843, 25.040864621547676]}}, {"type": "Feature", "properties": {"city": "臺北市", "district": "大同區", "award_year": 114, "restaurant_name": "薩莉亞-重慶家樂福店", "address": "臺北市大同區重慶北路2段171號", "rating_result": "優"}, "geometry": {"type": "Point", "coordinates": [121.51382812947165, 25.059021918394986]}}, {"type": "Feature", "properties": {"city": "臺北市", "district": "大同區", "award_year": 114, "restaurant_name": "丸龜-重慶家樂福店", "address": "臺北市大同區重慶北路2段171號", "rating_result": "優"}, "geometry": {"type": "Point", "coordinates": [121.51382812947165, 25.059021918394986]}}, {"type": "Feature", "properties": {"city": "臺北市", "district": "大同區", "award_year": 114, "restaurant_name": "三商巧福-重慶店", "address": "臺北市大同區重慶北路2段171號", "rating_result": "優"}, "geometry": {"type": "Point", "coordinates": [121.51382812947165, 25.059021918394986]}}, {"type": "Feature", "properties": {"city": "臺北市", "district": "大同區", "award_year": 114, "restaurant_name": "台北互舍酒店｜HUs Restaurant互餐廳", "address": "臺北市大同區重慶北路2段172號2樓", "rating_result": "優"}, "geometry": {"type": "Point", "coordinates": [121.5134549937857, 25.059389978753817]}}, {"type": "Feature", "properties": {"city": "臺北市", "district": "北投區", "award_year": 114, "restaurant_name": "八方悅鍋物(石牌立農店)", "address": "臺北市北投區立農街2段295號1樓", "rating_result": "優"}, "geometry": {"type": "Point", "coordinates": [121.51599123189686, 25.11874262580559]}}, {"type": "Feature", "properties": {"city": "臺北市", "district": "士林區", "award_year": 114, "restaurant_name": "爭厚厚切牛排-士林店", "address": "臺北市士林區中山北路5段547號", "rating_result": "優"}, "geometry": {"type": "Point", "coordinates": [121.5278982493689, 25.09461547617866]}}, {"type": "Feature", "properties": {"city": "臺北市", "district": "士林區", "award_year": 114, "restaurant_name": "荷麵亭-士林店", "address": "臺北市士林區中山北路5段505巷42弄2號", "rating_result": "優"}, "geometry": {"type": "Point", "coordinates": [121.52664164427244, 25.093179845190473]}}, {"type": "Feature", "properties": {"city": "臺北市", "district": "士林區", "award_year": 114, "restaurant_name": "巧克力雲莊-士林店", "address": "臺北市士林區中山北路5段505巷32號1樓", "rating_result": "優"}, "geometry": {"type": "Point", "coordinates": [121.52682400436399, 25.092994996644762]}}, {"type": "Feature", "properties": {"city": "臺北市", "district": "士林區", "award_year": 114, "restaurant_name": "TAKEAWAY COFFEE", "address": "臺北市士林區中正路213巷2之1號", "rating_result": "優"}, "geometry": {"type": "Point", "coordinates": [121.5265521667057, 25.09512645574738]}}, {"type": "Feature", "properties": {"city": "臺北市", "district": "士林區", "award_year": 114, "restaurant_name": "順成蛋糕-士林店", "address": "臺北市士林區中正路230號", "rating_result": "優"}, "geometry": {"type": "Point", "coordinates": [121.52585636861609, 25.09546910677459]}}, {"type": "Feature", "properties": {"city": "臺北市", "district": "士林區", "award_year": 114, "restaurant_name": "順成蛋糕-忠誠店", "address": "臺北市士林區忠誠路2段142號1樓", "rating_result": "優"}, "geometry": {"type": "Point", "coordinates": [121.53237847696138, 25.11459331587038]}}, {"type": "Feature", "properties": {"city": "臺北市", "district": "北投區", "award_year": 114, "restaurant_name": "八方悅鍋物(北投永興店)", "address": "臺北市北投區永興路1段54號", "rating_result": "優"}, "geometry": {"type": "Point", "coordinates": [121.50071281957636, 25.13949998450348]}}, {"type": "Feature", "properties": {"city": "臺北市", "district": "北投區", "award_year": 114, "restaurant_name": "統鮮美食駐外北投國小廚房", "address": "臺北市北投區中央北路1段73號", "rating_result": "優"}, "geometry": {"type": "Point", "coordinates": [121.50042588453366, 25.134005445592873]}}, {"type": "Feature", "properties": {"city": "臺北市", "district": "士林區", "award_year": 114, "restaurant_name": "Q Burger 士林福港店", "address": "臺北市士林區福港街292號", "rating_result": "優"}, "geometry": {"type": "Point", "coordinates": [121.5177062568556, 25.08268929999832]}}, {"type": "Feature", "properties": {"city": "臺北市", "district": "信義區", "award_year": 114, "restaurant_name": "默爾 pasta pizza-統一時代店", "address": "臺北市信義區忠孝東路5段8號7樓", "rating_result": "優"}, "geometry": {"type": "Point", "coordinates": [121.56541702973843, 25.040864621547676]}}, {"type": "Feature", "properties": {"city": "臺北市", "district": "士林區", "award_year": 114, "restaurant_name": "燒肉LIKE-天母SOGO", "address": "臺北市士林區中山北路6段77號6樓", "rating_result": "優"}, "geometry": {"type": "Point", "coordinates": [121.52427805943859, 25.10500701264649]}}, {"type": "Feature", "properties": {"city": "臺北市", "district": "士林區", "award_year": 114, "restaurant_name": "四代目菊川-天母SOGO", "address": "臺北市士林區中山北路6段77號8樓", "rating_result": "優"}, "geometry": {"type": "Point", "coordinates": [121.52427805943859, 25.10500701264649]}}, {"type": "Feature", "properties": {"city": "臺北市", "district": "北投區", "award_year": 114, "restaurant_name": "台北北投雅樂軒酒店", "address": "臺北市北投區大業路300巷1號", "rating_result": "優"}, "geometry": {"type": "Point", "coordinates": [121.49816177286215, 25.128356071272233]}}, {"type": "Feature", "properties": {"city": "臺北市", "district": "北投區", "award_year": 114, "restaurant_name": "拿坡里披薩炸雞天母店", "address": "臺北市北投區天母西路109號", "rating_result": "優"}, "geometry": {"type": "Point", "coordinates": [121.5235638543941, 25.118867252546163]}}, {"type": "Feature", "properties": {"city": "臺北市", "district": "大安區", "award_year": 114, "restaurant_name": "響ART-師大店", "address": "臺北市大安區師大路49巷2號", "rating_result": "優"}, "geometry": {"type": "Point", "coordinates": [121.52877755806101, 25.02418341475728]}}, {"type": "Feature", "properties": {"city": "臺北市", "district": "大安區", "award_year": 114, "restaurant_name": "葵燒", "address": "臺北市大安區師大路49巷12號1樓", "rating_result": "優"}, "geometry": {"type": "Point", "coordinates": [121.52925202073736, 25.024204673647613]}}, {"type": "Feature", "properties": {"city": "臺北市", "district": "大安區", "award_year": 114, "restaurant_name": "鴨香煲小吃店", "address": "臺北市大安區師大路49巷13號", "rating_result": "優"}, "geometry": {"type": "Point", "coordinates": [121.52930977389943, 25.02434237228465]}}, {"type": "Feature", "properties": {"city": "臺北市", "district": "大安區", "award_year": 114, "restaurant_name": "燈籠滷味", "address": "臺北市大安區師大路43號", "rating_result": "優"}, "geometry": {"type": "Point", "coordinates": [121.52866116178153, 25.02452793425245]}}, {"type": "Feature", "properties": {"city": "臺北市", "district": "大安區", "award_year": 114, "restaurant_name": "燈籠滷味創始店", "address": "臺北市大安區師大路49巷9號", "rating_result": "優"}, "geometry": {"type": "Point", "coordinates": [121.52916127199238, 25.02433606464464]}}, {"type": "Feature", "properties": {"city": "臺北市", "district": "大安區", "award_year": 114, "restaurant_name": "雲鼎阿二麻辣食堂-師大店", "address": "臺北市大安區師大路55號", "rating_result": "優"}, "geometry": {"type": "Point", "coordinates": [121.52862438268869, 25.024069941050744]}}, {"type": "Feature", "properties": {"city": "臺北市", "district": "大安區", "award_year": 114, "restaurant_name": "迷客夏台北師大店", "address": "臺北市大安區師大路45之2號", "rating_result": "優"}, "geometry": {"type": "Point", "coordinates": [121.5286472210619, 25.024352826462717]}}, {"type": "Feature", "properties": {"city": "臺北市", "district": "士林區", "award_year": 114, "restaurant_name": "凹屋珈琲", "address": "臺北市士林區中山北路5段505巷18號", "rating_result": "良"}, "geometry": {"type": "Point", "coordinates": [121.52729746083644, 25.093290730275115]}}, {"type": "Feature", "properties": {"city": "臺北市", "district": "士林區", "award_year": 114, "restaurant_name": "小劉排骨便當專賣店", "address": "臺北市士林區文林路532號", "rating_result": "優"}, "geometry": {"type": "Point", "coordinates": [121.52430862522185, 25.097368176786734]}}, {"type": "Feature", "properties": {"city": "臺北市", "district": "士林區", "award_year": 114, "restaurant_name": "咖啡弄", "address": "臺北市士林區中正路253號2樓", "rating_result": "優"}, "geometry": {"type": "Point", "coordinates": [121.5250156033321, 25.09495876787279]}}, {"type": "Feature", "properties": {"city": "臺北市", "district": "士林區", "award_year": 114, "restaurant_name": "永和豆漿大王", "address": "臺北市士林區中正路215號", "rating_result": "優"}, "geometry": {"type": "Point", "coordinates": [121.52649774318412, 25.095293031513574]}}, {"type": "Feature", "properties": {"city": "臺北市", "district": "信義區", "award_year": 114, "restaurant_name": "うなぎ四代目菊かわ- 微風信義百貨店", "address": "臺北市信義區忠孝東路5段68號4樓", "rating_result": "優"}, "geometry": {"type": "Point", "coordinates": [121.5666938318801, 25.040647780585388]}}, {"type": "Feature", "properties": {"city": "臺北市", "district": "信義區", "award_year": 114, "restaurant_name": "東門御園坊-統一時代店", "address": "臺北市信義區忠孝東路5段8號B2", "rating_result": "優"}, "geometry": {"type": "Point", "coordinates": [121.56541702973843, 25.040864621547676]}}, {"type": "Feature", "properties": {"city": "臺北市", "district": "信義區", "award_year": 114, "restaurant_name": "蔬坊-統一時代店", "address": "臺北市信義區忠孝東路5段8號B2", "rating_result": "優"}, "geometry": {"type": "Point", "coordinates": [121.56541702973843, 25.040864621547676]}}, {"type": "Feature", "properties": {"city": "臺北市", "district": "內湖區", "award_year": 114, "restaurant_name": "巫佬包子", "address": "臺北市內湖區成功路2段325號B1", "rating_result": "優"}, "geometry": {"type": "Point", "coordinates": [121.5919821102814, 25.071800415956396]}}, {"type": "Feature", "properties": {"city": "臺北市", "district": "內湖區", "award_year": 114, "restaurant_name": "星巴克新內湖三總店", "address": "臺北市內湖區成功路2段325號B1", "rating_result": "優"}, "geometry": {"type": "Point", "coordinates": [121.5919821102814, 25.071800415956396]}}, {"type": "Feature", "properties": {"city": "臺北市", "district": "內湖區", "award_year": 114, "restaurant_name": "好蔬上三總店", "address": "臺北市內湖區成功路2段325號", "rating_result": "優"}, "geometry": {"type": "Point", "coordinates": [121.5919821102814, 25.071800415956396]}}, {"type": "Feature", "properties": {"city": "臺北市", "district": "內湖區", "award_year": 114, "restaurant_name": "潮膳堂-三總店", "address": "臺北市內湖區成功路2段325號B1", "rating_result": "優"}, "geometry": {"type": "Point", "coordinates": [121.5919821102814, 25.071800415956396]}}, {"type": "Feature", "properties": {"city": "臺北市", "district": "大安區", "award_year": 114, "restaurant_name": "de nuit", "address": "臺北市大安區信義路4段175號", "rating_result": "優"}, "geometry": {"type": "Point", "coordinates": [121.55052456674213, 25.03342920997707]}}, {"type": "Feature", "properties": {"city": "臺北市", "district": "士林區", "award_year": 114, "restaurant_name": "士林水煎包店(老蔡水煎包)", "address": "臺北市士林區中正路235巷18號1樓", "rating_result": "優"}, "geometry": {"type": "Point", "coordinates": [121.52608077089411, 25.09470046031703]}}, {"type": "Feature", "properties": {"city": "臺北市", "district": "士林區", "award_year": 114, "restaurant_name": "騰暉美食坊(傳統美食)", "address": "臺北市士林區中正路235巷3號", "rating_result": "優"}, "geometry": {"type": "Point", "coordinates": [121.5260540478943, 25.09498965559483]}}, {"type": "Feature", "properties": {"city": "臺北市", "district": "士林區", "award_year": 114, "restaurant_name": "貝斯特早餐店", "address": "臺北市士林區中正路235巷4號", "rating_result": "優"}, "geometry": {"type": "Point", "coordinates": [121.52600654110118, 25.094929242349295]}}, {"type": "Feature", "properties": {"city": "臺北市", "district": "士林區", "award_year": 114, "restaurant_name": "花嶼輕食館", "address": "臺北市士林區中正路235巷9號1樓", "rating_result": "優"}, "geometry": {"type": "Point", "coordinates": [121.5260954515893, 25.094862646562284]}}, {"type": "Feature", "properties": {"city": "臺北市", "district": "士林區", "award_year": 114, "restaurant_name": "一条通壽司", "address": "臺北市士林區文林路434號", "rating_result": "優"}, "geometry": {"type": "Point", "coordinates": [121.52482030764114, 25.094658444747214]}}, {"type": "Feature", "properties": {"city": "臺北市", "district": "士林區", "award_year": 114, "restaurant_name": "川鋪子28號", "address": "臺北市士林區美德街28號", "rating_result": "優"}, "geometry": {"type": "Point", "coordinates": [121.52537087716468, 25.094541741723745]}}, {"type": "Feature", "properties": {"city": "臺北市", "district": "士林區", "award_year": 114, "restaurant_name": "創義麵士林店", "address": "臺北市士林區美德街32號2樓", "rating_result": "優"}, "geometry": {"type": "Point", "coordinates": [121.52534808538766, 25.094636815018248]}}, {"type": "Feature", "properties": {"city": "臺北市", "district": "士林區", "award_year": 114, "restaurant_name": "鉄鍋門", "address": "臺北市士林區美德街34之1號", "rating_result": "優"}, "geometry": {"type": "Point", "coordinates": [121.52540287251419, 25.094755949476752]}}, {"type": "Feature", "properties": {"city": "臺北市", "district": "士林區", "award_year": 114, "restaurant_name": "泰揚雲泰主題餐廳", "address": "臺北市士林區美德街84號1樓", "rating_result": "優"}, "geometry": {"type": "Point", "coordinates": [121.52498317626538, 25.096042656382593]}}, {"type": "Feature", "properties": {"city": "臺北市", "district": "士林區", "award_year": 114, "restaurant_name": "流浪觀點義式餐坊", "address": "臺北市士林區福壽街13號1樓", "rating_result": "優"}, "geometry": {"type": "Point", "coordinates": [121.52559493588308, 25.095905136434375]}}, {"type": "Feature", "properties": {"city": "臺北市", "district": "士林區", "award_year": 114, "restaurant_name": "Modism Café 摩德年代", "address": "臺北市士林區中正路235巷29號", "rating_result": "優"}, "geometry": {"type": "Point", "coordinates": [121.52623468482489, 25.094436359825224]}}, {"type": "Feature", "properties": {"city": "臺北市", "district": "大安區", "award_year": 114, "restaurant_name": "Écru法式餐廳", "address": "臺北市大安區敦化南路1段177巷19號", "rating_result": "優"}, "geometry": {"type": "Point", "coordinates": [121.55038859301293, 25.043152344789764]}}, {"type": "Feature", "properties": {"city": "臺北市", "district": "萬華區", "award_year": 114, "restaurant_name": "炸雞大獅-桂林家樂福店", "address": "臺北市萬華區桂林路1號", "rating_result": "優"}, "geometry": {"type": "Point", "coordinates": [121.50630357557705, 25.037675439831208]}}, {"type": "Feature", "properties": {"city": "臺北市", "district": "萬華區", "award_year": 114, "restaurant_name": "BOBO TEA-桂林家樂福店", "address": "臺北市萬華區桂林路1號", "rating_result": "優"}, "geometry": {"type": "Point", "coordinates": [121.50630357557705, 25.037675439831208]}}, {"type": "Feature", "properties": {"city": "臺北市", "district": "萬華區", "award_year": 114, "restaurant_name": "麻膳堂-桂林家樂福店", "address": "臺北市萬華區桂林路1號", "rating_result": "優"}, "geometry": {"type": "Point", "coordinates": [121.50630357557705, 25.037675439831208]}}, {"type": "Feature", "properties": {"city": "臺北市", "district": "萬華區", "award_year": 114, "restaurant_name": "花月嵐-桂林家樂福店", "address": "臺北市萬華區桂林路1號", "rating_result": "優"}, "geometry": {"type": "Point", "coordinates": [121.50630357557705, 25.037675439831208]}}, {"type": "Feature", "properties": {"city": "臺北市", "district": "萬華區", "award_year": 114, "restaurant_name": "洋城義大利餐廳-桂林家樂福店", "address": "臺北市萬華區桂林路1號4樓", "rating_result": "優"}, "geometry": {"type": "Point", "coordinates": [121.50630357557705, 25.037675439831208]}}, {"type": "Feature", "properties": {"city": "臺北市", "district": "萬華區", "award_year": 114, "restaurant_name": "丸龜製麵-桂林家樂福店", "address": "臺北市萬華區桂林路1號4樓", "rating_result": "優"}, "geometry": {"type": "Point", "coordinates": [121.50630357557705, 25.037675439831208]}}, {"type": "Feature", "properties": {"city": "臺北市", "district": "萬華區", "award_year": 114, "restaurant_name": "品田牧場-桂林家樂福店", "address": "臺北市萬華區桂林路1號4樓", "rating_result": "優"}, "geometry": {"type": "Point", "coordinates": [121.50630357557705, 25.037675439831208]}}, {"type": "Feature", "properties": {"city": "臺北市", "district": "萬華區", "award_year": 114, "restaurant_name": "和民-桂林家樂福店", "address": "臺北市萬華區桂林路1號4樓", "rating_result": "優"}, "geometry": {"type": "Point", "coordinates": [121.50630357557705, 25.037675439831208]}}, {"type": "Feature", "properties": {"city": "臺北市", "district": "大安區", "award_year": 114, "restaurant_name": "華強小吃店", "address": "臺北市大安區雲和街2號", "rating_result": "優"}, "geometry": {"type": "Point", "coordinates": [121.52697189682887, 25.023714206111013]}}, {"type": "Feature", "properties": {"city": "臺北市", "district": "士林區", "award_year": 114, "restaurant_name": "陽光士林珮柏旅館", "address": "臺北市士林區福德路48巷6號1樓", "rating_result": "優"}, "geometry": {"type": "Point", "coordinates": [121.52322159578917, 25.09253428564516]}}, {"type": "Feature", "properties": {"city": "臺北市", "district": "內湖區", "award_year": 114, "restaurant_name": "老蔡水煎包-三總", "address": "臺北市內湖區成功路2段325號B1", "rating_result": "優"}, "geometry": {"type": "Point", "coordinates": [121.5919821102814, 25.071800415956396]}}, {"type": "Feature", "properties": {"city": "臺北市", "district": "內湖區", "award_year": 114, "restaurant_name": "安心購三總", "address": "臺北市內湖區成功路2段325號", "rating_result": "優"}, "geometry": {"type": "Point", "coordinates": [121.5919821102814, 25.071800415956396]}}, {"type": "Feature", "properties": {"city": "臺北市", "district": "內湖區", "award_year": 114, "restaurant_name": "朱記餡餅粥-內湖三總店", "address": "臺北市內湖區成功路2段325號B1", "rating_result": "優"}, "geometry": {"type": "Point", "coordinates": [121.5919821102814, 25.071800415956396]}}, {"type": "Feature", "properties": {"city": "臺北市", "district": "內湖區", "award_year": 114, "restaurant_name": "中一排骨三總門市", "address": "臺北市內湖區成功路2段325號B1", "rating_result": "優"}, "geometry": {"type": "Point", "coordinates": [121.5919821102814, 25.071800415956396]}}, {"type": "Feature", "properties": {"city": "臺北市", "district": "內湖區", "award_year": 114, "restaurant_name": "吉福雞舖三總店", "address": "臺北市內湖區成功路2段325號B1", "rating_result": "優"}, "geometry": {"type": "Point", "coordinates": [121.5919821102814, 25.071800415956396]}}, {"type": "Feature", "properties": {"city": "臺北市", "district": "內湖區", "award_year": 114, "restaurant_name": "茶與布朗", "address": "臺北市內湖區成功路2段325號B1", "rating_result": "優"}, "geometry": {"type": "Point", "coordinates": [121.5919821102814, 25.071800415956396]}}, {"type": "Feature", "properties": {"city": "臺北市", "district": "內湖區", "award_year": 114, "restaurant_name": "金洲韓式料理", "address": "臺北市內湖區成功路2段325號B1", "rating_result": "優"}, "geometry": {"type": "Point", "coordinates": [121.5919821102814, 25.071800415956396]}}, {"type": "Feature", "properties": {"city": "臺北市", "district": "內湖區", "award_year": 114, "restaurant_name": "漢堡王內湖三總店", "address": "臺北市內湖區成功路2段325號B1", "rating_result": "優"}, "geometry": {"type": "Point", "coordinates": [121.5919821102814, 25.071800415956396]}}, {"type": "Feature", "properties": {"city": "臺北市", "district": "內湖區", "award_year": 114, "restaurant_name": "岩島成專業烘焙三總門市", "address": "臺北市內湖區成功路2段325號B1", "rating_result": "優"}, "geometry": {"type": "Point", "coordinates": [121.5919821102814, 25.071800415956396]}}, {"type": "Feature", "properties": {"city": "臺北市", "district": "內湖區", "award_year": 114, "restaurant_name": "每力果三總店", "address": "臺北市內湖區成功路2段325號B1", "rating_result": "優"}, "geometry": {"type": "Point", "coordinates": [121.5919821102814, 25.071800415956396]}}, {"type": "Feature", "properties": {"city": "臺北市", "district": "松山區", "award_year": 114, "restaurant_name": "拿坡里披薩炸雞八德店", "address": "臺北市松山區八德路3段112號", "rating_result": "優"}, "geometry": {"type": "Point", "coordinates": [121.55382104962604, 25.048060383546673]}}, {"type": "Feature", "properties": {"city": "臺北市", "district": "松山區", "award_year": 114, "restaurant_name": "阿樹國際旅店-阿樹私房菜", "address": "臺北市松山區八德路3段76號4樓", "rating_result": "優"}, "geometry": {"type": "Point", "coordinates": [121.55282584234814, 25.047864851624094]}}, {"type": "Feature", "properties": {"city": "臺北市", "district": "松山區", "award_year": 114, "restaurant_name": "柯達大飯店-台北南京", "address": "臺北市松山區南京東路3段333號", "rating_result": "優"}, "geometry": {"type": "Point", "coordinates": [121.54743243544664, 25.051975257607626]}}, {"type": "Feature", "properties": {"city": "臺北市", "district": "信義區", "award_year": 114, "restaurant_name": "大戶屋-微風新南山店", "address": "臺北市信義區松智路17號B2", "rating_result": "優"}, "geometry": {"type": "Point", "coordinates": [121.5657744687392, 25.034435302504555]}}, {"type": "Feature", "properties": {"city": "臺北市", "district": "信義區", "award_year": 114, "restaurant_name": "伊茲密爾土耳其廚房", "address": "臺北市信義區基隆路1段147巷14號1樓", "rating_result": "優"}, "geometry": {"type": "Point", "coordinates": [121.56624462813605, 25.04233497755575]}}, {"type": "Feature", "properties": {"city": "臺北市", "district": "松山區", "award_year": 114, "restaurant_name": "Q Burger松山南京五店", "address": "臺北市松山區南京東路5段250巷18弄2之1號", "rating_result": "優"}, "geometry": {"type": "Point", "coordinates": [121.56622341410956, 25.050048481776628]}}, {"type": "Feature", "properties": {"city": "臺北市", "district": "大安區", "award_year": 114, "restaurant_name": "ZEA", "address": "臺北市大安區仁愛路4段300巷20弄5號", "rating_result": "優"}, "geometry": {"type": "Point", "coordinates": [121.5541048696007, 25.036333325289995]}}, {"type": "Feature", "properties": {"city": "臺北市", "district": "中山區", "award_year": 114, "restaurant_name": "順成蛋糕-雙連店", "address": "臺北市中山區民生西路60號", "rating_result": "優"}, "geometry": {"type": "Point", "coordinates": [121.52095324349855, 25.057556310189394]}}, {"type": "Feature", "properties": {"city": "臺北市", "district": "信義區", "award_year": 114, "restaurant_name": "顓陽實業有限公司-浩然敬老院", "address": "臺北市信義區大道路116號2樓之2", "rating_result": "優"}, "geometry": {"type": "Point", "coordinates": [121.5830048780662, 25.038997747609734]}}, {"type": "Feature", "properties": {"city": "臺北市", "district": "信義區", "award_year": 114, "restaurant_name": "廣慈社區長照機構", "address": "臺北市信義區大道路116號4樓之3", "rating_result": "優"}, "geometry": {"type": "Point", "coordinates": [121.5830048780662, 25.038997747609734]}}, {"type": "Feature", "properties": {"city": "臺北市", "district": "大安區", "award_year": 114, "restaurant_name": "拿坡里披薩炸雞和平店", "address": "臺北市大安區和平東路2段95之1號", "rating_result": "優"}, "geometry": {"type": "Point", "coordinates": [121.53992087843955, 25.025548109290906]}}, {"type": "Feature", "properties": {"city": "臺北市", "district": "信義區", "award_year": 114, "restaurant_name": "信義廣慈住宿長照機構(委託市立聯醫忠孝院區經營管理)", "address": "臺北市信義區大道路116號3-5樓", "rating_result": "優"}, "geometry": {"type": "Point", "coordinates": [121.5830048780662, 25.038997747609734]}}, {"type": "Feature", "properties": {"city": "臺北市", "district": "大安區", "award_year": 114, "restaurant_name": "古早人茶坊", "address": "臺北市大安區龍泉街38號", "rating_result": "優"}, "geometry": {"type": "Point", "coordinates": [121.52938445632549, 25.024437231676202]}}, {"type": "Feature", "properties": {"city": "臺北市", "district": "大安區", "award_year": 114, "restaurant_name": "早安早餐店", "address": "臺北市大安區龍泉街55號", "rating_result": "優"}, "geometry": {"type": "Point", "coordinates": [121.52942118601929, 25.023481722674802]}}, {"type": "Feature", "properties": {"city": "臺北市", "district": "大安區", "award_year": 114, "restaurant_name": "一品香魚丸店", "address": "臺北市大安區龍泉街130號", "rating_result": "優"}, "geometry": {"type": "Point", "coordinates": [121.52842995284853, 25.02121321312588]}}, {"type": "Feature", "properties": {"city": "臺北市", "district": "大安區", "award_year": 114, "restaurant_name": "正宗麗江雲南麵食館", "address": "臺北市大安區雲和街51號", "rating_result": "優"}, "geometry": {"type": "Point", "coordinates": [121.52906208713068, 25.023655129332543]}}, {"type": "Feature", "properties": {"city": "臺北市", "district": "大安區", "award_year": 114, "restaurant_name": "木町小吃店", "address": "臺北市大安區龍泉街50號", "rating_result": "優"}, "geometry": {"type": "Point", "coordinates": [121.52936961955042, 25.02413340175449]}}, {"type": "Feature", "properties": {"city": "臺北市", "district": "大安區", "award_year": 114, "restaurant_name": "林園粗食小吃店", "address": "臺北市大安區龍泉街25號", "rating_result": "優"}, "geometry": {"type": "Point", "coordinates": [121.52946414768856, 25.02446215963354]}}, {"type": "Feature", "properties": {"city": "臺北市", "district": "大安區", "award_year": 114, "restaurant_name": "佳輝小吃店(洋芋屋)", "address": "臺北市大安區雲和街93號1樓", "rating_result": "優"}, "geometry": {"type": "Point", "coordinates": [121.53115194377871, 25.023385817363092]}}, {"type": "Feature", "properties": {"city": "臺北市", "district": "大安區", "award_year": 114, "restaurant_name": "珍品味泰式小吃", "address": "臺北市大安區龍泉街31號", "rating_result": "優"}, "geometry": {"type": "Point", "coordinates": [121.52947219440792, 25.024343675931743]}}, {"type": "Feature", "properties": {"city": "臺北市", "district": "大安區", "award_year": 114, "restaurant_name": "石窯風餐坊", "address": "臺北市大安區師大路105巷8號", "rating_result": "優"}, "geometry": {"type": "Point", "coordinates": [121.52881043465332, 25.022467566222037]}}, {"type": "Feature", "properties": {"city": "臺北市", "district": "大安區", "award_year": 114, "restaurant_name": "伊洛瓦底小吃店", "address": "臺北市大安區龍泉街76號", "rating_result": "優"}, "geometry": {"type": "Point", "coordinates": [121.52927011698219, 25.0232831735048]}}, {"type": "Feature", "properties": {"city": "臺北市", "district": "大安區", "award_year": 114, "restaurant_name": "飯館兒韓味快餐店", "address": "臺北市大安區龍泉街55號", "rating_result": "優"}, "geometry": {"type": "Point", "coordinates": [121.52942118601929, 25.023481722674802]}}, {"type": "Feature", "properties": {"city": "臺北市", "district": "士林區", "award_year": 114, "restaurant_name": "家福股份有限公司-台北天母分公司", "address": "臺北市士林區德行西路47號", "rating_result": "優"}, "geometry": {"type": "Point", "coordinates": [121.52255326581437, 25.105547872513515]}}, {"type": "Feature", "properties": {"city": "臺北市", "district": "士林區", "award_year": 114, "restaurant_name": "爭鮮(股)公司-天母家樂福店", "address": "臺北市士林區德行西路47號", "rating_result": "優"}, "geometry": {"type": "Point", "coordinates": [121.52255326581437, 25.105547872513515]}}, {"type": "Feature", "properties": {"city": "臺北市", "district": "士林區", "award_year": 114, "restaurant_name": "三商餐飲(股)公司-天母店", "address": "臺北市士林區德行西路47號2樓", "rating_result": "優"}, "geometry": {"type": "Point", "coordinates": [121.52255326581437, 25.105547872513515]}}, {"type": "Feature", "properties": {"city": "臺北市", "district": "松山區", "award_year": 114, "restaurant_name": "台灣家樂福(股)-三民分公司即時熟食區", "address": "臺北市松山區三民路160號", "rating_result": "優"}, "geometry": {"type": "Point", "coordinates": [121.56353885965095, 25.061650664628193]}}, {"type": "Feature", "properties": {"city": "臺北市", "district": "松山區", "award_year": 114, "restaurant_name": "漢堡王(股)公司-八德分公司", "address": "臺北市松山區八德路2段449號", "rating_result": "優"}, "geometry": {"type": "Point", "coordinates": [121.54732327313285, 25.048308240437883]}}, {"type": "Feature", "properties": {"city": "臺北市", "district": "松山區", "award_year": 114, "restaurant_name": "漢堡王(股)公司-松山門市", "address": "臺北市松山區市民大道6段133號1樓", "rating_result": "優"}, "geometry": {"type": "Point", "coordinates": [121.57895406776966, 25.049603622235573]}}, {"type": "Feature", "properties": {"city": "臺北市", "district": "士林區", "award_year": 114, "restaurant_name": "太子油飯股份有限公司-士林廠", "address": "臺北市士林區前港街23號1樓", "rating_result": "優"}, "geometry": {"type": "Point", "coordinates": [121.52207041297025, 25.084817712932765]}}, {"type": "Feature", "properties": {"city": "臺北市", "district": "中山區", "award_year": 114, "restaurant_name": "這味泰泰-新光三越南西分店", "address": "臺北市中山區南京西路15號B1", "rating_result": "優"}, "geometry": {"type": "Point", "coordinates": [121.52094161820017, 25.052744003996054]}}, {"type": "Feature", "properties": {"city": "臺北市", "district": "中山區", "award_year": 114, "restaurant_name": "Haagen Dazs南西店", "address": "臺北市中山區南京西路12號B2", "rating_result": "優"}, "geometry": {"type": "Point", "coordinates": [121.52124488408612, 25.052327204915777]}}, {"type": "Feature", "properties": {"city": "臺北市", "district": "信義區", "award_year": 114, "restaurant_name": "再來咖啡-松菸店", "address": "臺北市信義區菸廠路88號2樓", "rating_result": "優"}, "geometry": {"type": "Point", "coordinates": [121.56111052910109, 25.044737046647967]}}, {"type": "Feature", "properties": {"city": "臺北市", "district": "信義區", "award_year": 114, "restaurant_name": "明吉-松菸店", "address": "臺北市信義區菸廠路88號B1", "rating_result": "優"}, "geometry": {"type": "Point", "coordinates": [121.56111052910109, 25.044737046647967]}}, {"type": "Feature", "properties": {"city": "臺北市", "district": "信義區", "award_year": 114, "restaurant_name": "ENOTECA-信義新天地A9店", "address": "臺北市信義區松壽路9號3樓", "rating_result": "優"}, "geometry": {"type": "Point", "coordinates": [121.56666229822561, 25.036081589739393]}}, {"type": "Feature", "properties": {"city": "臺北市", "district": "信義區", "award_year": 114, "restaurant_name": "wild wood 晧喜股份有限公司", "address": "臺北市信義區松壽路9號4樓", "rating_result": "優"}, "geometry": {"type": "Point", "coordinates": [121.56666229822561, 25.036081589739393]}}, {"type": "Feature", "properties": {"city": "臺北市", "district": "信義區", "award_year": 114, "restaurant_name": "春水堂-信義新天地A9 ", "address": "臺北市信義區松壽路9號B1", "rating_result": "優"}, "geometry": {"type": "Point", "coordinates": [121.56666229822561, 25.036081589739393]}}, {"type": "Feature", "properties": {"city": "臺北市", "district": "士林區", "award_year": 114, "restaurant_name": "溫野菜-天母高島屋", "address": "臺北市士林區忠誠路2段55號12樓", "rating_result": "優"}, "geometry": {"type": "Point", "coordinates": [121.5314382031111, 25.111811064842684]}}, {"type": "Feature", "properties": {"city": "臺北市", "district": "士林區", "award_year": 114, "restaurant_name": "葡吉-天母高島屋店", "address": "臺北市士林區忠誠路2段55號B1", "rating_result": "優"}, "geometry": {"type": "Point", "coordinates": [121.5314382031111, 25.111811064842684]}}, {"type": "Feature", "properties": {"city": "臺北市", "district": "士林區", "award_year": 114, "restaurant_name": "新葡苑-台北大葉店 (蔥月股份有限公司)", "address": "臺北市士林區忠誠路2段55號5樓", "rating_result": "優"}, "geometry": {"type": "Point", "coordinates": [121.5314382031111, 25.111811064842684]}}, {"type": "Feature", "properties": {"city": "臺北市", "district": "士林區", "award_year": 114, "restaurant_name": "藏王極上鍋物-天母高島屋店", "address": "臺北市士林區忠誠路2段55號3樓", "rating_result": "優"}, "geometry": {"type": "Point", "coordinates": [121.5314382031111, 25.111811064842684]}}, {"type": "Feature", "properties": {"city": "臺北市", "district": "士林區", "award_year": 114, "restaurant_name": "港苑", "address": "臺北市士林區忠誠路2段55號B1", "rating_result": "優"}, "geometry": {"type": "Point", "coordinates": [121.5314382031111, 25.111811064842684]}}, {"type": "Feature", "properties": {"city": "臺北市", "district": "士林區", "award_year": 114, "restaurant_name": "牛角buffet-天母高島屋", "address": "臺北市士林區忠誠路2段55號12樓", "rating_result": "優"}, "geometry": {"type": "Point", "coordinates": [121.5314382031111, 25.111811064842684]}}, {"type": "Feature", "properties": {"city": "臺北市", "district": "士林區", "award_year": 114, "restaurant_name": "Chilis-天母店", "address": "臺北市士林區忠誠路2段55號2樓", "rating_result": "優"}, "geometry": {"type": "Point", "coordinates": [121.5314382031111, 25.111811064842684]}}, {"type": "Feature", "properties": {"city": "臺北市", "district": "士林區", "award_year": 114, "restaurant_name": "上海鄉村-天母別館", "address": "臺北市士林區忠誠路2段55號5樓", "rating_result": "優"}, "geometry": {"type": "Point", "coordinates": [121.5314382031111, 25.111811064842684]}}, {"type": "Feature", "properties": {"city": "臺北市", "district": "士林區", "award_year": 114, "restaurant_name": "興蓬萊台菜餐廳-天母高島屋店", "address": "臺北市士林區忠誠路2段55號12樓", "rating_result": "優"}, "geometry": {"type": "Point", "coordinates": [121.5314382031111, 25.111811064842684]}}, {"type": "Feature", "properties": {"city": "臺北市", "district": "士林區", "award_year": 114, "restaurant_name": "莫凡彼-台北天母店", "address": "臺北市士林區忠誠路2段55號3樓", "rating_result": "優"}, "geometry": {"type": "Point", "coordinates": [121.5314382031111, 25.111811064842684]}}, {"type": "Feature", "properties": {"city": "臺北市", "district": "士林區", "award_year": 114, "restaurant_name": "台灣壽司郎-天母高島屋店", "address": "臺北市士林區忠誠路2段55號2樓", "rating_result": "優"}, "geometry": {"type": "Point", "coordinates": [121.5314382031111, 25.111811064842684]}}, {"type": "Feature", "properties": {"city": "臺北市", "district": "士林區", "award_year": 114, "restaurant_name": "小樽手作珈琲-天母高島屋店", "address": "臺北市士林區忠誠路2段55號1樓", "rating_result": "優"}, "geometry": {"type": "Point", "coordinates": [121.5314382031111, 25.111811064842684]}}, {"type": "Feature", "properties": {"city": "臺北市", "district": "士林區", "award_year": 114, "restaurant_name": "IKIGAI-天母高島屋店", "address": "臺北市士林區忠誠路2段55號B1", "rating_result": "優"}, "geometry": {"type": "Point", "coordinates": [121.5314382031111, 25.111811064842684]}}, {"type": "Feature", "properties": {"city": "臺北市", "district": "士林區", "award_year": 114, "restaurant_name": "岩島成-天母高島屋店", "address": "臺北市士林區忠誠路2段55號B1", "rating_result": "優"}, "geometry": {"type": "Point", "coordinates": [121.5314382031111, 25.111811064842684]}}, {"type": "Feature", "properties": {"city": "臺北市", "district": "士林區", "award_year": 114, "restaurant_name": "朱記餡餅粥-大葉高島屋店", "address": "臺北市士林區忠誠路2段55號B1", "rating_result": "優"}, "geometry": {"type": "Point", "coordinates": [121.5314382031111, 25.111811064842684]}}, {"type": "Feature", "properties": {"city": "臺北市", "district": "士林區", "award_year": 114, "restaurant_name": "KEY COFFEE-天母高島屋店", "address": "臺北市士林區忠誠路2段55號B1", "rating_result": "優"}, "geometry": {"type": "Point", "coordinates": [121.5314382031111, 25.111811064842684]}}, {"type": "Feature", "properties": {"city": "臺北市", "district": "士林區", "award_year": 114, "restaurant_name": "廣田洋菓子-天母高島屋店", "address": "臺北市士林區忠誠路2段55號B1", "rating_result": "優"}, "geometry": {"type": "Point", "coordinates": [121.5314382031111, 25.111811064842684]}}, {"type": "Feature", "properties": {"city": "臺北市", "district": "士林區", "award_year": 114, "restaurant_name": "糖朝-天母高島屋店", "address": "臺北市士林區忠誠路2段55號12樓", "rating_result": "優"}, "geometry": {"type": "Point", "coordinates": [121.5314382031111, 25.111811064842684]}}, {"type": "Feature", "properties": {"city": "臺北市", "district": "松山區", "award_year": 114, "restaurant_name": "聚寶餐廳", "address": "臺北市松山區敦化北路158號B3", "rating_result": "優"}, "geometry": {"type": "Point", "coordinates": [121.54839375340445, 25.05534350824932]}}, {"type": "Feature", "properties": {"city": "臺北市", "district": "松山區", "award_year": 114, "restaurant_name": "台北文華東方酒店-宴會廳", "address": "臺北市松山區敦化北路158號", "rating_result": "優"}, "geometry": {"type": "Point", "coordinates": [121.54839375340445, 25.05534350824932]}}, {"type": "Feature", "properties": {"city": "臺北市", "district": "松山區", "award_year": 114, "restaurant_name": "雅閣 YA GE", "address": "臺北市松山區敦化北路158號3樓", "rating_result": "優"}, "geometry": {"type": "Point", "coordinates": [121.54839375340445, 25.05534350824932]}}, {"type": "Feature", "properties": {"city": "臺北市", "district": "松山區", "award_year": 114, "restaurant_name": "Café Un Deux Trois", "address": "臺北市松山區敦化北路158號5樓", "rating_result": "優"}, "geometry": {"type": "Point", "coordinates": [121.54839375340445, 25.05534350824932]}}, {"type": "Feature", "properties": {"city": "臺北市", "district": "松山區", "award_year": 114, "restaurant_name": "Bencotto", "address": "臺北市松山區敦化北路158號6樓", "rating_result": "優"}, "geometry": {"type": "Point", "coordinates": [121.54839375340445, 25.05534350824932]}}, {"type": "Feature", "properties": {"city": "臺北市", "district": "內湖區", "award_year": 114, "restaurant_name": "皇廚一品牛排", "address": "臺北市內湖區舊宗路1段188號1樓", "rating_result": "優"}, "geometry": {"type": "Point", "coordinates": [121.575988536643, 25.062652764368043]}}, {"type": "Feature", "properties": {"city": "臺北市", "district": "內湖區", "award_year": 114, "restaurant_name": "大潤發-南湖店即食熟食區", "address": "臺北市內湖區舊宗路1段188號", "rating_result": "優"}, "geometry": {"type": "Point", "coordinates": [121.575988536643, 25.062652764368043]}}, {"type": "Feature", "properties": {"city": "臺北市", "district": "內湖區", "award_year": 114, "restaurant_name": "御宴和風鐵板燒", "address": "臺北市內湖區舊宗路1段188號1樓", "rating_result": "優"}, "geometry": {"type": "Point", "coordinates": [121.575988536643, 25.062652764368043]}}, {"type": "Feature", "properties": {"city": "臺北市", "district": "內湖區", "award_year": 114, "restaurant_name": "品川蘭-內湖店", "address": "臺北市內湖區舊宗路1段188號1樓", "rating_result": "優"}, "geometry": {"type": "Point", "coordinates": [121.575988536643, 25.062652764368043]}}, {"type": "Feature", "properties": {"city": "臺北市", "district": "內湖區", "award_year": 114, "restaurant_name": "龍都酒樓-內湖店", "address": "臺北市內湖區舊宗路1段58號", "rating_result": "優"}, "geometry": {"type": "Point", "coordinates": [121.58014128705696, 25.05866235543408]}}, {"type": "Feature", "properties": {"city": "臺北市", "district": "內湖區", "award_year": 114, "restaurant_name": "爭鮮迴轉壽司-內湖二大潤發店", "address": "臺北市內湖區舊宗路1段188號1樓", "rating_result": "優"}, "geometry": {"type": "Point", "coordinates": [121.575988536643, 25.062652764368043]}}, {"type": "Feature", "properties": {"city": "臺北市", "district": "中山區", "award_year": 114, "restaurant_name": "維多麗亞酒店大宴會廳", "address": "臺北市中山區敬業四路168號1樓", "rating_result": "優"}, "geometry": {"type": "Point", "coordinates": [121.55874516017239, 25.084286385341777]}}, {"type": "Feature", "properties": {"city": "臺北市", "district": "中山區", "award_year": 114, "restaurant_name": "維多麗亞酒店168牛排館", "address": "臺北市中山區敬業四路168號4樓", "rating_result": "優"}, "geometry": {"type": "Point", "coordinates": [121.55874516017239, 25.084286385341777]}}, {"type": "Feature", "properties": {"city": "臺北市", "district": "中山區", "award_year": 114, "restaurant_name": "維多麗亞酒店雙囍中餐廳", "address": "臺北市中山區敬業四路168號2樓", "rating_result": "優"}, "geometry": {"type": "Point", "coordinates": [121.55874516017239, 25.084286385341777]}}, {"type": "Feature", "properties": {"city": "臺北市", "district": "中山區", "award_year": 114, "restaurant_name": "維多麗亞酒店La Festa義大利餐廳", "address": "臺北市中山區敬業四路168號2樓", "rating_result": "優"}, "geometry": {"type": "Point", "coordinates": [121.55874516017239, 25.084286385341777]}}, {"type": "Feature", "properties": {"city": "臺北市", "district": "中山區", "award_year": 114, "restaurant_name": "維多麗亞酒店維多麗亞宴會廳", "address": "臺北市中山區敬業四路168號3樓", "rating_result": "優"}, "geometry": {"type": "Point", "coordinates": [121.55874516017239, 25.084286385341777]}}, {"type": "Feature", "properties": {"city": "臺北市", "district": "大安區", "award_year": 114, "restaurant_name": "Chez Swann by Jumi Tavern", "address": "臺北市大安區金華街223之2號", "rating_result": "優"}, "geometry": {"type": "Point", "coordinates": [121.52930362927653, 25.029855167929746]}}, {"type": "Feature", "properties": {"city": "臺北市", "district": "北投區", "award_year": 114, "restaurant_name": "廣和坐月子生技股份有限公司", "address": "臺北市北投區立功街122號", "rating_result": "優"}, "geometry": {"type": "Point", "coordinates": [121.47341569936977, 25.125105564721213]}}, {"type": "Feature", "properties": {"city": "臺北市", "district": "北投區", "award_year": 114, "restaurant_name": "醫療財團法人辜公亮基金會和信治癌中心醫院", "address": "臺北市北投區立德路125號B2", "rating_result": "優"}, "geometry": {"type": "Point", "coordinates": [121.47201130929302, 25.128340544076142]}}, {"type": "Feature", "properties": {"city": "臺北市", "district": "北投區", "award_year": 114, "restaurant_name": "家樂福北投店-即食熟食區", "address": "臺北市北投區中和街366號B1", "rating_result": "優"}, "geometry": {"type": "Point", "coordinates": [121.49951432039033, 25.141740900770706]}}, {"type": "Feature", "properties": {"city": "臺北市", "district": "北投區", "award_year": 114, "restaurant_name": "北投南豐天玥泉會館-天響食坊", "address": "臺北市北投區中山路3號2樓", "rating_result": "優"}, "geometry": {"type": "Point", "coordinates": [121.5051758671101, 25.1370298671045]}}, {"type": "Feature", "properties": {"city": "臺北市", "district": "北投區", "award_year": 114, "restaurant_name": "三二行館 Villa32", "address": "臺北市北投區中山路32號", "rating_result": "優"}, "geometry": {"type": "Point", "coordinates": [121.51072584052525, 25.137804974582963]}}, {"type": "Feature", "properties": {"city": "臺北市", "district": "文山區", "award_year": 114, "restaurant_name": "孫東寶-文山景文店", "address": "臺北市文山區景文街23號", "rating_result": "優"}, "geometry": {"type": "Point", "coordinates": [121.54141307227061, 24.992551234147133]}}, {"type": "Feature", "properties": {"city": "臺北市", "district": "文山區", "award_year": 114, "restaurant_name": "梁社漢排骨-羅斯福店", "address": "臺北市文山區羅斯福路6段26號", "rating_result": "優"}, "geometry": {"type": "Point", "coordinates": [121.53954128722869, 24.999885927883653]}}, {"type": "Feature", "properties": {"city": "臺北市", "district": "文山區", "award_year": 114, "restaurant_name": "清心福全-景文店", "address": "臺北市文山區景文街129號", "rating_result": "優"}, "geometry": {"type": "Point", "coordinates": [121.54117192490801, 24.99024105829545]}}, {"type": "Feature", "properties": {"city": "臺北市", "district": "文山區", "award_year": 114, "restaurant_name": "清原芋圓-台北景華店", "address": "臺北市文山區景華街67號", "rating_result": "優"}, "geometry": {"type": "Point", "coordinates": [121.54496879808958, 24.995234641687148]}}, {"type": "Feature", "properties": {"city": "臺北市", "district": "文山區", "award_year": 114, "restaurant_name": "嬌嬌咖啡", "address": "臺北市文山區景後街149巷3號", "rating_result": "優"}, "geometry": {"type": "Point", "coordinates": [121.54227281878431, 24.99020940884998]}}, {"type": "Feature", "properties": {"city": "臺北市", "district": "大安區", "award_year": 114, "restaurant_name": "八方雲集-師大店", "address": "臺北市大安區和平東路1段182之3號", "rating_result": "優"}, "geometry": {"type": "Point", "coordinates": [121.52996916935632, 25.02628344279561]}}, {"type": "Feature", "properties": {"city": "臺北市", "district": "大安區", "award_year": 114, "restaurant_name": "甘泉魚麵-師大店", "address": "臺北市大安區師大路59巷12號", "rating_result": "良"}, "geometry": {"type": "Point", "coordinates": [121.52918148581016, 25.02388524867861]}}, {"type": "Feature", "properties": {"city": "臺北市", "district": "士林區", "award_year": 114, "restaurant_name": "漢堡王(股)公司-士林門市部", "address": "臺北市士林區中正路332號", "rating_result": "優"}, "geometry": {"type": "Point", "coordinates": [121.52228458295262, 25.094664616090046]}}, {"type": "Feature", "properties": {"city": "臺北市", "district": "信義區", "award_year": 114, "restaurant_name": "駱姐正雞酒-松菸店", "address": "臺北市信義區菸廠路88號B1", "rating_result": "優"}, "geometry": {"type": "Point", "coordinates": [121.56111052910109, 25.044737046647967]}}, {"type": "Feature", "properties": {"city": "臺北市", "district": "中山區", "award_year": 114, "restaurant_name": "金香豬腳涼麵", "address": "臺北市中山區錦州街253號1樓", "rating_result": "優"}, "geometry": {"type": "Point", "coordinates": [121.53427186676979, 25.06039051118961]}}, {"type": "Feature", "properties": {"city": "臺北市", "district": "中山區", "award_year": 114, "restaurant_name": "漾咖啡", "address": "臺北市中山區中山北路2段92號1樓", "rating_result": "優"}, "geometry": {"type": "Point", "coordinates": [121.52255795514748, 25.05888422256515]}}, {"type": "Feature", "properties": {"city": "臺北市", "district": "中山區", "award_year": 114, "restaurant_name": "笹鮨SASA", "address": "臺北市中山區中山北路2段42巷6號1樓", "rating_result": "優"}, "geometry": {"type": "Point", "coordinates": [121.52214431858934, 25.054553000004063]}}, {"type": "Feature", "properties": {"city": "臺北市", "district": "中山區", "award_year": 114, "restaurant_name": "伊通街筒仔米糕", "address": "臺北市中山區伊通街114之1號", "rating_result": "優"}, "geometry": {"type": "Point", "coordinates": [121.53471498666853, 25.054422714873137]}}, {"type": "Feature", "properties": {"city": "臺北市", "district": "中山區", "award_year": 114, "restaurant_name": "龍都酒樓-中山店", "address": "臺北市中山區中山北路1段105巷18之1號", "rating_result": "優"}, "geometry": {"type": "Point", "coordinates": [121.52451565572426, 25.050389042040525]}}, {"type": "Feature", "properties": {"city": "臺北市", "district": "中山區", "award_year": 114, "restaurant_name": "66巷鮮魚料理", "address": "臺北市中山區伊通街66巷3之3號1樓", "rating_result": "優"}, "geometry": {"type": "Point", "coordinates": [121.53434787452854, 25.05261772840203]}}, {"type": "Feature", "properties": {"city": "臺北市", "district": "中山區", "award_year": 114, "restaurant_name": "偉富麵館", "address": "臺北市中山區伊通街135號", "rating_result": "優"}, "geometry": {"type": "Point", "coordinates": [121.5349292998723, 25.054503737546536]}}, {"type": "Feature", "properties": {"city": "臺北市", "district": "中山區", "award_year": 114, "restaurant_name": "東石蚵仔小吃店", "address": "臺北市中山區吉林路251號", "rating_result": "良"}, "geometry": {"type": "Point", "coordinates": [121.5303905343703, 25.061552000233025]}}, {"type": "Feature", "properties": {"city": "臺北市", "district": "中山區", "award_year": 114, "restaurant_name": "竹家莊", "address": "臺北市中山區南京東路2段96號", "rating_result": "良"}, "geometry": {"type": "Point", "coordinates": [121.53135751915657, 25.05185461849418]}}, {"type": "Feature", "properties": {"city": "臺北市", "district": "中山區", "award_year": 114, "restaurant_name": "熊麻吉brunch", "address": "臺北市中山區長春路186號", "rating_result": "優"}, "geometry": {"type": "Point", "coordinates": [121.53498781019272, 25.054670774351482]}}, {"type": "Feature", "properties": {"city": "臺北市", "district": "中山區", "award_year": 114, "restaurant_name": "教父牛排Danny's Steakhouse", "address": "臺北市中山區樂群三路58號1樓", "rating_result": "優"}, "geometry": {"type": "Point", "coordinates": [121.55294924989207, 25.082470992869737]}}, {"type": "Feature", "properties": {"city": "臺北市", "district": "中山區", "award_year": 114, "restaurant_name": "台北中山意舍酒店Buttermilk餐廳", "address": "臺北市中山區中山北路2段57之1號", "rating_result": "優"}, "geometry": {"type": "Point", "coordinates": [121.52295758060241, 25.055734708507988]}}, {"type": "Feature", "properties": {"city": "臺北市", "district": "中山區", "award_year": 114, "restaurant_name": "觀世音餐廳", "address": "臺北市中山區民權東路2段29號1樓", "rating_result": "優"}, "geometry": {"type": "Point", "coordinates": [121.52934858455014, 25.062787903131166]}}, {"type": "Feature", "properties": {"city": "臺北市", "district": "中山區", "award_year": 114, "restaurant_name": "美樂食餐飲-南京建國食堂", "address": "臺北市中山區南京東路3段28號", "rating_result": "優"}, "geometry": {"type": "Point", "coordinates": [121.53790213305888, 25.05178434281663]}}, {"type": "Feature", "properties": {"city": "臺北市", "district": "中山區", "award_year": 114, "restaurant_name": "煮海 (上引水產有限公司民族門市)", "address": "臺北市中山區民族東路410巷2弄20號2樓", "rating_result": "優"}, "geometry": {"type": "Point", "coordinates": [121.53699383734508, 25.06672111813604]}}, {"type": "Feature", "properties": {"city": "臺北市", "district": "中山區", "award_year": 114, "restaurant_name": "享坐海鮮直烤", "address": "臺北市中山區建國北路2段92號", "rating_result": "優"}, "geometry": {"type": "Point", "coordinates": [121.53652656728549, 25.056683335106367]}}, {"type": "Feature", "properties": {"city": "臺北市", "district": "中山區", "award_year": 114, "restaurant_name": "莞固和食-台北大直店 (頑味國際餐飲股份有限公司)", "address": "臺北市中山區樂群三路39號1樓", "rating_result": "優"}, "geometry": {"type": "Point", "coordinates": [121.55264782310348, 25.082810882516746]}}, {"type": "Feature", "properties": {"city": "臺北市", "district": "中山區", "award_year": 114, "restaurant_name": "邊田庄", "address": "臺北市中山區松江路237號B1", "rating_result": "良"}, "geometry": {"type": "Point", "coordinates": [121.53345437255065, 25.058983857931302]}}, {"type": "Feature", "properties": {"city": "臺北市", "district": "中山區", "award_year": 114, "restaurant_name": "海霸王旗艦店", "address": "臺北市中山區中山北路3段59號1-2樓", "rating_result": "良"}, "geometry": {"type": "Point", "coordinates": [121.52316400315571, 25.068603446515798]}}, {"type": "Feature", "properties": {"city": "臺北市", "district": "中山區", "award_year": 114, "restaurant_name": "Friday's-林森餐廳", "address": "臺北市中山區林森北路247號", "rating_result": "優"}, "geometry": {"type": "Point", "coordinates": [121.52556006053341, 25.054131210206414]}}, {"type": "Feature", "properties": {"city": "臺北市", "district": "中山區", "award_year": 114, "restaurant_name": "食彩櫻", "address": "臺北市中山區松江路123巷8之1號1樓", "rating_result": "良"}, "geometry": {"type": "Point", "coordinates": [121.53392579675136, 25.05286556432141]}}, {"type": "Feature", "properties": {"city": "臺北市", "district": "中山區", "award_year": 114, "restaurant_name": "小英北越河粉", "address": "臺北市中山區四平街116號", "rating_result": "優"}, "geometry": {"type": "Point", "coordinates": [121.53532113716291, 25.053566927254302]}}, {"type": "Feature", "properties": {"city": "臺北市", "district": "中山區", "award_year": 114, "restaurant_name": "威尼斯義大利餐廳", "address": "臺北市中山區松江路235巷19號1樓", "rating_result": "優"}, "geometry": {"type": "Point", "coordinates": [121.53428004344042, 25.058892693417913]}}, {"type": "Feature", "properties": {"city": "臺北市", "district": "中山區", "award_year": 114, "restaurant_name": "品火鍋", "address": "臺北市中山區新生北路1段152號", "rating_result": "優"}, "geometry": {"type": "Point", "coordinates": [121.52754873404957, 25.05142583563598]}}, {"type": "Feature", "properties": {"city": "臺北市", "district": "中山區", "award_year": 114, "restaurant_name": "TUTTO BELLO", "address": "臺北市中山區雙城街25巷15號1樓", "rating_result": "優"}, "geometry": {"type": "Point", "coordinates": [121.52534579155603, 25.066258305806002]}}, {"type": "Feature", "properties": {"city": "臺北市", "district": "萬華區", "award_year": 114, "restaurant_name": "豪景大酒店-萊茵宴會廳", "address": "臺北市萬華區環河南路1段77號12樓", "rating_result": "優"}, "geometry": {"type": "Point", "coordinates": [121.50151927798183, 25.0446260677458]}}, {"type": "Feature", "properties": {"city": "臺北市", "district": "萬華區", "award_year": 114, "restaurant_name": "豪景大酒店-星河中餐廳", "address": "臺北市萬華區環河南路1段77號12樓", "rating_result": "優"}, "geometry": {"type": "Point", "coordinates": [121.50151927798183, 25.0446260677458]}}, {"type": "Feature", "properties": {"city": "臺北市", "district": "中山區", "award_year": 114, "restaurant_name": "memo cafe(裕果有限公司)", "address": "臺北市中山區合江街182號1樓", "rating_result": "優"}, "geometry": {"type": "Point", "coordinates": [121.53916068908784, 25.06123573188577]}}, {"type": "Feature", "properties": {"city": "臺北市", "district": "萬華區", "award_year": 114, "restaurant_name": "華麗大飯店", "address": "臺北市萬華區康定路41號", "rating_result": "優"}, "geometry": {"type": "Point", "coordinates": [121.50234769113287, 25.0414426650637]}}, {"type": "Feature", "properties": {"city": "臺北市", "district": "萬華區", "award_year": 114, "restaurant_name": "馬辣西門店", "address": "臺北市萬華區西寧南路157號2樓", "rating_result": "優"}, "geometry": {"type": "Point", "coordinates": [121.50625359952588, 25.043504062201528]}}, {"type": "Feature", "properties": {"city": "臺北市", "district": "中山區", "award_year": 114, "restaurant_name": "金獅取水", "address": "臺北市中山區民生東路2段151號", "rating_result": "良"}, "geometry": {"type": "Point", "coordinates": [121.53560623849017, 25.058119749051386]}}, {"type": "Feature", "properties": {"city": "臺北市", "district": "中山區", "award_year": 114, "restaurant_name": "八珍小吃", "address": "臺北市中山區建國北路2段6巷19號", "rating_result": "良"}, "geometry": {"type": "Point", "coordinates": [121.53543355821412, 25.052619028546378]}}, {"type": "Feature", "properties": {"city": "臺北市", "district": "萬華區", "award_year": 114, "restaurant_name": "新馬辣漢中店", "address": "臺北市萬華區漢中街52號6樓", "rating_result": "優"}, "geometry": {"type": "Point", "coordinates": [121.50721047049247, 25.04393011539428]}}, {"type": "Feature", "properties": {"city": "臺北市", "district": "北投區", "award_year": 114, "restaurant_name": "輕鬆餐廳", "address": "臺北市北投區中和街12號", "rating_result": "良"}, "geometry": {"type": "Point", "coordinates": [121.50338383741668, 25.137610059304173]}}, {"type": "Feature", "properties": {"city": "臺北市", "district": "北投區", "award_year": 114, "restaurant_name": "路易莎咖啡有限公司-新北投直營門市", "address": "臺北市北投區中和街22號", "rating_result": "優"}, "geometry": {"type": "Point", "coordinates": [121.5030966761629, 25.137847255083898]}}, {"type": "Feature", "properties": {"city": "臺北市", "district": "北投區", "award_year": 114, "restaurant_name": "百八魚場-石牌店", "address": "臺北市北投區石牌路2段90巷8號6號、8號1樓", "rating_result": "良"}, "geometry": {"type": "Point", "coordinates": [121.51671640136622, 25.117041262154977]}}, {"type": "Feature", "properties": {"city": "臺北市", "district": "北投區", "award_year": 114, "restaurant_name": "惠蓀咖啡(陽明店)", "address": "臺北市北投區立農街2段155號", "rating_result": "優"}, "geometry": {"type": "Point", "coordinates": [121.5133093440213, 25.119650557719016]}}, {"type": "Feature", "properties": {"city": "臺北市", "district": "北投區", "award_year": 114, "restaurant_name": "子女粥品海鮮手作坊", "address": "臺北市北投區育仁路64號1樓", "rating_result": "優"}, "geometry": {"type": "Point", "coordinates": [121.49822015209963, 25.13356155595512]}}, {"type": "Feature", "properties": {"city": "臺北市", "district": "北投區", "award_year": 114, "restaurant_name": "小木屋鬆餅 北投育仁店", "address": "臺北市北投區育仁路75號", "rating_result": "優"}, "geometry": {"type": "Point", "coordinates": [121.49867189485553, 25.134127579792523]}}, {"type": "Feature", "properties": {"city": "臺北市", "district": "北投區", "award_year": 114, "restaurant_name": "甜妞古早冰", "address": "臺北市北投區新市街24巷12號", "rating_result": "優"}, "geometry": {"type": "Point", "coordinates": [121.50279702553875, 25.131722220629122]}}, {"type": "Feature", "properties": {"city": "臺北市", "district": "北投區", "award_year": 114, "restaurant_name": "拾米屋咖哩", "address": "臺北市北投區泉源路12號1樓", "rating_result": "優"}, "geometry": {"type": "Point", "coordinates": [121.50434272297544, 25.137092487407067]}}, {"type": "Feature", "properties": {"city": "臺北市", "district": "北投區", "award_year": 114, "restaurant_name": "VIVACE 薇瓦義式餐酒館", "address": "臺北市北投區光明路2巷9號", "rating_result": "優"}, "geometry": {"type": "Point", "coordinates": [121.4994259462392, 25.131691772348173]}}, {"type": "Feature", "properties": {"city": "臺北市", "district": "北投區", "award_year": 114, "restaurant_name": "台G店 北投店", "address": "臺北市北投區光明路132之3號", "rating_result": "優"}, "geometry": {"type": "Point", "coordinates": [121.50215772264035, 25.133655063918162]}}, {"type": "Feature", "properties": {"city": "臺北市", "district": "北投區", "award_year": 114, "restaurant_name": "巧味漢堡", "address": "臺北市北投區光明路110號", "rating_result": "良"}, "geometry": {"type": "Point", "coordinates": [121.5014072230542, 25.13309177141702]}}, {"type": "Feature", "properties": {"city": "臺北市", "district": "北投區", "award_year": 114, "restaurant_name": "清心福全 北投光明店", "address": "臺北市北投區光明路148號", "rating_result": "優"}, "geometry": {"type": "Point", "coordinates": [121.50244735216639, 25.134297069385408]}}, {"type": "Feature", "properties": {"city": "臺北市", "district": "北投區", "award_year": 114, "restaurant_name": "comebuy 北投光明店", "address": "臺北市北投區光明路115號", "rating_result": "優"}, "geometry": {"type": "Point", "coordinates": [121.5019488825785, 25.13368091464548]}}, {"type": "Feature", "properties": {"city": "臺北市", "district": "北投區", "award_year": 114, "restaurant_name": "阿芳越南食", "address": "臺北市北投區大同街176之1號1樓", "rating_result": "優"}, "geometry": {"type": "Point", "coordinates": [121.49911174424292, 25.136325213399815]}}, {"type": "Feature", "properties": {"city": "臺北市", "district": "北投區", "award_year": 114, "restaurant_name": "良本崎日式麵包-新北投店", "address": "臺北市北投區中和街39號1樓", "rating_result": "優"}, "geometry": {"type": "Point", "coordinates": [121.50260876562491, 25.138104929375615]}}, {"type": "Feature", "properties": {"city": "臺北市", "district": "北投區", "award_year": 114, "restaurant_name": "頂呱呱-北投店", "address": "臺北市北投區光明路218之2號", "rating_result": "優"}, "geometry": {"type": "Point", "coordinates": [121.50426750629225, 25.13623949859108]}}, {"type": "Feature", "properties": {"city": "臺北市", "district": "北投區", "award_year": 114, "restaurant_name": "原誠炸彈蔥油餅", "address": "臺北市北投區光明路218號1樓", "rating_result": "優"}, "geometry": {"type": "Point", "coordinates": [121.5041715133885, 25.136172099844007]}}, {"type": "Feature", "properties": {"city": "臺北市", "district": "北投區", "award_year": 114, "restaurant_name": "貴婦滷味", "address": "臺北市北投區光明路21號", "rating_result": "良"}, "geometry": {"type": "Point", "coordinates": [121.4991470213355, 25.13260364517474]}}, {"type": "Feature", "properties": {"city": "臺北市", "district": "士林區", "award_year": 114, "restaurant_name": "百富通(尖牙意式廚房)", "address": "臺北市士林區忠誠路2段55號B1", "rating_result": "優"}, "geometry": {"type": "Point", "coordinates": [121.5314382031111, 25.111811064842684]}}, {"type": "Feature", "properties": {"city": "臺北市", "district": "士林區", "award_year": 114, "restaurant_name": "COCO壹番屋-大葉高島屋", "address": "臺北市士林區忠誠路2段55號B1", "rating_result": "優"}, "geometry": {"type": "Point", "coordinates": [121.5314382031111, 25.111811064842684]}}, {"type": "Feature", "properties": {"city": "臺北市", "district": "士林區", "award_year": 114, "restaurant_name": "花蓮扁食-大葉高島屋", "address": "臺北市士林區忠誠路2段55號B1", "rating_result": "優"}, "geometry": {"type": "Point", "coordinates": [121.5314382031111, 25.111811064842684]}}, {"type": "Feature", "properties": {"city": "臺北市", "district": "士林區", "award_year": 114, "restaurant_name": "皇廚一品牛排-大葉高島屋", "address": "臺北市士林區忠誠路2段55號B1", "rating_result": "優"}, "geometry": {"type": "Point", "coordinates": [121.5314382031111, 25.111811064842684]}}, {"type": "Feature", "properties": {"city": "臺北市", "district": "士林區", "award_year": 114, "restaurant_name": "韓鶴亭-大葉高島屋", "address": "臺北市士林區忠誠路2段55號B1", "rating_result": "良"}, "geometry": {"type": "Point", "coordinates": [121.5314382031111, 25.111811064842684]}}, {"type": "Feature", "properties": {"city": "臺北市", "district": "大安區", "award_year": 114, "restaurant_name": "漢堡王-敦南店", "address": "臺北市大安區敦化南路2段164號", "rating_result": "優"}, "geometry": {"type": "Point", "coordinates": [121.54833761954369, 25.024428059593408]}}, {"type": "Feature", "properties": {"city": "臺北市", "district": "大安區", "award_year": 114, "restaurant_name": "香格里拉台北遠東國際大飯店-上海醉月樓", "address": "臺北市大安區敦化南路2段201號", "rating_result": "優"}, "geometry": {"type": "Point", "coordinates": [121.54917024453837, 25.026618196544412]}}, {"type": "Feature", "properties": {"city": "臺北市", "district": "大安區", "award_year": 114, "restaurant_name": "香格里拉台北遠東國際大飯店-ibuki日本料理餐廳", "address": "臺北市大安區敦化南路2段201號", "rating_result": "優"}, "geometry": {"type": "Point", "coordinates": [121.54917024453837, 25.026618196544412]}}, {"type": "Feature", "properties": {"city": "臺北市", "district": "大安區", "award_year": 114, "restaurant_name": "香格里拉台北遠東國際大飯店-宴會廳(香宮)", "address": "臺北市大安區敦化南路2段201號", "rating_result": "優"}, "geometry": {"type": "Point", "coordinates": [121.54917024453837, 25.026618196544412]}}, {"type": "Feature", "properties": {"city": "臺北市", "district": "中山區", "award_year": 114, "restaurant_name": "明福台菜餐廳", "address": "臺北市中山區中山北路2段137巷18號之1", "rating_result": "優"}, "geometry": {"type": "Point", "coordinates": [121.52423950411463, 25.061656129708393]}}, {"type": "Feature", "properties": {"city": "臺北市", "district": "中山區", "award_year": 114, "restaurant_name": "旬採鮨処", "address": "臺北市中山區中山北路2段50巷3號1樓", "rating_result": "優"}, "geometry": {"type": "Point", "coordinates": [121.52223544523774, 25.056275372759785]}}, {"type": "Feature", "properties": {"city": "臺北市", "district": "大安區", "award_year": 114, "restaurant_name": "香格里拉台北遠東國際大飯店-遠東咖啡廳", "address": "臺北市大安區敦化南路2段201號", "rating_result": "優"}, "geometry": {"type": "Point", "coordinates": [121.54917024453837, 25.026618196544412]}}, {"type": "Feature", "properties": {"city": "臺北市", "district": "大安區", "award_year": 114, "restaurant_name": "香格里拉台北遠東國際大飯店-馬可波羅西餐廳", "address": "臺北市大安區敦化南路2段201號", "rating_result": "優"}, "geometry": {"type": "Point", "coordinates": [121.54917024453837, 25.026618196544412]}}, {"type": "Feature", "properties": {"city": "臺北市", "district": "中山區", "award_year": 114, "restaurant_name": "寒居酒店", "address": "臺北市中山區松江路116號2樓", "rating_result": "優"}, "geometry": {"type": "Point", "coordinates": [121.53278947536238, 25.051673638691284]}}, {"type": "Feature", "properties": {"city": "臺北市", "district": "中山區", "award_year": 114, "restaurant_name": "漢堡王-欣欣店", "address": "臺北市中山區林森北路247號1樓", "rating_result": "優"}, "geometry": {"type": "Point", "coordinates": [121.52556006053341, 25.054131210206414]}}, {"type": "Feature", "properties": {"city": "臺北市", "district": "中山區", "award_year": 114, "restaurant_name": "雞家莊", "address": "臺北市中山區長春路55號", "rating_result": "優"}, "geometry": {"type": "Point", "coordinates": [121.52619236303241, 25.055028139533395]}}, {"type": "Feature", "properties": {"city": "臺北市", "district": "大安區", "award_year": 114, "restaurant_name": "貓圖咖啡  CAT‧jpg", "address": "臺北市大安區潮州街154號", "rating_result": "優"}, "geometry": {"type": "Point", "coordinates": [121.5289436769013, 25.028393703466982]}}, {"type": "Feature", "properties": {"city": "臺北市", "district": "中正區", "award_year": 114, "restaurant_name": "Friday's古亭餐廳", "address": "臺北市中正區羅斯福路2段60號", "rating_result": "優"}, "geometry": {"type": "Point", "coordinates": [121.5218086679915, 25.027572535939605]}}, {"type": "Feature", "properties": {"city": "臺北市", "district": "大安區", "award_year": 114, "restaurant_name": "吉野家-古亭店", "address": "臺北市大安區羅斯福路2段79號", "rating_result": "優"}, "geometry": {"type": "Point", "coordinates": [121.52331513180351, 25.02621857615671]}}, {"type": "Feature", "properties": {"city": "臺北市", "district": "中正區", "award_year": 114, "restaurant_name": "香帥蛋糕", "address": "臺北市中正區羅斯福路3段96號", "rating_result": "優"}, "geometry": {"type": "Point", "coordinates": [121.5268389491074, 25.0215803714147]}}, {"type": "Feature", "properties": {"city": "臺北市", "district": "中正區", "award_year": 114, "restaurant_name": "饌玉豐麵食館", "address": "臺北市中正區青島東路7之1號", "rating_result": "優"}, "geometry": {"type": "Point", "coordinates": [121.52233219502814, 25.04387337800128]}}, {"type": "Feature", "properties": {"city": "臺北市", "district": "大安區", "award_year": 114, "restaurant_name": "小原田日式料理", "address": "臺北市大安區永康街2巷1號1樓", "rating_result": "優"}, "geometry": {"type": "Point", "coordinates": [121.5296530938874, 25.033235655042258]}}, {"type": "Feature", "properties": {"city": "臺北市", "district": "中正區", "award_year": 114, "restaurant_name": "大三元酒樓", "address": "臺北市中正區衡陽路46號2樓", "rating_result": "優"}, "geometry": {"type": "Point", "coordinates": [121.51227581292429, 25.04218940498147]}}, {"type": "Feature", "properties": {"city": "臺北市", "district": "中正區", "award_year": 114, "restaurant_name": "UG-南陽", "address": "臺北市中正區南陽街11號", "rating_result": "優"}, "geometry": {"type": "Point", "coordinates": [121.51616007762703, 25.045081360104497]}}, {"type": "Feature", "properties": {"city": "臺北市", "district": "中正區", "award_year": 114, "restaurant_name": "鈺善閣", "address": "臺北市中正區北平東路14號1樓", "rating_result": "優"}, "geometry": {"type": "Point", "coordinates": [121.5245468290007, 25.046024156401494]}}, {"type": "Feature", "properties": {"city": "臺北市", "district": "大安區", "award_year": 114, "restaurant_name": "七里亭", "address": "臺北市大安區羅斯福路3段333巷8號1樓", "rating_result": "優"}, "geometry": {"type": "Point", "coordinates": [121.53257915117555, 25.017328566173145]}}, {"type": "Feature", "properties": {"city": "臺北市", "district": "中正區", "award_year": 114, "restaurant_name": "真北平餐廳", "address": "臺北市中正區寧波東街1號1樓", "rating_result": "優"}, "geometry": {"type": "Point", "coordinates": [121.51939480857561, 25.031898417021164]}}, {"type": "Feature", "properties": {"city": "臺北市", "district": "中正區", "award_year": 114, "restaurant_name": "老字號東門鴨莊 姚氏餐飲有限公司", "address": "臺北市中正區南昌路1段40號1樓、2樓", "rating_result": "優"}, "geometry": {"type": "Point", "coordinates": [121.51669135127788, 25.031788166008237]}}, {"type": "Feature", "properties": {"city": "臺北市", "district": "中正區", "award_year": 114, "restaurant_name": "彼得好咖啡 南門店", "address": "臺北市中正區羅斯福路1段24號1至2樓", "rating_result": "優"}, "geometry": {"type": "Point", "coordinates": [121.51882218362947, 25.031632770093008]}}, {"type": "Feature", "properties": {"city": "臺北市", "district": "內湖區", "award_year": 114, "restaurant_name": "Journey Kaffe覺旅咖啡-陽光分公司", "address": "臺北市內湖區陽光街321巷42號", "rating_result": "優"}, "geometry": {"type": "Point", "coordinates": [121.57814194145031, 25.071772187883443]}}, {"type": "Feature", "properties": {"city": "臺北市", "district": "內湖區", "award_year": 114, "restaurant_name": "Journey Kaffe覺旅咖啡-西湖分公司", "address": "臺北市內湖區瑞光路583巷24號1樓", "rating_result": "優"}, "geometry": {"type": "Point", "coordinates": [121.56817323216843, 25.080581309871594]}}, {"type": "Feature", "properties": {"city": "臺北市", "district": "內湖區", "award_year": 114, "restaurant_name": "Marcus", "address": "臺北市內湖區瑞光路583巷25號", "rating_result": "優"}, "geometry": {"type": "Point", "coordinates": [121.56788848745803, 25.080689969640638]}}, {"type": "Feature", "properties": {"city": "臺北市", "district": "內湖區", "award_year": 114, "restaurant_name": "貳樓-內湖西湖店", "address": "臺北市內湖區內湖路1段300號", "rating_result": "優"}, "geometry": {"type": "Point", "coordinates": [121.56875489544001, 25.08175643969214]}}, {"type": "Feature", "properties": {"city": "臺北市", "district": "內湖區", "award_year": 114, "restaurant_name": "春水堂-台北西湖分公司", "address": "臺北市內湖區瑞光路585號1樓", "rating_result": "優"}, "geometry": {"type": "Point", "coordinates": [121.56762690135874, 25.080268718895898]}}, {"type": "Feature", "properties": {"city": "臺北市", "district": "內湖區", "award_year": 114, "restaurant_name": "名廚燒臘店", "address": "臺北市內湖區江南街121號", "rating_result": "優"}, "geometry": {"type": "Point", "coordinates": [121.57582517649416, 25.07623078602642]}}, {"type": "Feature", "properties": {"city": "臺北市", "district": "內湖區", "award_year": 114, "restaurant_name": "DELOIN德朗火鍋 行善店", "address": "臺北市內湖區瑞光路210號", "rating_result": "優"}, "geometry": {"type": "Point", "coordinates": [121.57631806222551, 25.075200420890763]}}, {"type": "Feature", "properties": {"city": "臺北市", "district": "內湖區", "award_year": 114, "restaurant_name": "圓安宴餐廳", "address": "臺北市內湖區成功路2段322號", "rating_result": "優"}, "geometry": {"type": "Point", "coordinates": [121.5904762133557, 25.067714883021615]}}, {"type": "Feature", "properties": {"city": "臺北市", "district": "內湖區", "award_year": 114, "restaurant_name": "定食8-康寧店", "address": "臺北市內湖區康寧路3段72號1樓", "rating_result": "優"}, "geometry": {"type": "Point", "coordinates": [121.61127364615508, 25.07021021741681]}}, {"type": "Feature", "properties": {"city": "臺北市", "district": "內湖區", "award_year": 114, "restaurant_name": "三商巧福-內湖二店", "address": "臺北市內湖區民善街88號", "rating_result": "優"}, "geometry": {"type": "Point", "coordinates": [121.57536491269434, 25.060140701809427]}}, {"type": "Feature", "properties": {"city": "臺北市", "district": "內湖區", "award_year": 114, "restaurant_name": "爭鮮 定時8-內湖家樂福店", "address": "臺北市內湖區民善街88號", "rating_result": "優"}, "geometry": {"type": "Point", "coordinates": [121.57536491269434, 25.060140701809427]}}, {"type": "Feature", "properties": {"city": "臺北市", "district": "內湖區", "award_year": 114, "restaurant_name": "花蓮扁食-內湖家樂福店", "address": "臺北市內湖區民善街88號", "rating_result": "優"}, "geometry": {"type": "Point", "coordinates": [121.57536491269434, 25.060140701809427]}}, {"type": "Feature", "properties": {"city": "臺北市", "district": "內湖區", "award_year": 114, "restaurant_name": "荖子鍋-內湖店", "address": "臺北市內湖區民善街88號", "rating_result": "優"}, "geometry": {"type": "Point", "coordinates": [121.57536491269434, 25.060140701809427]}}, {"type": "Feature", "properties": {"city": "臺北市", "district": "內湖區", "award_year": 114, "restaurant_name": "家樂福內湖店-即時熟食區(二F)", "address": "臺北市內湖區民善街88號", "rating_result": "優"}, "geometry": {"type": "Point", "coordinates": [121.57536491269434, 25.060140701809427]}}, {"type": "Feature", "properties": {"city": "臺北市", "district": "中山區", "award_year": 114, "restaurant_name": "美樂食餐飲-民生雙連食堂", "address": "臺北市中山區民生西路28號", "rating_result": "良"}, "geometry": {"type": "Point", "coordinates": [121.52174676367373, 25.057648007207057]}}, {"type": "Feature", "properties": {"city": "臺北市", "district": "中山區", "award_year": 114, "restaurant_name": "夏慕尼-台北中山北", "address": "臺北市中山區中山北路2段44號B1", "rating_result": "優"}, "geometry": {"type": "Point", "coordinates": [121.52250680785006, 25.055200268007294]}}, {"type": "Feature", "properties": {"city": "臺北市", "district": "南港區", "award_year": 114, "restaurant_name": "家樂福南港二店-即食熟食區", "address": "臺北市南港區南港路2段146號B2", "rating_result": "優"}, "geometry": {"type": "Point", "coordinates": [121.60048637355685, 25.053842903630404]}}, {"type": "Feature", "properties": {"city": "臺北市", "district": "大同區", "award_year": 114, "restaurant_name": "明德素食園-京站店", "address": "臺北市大同區承德路1段1號B3", "rating_result": "優"}, "geometry": {"type": "Point", "coordinates": [121.51678413900474, 25.04909008063802]}}, {"type": "Feature", "properties": {"city": "臺北市", "district": "大同區", "award_year": 114, "restaurant_name": "八番赤野-京站店", "address": "臺北市大同區承德路1段1號B3", "rating_result": "優"}, "geometry": {"type": "Point", "coordinates": [121.51678413900474, 25.04909008063802]}}, {"type": "Feature", "properties": {"city": "臺北市", "district": "大同區", "award_year": 114, "restaurant_name": "雪嶽山-京站店", "address": "臺北市大同區承德路1段1號B3", "rating_result": "優"}, "geometry": {"type": "Point", "coordinates": [121.51678413900474, 25.04909008063802]}}, {"type": "Feature", "properties": {"city": "臺北市", "district": "大同區", "award_year": 114, "restaurant_name": "功夫銷魂麵-京站店", "address": "臺北市大同區承德路1段1號B3", "rating_result": "優"}, "geometry": {"type": "Point", "coordinates": [121.51678413900474, 25.04909008063802]}}, {"type": "Feature", "properties": {"city": "臺北市", "district": "大同區", "award_year": 114, "restaurant_name": "海壽司-京站店", "address": "臺北市大同區承德路1段1號B3", "rating_result": "優"}, "geometry": {"type": "Point", "coordinates": [121.51678413900474, 25.04909008063802]}}, {"type": "Feature", "properties": {"city": "臺北市", "district": "大同區", "award_year": 114, "restaurant_name": "美威鮭魚-京站店", "address": "臺北市大同區承德路1段1號B3", "rating_result": "優"}, "geometry": {"type": "Point", "coordinates": [121.51678413900474, 25.04909008063802]}}, {"type": "Feature", "properties": {"city": "臺北市", "district": "大同區", "award_year": 114, "restaurant_name": "段純貞-京站店", "address": "臺北市大同區承德路1段1號B3", "rating_result": "優"}, "geometry": {"type": "Point", "coordinates": [121.51678413900474, 25.04909008063802]}}, {"type": "Feature", "properties": {"city": "臺北市", "district": "大同區", "award_year": 114, "restaurant_name": "和田涮涮鍋-京站店", "address": "臺北市大同區承德路1段1號B3", "rating_result": "優"}, "geometry": {"type": "Point", "coordinates": [121.51678413900474, 25.04909008063802]}}, {"type": "Feature", "properties": {"city": "臺北市", "district": "信義區", "award_year": 114, "restaurant_name": "Gubami Social 餐廳-新光三越A9", "address": "臺北市信義區松壽路9號6樓", "rating_result": "優"}, "geometry": {"type": "Point", "coordinates": [121.56666229822561, 25.036081589739393]}}, {"type": "Feature", "properties": {"city": "臺北市", "district": "信義區", "award_year": 114, "restaurant_name": "黑武士老火鍋-新光三越A9", "address": "臺北市信義區松壽路9號6樓", "rating_result": "優"}, "geometry": {"type": "Point", "coordinates": [121.56666229822561, 25.036081589739393]}}, {"type": "Feature", "properties": {"city": "臺北市", "district": "內湖區", "award_year": 114, "restaurant_name": "爭鮮-內湖家樂福店", "address": "臺北市內湖區民善街88號", "rating_result": "優"}, "geometry": {"type": "Point", "coordinates": [121.57536491269434, 25.060140701809427]}}, {"type": "Feature", "properties": {"city": "臺北市", "district": "大同區", "award_year": 114, "restaurant_name": "21Plus-京站店", "address": "臺北市大同區承德路1段1號B2", "rating_result": "優"}, "geometry": {"type": "Point", "coordinates": [121.51678413900474, 25.04909008063802]}}, {"type": "Feature", "properties": {"city": "臺北市", "district": "大同區", "award_year": 114, "restaurant_name": "德州美墨炸雞-京站店", "address": "臺北市大同區承德路1段1號B2", "rating_result": "優"}, "geometry": {"type": "Point", "coordinates": [121.51678413900474, 25.04909008063802]}}, {"type": "Feature", "properties": {"city": "臺北市", "district": "大安區", "award_year": 114, "restaurant_name": "豐盛食堂", "address": "臺北市大安區麗水街1之3號", "rating_result": "優"}, "geometry": {"type": "Point", "coordinates": [121.52907136257144, 25.032426740453314]}}, {"type": "Feature", "properties": {"city": "臺北市", "district": "大安區", "award_year": 114, "restaurant_name": "Belém貝倫烘焙餐坊", "address": "臺北市大安區和平東路2段118巷37號", "rating_result": "優"}, "geometry": {"type": "Point", "coordinates": [121.54291770134925, 25.023365419798143]}}, {"type": "Feature", "properties": {"city": "臺北市", "district": "大安區", "award_year": 114, "restaurant_name": "古典玫瑰園-台北永康店", "address": "臺北市大安區麗水街3之1號1樓", "rating_result": "優"}, "geometry": {"type": "Point", "coordinates": [121.52901859641284, 25.032136688608254]}}, {"type": "Feature", "properties": {"city": "臺北市", "district": "大安區", "award_year": 114, "restaurant_name": "樂埔町", "address": "臺北市大安區杭州南路2段67號", "rating_result": "優"}, "geometry": {"type": "Point", "coordinates": [121.52217670936774, 25.029743808918106]}}, {"type": "Feature", "properties": {"city": "臺北市", "district": "大安區", "award_year": 114, "restaurant_name": "𩵚魠風味魚羹-和平店", "address": "臺北市大安區和平東路2段355號1樓", "rating_result": "優"}, "geometry": {"type": "Point", "coordinates": [121.5462201759768, 25.02486590010643]}}, {"type": "Feature", "properties": {"city": "臺北市", "district": "大安區", "award_year": 114, "restaurant_name": "江浙點心", "address": "臺北市大安區麗水街4之1號", "rating_result": "優"}, "geometry": {"type": "Point", "coordinates": [121.52883420457057, 25.033124140916996]}}, {"type": "Feature", "properties": {"city": "臺北市", "district": "大安區", "award_year": 114, "restaurant_name": "老郭川菜館", "address": "臺北市大安區麗水街6號", "rating_result": "優"}, "geometry": {"type": "Point", "coordinates": [121.52902343794686, 25.03305149365597]}}, {"type": "Feature", "properties": {"city": "臺北市", "district": "大安區", "award_year": 114, "restaurant_name": "吳留手串燒居酒屋", "address": "臺北市大安區麗水街5之9號", "rating_result": "優"}, "geometry": {"type": "Point", "coordinates": [121.52878502904785, 25.0309751448957]}}, {"type": "Feature", "properties": {"city": "臺北市", "district": "中山區", "award_year": 114, "restaurant_name": "呷哺呷哺火鍋-南西店", "address": "臺北市中山區南京西路15號7樓", "rating_result": "優"}, "geometry": {"type": "Point", "coordinates": [121.52094161820017, 25.052744003996054]}}, {"type": "Feature", "properties": {"city": "臺北市", "district": "北投區", "award_year": 114, "restaurant_name": "克弗爾手作烘焙(克弗爾實業有限公司)", "address": "臺北市北投區中央南路2段36號1樓", "rating_result": "優"}, "geometry": {"type": "Point", "coordinates": [121.50019634888393, 25.124859450640773]}}, {"type": "Feature", "properties": {"city": "臺北市", "district": "北投區", "award_year": 114, "restaurant_name": "天母臭臭鍋", "address": "臺北市北投區中正街24號", "rating_result": "優"}, "geometry": {"type": "Point", "coordinates": [121.50090972683289, 25.132048327317804]}}, {"type": "Feature", "properties": {"city": "臺北市", "district": "北投區", "award_year": 114, "restaurant_name": "賢爸蔬食", "address": "臺北市北投區中央南路1段25巷5號", "rating_result": "優"}, "geometry": {"type": "Point", "coordinates": [121.50174329633131, 25.132536998451624]}}, {"type": "Feature", "properties": {"city": "臺北市", "district": "北投區", "award_year": 114, "restaurant_name": "北投越南傳統手工法國麵包", "address": "臺北市北投區中央南路1段25巷15號1樓", "rating_result": "優"}, "geometry": {"type": "Point", "coordinates": [121.50183798396436, 25.132440872359485]}}, {"type": "Feature", "properties": {"city": "臺北市", "district": "北投區", "award_year": 114, "restaurant_name": "陽光屋", "address": "臺北市北投區中央南路1段25巷12號", "rating_result": "良"}, "geometry": {"type": "Point", "coordinates": [121.50175487805045, 25.132399165026914]}}, {"type": "Feature", "properties": {"city": "臺北市", "district": "北投區", "award_year": 114, "restaurant_name": "陳記麻辣食堂", "address": "臺北市北投區中央南路1段34號", "rating_result": "良"}, "geometry": {"type": "Point", "coordinates": [121.50134288018326, 25.13242667170193]}}, {"type": "Feature", "properties": {"city": "臺北市", "district": "北投區", "award_year": 114, "restaurant_name": "迷客夏-台北北投店", "address": "臺北市北投區中央南路1段1號", "rating_result": "優"}, "geometry": {"type": "Point", "coordinates": [121.5015634526776, 25.13306330840464]}}, {"type": "Feature", "properties": {"city": "臺北市", "district": "北投區", "award_year": 114, "restaurant_name": "源士林粥品", "address": "臺北市北投區中央北路1段118號", "rating_result": "優"}, "geometry": {"type": "Point", "coordinates": [121.49934044772748, 25.135033528132332]}}, {"type": "Feature", "properties": {"city": "臺北市", "district": "北投區", "award_year": 114, "restaurant_name": "鍋董日式涮涮鍋-新北投旗艦店", "address": "臺北市北投區大業路741號", "rating_result": "優"}, "geometry": {"type": "Point", "coordinates": [121.50271084432458, 25.137474064254402]}}, {"type": "Feature", "properties": {"city": "臺北市", "district": "北投區", "award_year": 114, "restaurant_name": "雞腳張古早滷味專賣店", "address": "臺北市北投區大業路739號1樓", "rating_result": "優"}, "geometry": {"type": "Point", "coordinates": [121.5026531771905, 25.137452817514834]}}, {"type": "Feature", "properties": {"city": "臺北市", "district": "南港區", "award_year": 114, "restaurant_name": "丸龜製麵-環球南港店", "address": "臺北市南港區忠孝東路7段371號B1", "rating_result": "優"}, "geometry": {"type": "Point", "coordinates": [121.60749628912814, 25.052571101616007]}}, {"type": "Feature", "properties": {"city": "臺北市", "district": "中正區", "award_year": 114, "restaurant_name": "費太太-台大西址店", "address": "臺北市中正區常德街1號", "rating_result": "優"}, "geometry": {"type": "Point", "coordinates": [121.51717151314037, 25.041400144555162]}}, {"type": "Feature", "properties": {"city": "臺北市", "district": "文山區", "award_year": 114, "restaurant_name": "財政部財政人員訓練所(沙山食品有限公司)", "address": "臺北市文山區羅斯福路6段142巷3號", "rating_result": "優"}, "geometry": {"type": "Point", "coordinates": [121.53925016677003, 24.996796012316935]}}, {"type": "Feature", "properties": {"city": "臺北市", "district": "中山區", "award_year": 114, "restaurant_name": "和逸飯店．台北民生館", "address": "臺北市中山區民生東路2段178號", "rating_result": "良"}, "geometry": {"type": "Point", "coordinates": [121.53621176053704, 25.05769930634075]}}, {"type": "Feature", "properties": {"city": "臺北市", "district": "北投區", "award_year": 114, "restaurant_name": "路易莎咖啡有限公司-北投直營門市", "address": "臺北市北投區光明路65號1樓", "rating_result": "優"}, "geometry": {"type": "Point", "coordinates": [121.50009813956862, 25.132965414915866]}}, {"type": "Feature", "properties": {"city": "臺北市", "district": "北投區", "award_year": 114, "restaurant_name": "早安勇士", "address": "臺北市北投區育仁路147號", "rating_result": "優"}, "geometry": {"type": "Point", "coordinates": [121.50079435842254, 25.13646104274564]}}, {"type": "Feature", "properties": {"city": "臺北市", "district": "北投區", "award_year": 114, "restaurant_name": "亞太飯店", "address": "臺北市北投區幽雅路31號", "rating_result": "優"}, "geometry": {"type": "Point", "coordinates": [121.51479505999961, 25.137146195302364]}}, {"type": "Feature", "properties": {"city": "臺北市", "district": "北投區", "award_year": 114, "restaurant_name": "曲水會館", "address": "臺北市北投區溫泉路105號", "rating_result": "優"}, "geometry": {"type": "Point", "coordinates": [121.51195462310154, 25.136453165463944]}}, {"type": "Feature", "properties": {"city": "臺北市", "district": "北投區", "award_year": 114, "restaurant_name": "滿客屋", "address": "臺北市北投區溫泉路110號", "rating_result": "優"}, "geometry": {"type": "Point", "coordinates": [121.51090432347641, 25.136203105470646]}}, {"type": "Feature", "properties": {"city": "臺北市", "district": "北投區", "award_year": 114, "restaurant_name": "心不懶喘息咖啡", "address": "臺北市北投區育仁路89號", "rating_result": "優"}, "geometry": {"type": "Point", "coordinates": [121.49896562049106, 25.13439938016043]}}, {"type": "Feature", "properties": {"city": "臺北市", "district": "北投區", "award_year": 114, "restaurant_name": "達美樂披薩北投光明店", "address": "臺北市北投區光明路98號1樓", "rating_result": "優"}, "geometry": {"type": "Point", "coordinates": [121.50104642148587, 25.133094347914785]}}, {"type": "Feature", "properties": {"city": "臺北市", "district": "北投區", "award_year": 114, "restaurant_name": "大碗麻辣鴨血臭豆腐", "address": "臺北市北投區新市街59號", "rating_result": "優"}, "geometry": {"type": "Point", "coordinates": [121.50227038107813, 25.132564475766152]}}, {"type": "Feature", "properties": {"city": "臺北市", "district": "北投區", "award_year": 114, "restaurant_name": "蔦燒日式居酒屋-北投店", "address": "臺北市北投區溫泉路30巷24號", "rating_result": "優"}, "geometry": {"type": "Point", "coordinates": [121.50315692355485, 25.133308895246824]}}, {"type": "Feature", "properties": {"city": "臺北市", "district": "北投區", "award_year": 114, "restaurant_name": "囍家炭烤三明治", "address": "臺北市北投區光明路57號", "rating_result": "優"}, "geometry": {"type": "Point", "coordinates": [121.499936534806, 25.13290863240693]}}, {"type": "Feature", "properties": {"city": "臺北市", "district": "大安區", "award_year": 114, "restaurant_name": "奎士咖啡_SOGO忠孝館", "address": "臺北市大安區忠孝東路4段45號B1", "rating_result": "優"}, "geometry": {"type": "Point", "coordinates": [121.54488279240725, 25.041902438705698]}}, {"type": "Feature", "properties": {"city": "臺北市", "district": "大安區", "award_year": 114, "restaurant_name": "神樂家-SOGO忠孝館", "address": "臺北市大安區忠孝東路4段45號11樓", "rating_result": "優"}, "geometry": {"type": "Point", "coordinates": [121.54488279240725, 25.041902438705698]}}, {"type": "Feature", "properties": {"city": "臺北市", "district": "大安區", "award_year": 114, "restaurant_name": "聚北海道昆布鍋-SOGO忠孝店", "address": "臺北市大安區忠孝東路4段45號11樓", "rating_result": "優"}, "geometry": {"type": "Point", "coordinates": [121.54488279240725, 25.041902438705698]}}, {"type": "Feature", "properties": {"city": "臺北市", "district": "大安區", "award_year": 114, "restaurant_name": "漢來蔬食-SOGO忠孝館", "address": "臺北市大安區忠孝東路4段45號11樓", "rating_result": "優"}, "geometry": {"type": "Point", "coordinates": [121.54488279240725, 25.041902438705698]}}, {"type": "Feature", "properties": {"city": "臺北市", "district": "大安區", "award_year": 114, "restaurant_name": "三合院港式飲茶-SOGO忠孝館", "address": "臺北市大安區忠孝東路4段45號11樓", "rating_result": "優"}, "geometry": {"type": "Point", "coordinates": [121.54488279240725, 25.041902438705698]}}, {"type": "Feature", "properties": {"city": "臺北市", "district": "大安區", "award_year": 114, "restaurant_name": "NARA Thai Cuisine-SGOG忠孝館", "address": "臺北市大安區忠孝東路4段45號11樓", "rating_result": "優"}, "geometry": {"type": "Point", "coordinates": [121.54488279240725, 25.041902438705698]}}, {"type": "Feature", "properties": {"city": "臺北市", "district": "大安區", "award_year": 114, "restaurant_name": "莆田Putien-SOGO忠孝店", "address": "臺北市大安區忠孝東路4段45號12樓", "rating_result": "優"}, "geometry": {"type": "Point", "coordinates": [121.54488279240725, 25.041902438705698]}}, {"type": "Feature", "properties": {"city": "臺北市", "district": "中正區", "award_year": 114, "restaurant_name": "新東南海鮮餐廳", "address": "臺北市中正區汀州路1段105號1樓", "rating_result": "優"}, "geometry": {"type": "Point", "coordinates": [121.50892980362671, 25.02863141423173]}}, {"type": "Feature", "properties": {"city": "臺北市", "district": "大安區", "award_year": 114, "restaurant_name": "聖瑪莉東門店 ", "address": "臺北市大安區信義路2段186號", "rating_result": "優"}, "geometry": {"type": "Point", "coordinates": [121.52985732097312, 25.03353660436064]}}, {"type": "Feature", "properties": {"city": "臺北市", "district": "中正區", "award_year": 114, "restaurant_name": "欣豐自助餐-微風台大醫院店", "address": "臺北市中正區中山南路7號B1", "rating_result": "優"}, "geometry": {"type": "Point", "coordinates": [121.51855793268219, 25.040775742702056]}}, {"type": "Feature", "properties": {"city": "臺北市", "district": "中正區", "award_year": 114, "restaurant_name": "第一佳-微風台大醫院店", "address": "臺北市中正區中山南路7號B1", "rating_result": "優"}, "geometry": {"type": "Point", "coordinates": [121.51855793268219, 25.040775742702056]}}, {"type": "Feature", "properties": {"city": "臺北市", "district": "中正區", "award_year": 114, "restaurant_name": "一之軒-微風台大醫院店", "address": "臺北市中正區中山南路7號B1", "rating_result": "優"}, "geometry": {"type": "Point", "coordinates": [121.51855793268219, 25.040775742702056]}}, {"type": "Feature", "properties": {"city": "臺北市", "district": "中正區", "award_year": 114, "restaurant_name": "小南門-微風台大醫院店", "address": "臺北市中正區中山南路7號B1", "rating_result": "優"}, "geometry": {"type": "Point", "coordinates": [121.51855793268219, 25.040775742702056]}}, {"type": "Feature", "properties": {"city": "臺北市", "district": "中正區", "award_year": 114, "restaurant_name": "好好吃大餛飩-微風台大醫院店", "address": "臺北市中正區中山南路7號B1", "rating_result": "優"}, "geometry": {"type": "Point", "coordinates": [121.51855793268219, 25.040775742702056]}}, {"type": "Feature", "properties": {"city": "臺北市", "district": "中正區", "award_year": 114, "restaurant_name": "花蓮扁食-微風台大醫院店", "address": "臺北市中正區中山南路7號B1", "rating_result": "優"}, "geometry": {"type": "Point", "coordinates": [121.51855793268219, 25.040775742702056]}}, {"type": "Feature", "properties": {"city": "臺北市", "district": "中正區", "award_year": 114, "restaurant_name": "菓加 Fruit plus-微風台大醫院店", "address": "臺北市中正區中山南路7號B1", "rating_result": "優"}, "geometry": {"type": "Point", "coordinates": [121.51855793268219, 25.040775742702056]}}, {"type": "Feature", "properties": {"city": "臺北市", "district": "中正區", "award_year": 114, "restaurant_name": "21plus-微風台大醫院店", "address": "臺北市中正區中山南路7號B1", "rating_result": "優"}, "geometry": {"type": "Point", "coordinates": [121.51855793268219, 25.040775742702056]}}, {"type": "Feature", "properties": {"city": "臺北市", "district": "中正區", "award_year": 114, "restaurant_name": "Mister Donut-微風台大醫院店", "address": "臺北市中正區中山南路7號B1", "rating_result": "優"}, "geometry": {"type": "Point", "coordinates": [121.51855793268219, 25.040775742702056]}}, {"type": "Feature", "properties": {"city": "臺北市", "district": "大同區", "award_year": 114, "restaurant_name": "杏子日式豬排-京站店", "address": "臺北市大同區承德路1段1號4樓", "rating_result": "優"}, "geometry": {"type": "Point", "coordinates": [121.51678413900474, 25.04909008063802]}}, {"type": "Feature", "properties": {"city": "臺北市", "district": "大同區", "award_year": 114, "restaurant_name": "海底撈-京站店", "address": "臺北市大同區承德路1段1號4樓", "rating_result": "優"}, "geometry": {"type": "Point", "coordinates": [121.51678413900474, 25.04909008063802]}}, {"type": "Feature", "properties": {"city": "臺北市", "district": "大同區", "award_year": 114, "restaurant_name": "Häagen-Dazs-京站店", "address": "臺北市大同區承德路1段1號1樓", "rating_result": "優"}, "geometry": {"type": "Point", "coordinates": [121.51678413900474, 25.04909008063802]}}, {"type": "Feature", "properties": {"city": "臺北市", "district": "中正區", "award_year": 114, "restaurant_name": "樂田麵包-台大西址店", "address": "臺北市中正區常德街1號B1", "rating_result": "優"}, "geometry": {"type": "Point", "coordinates": [121.51717151314037, 25.041400144555162]}}, {"type": "Feature", "properties": {"city": "臺北市", "district": "中正區", "award_year": 114, "restaurant_name": "蓁小店-台大西址店", "address": "臺北市中正區常德街1號B1", "rating_result": "優"}, "geometry": {"type": "Point", "coordinates": [121.51717151314037, 25.041400144555162]}}, {"type": "Feature", "properties": {"city": "臺北市", "district": "中正區", "award_year": 114, "restaurant_name": "周董燒肉飯-台大西址店", "address": "臺北市中正區常德街1號B1", "rating_result": "優"}, "geometry": {"type": "Point", "coordinates": [121.51717151314037, 25.041400144555162]}}, {"type": "Feature", "properties": {"city": "臺北市", "district": "中正區", "award_year": 114, "restaurant_name": "路易莎咖啡-台大西址店", "address": "臺北市中正區常德街1號", "rating_result": "優"}, "geometry": {"type": "Point", "coordinates": [121.51717151314037, 25.041400144555162]}}, {"type": "Feature", "properties": {"city": "臺北市", "district": "中正區", "award_year": 114, "restaurant_name": "美樂家素食坊-台大西址店", "address": "臺北市中正區常德街1號B1", "rating_result": "優"}, "geometry": {"type": "Point", "coordinates": [121.51717151314037, 25.041400144555162]}}, {"type": "Feature", "properties": {"city": "臺北市", "district": "信義區", "award_year": 114, "restaurant_name": "添好運-CITYLINK松山店", "address": "臺北市信義區松山路11號2樓", "rating_result": "優"}, "geometry": {"type": "Point", "coordinates": [121.57830731876943, 25.04919696563771]}}, {"type": "Feature", "properties": {"city": "臺北市", "district": "信義區", "award_year": 114, "restaurant_name": "花月嵐拉麵-CITYLINK松山店", "address": "臺北市信義區松山路11號2樓", "rating_result": "優"}, "geometry": {"type": "Point", "coordinates": [121.57830731876943, 25.04919696563771]}}, {"type": "Feature", "properties": {"city": "臺北市", "district": "信義區", "award_year": 114, "restaurant_name": "秋風軒鍋物-CITYLINK松山店", "address": "臺北市信義區松山路11號2樓", "rating_result": "優"}, "geometry": {"type": "Point", "coordinates": [121.57830731876943, 25.04919696563771]}}, {"type": "Feature", "properties": {"city": "臺北市", "district": "信義區", "award_year": 114, "restaurant_name": "瓦城-ClTYLINK松山店", "address": "臺北市信義區松山路11號2樓", "rating_result": "優"}, "geometry": {"type": "Point", "coordinates": [121.57830731876943, 25.04919696563771]}}, {"type": "Feature", "properties": {"city": "臺北市", "district": "信義區", "award_year": 114, "restaurant_name": "丸亀製麵-CITYLINK松山店", "address": "臺北市信義區松山路11號2樓", "rating_result": "優"}, "geometry": {"type": "Point", "coordinates": [121.57830731876943, 25.04919696563771]}}, {"type": "Feature", "properties": {"city": "臺北市", "district": "信義區", "award_year": 114, "restaurant_name": "時時香-CITYLINK松山店", "address": "臺北市信義區松山路11號2樓", "rating_result": "優"}, "geometry": {"type": "Point", "coordinates": [121.57830731876943, 25.04919696563771]}}, {"type": "Feature", "properties": {"city": "臺北市", "district": "松山區", "award_year": 114, "restaurant_name": "台北馥敦-復北店", "address": "臺北市松山區復興北路315號", "rating_result": "優"}, "geometry": {"type": "Point", "coordinates": [121.54441578577521, 25.0591148597599]}}, {"type": "Feature", "properties": {"city": "臺北市", "district": "信義區", "award_year": 114, "restaurant_name": "潮品集-潮坊", "address": "臺北市信義區松高路19號6樓", "rating_result": "優"}, "geometry": {"type": "Point", "coordinates": [121.56666695366349, 25.039359055217176]}}, {"type": "Feature", "properties": {"city": "臺北市", "district": "信義區", "award_year": 114, "restaurant_name": "lady m遠百信義店", "address": "臺北市信義區松仁路58號1樓", "rating_result": "優"}, "geometry": {"type": "Point", "coordinates": [121.56796783040394, 25.036731945127766]}}, {"type": "Feature", "properties": {"city": "臺北市", "district": "信義區", "award_year": 114, "restaurant_name": "新馬辣信義遠百店", "address": "臺北市信義區松仁路58號14樓", "rating_result": "優"}, "geometry": {"type": "Point", "coordinates": [121.56796783040394, 25.036731945127766]}}, {"type": "Feature", "properties": {"city": "臺北市", "district": "中正區", "award_year": 114, "restaurant_name": "朱記餡餅粥-微風台大醫院店", "address": "臺北市中正區中山南路7號B1", "rating_result": "優"}, "geometry": {"type": "Point", "coordinates": [121.51855793268219, 25.040775742702056]}}, {"type": "Feature", "properties": {"city": "臺北市", "district": "中正區", "award_year": 114, "restaurant_name": "寶源活力吧-台大西址店", "address": "臺北市中正區常德街1號", "rating_result": "優"}, "geometry": {"type": "Point", "coordinates": [121.51717151314037, 25.041400144555162]}}, {"type": "Feature", "properties": {"city": "臺北市", "district": "中正區", "award_year": 114, "restaurant_name": "雲嶺鮮雞-台大西址店", "address": "臺北市中正區常德街1號", "rating_result": "優"}, "geometry": {"type": "Point", "coordinates": [121.51717151314037, 25.041400144555162]}}, {"type": "Feature", "properties": {"city": "臺北市", "district": "信義區", "award_year": 114, "restaurant_name": "創義麵-CITYLINK松山店", "address": "臺北市信義區松山路11號1樓", "rating_result": "良"}, "geometry": {"type": "Point", "coordinates": [121.57830731876943, 25.04919696563771]}}, {"type": "Feature", "properties": {"city": "臺北市", "district": "信義區", "award_year": 114, "restaurant_name": "爭鮮迴轉壽司-CITYLINK松山店", "address": "臺北市信義區松山路11號1樓", "rating_result": "優"}, "geometry": {"type": "Point", "coordinates": [121.57830731876943, 25.04919696563771]}}, {"type": "Feature", "properties": {"city": "臺北市", "district": "信義區", "award_year": 114, "restaurant_name": "CoCo老番屋-CITYLINK松山店", "address": "臺北市信義區松山路11號1樓", "rating_result": "優"}, "geometry": {"type": "Point", "coordinates": [121.57830731876943, 25.04919696563771]}}, {"type": "Feature", "properties": {"city": "臺北市", "district": "信義區", "award_year": 114, "restaurant_name": "品田牧場-CITYLINK松山店", "address": "臺北市信義區松山路11號1樓", "rating_result": "優"}, "geometry": {"type": "Point", "coordinates": [121.57830731876943, 25.04919696563771]}}, {"type": "Feature", "properties": {"city": "臺北市", "district": "信義區", "award_year": 114, "restaurant_name": "Beard papa-CITYLINK松山店", "address": "臺北市信義區松山路11號1樓", "rating_result": "優"}, "geometry": {"type": "Point", "coordinates": [121.57830731876943, 25.04919696563771]}}, {"type": "Feature", "properties": {"city": "臺北市", "district": "信義區", "award_year": 114, "restaurant_name": "COCO都可-CITYLINK松山店", "address": "臺北市信義區松山路11號1樓", "rating_result": "優"}, "geometry": {"type": "Point", "coordinates": [121.57830731876943, 25.04919696563771]}}, {"type": "Feature", "properties": {"city": "臺北市", "district": "信義區", "award_year": 114, "restaurant_name": "MISTER DONUT-CITYLINK松山店", "address": "臺北市信義區松山路11號1樓", "rating_result": "優"}, "geometry": {"type": "Point", "coordinates": [121.57830731876943, 25.04919696563771]}}, {"type": "Feature", "properties": {"city": "臺北市", "district": "信義區", "award_year": 114, "restaurant_name": "CHAFFEE-CITYLINK松山店", "address": "臺北市信義區松山路11號1樓", "rating_result": "優"}, "geometry": {"type": "Point", "coordinates": [121.57830731876943, 25.04919696563771]}}, {"type": "Feature", "properties": {"city": "臺北市", "district": "大安區", "award_year": 114, "restaurant_name": "游壽司麗水店", "address": "臺北市大安區麗水街7巷7號", "rating_result": "優"}, "geometry": {"type": "Point", "coordinates": [121.5290784109656, 25.030969529400554]}}, {"type": "Feature", "properties": {"city": "臺北市", "district": "大安區", "award_year": 114, "restaurant_name": "Toh-a 桌藏", "address": "臺北市大安區和平東路2段76巷23弄9號", "rating_result": "優"}, "geometry": {"type": "Point", "coordinates": [121.54033421499419, 25.02242551825505]}}, {"type": "Feature", "properties": {"city": "臺北市", "district": "北投區", "award_year": 114, "restaurant_name": "臺北榮民總醫院營養部病患廚房", "address": "臺北市北投區石牌路2段201號中正樓B1", "rating_result": "優"}, "geometry": {"type": "Point", "coordinates": [121.51916582473102, 25.119182279379892]}}, {"type": "Feature", "properties": {"city": "臺北市", "district": "北投區", "award_year": 114, "restaurant_name": "臺北榮民總醫院員工餐廳", "address": "臺北市北投區石牌路2段201號中正樓1樓", "rating_result": "優"}, "geometry": {"type": "Point", "coordinates": [121.51916582473102, 25.119182279379892]}}, {"type": "Feature", "properties": {"city": "臺北市", "district": "中山區", "award_year": 114, "restaurant_name": "第一大飯店敘香園", "address": "臺北市中山區南京東路2段63號3樓", "rating_result": "良"}, "geometry": {"type": "Point", "coordinates": [121.53025019227381, 25.052256143568165]}}, {"type": "Feature", "properties": {"city": "臺北市", "district": "中山區", "award_year": 114, "restaurant_name": "木生婦幼診所", "address": "臺北市中山區長安東路2段90號1-4樓", "rating_result": "優"}, "geometry": {"type": "Point", "coordinates": [121.5344364639675, 25.048327085107193]}}, {"type": "Feature", "properties": {"city": "臺北市", "district": "中山區", "award_year": 114, "restaurant_name": "長榮桂冠酒店(台北)", "address": "臺北市中山區松江路63號", "rating_result": "優"}, "geometry": {"type": "Point", "coordinates": [121.5331768914546, 25.04886398556891]}}, {"type": "Feature", "properties": {"city": "臺北市", "district": "中山區", "award_year": 114, "restaurant_name": "林家蔬菜羊肉爐", "address": "臺北市中山區吉林路327號", "rating_result": "優"}, "geometry": {"type": "Point", "coordinates": [121.53044336148533, 25.063855534444603]}}, {"type": "Feature", "properties": {"city": "臺北市", "district": "中山區", "award_year": 114, "restaurant_name": "費太太-馬偕醫院", "address": "臺北市中山區中山北路2段92號", "rating_result": "優"}, "geometry": {"type": "Point", "coordinates": [121.52255795514748, 25.05888422256515]}}, {"type": "Feature", "properties": {"city": "臺北市", "district": "中山區", "award_year": 114, "restaurant_name": "聖瑪莉馬偕店", "address": "臺北市中山區中山北路2段92號1樓", "rating_result": "優"}, "geometry": {"type": "Point", "coordinates": [121.52255795514748, 25.05888422256515]}}, {"type": "Feature", "properties": {"city": "臺北市", "district": "中山區", "award_year": 114, "restaurant_name": "蔬坊The Greenery", "address": "臺北市中山區南京西路14號B1", "rating_result": "優"}, "geometry": {"type": "Point", "coordinates": [121.5206635494622, 25.05243327933632]}}, {"type": "Feature", "properties": {"city": "臺北市", "district": "中山區", "award_year": 114, "restaurant_name": "李義男婦產科附設產後護理之家", "address": "臺北市中山區中山北路2段71號5樓", "rating_result": "優"}, "geometry": {"type": "Point", "coordinates": [121.52305274914781, 25.057285550926554]}}, {"type": "Feature", "properties": {"city": "臺北市", "district": "中山區", "award_year": 114, "restaurant_name": "新馬辣-中山店", "address": "臺北市中山區南京東路1段2號2樓", "rating_result": "優"}, "geometry": {"type": "Point", "coordinates": [121.52295444771318, 25.052029087796782]}}, {"type": "Feature", "properties": {"city": "臺北市", "district": "中山區", "award_year": 114, "restaurant_name": "天廚菜館", "address": "臺北市中山區南京西路1號3樓", "rating_result": "良"}, "geometry": {"type": "Point", "coordinates": [121.522084551169, 25.05247136153638]}}, {"type": "Feature", "properties": {"city": "臺北市", "district": "中山區", "award_year": 114, "restaurant_name": "神旺商務酒店", "address": "臺北市中山區南京東路1段128號", "rating_result": "優"}, "geometry": {"type": "Point", "coordinates": [121.52703815676848, 25.05189500410601]}}, {"type": "Feature", "properties": {"city": "臺北市", "district": "松山區", "award_year": 114, "restaurant_name": "藍田產後護理之家", "address": "臺北市松山區南京東路5段316號", "rating_result": "優"}, "geometry": {"type": "Point", "coordinates": [121.56804904463506, 25.051099075261615]}}, {"type": "Feature", "properties": {"city": "臺北市", "district": "松山區", "award_year": 114, "restaurant_name": "漢堡王-南京三民店", "address": "臺北市松山區南京東路5段82號", "rating_result": "優"}, "geometry": {"type": "Point", "coordinates": [121.56132416081428, 25.05126573574176]}}, {"type": "Feature", "properties": {"city": "臺北市", "district": "松山區", "award_year": 114, "restaurant_name": "古味小吃店", "address": "臺北市松山區北寧路14號", "rating_result": "良"}, "geometry": {"type": "Point", "coordinates": [121.55272509254341, 25.04872769245399]}}, {"type": "Feature", "properties": {"city": "臺北市", "district": "中山區", "award_year": 114, "restaurant_name": "國王大飯店", "address": "臺北市中山區南京東路1段118號", "rating_result": "良"}, "geometry": {"type": "Point", "coordinates": [121.52661951244826, 25.05190528878978]}}, {"type": "Feature", "properties": {"city": "臺北市", "district": "中山區", "award_year": 114, "restaurant_name": "一郎台日海鮮料理宴會廣場-濱江店", "address": "臺北市中山區民族東路336號5樓", "rating_result": "優"}, "geometry": {"type": "Point", "coordinates": [121.53734126763842, 25.067923351473603]}}, {"type": "Feature", "properties": {"city": "臺北市", "district": "松山區", "award_year": 114, "restaurant_name": "晶英產後護理之家", "address": "臺北市松山區健康路156號6樓", "rating_result": "優"}, "geometry": {"type": "Point", "coordinates": [121.55743934294262, 25.053481233471896]}}, {"type": "Feature", "properties": {"city": "臺北市", "district": "松山區", "award_year": 114, "restaurant_name": "茹曦酒店-SUNNY BUFFET", "address": "臺北市松山區敦化北路100號", "rating_result": "優"}, "geometry": {"type": "Point", "coordinates": [121.5485292758267, 25.05276401685041]}}, {"type": "Feature", "properties": {"city": "臺北市", "district": "松山區", "award_year": 114, "restaurant_name": "茹曦酒店宴會廳", "address": "臺北市松山區敦化北路100號", "rating_result": "優"}, "geometry": {"type": "Point", "coordinates": [121.5485292758267, 25.05276401685041]}}, {"type": "Feature", "properties": {"city": "臺北市", "district": "中山區", "award_year": 114, "restaurant_name": "Impromptu by Paul Lee", "address": "臺北市中山區中山北路2段39巷3號B1", "rating_result": "優"}, "geometry": {"type": "Point", "coordinates": [121.5237433698758, 25.054198659867108]}}, {"type": "Feature", "properties": {"city": "臺北市", "district": "松山區", "award_year": 114, "restaurant_name": "翡麗詩莊園", "address": "臺北市松山區敦化北路232號", "rating_result": "優"}, "geometry": {"type": "Point", "coordinates": [121.54918243985055, 25.059365486709535]}}, {"type": "Feature", "properties": {"city": "臺北市", "district": "松山區", "award_year": 114, "restaurant_name": "THAI&THAI", "address": "臺北市松山區敦化北路158號5樓", "rating_result": "優"}, "geometry": {"type": "Point", "coordinates": [121.54839375340445, 25.05534350824932]}}, {"type": "Feature", "properties": {"city": "臺北市", "district": "松山區", "award_year": 114, "restaurant_name": "基督復臨安息日會醫療財團法人臺安醫院", "address": "臺北市松山區八德路2段424號", "rating_result": "優"}, "geometry": {"type": "Point", "coordinates": [121.54727710122346, 25.0480531333438]}}, {"type": "Feature", "properties": {"city": "臺北市", "district": "松山區", "award_year": 114, "restaurant_name": "beard papa-微風南京店", "address": "臺北市松山區南京東路3段337號1樓", "rating_result": "優"}, "geometry": {"type": "Point", "coordinates": [121.54798765202567, 25.051988619519886]}}, {"type": "Feature", "properties": {"city": "臺北市", "district": "松山區", "award_year": 114, "restaurant_name": "三軍總醫院松山分院含附設護理之家", "address": "臺北市松山區健康路131號", "rating_result": "優"}, "geometry": {"type": "Point", "coordinates": [121.55770453535673, 25.05394015675856]}}, {"type": "Feature", "properties": {"city": "臺北市", "district": "松山區", "award_year": 114, "restaurant_name": "聖瑪莉民生店", "address": "臺北市松山區民生東路5段133號", "rating_result": "優"}, "geometry": {"type": "Point", "coordinates": [121.56143849711638, 25.05887064266749]}}, {"type": "Feature", "properties": {"city": "臺北市", "district": "中山區", "award_year": 114, "restaurant_name": "台北世聯商旅", "address": "臺北市中山區松江路90巷5號9樓", "rating_result": "優"}, "geometry": {"type": "Point", "coordinates": [121.53194554965168, 25.0505926444713]}}, {"type": "Feature", "properties": {"city": "臺北市", "district": "中正區", "award_year": 114, "restaurant_name": "Yamazaki站前店", "address": "臺北市中正區忠孝西路1段49號B1", "rating_result": "優"}, "geometry": {"type": "Point", "coordinates": [121.51724347609903, 25.046481431619075]}}, {"type": "Feature", "properties": {"city": "臺北市", "district": "萬華區", "award_year": 114, "restaurant_name": "洛碁大飯店新仕界", "address": "臺北市萬華區昆明街141號B1", "rating_result": "優"}, "geometry": {"type": "Point", "coordinates": [121.5045081989177, 25.040950483802593]}}, {"type": "Feature", "properties": {"city": "臺北市", "district": "中正區", "award_year": 114, "restaurant_name": "果然果汁吧-台大西址店", "address": "臺北市中正區常德街1號", "rating_result": "優"}, "geometry": {"type": "Point", "coordinates": [121.51717151314037, 25.041400144555162]}}, {"type": "Feature", "properties": {"city": "臺北市", "district": "文山區", "award_year": 114, "restaurant_name": "統一聖娜多堡-萬芳門市", "address": "臺北市文山區興隆路3段111號", "rating_result": "優"}, "geometry": {"type": "Point", "coordinates": [121.55833027943584, 25.000306277630603]}}, {"type": "Feature", "properties": {"city": "臺北市", "district": "北投區", "award_year": 114, "restaurant_name": "皇家傳承-北榮門市", "address": "臺北市北投區石牌路2段201號中正樓生活廣場", "rating_result": "優"}, "geometry": {"type": "Point", "coordinates": [121.51916582473102, 25.119182279379892]}}, {"type": "Feature", "properties": {"city": "臺北市", "district": "大安區", "award_year": 114, "restaurant_name": "糧晨get食", "address": "臺北市大安區羅斯福路4段1號", "rating_result": "優"}, "geometry": {"type": "Point", "coordinates": [121.53370063437352, 25.016981072538876]}}, {"type": "Feature", "properties": {"city": "臺北市", "district": "大安區", "award_year": 114, "restaurant_name": "莫凡彼-臺大店", "address": "臺北市大安區羅斯福路4段85號1樓", "rating_result": "優"}, "geometry": {"type": "Point", "coordinates": [121.53648468665406, 25.012893180639495]}}, {"type": "Feature", "properties": {"city": "臺北市", "district": "中正區", "award_year": 114, "restaurant_name": "洛碁大飯店中華館", "address": "臺北市中正區中華路1段41號2樓", "rating_result": "優"}, "geometry": {"type": "Point", "coordinates": [121.50947702156289, 25.04486469845724]}}, {"type": "Feature", "properties": {"city": "臺北市", "district": "中正區", "award_year": 114, "restaurant_name": "上海鄉村-濟南店", "address": "臺北市中正區濟南路2段37號", "rating_result": "優"}, "geometry": {"type": "Point", "coordinates": [121.5297071998522, 25.04080210083996]}}, {"type": "Feature", "properties": {"city": "臺北市", "district": "文山區", "award_year": 114, "restaurant_name": "紅蕃茄餐飲事業有限公司(師大公館校區學七舍中餐廳)", "address": "臺北市文山區汀州路4段88號", "rating_result": "優"}, "geometry": {"type": "Point", "coordinates": [121.53717583273236, 25.007838641437882]}}, {"type": "Feature", "properties": {"city": "臺北市", "district": "松山區", "award_year": 114, "restaurant_name": "新東南海鮮料理-松山店", "address": "臺北市松山區八德路4段656號", "rating_result": "良"}, "geometry": {"type": "Point", "coordinates": [121.57542990681218, 25.049853626694834]}}, {"type": "Feature", "properties": {"city": "臺北市", "district": "中正區", "award_year": 114, "restaurant_name": "上海鄉村-仁愛店", "address": "臺北市中正區仁愛路1段17號B1、B2", "rating_result": "優"}, "geometry": {"type": "Point", "coordinates": [121.52224051571964, 25.039010644093853]}}, {"type": "Feature", "properties": {"city": "臺北市", "district": "北投區", "award_year": 114, "restaurant_name": "新婦海南雞飯", "address": "臺北市北投區光明路137號1樓", "rating_result": "良"}, "geometry": {"type": "Point", "coordinates": [121.50236084197411, 25.134720888057767]}}, {"type": "Feature", "properties": {"city": "臺北市", "district": "北投區", "award_year": 114, "restaurant_name": "COMEBUY 北投榮總店", "address": "臺北市北投區石牌路2段201號中正樓生活廣場", "rating_result": "優"}, "geometry": {"type": "Point", "coordinates": [121.51916582473102, 25.119182279379892]}}, {"type": "Feature", "properties": {"city": "臺北市", "district": "北投區", "award_year": 114, "restaurant_name": "小南門傳統美食-榮總店", "address": "臺北市北投區石牌路2段201號中正樓生活廣場", "rating_result": "優"}, "geometry": {"type": "Point", "coordinates": [121.51916582473102, 25.119182279379892]}}, {"type": "Feature", "properties": {"city": "臺北市", "district": "北投區", "award_year": 114, "restaurant_name": "安永鮮食 榮總分店", "address": "臺北市北投區石牌路2段201號中正樓生活廣場", "rating_result": "優"}, "geometry": {"type": "Point", "coordinates": [121.51916582473102, 25.119182279379892]}}, {"type": "Feature", "properties": {"city": "臺北市", "district": "北投區", "award_year": 114, "restaurant_name": "甲大鴻燒臘", "address": "臺北市北投區石牌路2段201號中正樓生活廣場", "rating_result": "優"}, "geometry": {"type": "Point", "coordinates": [121.51916582473102, 25.119182279379892]}}, {"type": "Feature", "properties": {"city": "臺北市", "district": "內湖區", "award_year": 114, "restaurant_name": "斑鳩的窩-舊宗店", "address": "臺北市內湖區舊宗路1段188號1樓", "rating_result": "良"}, "geometry": {"type": "Point", "coordinates": [121.575988536643, 25.062652764368043]}}, {"type": "Feature", "properties": {"city": "臺北市", "district": "內湖區", "award_year": 114, "restaurant_name": "麻膳堂-舊宗門市", "address": "臺北市內湖區舊宗路1段188號1樓", "rating_result": "優"}, "geometry": {"type": "Point", "coordinates": [121.575988536643, 25.062652764368043]}}, {"type": "Feature", "properties": {"city": "臺北市", "district": "內湖區", "award_year": 114, "restaurant_name": "異品屋-內湖大潤發店", "address": "臺北市內湖區舊宗路1段188號1樓", "rating_result": "良"}, "geometry": {"type": "Point", "coordinates": [121.575988536643, 25.062652764368043]}}, {"type": "Feature", "properties": {"city": "臺北市", "district": "信義區", "award_year": 114, "restaurant_name": "太平洋商旅", "address": "臺北市信義區光復南路495號11樓之2", "rating_result": "優"}, "geometry": {"type": "Point", "coordinates": [121.557884857539, 25.03245960050618]}}, {"type": "Feature", "properties": {"city": "臺北市", "district": "北投區", "award_year": 114, "restaurant_name": "新上享餐廳", "address": "臺北市北投區光明路226號", "rating_result": "優"}, "geometry": {"type": "Point", "coordinates": [121.50544401936088, 25.136000366269503]}}, {"type": "Feature", "properties": {"city": "臺北市", "district": "南港區", "award_year": 114, "restaurant_name": "統一聖娜多堡-南港門市", "address": "臺北市南港區忠孝東路7段369號B棟1樓", "rating_result": "優"}, "geometry": {"type": "Point", "coordinates": [121.60720834980488, 25.052670201502984]}}, {"type": "Feature", "properties": {"city": "臺北市", "district": "中山區", "award_year": 114, "restaurant_name": "大腕 (燒肉)", "address": "臺北市中山區敬業二路199號5樓", "rating_result": "優"}, "geometry": {"type": "Point", "coordinates": [121.55423458304503, 25.08451659832358]}}, {"type": "Feature", "properties": {"city": "臺北市", "district": "內湖區", "award_year": 114, "restaurant_name": "人之初敦化館產後護理之家", "address": "臺北市內湖區行愛路140巷21號3樓", "rating_result": "優"}, "geometry": {"type": "Point", "coordinates": [121.57956872896435, 25.063771136299614]}}, {"type": "Feature", "properties": {"city": "臺北市", "district": "內湖區", "award_year": 114, "restaurant_name": "永安福華產後護理之家", "address": "臺北市內湖區民權東路6段180巷6號3樓", "rating_result": "優"}, "geometry": {"type": "Point", "coordinates": [121.59264904837833, 25.068196303517265]}}, {"type": "Feature", "properties": {"city": "臺北市", "district": "內湖區", "award_year": 114, "restaurant_name": "私房小廚", "address": "臺北市內湖區舊宗路1段188號3樓", "rating_result": "優"}, "geometry": {"type": "Point", "coordinates": [121.575988536643, 25.062652764368043]}}, {"type": "Feature", "properties": {"city": "臺北市", "district": "大安區", "award_year": 114, "restaurant_name": "焦糖楓-師大店", "address": "臺北市大安區師大路63號", "rating_result": "優"}, "geometry": {"type": "Point", "coordinates": [121.52861049154312, 25.023933932318887]}}, {"type": "Feature", "properties": {"city": "臺北市", "district": "大安區", "award_year": 114, "restaurant_name": "師大雞肉飯專門店", "address": "臺北市大安區師大路59巷4號1樓", "rating_result": "優"}, "geometry": {"type": "Point", "coordinates": [121.52883076358222, 25.02391583411995]}}, {"type": "Feature", "properties": {"city": "臺北市", "district": "大安區", "award_year": 114, "restaurant_name": "初魚 鮨-泰順、初魚鉄板料亭-泰順", "address": "臺北市大安區泰順街2之1號", "rating_result": "優"}, "geometry": {"type": "Point", "coordinates": [121.53149329123931, 25.02591784944404]}}, {"type": "Feature", "properties": {"city": "臺北市", "district": "大安區", "award_year": 114, "restaurant_name": "弘爺漢堡-大安店", "address": "臺北市大安區泰順街33號", "rating_result": "優"}, "geometry": {"type": "Point", "coordinates": [121.53144774565926, 25.02432030760075]}}, {"type": "Feature", "properties": {"city": "臺北市", "district": "大安區", "award_year": 114, "restaurant_name": "阿月子傳統小吃店", "address": "臺北市大安區泰順街4號1樓", "rating_result": "優"}, "geometry": {"type": "Point", "coordinates": [121.53147003921988, 25.025753800940073]}}, {"type": "Feature", "properties": {"city": "臺北市", "district": "大安區", "award_year": 114, "restaurant_name": "極簡咖啡館", "address": "臺北市大安區泰順街2巷42號", "rating_result": "優"}, "geometry": {"type": "Point", "coordinates": [121.5295978130377, 25.02560418309191]}}, {"type": "Feature", "properties": {"city": "臺北市", "district": "大安區", "award_year": 114, "restaurant_name": "小南風咖啡", "address": "臺北市大安區泰順街38之1號", "rating_result": "優"}, "geometry": {"type": "Point", "coordinates": [121.53131879948836, 25.024558353857945]}}, {"type": "Feature", "properties": {"city": "臺北市", "district": "大安區", "award_year": 114, "restaurant_name": "蓉記莫名堂", "address": "臺北市大安區泰順街60巷29號1樓", "rating_result": "優"}, "geometry": {"type": "Point", "coordinates": [121.52934455891595, 25.022573061123236]}}, {"type": "Feature", "properties": {"city": "臺北市", "district": "大安區", "award_year": 114, "restaurant_name": "38號冰館", "address": "臺北市大安區泰順街38巷38號", "rating_result": "優"}, "geometry": {"type": "Point", "coordinates": [121.52951319500256, 25.02453077461399]}}, {"type": "Feature", "properties": {"city": "臺北市", "district": "大安區", "award_year": 114, "restaurant_name": "雲南小鎮", "address": "臺北市大安區泰順街40巷38號", "rating_result": "優"}, "geometry": {"type": "Point", "coordinates": [121.5295641322919, 25.024193436779022]}}, {"type": "Feature", "properties": {"city": "臺北市", "district": "大安區", "award_year": 114, "restaurant_name": "傳送咖啡", "address": "臺北市大安區泰順街40巷38號", "rating_result": "優"}, "geometry": {"type": "Point", "coordinates": [121.5295641322919, 25.024193436779022]}}, {"type": "Feature", "properties": {"city": "臺北市", "district": "大安區", "award_year": 114, "restaurant_name": "嚼咖啡館工作室", "address": "臺北市大安區泰順街60巷27號", "rating_result": "優"}, "geometry": {"type": "Point", "coordinates": [121.52942590427132, 25.02256683296502]}}, {"type": "Feature", "properties": {"city": "臺北市", "district": "大安區", "award_year": 114, "restaurant_name": "七見櫻堂", "address": "臺北市大安區泰順街28號", "rating_result": "優"}, "geometry": {"type": "Point", "coordinates": [121.53141382542505, 25.025045166297403]}}, {"type": "Feature", "properties": {"city": "臺北市", "district": "大安區", "award_year": 114, "restaurant_name": "穎鈞子素食麵線專門店", "address": "臺北市大安區師大路59巷8號", "rating_result": "優"}, "geometry": {"type": "Point", "coordinates": [121.52900959238461, 25.02388506437154]}}, {"type": "Feature", "properties": {"city": "臺北市", "district": "大安區", "award_year": 114, "restaurant_name": "Pasta Paradise新天堂義大利廚房", "address": "臺北市大安區師大路59巷8號", "rating_result": "優"}, "geometry": {"type": "Point", "coordinates": [121.52900959238461, 25.02388506437154]}}, {"type": "Feature", "properties": {"city": "臺北市", "district": "中山區", "award_year": 114, "restaurant_name": "津津韓式小吃-南西店", "address": "臺北市中山區南京西路15號B1", "rating_result": "優"}, "geometry": {"type": "Point", "coordinates": [121.52094161820017, 25.052744003996054]}}, {"type": "Feature", "properties": {"city": "臺北市", "district": "中山區", "award_year": 114, "restaurant_name": "長浜魚屋-南西店", "address": "臺北市中山區南京西路15號B1", "rating_result": "優"}, "geometry": {"type": "Point", "coordinates": [121.52094161820017, 25.052744003996054]}}, {"type": "Feature", "properties": {"city": "臺北市", "district": "中山區", "award_year": 114, "restaurant_name": "季樂和牛鐵板燒-南西店", "address": "臺北市中山區南京西路15號B1", "rating_result": "優"}, "geometry": {"type": "Point", "coordinates": [121.52094161820017, 25.052744003996054]}}, {"type": "Feature", "properties": {"city": "臺北市", "district": "中山區", "award_year": 114, "restaurant_name": "牛喜壽喜燒-南西店", "address": "臺北市中山區南京西路15號B1", "rating_result": "優"}, "geometry": {"type": "Point", "coordinates": [121.52094161820017, 25.052744003996054]}}, {"type": "Feature", "properties": {"city": "臺北市", "district": "信義區", "award_year": 114, "restaurant_name": "美蔬菜廚房-松菸店", "address": "臺北市信義區菸廠路88號B1", "rating_result": "優"}, "geometry": {"type": "Point", "coordinates": [121.56111052910109, 25.044737046647967]}}, {"type": "Feature", "properties": {"city": "臺北市", "district": "信義區", "award_year": 114, "restaurant_name": "春芳號-松菸店", "address": "臺北市信義區菸廠路88號B1", "rating_result": "優"}, "geometry": {"type": "Point", "coordinates": [121.56111052910109, 25.044737046647967]}}, {"type": "Feature", "properties": {"city": "臺北市", "district": "信義區", "award_year": 114, "restaurant_name": "Ten Thousand Coffee-松菸店", "address": "臺北市信義區菸廠路88號1樓", "rating_result": "優"}, "geometry": {"type": "Point", "coordinates": [121.56111052910109, 25.044737046647967]}}, {"type": "Feature", "properties": {"city": "臺北市", "district": "內湖區", "award_year": 114, "restaurant_name": "黑面蔡 滷春秋-內湖大潤發店", "address": "臺北市內湖區舊宗路1段188號1樓", "rating_result": "優"}, "geometry": {"type": "Point", "coordinates": [121.575988536643, 25.062652764368043]}}, {"type": "Feature", "properties": {"city": "臺北市", "district": "信義區", "award_year": 114, "restaurant_name": "Haloa Poke 夏威夷拌飯-松菸店", "address": "臺北市信義區菸廠路88號B1", "rating_result": "優"}, "geometry": {"type": "Point", "coordinates": [121.56111052910109, 25.044737046647967]}}, {"type": "Feature", "properties": {"city": "臺北市", "district": "信義區", "award_year": 114, "restaurant_name": "gelato pique café-A8", "address": "臺北市信義區松高路12號2樓", "rating_result": "優"}, "geometry": {"type": "Point", "coordinates": [121.56680015542207, 25.038813087314097]}}, {"type": "Feature", "properties": {"city": "臺北市", "district": "信義區", "award_year": 114, "restaurant_name": "SHANN SHANN-台北三越信義店", "address": "臺北市信義區松壽路9號6樓", "rating_result": "優"}, "geometry": {"type": "Point", "coordinates": [121.56666229822561, 25.036081589739393]}}, {"type": "Feature", "properties": {"city": "臺北市", "district": "信義區", "award_year": 114, "restaurant_name": "得正-A8", "address": "臺北市信義區松高路12號B1", "rating_result": "優"}, "geometry": {"type": "Point", "coordinates": [121.56680015542207, 25.038813087314097]}}, {"type": "Feature", "properties": {"city": "臺北市", "district": "大安區", "award_year": 114, "restaurant_name": "英達烘培坊", "address": "臺北市大安區龍泉街19之1號", "rating_result": "優"}, "geometry": {"type": "Point", "coordinates": [121.52940199612802, 25.024859988152034]}}, {"type": "Feature", "properties": {"city": "臺北市", "district": "大安區", "award_year": 114, "restaurant_name": "風奕吉飲食店", "address": "臺北市大安區龍泉街19號B1", "rating_result": "優"}, "geometry": {"type": "Point", "coordinates": [121.52943297572384, 25.02489901757918]}}, {"type": "Feature", "properties": {"city": "臺北市", "district": "大安區", "award_year": 114, "restaurant_name": "薈上飲", "address": "臺北市大安區龍泉街38號", "rating_result": "優"}, "geometry": {"type": "Point", "coordinates": [121.52938445632549, 25.024437231676202]}}, {"type": "Feature", "properties": {"city": "臺北市", "district": "大安區", "award_year": 114, "restaurant_name": "柳橙檸檬", "address": "臺北市大安區龍泉街19之2號旁", "rating_result": "優"}, "geometry": {"type": "Point", "coordinates": [121.52940879002635, 25.024812047597752]}}, {"type": "Feature", "properties": {"city": "臺北市", "district": "士林區", "award_year": 114, "restaurant_name": "陽明常春護理之家", "address": "臺北市士林區格致路7號2樓", "rating_result": "優"}, "geometry": {"type": "Point", "coordinates": [121.54611707104954, 25.13634158342716]}}, {"type": "Feature", "properties": {"city": "臺北市", "district": "士林區", "award_year": 114, "restaurant_name": "BIGTOM馬克咖啡", "address": "臺北市士林區雨聲街105號", "rating_result": "優"}, "geometry": {"type": "Point", "coordinates": [121.53156558302685, 25.10519406515192]}}, {"type": "Feature", "properties": {"city": "臺北市", "district": "士林區", "award_year": 114, "restaurant_name": "讚 鐵板燒", "address": "臺北市士林區承德路4段192之1號B1", "rating_result": "優"}, "geometry": {"type": "Point", "coordinates": [121.52211003813818, 25.087404573419583]}}, {"type": "Feature", "properties": {"city": "臺北市", "district": "內湖區", "award_year": 114, "restaurant_name": "鮮芋仙-內湖家樂福", "address": "臺北市內湖區民善街88號", "rating_result": "優"}, "geometry": {"type": "Point", "coordinates": [121.57536491269434, 25.060140701809427]}}, {"type": "Feature", "properties": {"city": "臺北市", "district": "內湖區", "award_year": 114, "restaurant_name": "丸亀製麺-家樂福內湖店", "address": "臺北市內湖區民善街88號", "rating_result": "優"}, "geometry": {"type": "Point", "coordinates": [121.57536491269434, 25.060140701809427]}}, {"type": "Feature", "properties": {"city": "臺北市", "district": "內湖區", "award_year": 114, "restaurant_name": "一階堂拉麵-內湖家樂福店", "address": "臺北市內湖區民善街88號", "rating_result": "優"}, "geometry": {"type": "Point", "coordinates": [121.57536491269434, 25.060140701809427]}}, {"type": "Feature", "properties": {"city": "臺北市", "district": "內湖區", "award_year": 114, "restaurant_name": "韓楓館韓式料理", "address": "臺北市內湖區民善街88號", "rating_result": "優"}, "geometry": {"type": "Point", "coordinates": [121.57536491269434, 25.060140701809427]}}, {"type": "Feature", "properties": {"city": "臺北市", "district": "內湖區", "award_year": 114, "restaurant_name": "洋城義大利餐廳", "address": "臺北市內湖區民善街88號", "rating_result": "優"}, "geometry": {"type": "Point", "coordinates": [121.57536491269434, 25.060140701809427]}}, {"type": "Feature", "properties": {"city": "臺北市", "district": "內湖區", "award_year": 114, "restaurant_name": "廣一樂廚", "address": "臺北市內湖區成功路2段325號B1", "rating_result": "優"}, "geometry": {"type": "Point", "coordinates": [121.5919821102814, 25.071800415956396]}}, {"type": "Feature", "properties": {"city": "臺北市", "district": "士林區", "award_year": 114, "restaurant_name": "新悅蚵仔煎", "address": "臺北市士林區忠誠路2段55號B1", "rating_result": "優"}, "geometry": {"type": "Point", "coordinates": [121.5314382031111, 25.111811064842684]}}, {"type": "Feature", "properties": {"city": "臺北市", "district": "士林區", "award_year": 114, "restaurant_name": "東京牛角(次男坊)", "address": "臺北市士林區忠誠路2段55號B1", "rating_result": "優"}, "geometry": {"type": "Point", "coordinates": [121.5314382031111, 25.111811064842684]}}, {"type": "Feature", "properties": {"city": "臺北市", "district": "士林區", "award_year": 114, "restaurant_name": "鴻榮廷食品(QQ嫩仙草)", "address": "臺北市士林區忠誠路2段55號B1", "rating_result": "優"}, "geometry": {"type": "Point", "coordinates": [121.5314382031111, 25.111811064842684]}}, {"type": "Feature", "properties": {"city": "臺北市", "district": "士林區", "award_year": 114, "restaurant_name": "鰻魚日記-台北天母店", "address": "臺北市士林區忠誠路2段200號3樓", "rating_result": "優"}, "geometry": {"type": "Point", "coordinates": [121.53403731606292, 25.11707977849108]}}, {"type": "Feature", "properties": {"city": "臺北市", "district": "士林區", "award_year": 114, "restaurant_name": "長田本庄軒-新光三越天母店", "address": "臺北市士林區忠誠路2段200號3樓", "rating_result": "優"}, "geometry": {"type": "Point", "coordinates": [121.53403731606292, 25.11707977849108]}}, {"type": "Feature", "properties": {"city": "臺北市", "district": "士林區", "award_year": 114, "restaurant_name": "好食廚坊", "address": "臺北市士林區雨聲街105號", "rating_result": "優"}, "geometry": {"type": "Point", "coordinates": [121.53156558302685, 25.10519406515192]}}, {"type": "Feature", "properties": {"city": "臺北市", "district": "士林區", "award_year": 114, "restaurant_name": "YOKU MOKU TAIWAN", "address": "臺北市士林區忠誠路2段202號1樓", "rating_result": "優"}, "geometry": {"type": "Point", "coordinates": [121.5341149170172, 25.11729403013609]}}, {"type": "Feature", "properties": {"city": "臺北市", "district": "士林區", "award_year": 114, "restaurant_name": "九龍粉圓豆花", "address": "臺北市士林區中正路235巷8號1樓", "rating_result": "優"}, "geometry": {"type": "Point", "coordinates": [121.5260234106879, 25.094877238923768]}}, {"type": "Feature", "properties": {"city": "臺北市", "district": "士林區", "award_year": 114, "restaurant_name": "柯欽德日式食堂", "address": "臺北市士林區福壽街9號", "rating_result": "優"}, "geometry": {"type": "Point", "coordinates": [121.52558746685152, 25.09583599185649]}}, {"type": "Feature", "properties": {"city": "臺北市", "district": "士林區", "award_year": 114, "restaurant_name": "郭家養生", "address": "臺北市士林區忠誠路2段55號B1", "rating_result": "優"}, "geometry": {"type": "Point", "coordinates": [121.5314382031111, 25.111811064842684]}}, {"type": "Feature", "properties": {"city": "臺北市", "district": "大安區", "award_year": 114, "restaurant_name": "牛魔王牛排館", "address": "臺北市大安區師大路49巷8號1樓", "rating_result": "良"}, "geometry": {"type": "Point", "coordinates": [121.52904737471343, 25.024209750751606]}}, {"type": "Feature", "properties": {"city": "臺北市", "district": "大安區", "award_year": 114, "restaurant_name": "Macho Tacos 瑪丘墨式餅舖 (師大 Shida)", "address": "臺北市大安區師大路93巷1號", "rating_result": "良"}, "geometry": {"type": "Point", "coordinates": [121.52865658172877, 25.02302202258015]}}, {"type": "Feature", "properties": {"city": "臺北市", "district": "大安區", "award_year": 114, "restaurant_name": "喫尤平價鐵板燒-師大店", "address": "臺北市大安區師大路39巷26號", "rating_result": "優"}, "geometry": {"type": "Point", "coordinates": [121.52925202229365, 25.024531274910082]}}, {"type": "Feature", "properties": {"city": "臺北市", "district": "大安區", "award_year": 114, "restaurant_name": "安徽妹子烙餅店", "address": "臺北市大安區師大路49巷5號1樓", "rating_result": "優"}, "geometry": {"type": "Point", "coordinates": [121.52893330908825, 25.02430837587755]}}, {"type": "Feature", "properties": {"city": "臺北市", "district": "大安區", "award_year": 114, "restaurant_name": "台南鱔魚意麵", "address": "臺北市大安區師大路45號", "rating_result": "優"}, "geometry": {"type": "Point", "coordinates": [121.52865585502357, 25.02446124090872]}}, {"type": "Feature", "properties": {"city": "臺北市", "district": "大安區", "award_year": 114, "restaurant_name": "金華街咖哩屋", "address": "臺北市大安區金華街199巷1弄4號", "rating_result": "良"}, "geometry": {"type": "Point", "coordinates": [121.52823938977177, 25.030258712437853]}}, {"type": "Feature", "properties": {"city": "臺北市", "district": "大安區", "award_year": 114, "restaurant_name": "起初好好", "address": "臺北市大安區和平東路1段129之1號", "rating_result": "優"}, "geometry": {"type": "Point", "coordinates": [121.52965815190822, 25.026717183626403]}}, {"type": "Feature", "properties": {"city": "臺北市", "district": "北投區", "award_year": 114, "restaurant_name": "火鍋世家-石牌尊爵店", "address": "臺北市北投區石牌路2段335號", "rating_result": "優"}, "geometry": {"type": "Point", "coordinates": [121.52442282803233, 25.122813715696516]}}, {"type": "Feature", "properties": {"city": "臺北市", "district": "萬華區", "award_year": 114, "restaurant_name": "財團法人臺北市私立愛愛院", "address": "臺北市萬華區大理街175巷27號", "rating_result": "優"}, "geometry": {"type": "Point", "coordinates": [121.49556344879467, 25.03454065848626]}}, {"type": "Feature", "properties": {"city": "臺北市", "district": "內湖區", "award_year": 114, "restaurant_name": "朱記餡餅粥-內湖大潤發", "address": "臺北市內湖區舊宗路1段128號1樓", "rating_result": "優"}, "geometry": {"type": "Point", "coordinates": [121.57832041256198, 25.060962986968747]}}, {"type": "Feature", "properties": {"city": "臺北市", "district": "內湖區", "award_year": 114, "restaurant_name": "饗燒板餐廳-內湖大潤發", "address": "臺北市內湖區舊宗路1段128號1樓", "rating_result": "優"}, "geometry": {"type": "Point", "coordinates": [121.57832041256198, 25.060962986968747]}}, {"type": "Feature", "properties": {"city": "臺北市", "district": "內湖區", "award_year": 114, "restaurant_name": "花蓮扁食- 內湖大潤發", "address": "臺北市內湖區舊宗路1段128號1樓", "rating_result": "優"}, "geometry": {"type": "Point", "coordinates": [121.57832041256198, 25.060962986968747]}}, {"type": "Feature", "properties": {"city": "臺北市", "district": "內湖區", "award_year": 114, "restaurant_name": "孫家將牛排餐廳-內湖大潤發", "address": "臺北市內湖區舊宗路1段128號1樓", "rating_result": "優"}, "geometry": {"type": "Point", "coordinates": [121.57832041256198, 25.060962986968747]}}, {"type": "Feature", "properties": {"city": "臺北市", "district": "內湖區", "award_year": 114, "restaurant_name": "霜江茶行", "address": "臺北市內湖區舊宗路1段128號1樓", "rating_result": "優"}, "geometry": {"type": "Point", "coordinates": [121.57832041256198, 25.060962986968747]}}, {"type": "Feature", "properties": {"city": "臺北市", "district": "內湖區", "award_year": 114, "restaurant_name": "韓食客韓式料理  內湖大潤發", "address": "臺北市內湖區舊宗路1段128號1樓", "rating_result": "優"}, "geometry": {"type": "Point", "coordinates": [121.57832041256198, 25.060962986968747]}}, {"type": "Feature", "properties": {"city": "臺北市", "district": "內湖區", "award_year": 114, "restaurant_name": "醇蛋糕 內湖家樂福店", "address": "臺北市內湖區民善街88號", "rating_result": "優"}, "geometry": {"type": "Point", "coordinates": [121.57536491269434, 25.060140701809427]}}, {"type": "Feature", "properties": {"city": "臺北市", "district": "內湖區", "award_year": 114, "restaurant_name": "Joyfull餐廳 內湖家樂福", "address": "臺北市內湖區民善街88號", "rating_result": "優"}, "geometry": {"type": "Point", "coordinates": [121.57536491269434, 25.060140701809427]}}, {"type": "Feature", "properties": {"city": "臺北市", "district": "內湖區", "award_year": 114, "restaurant_name": "享 煦鮮鐵板餐廳-內湖家樂福店", "address": "臺北市內湖區民善街88號", "rating_result": "優"}, "geometry": {"type": "Point", "coordinates": [121.57536491269434, 25.060140701809427]}}, {"type": "Feature", "properties": {"city": "臺北市", "district": "中山區", "award_year": 114, "restaurant_name": "鐵板教父", "address": "臺北市中山區植福路215號2樓之3", "rating_result": "優"}, "geometry": {"type": "Point", "coordinates": [121.56069627787942, 25.08312625358482]}}, {"type": "Feature", "properties": {"city": "臺北市", "district": "大安區", "award_year": 114, "restaurant_name": "吉兆割烹壽司", "address": "臺北市大安區忠孝東路4段181巷48號1樓", "rating_result": "優"}, "geometry": {"type": "Point", "coordinates": [121.55067494131792, 25.04428600071708]}}, {"type": "Feature", "properties": {"city": "臺北市", "district": "大安區", "award_year": 114, "restaurant_name": "Yuu", "address": "臺北市大安區忠孝東路4段216巷33弄15號1樓", "rating_result": "優"}, "geometry": {"type": "Point", "coordinates": [121.55373337298785, 25.039512031723373]}}, {"type": "Feature", "properties": {"city": "臺北市", "district": "大安區", "award_year": 114, "restaurant_name": "南村私廚小酒棧", "address": "臺北市大安區忠孝東路4段216巷33弄10號1樓", "rating_result": "優"}, "geometry": {"type": "Point", "coordinates": [121.55347532226102, 25.039321919481612]}}, {"type": "Feature", "properties": {"city": "臺北市", "district": "大安區", "award_year": 114, "restaurant_name": "鮨天本 登龍門", "address": "臺北市大安區忠孝東路4段216巷27弄16號1樓", "rating_result": "優"}, "geometry": {"type": "Point", "coordinates": [121.55386726543436, 25.039776359144266]}}, {"type": "Feature", "properties": {"city": "臺北市", "district": "大安區", "award_year": 114, "restaurant_name": "元一 天婦羅", "address": "臺北市大安區忠孝東路4段216巷27弄11號", "rating_result": "優"}, "geometry": {"type": "Point", "coordinates": [121.55377341645593, 25.03997406349321]}}, {"type": "Feature", "properties": {"city": "臺北市", "district": "大安區", "award_year": 114, "restaurant_name": "Aleisha", "address": "臺北市大安區忠孝東路3段217巷4弄16號", "rating_result": "優"}, "geometry": {"type": "Point", "coordinates": [121.54061102034954, 25.04273866410273]}}, {"type": "Feature", "properties": {"city": "臺北市", "district": "大同區", "award_year": 114, "restaurant_name": "咖哩樹-京站店", "address": "臺北市大同區承德路1段1號B3", "rating_result": "優"}, "geometry": {"type": "Point", "coordinates": [121.51678413900474, 25.04909008063802]}}, {"type": "Feature", "properties": {"city": "臺北市", "district": "大同區", "award_year": 114, "restaurant_name": "好想摸魚-京站店", "address": "臺北市大同區承德路1段1號B3", "rating_result": "優"}, "geometry": {"type": "Point", "coordinates": [121.51678413900474, 25.04909008063802]}}, {"type": "Feature", "properties": {"city": "臺北市", "district": "大同區", "award_year": 114, "restaurant_name": "蜀羊-京站店", "address": "臺北市大同區承德路1段1號B3", "rating_result": "優"}, "geometry": {"type": "Point", "coordinates": [121.51678413900474, 25.04909008063802]}}, {"type": "Feature", "properties": {"city": "臺北市", "district": "大同區", "award_year": 114, "restaurant_name": "森本家拉麵-京站店", "address": "臺北市大同區承德路1段1號B3", "rating_result": "優"}, "geometry": {"type": "Point", "coordinates": [121.51678413900474, 25.04909008063802]}}, {"type": "Feature", "properties": {"city": "臺北市", "district": "大同區", "award_year": 114, "restaurant_name": "BEPPIN PASTA-京站店", "address": "臺北市大同區承德路1段1號B3", "rating_result": "優"}, "geometry": {"type": "Point", "coordinates": [121.51678413900474, 25.04909008063802]}}, {"type": "Feature", "properties": {"city": "臺北市", "district": "大同區", "award_year": 114, "restaurant_name": "好饈鐵板燒-京站店", "address": "臺北市大同區承德路1段1號B3", "rating_result": "優"}, "geometry": {"type": "Point", "coordinates": [121.51678413900474, 25.04909008063802]}}, {"type": "Feature", "properties": {"city": "臺北市", "district": "大同區", "award_year": 114, "restaurant_name": "京都勝牛-京站店", "address": "臺北市大同區承德路1段1號B3", "rating_result": "優"}, "geometry": {"type": "Point", "coordinates": [121.51678413900474, 25.04909008063802]}}, {"type": "Feature", "properties": {"city": "臺北市", "district": "大同區", "award_year": 114, "restaurant_name": "COMEME-京站店", "address": "臺北市大同區承德路1段1號B2", "rating_result": "優"}, "geometry": {"type": "Point", "coordinates": [121.51678413900474, 25.04909008063802]}}, {"type": "Feature", "properties": {"city": "臺北市", "district": "大同區", "award_year": 114, "restaurant_name": "Cold Stone Creamery 酷聖石冰淇淋-京站店", "address": "臺北市大同區承德路1段1號B2", "rating_result": "優"}, "geometry": {"type": "Point", "coordinates": [121.51678413900474, 25.04909008063802]}}, {"type": "Feature", "properties": {"city": "臺北市", "district": "大同區", "award_year": 114, "restaurant_name": "先喝道-京站店", "address": "臺北市大同區承德路1段1號B2", "rating_result": "優"}, "geometry": {"type": "Point", "coordinates": [121.51678413900474, 25.04909008063802]}}, {"type": "Feature", "properties": {"city": "臺北市", "district": "內湖區", "award_year": 114, "restaurant_name": "孫家將臺式牛排-內湖家樂福店", "address": "臺北市內湖區民善街88號", "rating_result": "優"}, "geometry": {"type": "Point", "coordinates": [121.57536491269434, 25.060140701809427]}}, {"type": "Feature", "properties": {"city": "臺北市", "district": "南港區", "award_year": 114, "restaurant_name": "南港老爺行旅", "address": "臺北市南港區經貿二路196號10樓", "rating_result": "優"}, "geometry": {"type": "Point", "coordinates": [121.61492671026224, 25.059893320341402]}}, {"type": "Feature", "properties": {"city": "臺北市", "district": "南港區", "award_year": 114, "restaurant_name": "Pepper charm味道拼圖-南港中信店", "address": "臺北市南港區經貿二路186號B棟3樓", "rating_result": "優"}, "geometry": {"type": "Point", "coordinates": [121.61518623693459, 25.059223278430547]}}, {"type": "Feature", "properties": {"city": "臺北市", "district": "南港區", "award_year": 114, "restaurant_name": "老董牛肉麵-南港中信店", "address": "臺北市南港區經貿二路186號B棟3樓", "rating_result": "優"}, "geometry": {"type": "Point", "coordinates": [121.61518623693459, 25.059223278430547]}}, {"type": "Feature", "properties": {"city": "臺北市", "district": "南港區", "award_year": 114, "restaurant_name": "花蓮扁食-南港中信店", "address": "臺北市南港區經貿二路186號B棟3樓", "rating_result": "優"}, "geometry": {"type": "Point", "coordinates": [121.61518623693459, 25.059223278430547]}}, {"type": "Feature", "properties": {"city": "臺北市", "district": "南港區", "award_year": 114, "restaurant_name": "中一排骨-南港中信店", "address": "臺北市南港區經貿二路186號B棟3樓", "rating_result": "優"}, "geometry": {"type": "Point", "coordinates": [121.61518623693459, 25.059223278430547]}}, {"type": "Feature", "properties": {"city": "臺北市", "district": "南港區", "award_year": 114, "restaurant_name": "游家牛排-南港中信店", "address": "臺北市南港區經貿二路186號C棟3樓", "rating_result": "優"}, "geometry": {"type": "Point", "coordinates": [121.61518623693459, 25.059223278430547]}}, {"type": "Feature", "properties": {"city": "臺北市", "district": "南港區", "award_year": 114, "restaurant_name": "廣一樂廚-南港中信店", "address": "臺北市南港區經貿二路186號C棟3樓", "rating_result": "優"}, "geometry": {"type": "Point", "coordinates": [121.61518623693459, 25.059223278430547]}}, {"type": "Feature", "properties": {"city": "臺北市", "district": "南港區", "award_year": 114, "restaurant_name": "雪嶽山-南港中信店", "address": "臺北市南港區經貿二路186號C棟3樓", "rating_result": "優"}, "geometry": {"type": "Point", "coordinates": [121.61518623693459, 25.059223278430547]}}, {"type": "Feature", "properties": {"city": "臺北市", "district": "南港區", "award_year": 114, "restaurant_name": "星泰海南雞-南港中信店", "address": "臺北市南港區經貿二路186號C棟3樓", "rating_result": "優"}, "geometry": {"type": "Point", "coordinates": [121.61518623693459, 25.059223278430547]}}, {"type": "Feature", "properties": {"city": "臺北市", "district": "南港區", "award_year": 114, "restaurant_name": "史巴可義大利麵-南港中信店", "address": "臺北市南港區經貿二路186號C棟3樓", "rating_result": "優"}, "geometry": {"type": "Point", "coordinates": [121.61518623693459, 25.059223278430547]}}, {"type": "Feature", "properties": {"city": "臺北市", "district": "南港區", "award_year": 114, "restaurant_name": "二師兄肉羹-南港中信店", "address": "臺北市南港區經貿二路186號C棟3樓", "rating_result": "優"}, "geometry": {"type": "Point", "coordinates": [121.61518623693459, 25.059223278430547]}}, {"type": "Feature", "properties": {"city": "臺北市", "district": "南港區", "award_year": 114, "restaurant_name": "瑞客來永和豆漿", "address": "臺北市南港區忠孝東路6段449號", "rating_result": "優"}, "geometry": {"type": "Point", "coordinates": [121.5937849469772, 25.05076351063575]}}, {"type": "Feature", "properties": {"city": "臺北市", "district": "大安區", "award_year": 114, "restaurant_name": "丹迪旅店-大安森林公園店", "address": "臺北市大安區信義路3段33號", "rating_result": "優"}, "geometry": {"type": "Point", "coordinates": [121.53462362017456, 25.033765015305335]}}, {"type": "Feature", "properties": {"city": "臺北市", "district": "士林區", "award_year": 114, "restaurant_name": "陽明山溫泉度假村", "address": "臺北市士林區菁山路101巷71弄16號", "rating_result": "優"}, "geometry": {"type": "Point", "coordinates": [121.5592823306873, 25.15347952712842]}}, {"type": "Feature", "properties": {"city": "臺北市", "district": "士林區", "award_year": 114, "restaurant_name": "醇蛋糕-家樂福天母店", "address": "臺北市士林區德行西路47號", "rating_result": "優"}, "geometry": {"type": "Point", "coordinates": [121.52255326581437, 25.105547872513515]}}, {"type": "Feature", "properties": {"city": "臺北市", "district": "松山區", "award_year": 114, "restaurant_name": "成真咖啡 微風廣場店", "address": "臺北市松山區復興南路1段39號2樓", "rating_result": "優"}, "geometry": {"type": "Point", "coordinates": [121.5441255645314, 25.04612941503541]}}, {"type": "Feature", "properties": {"city": "臺北市", "district": "松山區", "award_year": 114, "restaurant_name": "威士威酒食-微風廣場店", "address": "臺北市松山區復興南路1段39號G樓", "rating_result": "優"}, "geometry": {"type": "Point", "coordinates": [121.5441255645314, 25.04612941503541]}}, {"type": "Feature", "properties": {"city": "臺北市", "district": "松山區", "award_year": 114, "restaurant_name": "上海茶樓-微風廣場", "address": "臺北市松山區復興南路1段39號G樓", "rating_result": "優"}, "geometry": {"type": "Point", "coordinates": [121.5441255645314, 25.04612941503541]}}, {"type": "Feature", "properties": {"city": "臺北市", "district": "松山區", "award_year": 114, "restaurant_name": "一品花雕雞-微風廣場", "address": "臺北市松山區復興南路1段39號G樓", "rating_result": "優"}, "geometry": {"type": "Point", "coordinates": [121.5441255645314, 25.04612941503541]}}, {"type": "Feature", "properties": {"city": "臺北市", "district": "中山區", "award_year": 114, "restaurant_name": "CEO1950總裁藝文空間", "address": "臺北市中山區新生北路3段62巷24號", "rating_result": "優"}, "geometry": {"type": "Point", "coordinates": [121.52635995663769, 25.06576155443781]}}, {"type": "Feature", "properties": {"city": "臺北市", "district": "中山區", "award_year": 114, "restaurant_name": "1919藝文中心-Super 346 live house", "address": "臺北市中山區八德路2段85號", "rating_result": "優"}, "geometry": {"type": "Point", "coordinates": [121.53569162281745, 25.045868699450416]}}, {"type": "Feature", "properties": {"city": "臺北市", "district": "中山區", "award_year": 114, "restaurant_name": "美侖商旅", "address": "臺北市中山區吉林路49號", "rating_result": "優"}, "geometry": {"type": "Point", "coordinates": [121.53025841707466, 25.05313812811737]}}, {"type": "Feature", "properties": {"city": "臺北市", "district": "中山區", "award_year": 114, "restaurant_name": "北平陶然亭", "address": "臺北市中山區復興北路86號2樓", "rating_result": "優"}, "geometry": {"type": "Point", "coordinates": [121.54380524411324, 25.05120884528592]}}, {"type": "Feature", "properties": {"city": "臺北市", "district": "大安區", "award_year": 114, "restaurant_name": "JAPOLI義大利餐酒館  新生營業所", "address": "臺北市大安區忠孝東路3段28號1樓", "rating_result": "優"}, "geometry": {"type": "Point", "coordinates": [121.5340454859439, 25.041859351841758]}}, {"type": "Feature", "properties": {"city": "臺北市", "district": "大安區", "award_year": 114, "restaurant_name": "泔 米食堂", "address": "臺北市大安區和平東路2段175巷12號", "rating_result": "優"}, "geometry": {"type": "Point", "coordinates": [121.54165222491889, 25.02555516673478]}}, {"type": "Feature", "properties": {"city": "臺北市", "district": "大安區", "award_year": 114, "restaurant_name": "好嶼", "address": "臺北市大安區仁愛路4段300巷20弄17號1樓", "rating_result": "優"}, "geometry": {"type": "Point", "coordinates": [121.55329884211939, 25.0363459254834]}}, {"type": "Feature", "properties": {"city": "臺北市", "district": "內湖區", "award_year": 114, "restaurant_name": "內湖高中早餐部(連大莊企業有限公司)", "address": "臺北市內湖區文德路218號", "rating_result": "優"}, "geometry": {"type": "Point", "coordinates": [121.58652189782232, 25.07840268462301]}}, {"type": "Feature", "properties": {"city": "臺北市", "district": "南港區", "award_year": 114, "restaurant_name": "臺北市政府衛生局附設臺北市東明住宿長照機構", "address": "臺北市南港區南港路2段60巷17號2樓", "rating_result": "優"}, "geometry": {"type": "Point", "coordinates": [121.6044615389426, 25.0546666226452]}}, {"type": "Feature", "properties": {"city": "臺北市", "district": "松山區", "award_year": 114, "restaurant_name": "SENS", "address": "臺北市松山區民生東路3段127巷12號", "rating_result": "優"}, "geometry": {"type": "Point", "coordinates": [121.54740440229682, 25.058760551875814]}}, {"type": "Feature", "properties": {"city": "臺北市", "district": "大安區", "award_year": 114, "restaurant_name": "朱記餡餅粥-信義旗艦店", "address": "臺北市大安區信義路3段124號", "rating_result": "優"}, "geometry": {"type": "Point", "coordinates": [121.53905571037215, 25.033249374351623]}}, {"type": "Feature", "properties": {"city": "臺北市", "district": "中山區", "award_year": 114, "restaurant_name": "NO COFFEE 台北中山店", "address": "臺北市中山區南京西路15號1樓", "rating_result": "優"}, "geometry": {"type": "Point", "coordinates": [121.52094161820017, 25.052744003996054]}}, {"type": "Feature", "properties": {"city": "臺北市", "district": "中山區", "award_year": 114, "restaurant_name": "Frassi", "address": "臺北市中山區樂群三路299號1樓", "rating_result": "優"}, "geometry": {"type": "Point", "coordinates": [121.55921536246929, 25.082733527222018]}}, {"type": "Feature", "properties": {"city": "臺北市", "district": "中山區", "award_year": 114, "restaurant_name": "La Vie by Thomas Bühner", "address": "臺北市中山區樂群三路200號1樓", "rating_result": "優"}, "geometry": {"type": "Point", "coordinates": [121.55695980088502, 25.082541815095194]}}, {"type": "Feature", "properties": {"city": "臺北市", "district": "大安區", "award_year": 114, "restaurant_name": "Mr.Orchard果園先生", "address": "臺北市大安區忠孝東路3段268號4樓", "rating_result": "優"}, "geometry": {"type": "Point", "coordinates": [121.54221893746782, 25.04144133953427]}}, {"type": "Feature", "properties": {"city": "臺北市", "district": "大安區", "award_year": 114, "restaurant_name": "漁事所", "address": "臺北市大安區忠孝東路3段268號4樓", "rating_result": "優"}, "geometry": {"type": "Point", "coordinates": [121.54221893746782, 25.04144133953427]}}, {"type": "Feature", "properties": {"city": "臺北市", "district": "大安區", "award_year": 114, "restaurant_name": "Little tree Juice Club", "address": "臺北市大安區忠孝東路3段268號4樓", "rating_result": "優"}, "geometry": {"type": "Point", "coordinates": [121.54221893746782, 25.04144133953427]}}, {"type": "Feature", "properties": {"city": "臺北市", "district": "大安區", "award_year": 114, "restaurant_name": "茶茶小王子_SOGO忠孝店", "address": "臺北市大安區忠孝東路4段45號B1", "rating_result": "優"}, "geometry": {"type": "Point", "coordinates": [121.54488279240725, 25.041902438705698]}}, {"type": "Feature", "properties": {"city": "臺北市", "district": "大安區", "award_year": 114, "restaurant_name": "Baskin Robbins_SOGO忠孝店", "address": "臺北市大安區忠孝東路4段45號B1", "rating_result": "優"}, "geometry": {"type": "Point", "coordinates": [121.54488279240725, 25.041902438705698]}}, {"type": "Feature", "properties": {"city": "臺北市", "district": "大安區", "award_year": 114, "restaurant_name": "肉的長谷川_SOGO忠孝店", "address": "臺北市大安區忠孝東路4段45號B1", "rating_result": "優"}, "geometry": {"type": "Point", "coordinates": [121.54488279240725, 25.041902438705698]}}, {"type": "Feature", "properties": {"city": "臺北市", "district": "大安區", "award_year": 114, "restaurant_name": "雪嶽山_SOGO忠孝店", "address": "臺北市大安區忠孝東路4段45號B1", "rating_result": "優"}, "geometry": {"type": "Point", "coordinates": [121.54488279240725, 25.041902438705698]}}, {"type": "Feature", "properties": {"city": "臺北市", "district": "大安區", "award_year": 114, "restaurant_name": "季樂鐵板燒_SOGO忠孝店-NEW", "address": "臺北市大安區忠孝東路4段45號B1", "rating_result": "優"}, "geometry": {"type": "Point", "coordinates": [121.54488279240725, 25.041902438705698]}}, {"type": "Feature", "properties": {"city": "臺北市", "district": "大安區", "award_year": 114, "restaurant_name": "艸祭製麵所", "address": "臺北市大安區忠孝東路3段268號4樓", "rating_result": "優"}, "geometry": {"type": "Point", "coordinates": [121.54221893746782, 25.04144133953427]}}, {"type": "Feature", "properties": {"city": "臺北市", "district": "大安區", "award_year": 114, "restaurant_name": "双聖美式餐廳連鎖-大安店", "address": "臺北市大安區復興南路1段317號1樓", "rating_result": "優"}, "geometry": {"type": "Point", "coordinates": [121.54388427220226, 25.034195972338384]}}, {"type": "Feature", "properties": {"city": "臺北市", "district": "中正區", "award_year": 114, "restaurant_name": "JUNTO·同", "address": "臺北市中正區漢口街1段2號2樓", "rating_result": "優"}, "geometry": {"type": "Point", "coordinates": [121.51482733953587, 25.045082470161006]}}, {"type": "Feature", "properties": {"city": "臺北市", "district": "文山區", "award_year": 114, "restaurant_name": "臺北市政府社會局老人自費安養中心", "address": "臺北市文山區興隆路4段109巷30弄6號", "rating_result": "優"}, "geometry": {"type": "Point", "coordinates": [121.56217592619296, 24.986608849212615]}}, {"type": "Feature", "properties": {"city": "臺北市", "district": "文山區", "award_year": 114, "restaurant_name": "臺北市私立慧誠老人長期照顧中心", "address": "臺北市文山區木柵路2段163號", "rating_result": "優"}, "geometry": {"type": "Point", "coordinates": [121.56312364031227, 24.989187443710478]}}, {"type": "Feature", "properties": {"city": "臺北市", "district": "文山區", "award_year": 114, "restaurant_name": "臺北市立興岩住宿長照機構(委託臺北市立聯合醫院仁愛院區經營)", "address": "臺北市文山區興隆路2段88號2樓之2", "rating_result": "優"}, "geometry": {"type": "Point", "coordinates": [121.54881649506115, 25.000277640056975]}}, {"type": "Feature", "properties": {"city": "臺北市", "district": "大同區", "award_year": 114, "restaurant_name": "德鑫自助餐", "address": "臺北市大同區鄭州路145號", "rating_result": "優"}, "geometry": {"type": "Point", "coordinates": [121.5088873578703, 25.050692437231344]}}, {"type": "Feature", "properties": {"city": "臺北市", "district": "大安區", "award_year": 114, "restaurant_name": "Antico Forno", "address": "臺北市大安區瑞安街141號1樓", "rating_result": "優"}, "geometry": {"type": "Point", "coordinates": [121.53962518284878, 25.026697155036302]}}, {"type": "Feature", "properties": {"city": "臺北市", "district": "大同區", "award_year": 114, "restaurant_name": "霸王川菜餐廳股份有限公司-甲天下長安店", "address": "臺北市大同區長安西路287號1-2樓", "rating_result": "優"}, "geometry": {"type": "Point", "coordinates": [121.50947353473906, 25.0521070630069]}}, {"type": "Feature", "properties": {"city": "臺北市", "district": "信義區", "award_year": 114, "restaurant_name": "琥珀", "address": "臺北市信義區逸仙路32巷15號1樓", "rating_result": "優"}, "geometry": {"type": "Point", "coordinates": [121.56272214921175, 25.039906826630574]}}, {"type": "Feature", "properties": {"city": "臺北市", "district": "信義區", "award_year": 114, "restaurant_name": "錢都日式涮涮鍋-信義福德店", "address": "臺北市信義區福德街278號", "rating_result": "優"}, "geometry": {"type": "Point", "coordinates": [121.5863723209954, 25.03902658635977]}}, {"type": "Feature", "properties": {"city": "臺北市", "district": "信義區", "award_year": 114, "restaurant_name": "Jarana (艾丘洛有限公司)", "address": "臺北市信義區忠孝東路4段553巷46弄8號", "rating_result": "優"}, "geometry": {"type": "Point", "coordinates": [121.56321869511615, 25.044138381810132]}}, {"type": "Feature", "properties": {"city": "臺北市", "district": "中山區", "award_year": 114, "restaurant_name": "牛魔王-南西店", "address": "臺北市中山區南京西路15號B1", "rating_result": "優"}, "geometry": {"type": "Point", "coordinates": [121.52094161820017, 25.052744003996054]}}, {"type": "Feature", "properties": {"city": "臺北市", "district": "中山區", "award_year": 114, "restaurant_name": "璽品鱻-南西店", "address": "臺北市中山區南京西路15號B1", "rating_result": "優"}, "geometry": {"type": "Point", "coordinates": [121.52094161820017, 25.052744003996054]}}, {"type": "Feature", "properties": {"city": "臺北市", "district": "信義區", "award_year": 114, "restaurant_name": "越粉舖-松菸店", "address": "臺北市信義區菸廠路88號B1", "rating_result": "優"}, "geometry": {"type": "Point", "coordinates": [121.56111052910109, 25.044737046647967]}}, {"type": "Feature", "properties": {"city": "臺北市", "district": "萬華區", "award_year": 114, "restaurant_name": "聖瑪莉西門2店", "address": "臺北市萬華區中華路1段166之1號", "rating_result": "優"}, "geometry": {"type": "Point", "coordinates": [121.50763183979772, 25.04133201485926]}}, {"type": "Feature", "properties": {"city": "臺北市", "district": "北投區", "award_year": 114, "restaurant_name": "蓬萊", "address": "臺北市北投區中和街238號", "rating_result": "優"}, "geometry": {"type": "Point", "coordinates": [121.50144103939799, 25.139436852657585]}}, {"type": "Feature", "properties": {"city": "臺北市", "district": "中正區", "award_year": 114, "restaurant_name": "孫立人將軍官邸", "address": "臺北市中正區南昌路1段136號", "rating_result": "優"}, "geometry": {"type": "Point", "coordinates": [121.51849900060355, 25.029024633825095]}}, {"type": "Feature", "properties": {"city": "臺北市", "district": "大同區", "award_year": 114, "restaurant_name": "Woosa洋食パンケーキ 屋莎洋食鬆餅屋-京站店", "address": "臺北市大同區承德路1段1號2樓", "rating_result": "優"}, "geometry": {"type": "Point", "coordinates": [121.51678413900474, 25.04909008063802]}}, {"type": "Feature", "properties": {"city": "臺北市", "district": "大同區", "award_year": 114, "restaurant_name": "Kaffee Amadeus 阿瑪迪斯咖啡館-京站店", "address": "臺北市大同區承德路1段1號2樓", "rating_result": "優"}, "geometry": {"type": "Point", "coordinates": [121.51678413900474, 25.04909008063802]}}, {"type": "Feature", "properties": {"city": "臺北市", "district": "大同區", "award_year": 114, "restaurant_name": "合點壽司-京站店", "address": "臺北市大同區承德路1段1號3樓", "rating_result": "優"}, "geometry": {"type": "Point", "coordinates": [121.51678413900474, 25.04909008063802]}}, {"type": "Feature", "properties": {"city": "臺北市", "district": "大同區", "award_year": 114, "restaurant_name": "Vegan Amore 蔬慕-京站店", "address": "臺北市大同區承德路1段1號3樓", "rating_result": "優"}, "geometry": {"type": "Point", "coordinates": [121.51678413900474, 25.04909008063802]}}, {"type": "Feature", "properties": {"city": "臺北市", "district": "大同區", "award_year": 114, "restaurant_name": "炸綺來鹹酥雞-京站店", "address": "臺北市大同區承德路1段1號4樓", "rating_result": "優"}, "geometry": {"type": "Point", "coordinates": [121.51678413900474, 25.04909008063802]}}, {"type": "Feature", "properties": {"city": "臺北市", "district": "大同區", "award_year": 114, "restaurant_name": "一鷺Express-京站店", "address": "臺北市大同區承德路1段1號4樓", "rating_result": "優"}, "geometry": {"type": "Point", "coordinates": [121.51678413900474, 25.04909008063802]}}, {"type": "Feature", "properties": {"city": "臺北市", "district": "大同區", "award_year": 114, "restaurant_name": "百家班HeyAhh-京站店", "address": "臺北市大同區承德路1段1號4樓", "rating_result": "優"}, "geometry": {"type": "Point", "coordinates": [121.51678413900474, 25.04909008063802]}}, {"type": "Feature", "properties": {"city": "臺北市", "district": "大安區", "award_year": 114, "restaurant_name": "Lin Restaurant", "address": "臺北市大安區仁愛路4段300巷25弄6號1樓", "rating_result": "優"}, "geometry": {"type": "Point", "coordinates": [121.5549193344358, 25.03572259971736]}}, {"type": "Feature", "properties": {"city": "臺北市", "district": "大安區", "award_year": 114, "restaurant_name": "雞湯大叔 敦南店 ", "address": "臺北市大安區和平東路3段49號1樓", "rating_result": "優"}, "geometry": {"type": "Point", "coordinates": [121.54793033184514, 25.02476793147261]}}, {"type": "Feature", "properties": {"city": "臺北市", "district": "大安區", "award_year": 114, "restaurant_name": "掬．Kiku", "address": "臺北市大安區安和路1段135巷4號1樓", "rating_result": "優"}, "geometry": {"type": "Point", "coordinates": [121.55299973824542, 25.034175881201715]}}, {"type": "Feature", "properties": {"city": "臺北市", "district": "大同區", "award_year": 114, "restaurant_name": "順成蛋糕-京站店", "address": "臺北市大同區市民大道1段209號", "rating_result": "優"}, "geometry": {"type": "Point", "coordinates": [121.51834996639137, 25.04889274049909]}}, {"type": "Feature", "properties": {"city": "臺北市", "district": "大同區", "award_year": 114, "restaurant_name": "GODIVA-京站店", "address": "臺北市大同區承德路1段1號1樓", "rating_result": "優"}, "geometry": {"type": "Point", "coordinates": [121.51678413900474, 25.04909008063802]}}, {"type": "Feature", "properties": {"city": "臺北市", "district": "大同區", "award_year": 114, "restaurant_name": "微兜petitdoux-京站店", "address": "臺北市大同區承德路1段1號1樓", "rating_result": "優"}, "geometry": {"type": "Point", "coordinates": [121.51678413900474, 25.04909008063802]}}, {"type": "Feature", "properties": {"city": "臺北市", "district": "大同區", "award_year": 114, "restaurant_name": "燒肉LIKE-京站店", "address": "臺北市大同區承德路1段1號1樓", "rating_result": "優"}, "geometry": {"type": "Point", "coordinates": [121.51678413900474, 25.04909008063802]}}, {"type": "Feature", "properties": {"city": "臺北市", "district": "大同區", "award_year": 114, "restaurant_name": "LOUISA COFFEE-京站店", "address": "臺北市大同區市民大道1段209號", "rating_result": "優"}, "geometry": {"type": "Point", "coordinates": [121.51834996639137, 25.04889274049909]}}, {"type": "Feature", "properties": {"city": "臺北市", "district": "大同區", "award_year": 114, "restaurant_name": "gonna 共樂遊-京站店", "address": "臺北市大同區承德路1段1號1樓", "rating_result": "優"}, "geometry": {"type": "Point", "coordinates": [121.51678413900474, 25.04909008063802]}}, {"type": "Feature", "properties": {"city": "臺北市", "district": "大同區", "award_year": 114, "restaurant_name": "客美多咖啡-京站店", "address": "臺北市大同區承德路1段1號1樓", "rating_result": "優"}, "geometry": {"type": "Point", "coordinates": [121.51678413900474, 25.04909008063802]}}, {"type": "Feature", "properties": {"city": "臺北市", "district": "大同區", "award_year": 114, "restaurant_name": "Ten Thousand Coffee-京站店", "address": "臺北市大同區承德路1段1號1樓", "rating_result": "優"}, "geometry": {"type": "Point", "coordinates": [121.51678413900474, 25.04909008063802]}}, {"type": "Feature", "properties": {"city": "臺北市", "district": "信義區", "award_year": 114, "restaurant_name": "默爾pasta & pizza-CITYLINK松山店", "address": "臺北市信義區松山路11號1摟", "rating_result": "優"}, "geometry": {"type": "Point", "coordinates": [121.57830731876943, 25.04919696563771]}}, {"type": "Feature", "properties": {"city": "臺北市", "district": "信義區", "award_year": 114, "restaurant_name": "夏威魚-CITYLINK松山店", "address": "臺北市信義區松山路11號1摟", "rating_result": "優"}, "geometry": {"type": "Point", "coordinates": [121.57830731876943, 25.04919696563771]}}, {"type": "Feature", "properties": {"city": "臺北市", "district": "大同區", "award_year": 114, "restaurant_name": "明 Ramen Bar-京站店", "address": "臺北市大同區承德路1段1號1樓", "rating_result": "優"}, "geometry": {"type": "Point", "coordinates": [121.51678413900474, 25.04909008063802]}}, {"type": "Feature", "properties": {"city": "臺北市", "district": "大安區", "award_year": 114, "restaurant_name": "春天素食", "address": "臺北市大安區和平東路1段177號3樓", "rating_result": "優"}, "geometry": {"type": "Point", "coordinates": [121.53217205916435, 25.02649630869095]}}, {"type": "Feature", "properties": {"city": "臺北市", "district": "信義區", "award_year": 114, "restaurant_name": "橘園小吃店", "address": "臺北市信義區虎林街132巷63號", "rating_result": "優"}, "geometry": {"type": "Point", "coordinates": [121.57468257602727, 25.04027060550773]}}, {"type": "Feature", "properties": {"city": "臺北市", "district": "信義區", "award_year": 114, "restaurant_name": "炒湘湘-微風信義店", "address": "臺北市信義區忠孝東路5段68號4樓", "rating_result": "優"}, "geometry": {"type": "Point", "coordinates": [121.5666938318801, 25.040647780585388]}}, {"type": "Feature", "properties": {"city": "臺北市", "district": "信義區", "award_year": 114, "restaurant_name": "the ukai taipei", "address": "臺北市信義區松智路17號46樓", "rating_result": "優"}, "geometry": {"type": "Point", "coordinates": [121.5657744687392, 25.034435302504555]}}, {"type": "Feature", "properties": {"city": "臺北市", "district": "信義區", "award_year": 114, "restaurant_name": "春嶼-微風信義店", "address": "臺北市信義區忠孝東路5段68號4樓", "rating_result": "優"}, "geometry": {"type": "Point", "coordinates": [121.5666938318801, 25.040647780585388]}}, {"type": "Feature", "properties": {"city": "臺北市", "district": "信義區", "award_year": 114, "restaurant_name": "北村豆腐家-大巨蛋店", "address": "臺北市信義區忠孝東路4段515號B2", "rating_result": "優"}, "geometry": {"type": "Point", "coordinates": [121.55952950601014, 25.042315029737438]}}, {"type": "Feature", "properties": {"city": "臺北市", "district": "北投區", "award_year": 114, "restaurant_name": "輕食光-榮總", "address": "臺北市北投區石牌路2段201號長青樓", "rating_result": "優"}, "geometry": {"type": "Point", "coordinates": [121.51916582473102, 25.119182279379892]}}, {"type": "Feature", "properties": {"city": "臺北市", "district": "北投區", "award_year": 114, "restaurant_name": "美味森市-榮總", "address": "臺北市北投區石牌路2段201號長青樓", "rating_result": "優"}, "geometry": {"type": "Point", "coordinates": [121.51916582473102, 25.119182279379892]}}, {"type": "Feature", "properties": {"city": "臺北市", "district": "北投區", "award_year": 114, "restaurant_name": "幸福道粥品專賣-榮總", "address": "臺北市北投區石牌路2段201號長青樓", "rating_result": "優"}, "geometry": {"type": "Point", "coordinates": [121.51916582473102, 25.119182279379892]}}, {"type": "Feature", "properties": {"city": "臺北市", "district": "北投區", "award_year": 114, "restaurant_name": "臺北市私立陽明山老人長期照顧中心", "address": "臺北市北投區紗帽路116號1樓", "rating_result": "優"}, "geometry": {"type": "Point", "coordinates": [121.5473452065449, 25.150788528389903]}}, {"type": "Feature", "properties": {"city": "臺北市", "district": "信義區", "award_year": 114, "restaurant_name": "總裁牛肉麵-遠百A13門市", "address": "臺北市信義區松仁路58號4樓", "rating_result": "優"}, "geometry": {"type": "Point", "coordinates": [121.56796783040394, 25.036731945127766]}}, {"type": "Feature", "properties": {"city": "臺北市", "district": "信義區", "award_year": 114, "restaurant_name": "八八燒肉", "address": "臺北市信義區松仁路58號14樓", "rating_result": "優"}, "geometry": {"type": "Point", "coordinates": [121.56796783040394, 25.036731945127766]}}, {"type": "Feature", "properties": {"city": "臺北市", "district": "信義區", "award_year": 114, "restaurant_name": "點點心-信義ATT店", "address": "臺北市信義區松壽路12號4樓", "rating_result": "優"}, "geometry": {"type": "Point", "coordinates": [121.56602091453173, 25.035668095350335]}}, {"type": "Feature", "properties": {"city": "臺北市", "district": "信義區", "award_year": 114, "restaurant_name": "李蝦記爆蝦火鍋", "address": "臺北市信義區松壽路12號5樓", "rating_result": "優"}, "geometry": {"type": "Point", "coordinates": [121.56602091453173, 25.035668095350335]}}, {"type": "Feature", "properties": {"city": "臺北市", "district": "信義區", "award_year": 114, "restaurant_name": "無老鍋-台北信義店", "address": "臺北市信義區松壽路22號2樓", "rating_result": "優"}, "geometry": {"type": "Point", "coordinates": [121.56773427118246, 25.03556543313336]}}, {"type": "Feature", "properties": {"city": "臺北市", "district": "信義區", "award_year": 114, "restaurant_name": "Yamazaki統一夢廣場店", "address": "臺北市信義區松高路11號B2", "rating_result": "優"}, "geometry": {"type": "Point", "coordinates": [121.56524231328396, 25.039515108650217]}}, {"type": "Feature", "properties": {"city": "臺北市", "district": "中正區", "award_year": 114, "restaurant_name": "DonDonDonki忠孝新生店", "address": "臺北市中正區八德路1段55號B1", "rating_result": "優"}, "geometry": {"type": "Point", "coordinates": [121.53221218001765, 25.044406256256245]}}, {"type": "Feature", "properties": {"city": "臺北市", "district": "中正區", "award_year": 114, "restaurant_name": "無老鍋-西門町店", "address": "臺北市中正區中華路1段55號2樓", "rating_result": "優"}, "geometry": {"type": "Point", "coordinates": [121.50889016000359, 25.04273436137309]}}, {"type": "Feature", "properties": {"city": "臺北市", "district": "中正區", "award_year": 114, "restaurant_name": "Yamazaki東森北車店", "address": "臺北市中正區忠孝西路1段47號B1", "rating_result": "優"}, "geometry": {"type": "Point", "coordinates": [121.51676148292768, 25.046879951116832]}}, {"type": "Feature", "properties": {"city": "臺北市", "district": "中正區", "award_year": 114, "restaurant_name": "福利麵包-微風店", "address": "臺北市中正區北平西路3號", "rating_result": "優"}, "geometry": {"type": "Point", "coordinates": [121.51705766108309, 25.047175932953532]}}, {"type": "Feature", "properties": {"city": "臺北市", "district": "中正區", "award_year": 114, "restaurant_name": "聖瑪莉北車店", "address": "臺北市中正區北平西路3號微風廣場B1", "rating_result": "優"}, "geometry": {"type": "Point", "coordinates": [121.51705766108309, 25.047175932953532]}}, {"type": "Feature", "properties": {"city": "臺北市", "district": "信義區", "award_year": 114, "restaurant_name": "瀾之茶店-松菸店", "address": "臺北市信義區菸廠路88號B1", "rating_result": "優"}, "geometry": {"type": "Point", "coordinates": [121.56111052910109, 25.044737046647967]}}, {"type": "Feature", "properties": {"city": "臺北市", "district": "中正區", "award_year": 114, "restaurant_name": "beard papa-誠品站前店", "address": "臺北市中正區忠孝西路1段49號B1", "rating_result": "優"}, "geometry": {"type": "Point", "coordinates": [121.51724347609903, 25.046481431619075]}}, {"type": "Feature", "properties": {"city": "臺北市", "district": "中正區", "award_year": 114, "restaurant_name": "誠記原汁排骨湯-台大西址店", "address": "臺北市中正區常德街1號B1", "rating_result": "優"}, "geometry": {"type": "Point", "coordinates": [121.51717151314037, 25.041400144555162]}}, {"type": "Feature", "properties": {"city": "臺北市", "district": "大安區", "award_year": 114, "restaurant_name": "杏一癌醫翠微廣場-餓了極品", "address": "臺北市大安區基隆路3段155巷57號B1", "rating_result": "優"}, "geometry": {"type": "Point", "coordinates": [121.54391642926532, 25.014495864190966]}}, {"type": "Feature", "properties": {"city": "臺北市", "district": "南港區", "award_year": 114, "restaurant_name": "DonDonDonki 南港店", "address": "臺北市南港區忠孝東路7段359號3樓", "rating_result": "優"}, "geometry": {"type": "Point", "coordinates": [121.60605580936945, 25.052512460809623]}}, {"type": "Feature", "properties": {"city": "臺北市", "district": "南港區", "award_year": 114, "restaurant_name": "薩莉亞-環球南港店", "address": "臺北市南港區忠孝東路7段371號B1", "rating_result": "優"}, "geometry": {"type": "Point", "coordinates": [121.60749628912814, 25.052571101616007]}}, {"type": "Feature", "properties": {"city": "臺北市", "district": "大同區", "award_year": 114, "restaurant_name": "樂田-雙連二店", "address": "臺北市大同區民生西路47號", "rating_result": "優"}, "geometry": {"type": "Point", "coordinates": [121.52056795784183, 25.057771257943248]}}, {"type": "Feature", "properties": {"city": "臺北市", "district": "北投區", "award_year": 114, "restaurant_name": "元爵味黃燜雞米飯(北投中央店)", "address": "臺北市北投區中央北路4段489號1樓", "rating_result": "優"}, "geometry": {"type": "Point", "coordinates": [121.46910864084269, 25.12839727913742]}}, {"type": "Feature", "properties": {"city": "臺北市", "district": "南港區", "award_year": 114, "restaurant_name": "嘉義人-環球南港店", "address": "臺北市南港區忠孝東路7段371號B1", "rating_result": "優"}, "geometry": {"type": "Point", "coordinates": [121.60749628912814, 25.052571101616007]}}, {"type": "Feature", "properties": {"city": "臺北市", "district": "南港區", "award_year": 114, "restaurant_name": "因果茶南港店Yin Guo Cha-環球南港店", "address": "臺北市南港區忠孝東路7段371號B1", "rating_result": "優"}, "geometry": {"type": "Point", "coordinates": [121.60749628912814, 25.052571101616007]}}, {"type": "Feature", "properties": {"city": "臺北市", "district": "內湖區", "award_year": 114, "restaurant_name": "炸雞大獅 內湖家樂福店", "address": "臺北市內湖區民善街88號", "rating_result": "優"}, "geometry": {"type": "Point", "coordinates": [121.57536491269434, 25.060140701809427]}}, {"type": "Feature", "properties": {"city": "臺北市", "district": "內湖區", "award_year": 114, "restaurant_name": "呈信鵝肉 - 內湖家樂福店", "address": "臺北市內湖區民善街88號", "rating_result": "良"}, "geometry": {"type": "Point", "coordinates": [121.57536491269434, 25.060140701809427]}}, {"type": "Feature", "properties": {"city": "臺北市", "district": "內湖區", "award_year": 114, "restaurant_name": "泰美胃餐廳 - 內湖大潤發", "address": "臺北市內湖區舊宗路1段128號1樓", "rating_result": "優"}, "geometry": {"type": "Point", "coordinates": [121.57832041256198, 25.060962986968747]}}, {"type": "Feature", "properties": {"city": "臺北市", "district": "中正區", "award_year": 114, "restaurant_name": "臺北市立第一女子高級中學員生消費合作社", "address": "臺北市中正區重慶南路1段165號B1", "rating_result": "優"}, "geometry": {"type": "Point", "coordinates": [121.51301485241966, 25.038606444255368]}}, {"type": "Feature", "properties": {"city": "臺北市", "district": "大同區", "award_year": 114, "restaurant_name": "印度風-京站店", "address": "臺北市大同區承德路1段1號B3", "rating_result": "優"}, "geometry": {"type": "Point", "coordinates": [121.51678413900474, 25.04909008063802]}}, {"type": "Feature", "properties": {"city": "臺北市", "district": "大同區", "award_year": 114, "restaurant_name": "齊媽媽-京站店", "address": "臺北市大同區承德路1段1號B3", "rating_result": "優"}, "geometry": {"type": "Point", "coordinates": [121.51678413900474, 25.04909008063802]}}, {"type": "Feature", "properties": {"city": "臺北市", "district": "中正區", "award_year": 114, "restaurant_name": "綺樂文旅店開封館", "address": "臺北市中正區開封街1段35號1樓", "rating_result": "優"}, "geometry": {"type": "Point", "coordinates": [121.5127410271264, 25.046063089054158]}}, {"type": "Feature", "properties": {"city": "臺北市", "district": "中山區", "award_year": 114, "restaurant_name": "樂起司-誠品南西店", "address": "臺北市中山區南京西路14號B1", "rating_result": "優"}, "geometry": {"type": "Point", "coordinates": [121.5206635494622, 25.05243327933632]}}, {"type": "Feature", "properties": {"city": "臺北市", "district": "中山區", "award_year": 114, "restaurant_name": "默爾pasta & pizza-誠品南西店", "address": "臺北市中山區南京西路14號3樓", "rating_result": "優"}, "geometry": {"type": "Point", "coordinates": [121.5206635494622, 25.05243327933632]}}, {"type": "Feature", "properties": {"city": "臺北市", "district": "中山區", "award_year": 114, "restaurant_name": "奎士咖啡-誠品南西店", "address": "臺北市中山區南京西路14號B1", "rating_result": "優"}, "geometry": {"type": "Point", "coordinates": [121.5206635494622, 25.05243327933632]}}, {"type": "Feature", "properties": {"city": "臺北市", "district": "中山區", "award_year": 114, "restaurant_name": "雞湯大叔-誠品南西店", "address": "臺北市中山區南京西路14號3樓", "rating_result": "優"}, "geometry": {"type": "Point", "coordinates": [121.5206635494622, 25.05243327933632]}}, {"type": "Feature", "properties": {"city": "臺北市", "district": "中山區", "award_year": 114, "restaurant_name": "先喝道-誠品南西店", "address": "臺北市中山區南京西路14號B1", "rating_result": "優"}, "geometry": {"type": "Point", "coordinates": [121.5206635494622, 25.05243327933632]}}, {"type": "Feature", "properties": {"city": "臺北市", "district": "中山區", "award_year": 114, "restaurant_name": "周廚紅燒牛肉麵-誠品南西店", "address": "臺北市中山區南京西路14號B1", "rating_result": "優"}, "geometry": {"type": "Point", "coordinates": [121.5206635494622, 25.05243327933632]}}, {"type": "Feature", "properties": {"city": "臺北市", "district": "內湖區", "award_year": 114, "restaurant_name": "臺北市私立達人高級中學", "address": "臺北市內湖區內湖路2段314號", "rating_result": "優"}, "geometry": {"type": "Point", "coordinates": [121.5876300500755, 25.08125759172991]}}, {"type": "Feature", "properties": {"city": "臺北市", "district": "內湖區", "award_year": 114, "restaurant_name": "Fresh & Aged Italian Steak House (美福牛排)", "address": "臺北市內湖區民善街128號2樓", "rating_result": "優"}, "geometry": {"type": "Point", "coordinates": [121.57502773217576, 25.061380132339327]}}, {"type": "Feature", "properties": {"city": "臺北市", "district": "南港區", "award_year": 114, "restaurant_name": "御私藏-南港環球店", "address": "臺北市南港區忠孝東路7段371號B1", "rating_result": "優"}, "geometry": {"type": "Point", "coordinates": [121.60749628912814, 25.052571101616007]}}, {"type": "Feature", "properties": {"city": "臺北市", "district": "南港區", "award_year": 114, "restaurant_name": "摩斯漢堡-南港環球店", "address": "臺北市南港區忠孝東路7段371號B1", "rating_result": "優"}, "geometry": {"type": "Point", "coordinates": [121.60749628912814, 25.052571101616007]}}, {"type": "Feature", "properties": {"city": "臺北市", "district": "中山區", "award_year": 114, "restaurant_name": "凱樂烘焙食品有限公司", "address": "臺北市中山區長安東路2段131之4號", "rating_result": "優"}, "geometry": {"type": "Point", "coordinates": [121.53629832533483, 25.04850667525765]}}, {"type": "Feature", "properties": {"city": "臺北市", "district": "中山區", "award_year": 114, "restaurant_name": "雞湯大叔-松江南京店", "address": "臺北市中山區南京東路2段26號1樓", "rating_result": "優"}, "geometry": {"type": "Point", "coordinates": [121.52904210372554, 25.05188430854399]}}, {"type": "Feature", "properties": {"city": "臺北市", "district": "大安區", "award_year": 114, "restaurant_name": "komboi", "address": "臺北市大安區敦化南路1段270巷28號1樓", "rating_result": "優"}, "geometry": {"type": "Point", "coordinates": [121.54677781236262, 25.03892051082514]}}, {"type": "Feature", "properties": {"city": "臺北市", "district": "松山區", "award_year": 114, "restaurant_name": "T+T", "address": "臺北市松山區敦化北路165巷11號", "rating_result": "優"}, "geometry": {"type": "Point", "coordinates": [121.550705506751, 25.05484366605842]}}, {"type": "Feature", "properties": {"city": "臺北市", "district": "松山區", "award_year": 114, "restaurant_name": "高雄空廚股份有限公司-松山廠", "address": "臺北市松山區敦化北路405巷123弄9號", "rating_result": "優"}, "geometry": {"type": "Point", "coordinates": [121.55610463346852, 25.062946613933924]}}, {"type": "Feature", "properties": {"city": "臺北市", "district": "松山區", "award_year": 114, "restaurant_name": "富錦樹台菜香檳-敦北店", "address": "臺北市松山區敦化北路199巷17號", "rating_result": "優"}, "geometry": {"type": "Point", "coordinates": [121.55283852151499, 25.056545158611286]}}, {"type": "Feature", "properties": {"city": "臺北市", "district": "松山區", "award_year": 114, "restaurant_name": "法蘭司烘焙-敦北店", "address": "臺北市松山區敦化北路155巷5號", "rating_result": "優"}, "geometry": {"type": "Point", "coordinates": [121.55008104588241, 25.05422456101719]}}, {"type": "Feature", "properties": {"city": "臺北市", "district": "中山區", "award_year": 114, "restaurant_name": "Wok by O'BOND", "address": "臺北市中山區龍江路18號", "rating_result": "優"}, "geometry": {"type": "Point", "coordinates": [121.54028430629936, 25.04791130916531]}}, {"type": "Feature", "properties": {"city": "臺北市", "district": "中山區", "award_year": 114, "restaurant_name": "加分鍋物-新生店", "address": "臺北市中山區新生北路1段90之1號", "rating_result": "優"}, "geometry": {"type": "Point", "coordinates": [121.5295693444611, 25.047834896446393]}}, {"type": "Feature", "properties": {"city": "臺北市", "district": "中山區", "award_year": 114, "restaurant_name": "承家私廚", "address": "臺北市中山區民權東路2段92巷6號1樓", "rating_result": "優"}, "geometry": {"type": "Point", "coordinates": [121.5316326435792, 25.06092181523858]}}, {"type": "Feature", "properties": {"city": "臺北市", "district": "松山區", "award_year": 114, "restaurant_name": "麟聚", "address": "臺北市松山區敦化北路100號", "rating_result": "優"}, "geometry": {"type": "Point", "coordinates": [121.5485292758267, 25.05276401685041]}}, {"type": "Feature", "properties": {"city": "臺北市", "district": "松山區", "award_year": 114, "restaurant_name": "雲川水月 Clavius", "address": "臺北市松山區富錦街120號1樓", "rating_result": "優"}, "geometry": {"type": "Point", "coordinates": [121.55312407480994, 25.059714097871343]}}, {"type": "Feature", "properties": {"city": "臺北市", "district": "士林區", "award_year": 114, "restaurant_name": "丹迪旅店 天母店", "address": "臺北市士林區中山北路6段728巷2號", "rating_result": "優"}, "geometry": {"type": "Point", "coordinates": [121.52809620429828, 25.114853115250515]}}, {"type": "Feature", "properties": {"city": "臺北市", "district": "信義區", "award_year": 114, "restaurant_name": "阿豬媽韓式烤肉吃到飽-信義店", "address": "臺北市信義區松壽路12號5樓", "rating_result": "優"}, "geometry": {"type": "Point", "coordinates": [121.56602091453173, 25.035668095350335]}}, {"type": "Feature", "properties": {"city": "臺北市", "district": "信義區", "award_year": 114, "restaurant_name": "瀧厚炙燒熟成牛排 台北信義ATT店", "address": "臺北市信義區松壽路12號5樓", "rating_result": "優"}, "geometry": {"type": "Point", "coordinates": [121.56602091453173, 25.035668095350335]}}, {"type": "Feature", "properties": {"city": "臺北市", "district": "士林區", "award_year": 114, "restaurant_name": "雞湯大叔 天母店", "address": "臺北市士林區士東路130號1樓", "rating_result": "優"}, "geometry": {"type": "Point", "coordinates": [121.53037843902635, 25.11220318178843]}}, {"type": "Feature", "properties": {"city": "臺北市", "district": "士林區", "award_year": 114, "restaurant_name": "DONQ東客麵包天母店", "address": "臺北市士林區天母東路68號B1", "rating_result": "優"}, "geometry": {"type": "Point", "coordinates": [121.5339786618603, 25.11791312685135]}}, {"type": "Feature", "properties": {"city": "臺北市", "district": "大同區", "award_year": 114, "restaurant_name": "beard papa-雙連店", "address": "臺北市大同區民生西路92號", "rating_result": "優"}, "geometry": {"type": "Point", "coordinates": [121.51999702148179, 25.05743574279326]}}, {"type": "Feature", "properties": {"city": "臺北市", "district": "中山區", "award_year": 114, "restaurant_name": "無老鍋-台北中山分公司", "address": "臺北市中山區中山北路2段36之1號1~2樓", "rating_result": "優"}, "geometry": {"type": "Point", "coordinates": [121.52245970297841, 25.05436428384587]}}, {"type": "Feature", "properties": {"city": "臺北市", "district": "中山區", "award_year": 114, "restaurant_name": "月夜岩", "address": "臺北市中山區雙城街25巷9號1樓", "rating_result": "優"}, "geometry": {"type": "Point", "coordinates": [121.5249555278689, 25.066283766550082]}}, {"type": "Feature", "properties": {"city": "臺北市", "district": "中山區", "award_year": 114, "restaurant_name": "法蘭司烘焙-伊通店", "address": "臺北市中山區伊通街32號", "rating_result": "優"}, "geometry": {"type": "Point", "coordinates": [121.53466047649455, 25.050919059797764]}}, {"type": "Feature", "properties": {"city": "臺北市", "district": "中山區", "award_year": 114, "restaurant_name": "法蘭司烘焙-民權店", "address": "臺北市中山區建國北路2段151巷30號", "rating_result": "優"}, "geometry": {"type": "Point", "coordinates": [121.53909956669102, 25.061734018773702]}}, {"type": "Feature", "properties": {"city": "臺北市", "district": "大同區", "award_year": 114, "restaurant_name": "EIKA 盈科", "address": "臺北市大同區民樂街58號", "rating_result": "優"}, "geometry": {"type": "Point", "coordinates": [121.51050914094931, 25.057444264017338]}}, {"type": "Feature", "properties": {"city": "臺北市", "district": "中山區", "award_year": 114, "restaurant_name": "Circum-", "address": "臺北市中山區中山北路2段39巷3號B2", "rating_result": "優"}, "geometry": {"type": "Point", "coordinates": [121.5237433698758, 25.054198659867108]}}, {"type": "Feature", "properties": {"city": "臺北市", "district": "松山區", "award_year": 114, "restaurant_name": "VGEST 低碳披薩", "address": "臺北市松山區八德路4段658號", "rating_result": "優"}, "geometry": {"type": "Point", "coordinates": [121.57569008118, 25.049849982024046]}}, {"type": "Feature", "properties": {"city": "臺北市", "district": "中山區", "award_year": 114, "restaurant_name": "喜瑞飯店", "address": "臺北市中山區長安東路1段64號", "rating_result": "優"}, "geometry": {"type": "Point", "coordinates": [121.52937958743819, 25.047932048162423]}}, {"type": "Feature", "properties": {"city": "臺北市", "district": "中正區", "award_year": 114, "restaurant_name": "NOBUO", "address": "臺北市中正區泰安街8號1樓", "rating_result": "優"}, "geometry": {"type": "Point", "coordinates": [121.52791808517068, 25.039985860018206]}}, {"type": "Feature", "properties": {"city": "臺北市", "district": "松山區", "award_year": 114, "restaurant_name": "蒲園飯店", "address": "臺北市松山區八德路4段176號", "rating_result": "優"}, "geometry": {"type": "Point", "coordinates": [121.56342310256481, 25.048575570745342]}}, {"type": "Feature", "properties": {"city": "臺北市", "district": "萬華區", "award_year": 114, "restaurant_name": "禾順行旅", "address": "臺北市萬華區廣州街247號", "rating_result": "優"}, "geometry": {"type": "Point", "coordinates": [121.4973043577323, 25.036841312770548]}}, {"type": "Feature", "properties": {"city": "臺北市", "district": "萬華區", "award_year": 114, "restaurant_name": "金獅樓", "address": "臺北市萬華區西寧南路36號B區10樓", "rating_result": "優"}, "geometry": {"type": "Point", "coordinates": [121.50664014721983, 25.04559120438601]}}, {"type": "Feature", "properties": {"city": "臺北市", "district": "萬華區", "award_year": 114, "restaurant_name": "DonDonDonki 西門店", "address": "臺北市萬華區西寧南路123號", "rating_result": "優"}, "geometry": {"type": "Point", "coordinates": [121.50656891029932, 25.044574567165217]}}, {"type": "Feature", "properties": {"city": "臺北市", "district": "萬華區", "award_year": 114, "restaurant_name": "聖瑪莉西門1店", "address": "臺北市萬華區成都路54之1號", "rating_result": "優"}, "geometry": {"type": "Point", "coordinates": [121.50579841164547, 25.042704130223797]}}, {"type": "Feature", "properties": {"city": "臺北市", "district": "文山區", "award_year": 114, "restaurant_name": "滬江高中附設廚房", "address": "臺北市文山區羅斯福路6段336號", "rating_result": "優"}, "geometry": {"type": "Point", "coordinates": [121.53916588450262, 24.989781267531683]}}, {"type": "Feature", "properties": {"city": "臺北市", "district": "文山區", "award_year": 114, "restaurant_name": "喔A咖啡-世新大學", "address": "臺北市文山區木柵路1段17巷1號", "rating_result": "優"}, "geometry": {"type": "Point", "coordinates": [121.54409883553738, 24.988624209793283]}}, {"type": "Feature", "properties": {"city": "臺北市", "district": "文山區", "award_year": 114, "restaurant_name": "食堂171-世新大學", "address": "臺北市文山區木柵路1段17巷1號", "rating_result": "優"}, "geometry": {"type": "Point", "coordinates": [121.54409883553738, 24.988624209793283]}}, {"type": "Feature", "properties": {"city": "臺北市", "district": "文山區", "award_year": 114, "restaurant_name": "禾豐美食-世新大學", "address": "臺北市文山區木柵路1段17巷1號", "rating_result": "優"}, "geometry": {"type": "Point", "coordinates": [121.54409883553738, 24.988624209793283]}}, {"type": "Feature", "properties": {"city": "臺北市", "district": "文山區", "award_year": 114, "restaurant_name": "樂田-萬隆", "address": "臺北市文山區羅斯福路5段214號", "rating_result": "優"}, "geometry": {"type": "Point", "coordinates": [121.53855639278622, 25.002520158040774]}}, {"type": "Feature", "properties": {"city": "臺北市", "district": "大安區", "award_year": 114, "restaurant_name": "伴鹿咖啡", "address": "臺北市大安區敦化南路2段203號4樓", "rating_result": "優"}, "geometry": {"type": "Point", "coordinates": [121.54967796574927, 25.026299934183545]}}, {"type": "Feature", "properties": {"city": "臺北市", "district": "大安區", "award_year": 114, "restaurant_name": "COUNTEA卡帝本植茶焙所-遠企店", "address": "臺北市大安區敦化南路2段203號1樓", "rating_result": "優"}, "geometry": {"type": "Point", "coordinates": [121.54967796574927, 25.026299934183545]}}, {"type": "Feature", "properties": {"city": "臺北市", "district": "大安區", "award_year": 114, "restaurant_name": "雲之南麗江斑魚火鍋-遠企店", "address": "臺北市大安區敦化南路2段203號B2", "rating_result": "優"}, "geometry": {"type": "Point", "coordinates": [121.54967796574927, 25.026299934183545]}}, {"type": "Feature", "properties": {"city": "臺北市", "district": "大安區", "award_year": 114, "restaurant_name": "aunt stella遠企店", "address": "臺北市大安區敦化南路2段203號B2", "rating_result": "優"}, "geometry": {"type": "Point", "coordinates": [121.54967796574927, 25.026299934183545]}}, {"type": "Feature", "properties": {"city": "臺北市", "district": "大安區", "award_year": 114, "restaurant_name": "雪嶽山韓式料理遠企店", "address": "臺北市大安區敦化南路2段203號B2", "rating_result": "優"}, "geometry": {"type": "Point", "coordinates": [121.54967796574927, 25.026299934183545]}}, {"type": "Feature", "properties": {"city": "臺北市", "district": "大安區", "award_year": 114, "restaurant_name": "初點甜豆花遠企店", "address": "臺北市大安區敦化南路2段203號B2", "rating_result": "優"}, "geometry": {"type": "Point", "coordinates": [121.54967796574927, 25.026299934183545]}}, {"type": "Feature", "properties": {"city": "臺北市", "district": "大安區", "award_year": 114, "restaurant_name": "永旭府城遠企店", "address": "臺北市大安區敦化南路2段203號B2", "rating_result": "優"}, "geometry": {"type": "Point", "coordinates": [121.54967796574927, 25.026299934183545]}}, {"type": "Feature", "properties": {"city": "臺北市", "district": "大安區", "award_year": 114, "restaurant_name": "北岸咖啡遠企店", "address": "臺北市大安區敦化南路2段203號B2", "rating_result": "優"}, "geometry": {"type": "Point", "coordinates": [121.54967796574927, 25.026299934183545]}}, {"type": "Feature", "properties": {"city": "臺北市", "district": "士林區", "award_year": 114, "restaurant_name": "百齡診所附設護理之家", "address": "臺北市士林區重慶北路4段187號1樓", "rating_result": "優"}, "geometry": {"type": "Point", "coordinates": [121.51142159426547, 25.084185226812497]}}, {"type": "Feature", "properties": {"city": "臺北市", "district": "大安區", "award_year": 114, "restaurant_name": "筌 壽司 割烹", "address": "臺北市大安區安和路1段78巷37號", "rating_result": "優"}, "geometry": {"type": "Point", "coordinates": [121.55016402228857, 25.035139452040713]}}, {"type": "Feature", "properties": {"city": "臺北市", "district": "大安區", "award_year": 114, "restaurant_name": "Restaurant Ephernité", "address": "臺北市大安區安和路2段233號", "rating_result": "優"}, "geometry": {"type": "Point", "coordinates": [121.55035743466148, 25.025162699480557]}}, {"type": "Feature", "properties": {"city": "臺北市", "district": "大安區", "award_year": 114, "restaurant_name": "國立臺灣大學研三(國青)開心廚房", "address": "臺北市大安區辛亥路3段30號", "rating_result": "優"}, "geometry": {"type": "Point", "coordinates": [121.54425091544779, 25.02057333249121]}}, {"type": "Feature", "properties": {"city": "臺北市", "district": "大安區", "award_year": 114, "restaurant_name": "凱樂烘培-和平門市", "address": "臺北市大安區和平東路1段25號", "rating_result": "優"}, "geometry": {"type": "Point", "coordinates": [121.52308743184433, 25.02722311268249]}}, {"type": "Feature", "properties": {"city": "臺北市", "district": "中山區", "award_year": 114, "restaurant_name": "FX富驛時尚酒店", "address": "臺北市中山區南京東路3段131號1樓", "rating_result": "優"}, "geometry": {"type": "Point", "coordinates": [121.54066277358082, 25.05212805506779]}}, {"type": "Feature", "properties": {"city": "臺北市", "district": "信義區", "award_year": 114, "restaurant_name": "MISOTABLE", "address": "臺北市信義區松高路19號B2", "rating_result": "優"}, "geometry": {"type": "Point", "coordinates": [121.56666695366349, 25.039359055217176]}}, {"type": "Feature", "properties": {"city": "臺北市", "district": "文山區", "award_year": 114, "restaurant_name": "臺灣警察專科學校(尊爵團膳)", "address": "臺北市文山區興隆路3段153號", "rating_result": "優"}, "geometry": {"type": "Point", "coordinates": [121.55930473820622, 24.998048233732746]}}, {"type": "Feature", "properties": {"city": "臺北市", "district": "大安區", "award_year": 114, "restaurant_name": "五花馬水餃", "address": "臺北市大安區羅斯福路4段1號", "rating_result": "優"}, "geometry": {"type": "Point", "coordinates": [121.53370063437352, 25.016981072538876]}}, {"type": "Feature", "properties": {"city": "臺北市", "district": "大安區", "award_year": 114, "restaurant_name": "九久滷贊舖", "address": "臺北市大安區羅斯福路4段1號", "rating_result": "優"}, "geometry": {"type": "Point", "coordinates": [121.53370063437352, 25.016981072538876]}}, {"type": "Feature", "properties": {"city": "臺北市", "district": "大安區", "award_year": 114, "restaurant_name": "強尼兄弟健康廚房", "address": "臺北市大安區羅斯福路4段1號", "rating_result": "優"}, "geometry": {"type": "Point", "coordinates": [121.53370063437352, 25.016981072538876]}}, {"type": "Feature", "properties": {"city": "臺北市", "district": "大安區", "award_year": 114, "restaurant_name": "重慶抄手", "address": "臺北市大安區羅斯福路4段1號", "rating_result": "優"}, "geometry": {"type": "Point", "coordinates": [121.53370063437352, 25.016981072538876]}}, {"type": "Feature", "properties": {"city": "臺北市", "district": "大安區", "award_year": 114, "restaurant_name": "第八小吃部 吾煎", "address": "臺北市大安區羅斯福路4段1號", "rating_result": "優"}, "geometry": {"type": "Point", "coordinates": [121.53370063437352, 25.016981072538876]}}, {"type": "Feature", "properties": {"city": "臺北市", "district": "大安區", "award_year": 114, "restaurant_name": "第七小吃部(原典鮮沏茶)", "address": "臺北市大安區羅斯福路4段1號", "rating_result": "優"}, "geometry": {"type": "Point", "coordinates": [121.53370063437352, 25.016981072538876]}}, {"type": "Feature", "properties": {"city": "臺北市", "district": "大安區", "award_year": 114, "restaurant_name": "第二小吃部(七樂港式燒臘)", "address": "臺北市大安區羅斯福路4段1號", "rating_result": "優"}, "geometry": {"type": "Point", "coordinates": [121.53370063437352, 25.016981072538876]}}, {"type": "Feature", "properties": {"city": "臺北市", "district": "大安區", "award_year": 114, "restaurant_name": "第一小吃部(肥熊早早午餐)", "address": "臺北市大安區羅斯福路4段1號", "rating_result": "優"}, "geometry": {"type": "Point", "coordinates": [121.53370063437352, 25.016981072538876]}}, {"type": "Feature", "properties": {"city": "臺北市", "district": "大安區", "award_year": 114, "restaurant_name": "合作社第二門市(小小福)", "address": "臺北市大安區羅斯福路4段1號", "rating_result": "優"}, "geometry": {"type": "Point", "coordinates": [121.53370063437352, 25.016981072538876]}}, {"type": "Feature", "properties": {"city": "臺北市", "district": "大安區", "award_year": 114, "restaurant_name": "合作社第一門市(小福)", "address": "臺北市大安區羅斯福路4段1號", "rating_result": "優"}, "geometry": {"type": "Point", "coordinates": [121.53370063437352, 25.016981072538876]}}, {"type": "Feature", "properties": {"city": "臺北市", "district": "大安區", "award_year": 114, "restaurant_name": "醉月湖1號-稍飽台大店", "address": "臺北市大安區羅斯福路4段1號(1號貨櫃屋)", "rating_result": "優"}, "geometry": {"type": "Point", "coordinates": [121.53370063437352, 25.016981072538876]}}, {"type": "Feature", "properties": {"city": "臺北市", "district": "大安區", "award_year": 114, "restaurant_name": "醉月湖2號-TT French Bread", "address": "臺北市大安區羅斯福路4段1號(2號貨櫃屋)", "rating_result": "優"}, "geometry": {"type": "Point", "coordinates": [121.53370063437352, 25.016981072538876]}}, {"type": "Feature", "properties": {"city": "臺北市", "district": "北投區", "award_year": 114, "restaurant_name": "象樣東方美食館-台北榮總店", "address": "臺北市北投區石牌路2段201號中正樓生活廣場", "rating_result": "優"}, "geometry": {"type": "Point", "coordinates": [121.51916582473102, 25.119182279379892]}}, {"type": "Feature", "properties": {"city": "臺北市", "district": "北投區", "award_year": 114, "restaurant_name": "Dreamers Coffee 台北榮總店", "address": "臺北市北投區石牌路2段201號中正樓生活廣場", "rating_result": "優"}, "geometry": {"type": "Point", "coordinates": [121.51916582473102, 25.119182279379892]}}, {"type": "Feature", "properties": {"city": "臺北市", "district": "北投區", "award_year": 114, "restaurant_name": "21Plus北榮義美", "address": "臺北市北投區石牌路2段201號中正樓生活廣場", "rating_result": "優"}, "geometry": {"type": "Point", "coordinates": [121.51916582473102, 25.119182279379892]}}, {"type": "Feature", "properties": {"city": "臺北市", "district": "大安區", "award_year": 114, "restaurant_name": "炸物三兄弟", "address": "臺北市大安區長興街92號(男七舍)", "rating_result": "優"}, "geometry": {"type": "Point", "coordinates": [121.54708175153851, 25.015091302320325]}}, {"type": "Feature", "properties": {"city": "臺北市", "district": "大安區", "award_year": 114, "restaurant_name": "國立臺灣大學男八宿舍福利社", "address": "臺北市大安區長興街31號", "rating_result": "優"}, "geometry": {"type": "Point", "coordinates": [121.5450807687742, 25.016785224213855]}}, {"type": "Feature", "properties": {"city": "臺北市", "district": "大安區", "award_year": 114, "restaurant_name": "鴨香坊", "address": "臺北市大安區長興街50號", "rating_result": "優"}, "geometry": {"type": "Point", "coordinates": [121.54500790659404, 25.016500717522856]}}, {"type": "Feature", "properties": {"city": "臺北市", "district": "大安區", "award_year": 114, "restaurant_name": "銓家莊", "address": "臺北市大安區長興街50號", "rating_result": "優"}, "geometry": {"type": "Point", "coordinates": [121.54500790659404, 25.016500717522856]}}, {"type": "Feature", "properties": {"city": "臺北市", "district": "大安區", "award_year": 114, "restaurant_name": "早餐吧", "address": "臺北市大安區長興街50號", "rating_result": "優"}, "geometry": {"type": "Point", "coordinates": [121.54500790659404, 25.016500717522856]}}, {"type": "Feature", "properties": {"city": "臺北市", "district": "大安區", "award_year": 114, "restaurant_name": "轉角哥深夜食堂", "address": "臺北市大安區長興街50號", "rating_result": "優"}, "geometry": {"type": "Point", "coordinates": [121.54500790659404, 25.016500717522856]}}, {"type": "Feature", "properties": {"city": "臺北市", "district": "大安區", "award_year": 114, "restaurant_name": "銅板美食雞魯哥", "address": "臺北市大安區長興街50號", "rating_result": "優"}, "geometry": {"type": "Point", "coordinates": [121.54500790659404, 25.016500717522856]}}, {"type": "Feature", "properties": {"city": "臺北市", "district": "大安區", "award_year": 114, "restaurant_name": "凱樂烘培食品有限公司通化門市部", "address": "臺北市大安區通化街10號", "rating_result": "優"}, "geometry": {"type": "Point", "coordinates": [121.5541743637499, 25.032131127843545]}}, {"type": "Feature", "properties": {"city": "臺北市", "district": "大安區", "award_year": 114, "restaurant_name": "樂田-復興仁愛", "address": "臺北市大安區復興南路1段255號1樓", "rating_result": "優"}, "geometry": {"type": "Point", "coordinates": [121.54387536000195, 25.03673371355005]}}, {"type": "Feature", "properties": {"city": "臺北市", "district": "大安區", "award_year": 114, "restaurant_name": "凱樂烘培食品有限公司復興門市部", "address": "臺北市大安區復興南路1段72號", "rating_result": "優"}, "geometry": {"type": "Point", "coordinates": [121.54360460991869, 25.044051905640575]}}, {"type": "Feature", "properties": {"city": "臺北市", "district": "大安區", "award_year": 114, "restaurant_name": "卿卿小粉螺螄粉酸辣粉", "address": "臺北市大安區新生南路1段1號", "rating_result": "優"}, "geometry": {"type": "Point", "coordinates": [121.53317682806595, 25.044205894503307]}}, {"type": "Feature", "properties": {"city": "臺北市", "district": "士林區", "award_year": 114, "restaurant_name": "陽明春天", "address": "臺北市臺北巿士林區菁山路119之1號", "rating_result": "優"}, "geometry": {"type": "Point", "coordinates": [121.55921521052781, 25.144143352356167]}}, {"type": "Feature", "properties": {"city": "臺北市", "district": "士林區", "award_year": 114, "restaurant_name": "興蓬萊台菜餐廳", "address": "臺北市士林區中山北路7段55號1樓", "rating_result": "優"}, "geometry": {"type": "Point", "coordinates": [121.53087381109823, 25.120350299190424]}}, {"type": "Feature", "properties": {"city": "臺北市", "district": "大安區", "award_year": 114, "restaurant_name": "好日早午餐-台大合作社第五小吃部", "address": "臺北市大安區羅斯福路4段1號", "rating_result": "優"}, "geometry": {"type": "Point", "coordinates": [121.53370063437352, 25.016981072538876]}}, {"type": "Feature", "properties": {"city": "臺北市", "district": "大安區", "award_year": 114, "restaurant_name": "蘇格貓底義式冰淇淋", "address": "臺北市大安區羅斯福路4段1號-共同教室樓梯", "rating_result": "優"}, "geometry": {"type": "Point", "coordinates": [121.53370063437352, 25.016981072538876]}}, {"type": "Feature", "properties": {"city": "臺北市", "district": "大安區", "award_year": 114, "restaurant_name": "M.D.創作料理", "address": "臺北市大安區羅斯福路4段1號-明達館", "rating_result": "優"}, "geometry": {"type": "Point", "coordinates": [121.53370063437352, 25.016981072538876]}}, {"type": "Feature", "properties": {"city": "臺北市", "district": "大安區", "award_year": 114, "restaurant_name": "Doki Poke夏威夷蒸鮮飯-台大社科店", "address": "臺北市大安區羅斯福路4段1號-社會科學院", "rating_result": "優"}, "geometry": {"type": "Point", "coordinates": [121.53370063437352, 25.016981072538876]}}, {"type": "Feature", "properties": {"city": "臺北市", "district": "大安區", "award_year": 114, "restaurant_name": "小木屋鬆餅", "address": "臺北市大安區羅斯福路4段1號-鹿鳴廣場", "rating_result": "優"}, "geometry": {"type": "Point", "coordinates": [121.53370063437352, 25.016981072538876]}}, {"type": "Feature", "properties": {"city": "臺北市", "district": "大安區", "award_year": 114, "restaurant_name": "茶茶小王子x小農飯盒", "address": "臺北市大安區羅斯福路4段1號-學新館1樓", "rating_result": "優"}, "geometry": {"type": "Point", "coordinates": [121.53370063437352, 25.016981072538876]}}, {"type": "Feature", "properties": {"city": "臺北市", "district": "大安區", "award_year": 114, "restaurant_name": "新月台 café", "address": "臺北市大安區羅斯福路4段1號-新月台", "rating_result": "優"}, "geometry": {"type": "Point", "coordinates": [121.53370063437352, 25.016981072538876]}}, {"type": "Feature", "properties": {"city": "臺北市", "district": "士林區", "award_year": 114, "restaurant_name": "雀客藏居-台北陽明山", "address": "臺北市士林區格致路237號", "rating_result": "優"}, "geometry": {"type": "Point", "coordinates": [121.54886395359021, 25.143440750553328]}}, {"type": "Feature", "properties": {"city": "臺北市", "district": "大安區", "award_year": 114, "restaurant_name": "義饗食堂", "address": "臺北市大安區羅斯福路4段83號2樓", "rating_result": "優"}, "geometry": {"type": "Point", "coordinates": [121.53634382593314, 25.013178943225327]}}, {"type": "Feature", "properties": {"city": "臺北市", "district": "大安區", "award_year": 114, "restaurant_name": "SUBWAY-台大店", "address": "臺北市大安區羅斯福路4段85號", "rating_result": "優"}, "geometry": {"type": "Point", "coordinates": [121.53648468665406, 25.012893180639495]}}, {"type": "Feature", "properties": {"city": "臺北市", "district": "大安區", "award_year": 114, "restaurant_name": "熊一燒肉-台大店", "address": "臺北市大安區羅斯福路4段85號2樓", "rating_result": "優"}, "geometry": {"type": "Point", "coordinates": [121.53648468665406, 25.012893180639495]}}, {"type": "Feature", "properties": {"city": "臺北市", "district": "中山區", "award_year": 114, "restaurant_name": "和蒔炭火割烹", "address": "臺北市中山區長安東路2段36巷1號", "rating_result": "優"}, "geometry": {"type": "Point", "coordinates": [121.53155616925025, 25.04805490857154]}}, {"type": "Feature", "properties": {"city": "臺北市", "district": "中正區", "award_year": 114, "restaurant_name": "路境行旅-府前館", "address": "臺北市中正區重慶南路1段86號B1", "rating_result": "優"}, "geometry": {"type": "Point", "coordinates": [121.51309588209394, 25.043075555930653]}}, {"type": "Feature", "properties": {"city": "臺北市", "district": "中正區", "award_year": 114, "restaurant_name": "北海漁村 台北杭州店", "address": "臺北市中正區杭州南路1段8之1號1樓", "rating_result": "優"}, "geometry": {"type": "Point", "coordinates": [121.5265461740702, 25.043273064242342]}}, {"type": "Feature", "properties": {"city": "臺北市", "district": "中正區", "award_year": 114, "restaurant_name": "uMeal 優善糧-台大水源店", "address": "臺北市中正區思源街16號", "rating_result": "優"}, "geometry": {"type": "Point", "coordinates": [121.53057403979922, 25.01430791283794]}}, {"type": "Feature", "properties": {"city": "臺北市", "district": "文山區", "award_year": 114, "restaurant_name": "吃飯囉媽媽便當", "address": "臺北市文山區汀州路4段88號", "rating_result": "優"}, "geometry": {"type": "Point", "coordinates": [121.53717583273236, 25.007838641437882]}}, {"type": "Feature", "properties": {"city": "臺北市", "district": "松山區", "award_year": 114, "restaurant_name": "INITA", "address": "臺北市松山區八德路3段12巷52弄1號1樓", "rating_result": "優"}, "geometry": {"type": "Point", "coordinates": [121.5506248816848, 25.046075894861453]}}, {"type": "Feature", "properties": {"city": "臺北市", "district": "松山區", "award_year": 114, "restaurant_name": "樂田-南復二店", "address": "臺北市松山區南京東路3段253號", "rating_result": "優"}, "geometry": {"type": "Point", "coordinates": [121.54440377476519, 25.052050108227927]}}, {"type": "Feature", "properties": {"city": "臺北市", "district": "大安區", "award_year": 114, "restaurant_name": "洛碁大飯店忠孝館", "address": "臺北市大安區忠孝東路4段180號", "rating_result": "優"}, "geometry": {"type": "Point", "coordinates": [121.55153291207776, 25.041261582453817]}}, {"type": "Feature", "properties": {"city": "臺北市", "district": "大安區", "award_year": 114, "restaurant_name": "享聚餐廳", "address": "臺北市大安區忠孝東路3段1號", "rating_result": "優"}, "geometry": {"type": "Point", "coordinates": [121.53551459356879, 25.042213879603768]}}, {"type": "Feature", "properties": {"city": "臺北市", "district": "大安區", "award_year": 114, "restaurant_name": "八方雲集-臺北科大", "address": "臺北市大安區新生南路1段1號1樓", "rating_result": "優"}, "geometry": {"type": "Point", "coordinates": [121.53317682806595, 25.044205894503307]}}, {"type": "Feature", "properties": {"city": "臺北市", "district": "大安區", "award_year": 114, "restaurant_name": "拉亞漢堡臺北科大", "address": "臺北市大安區新生南路1段1號", "rating_result": "優"}, "geometry": {"type": "Point", "coordinates": [121.53317682806595, 25.044205894503307]}}, {"type": "Feature", "properties": {"city": "臺北市", "district": "大安區", "award_year": 114, "restaurant_name": "喜歡你飯捲年糕-北科大", "address": "臺北市大安區新生南路1段1號", "rating_result": "優"}, "geometry": {"type": "Point", "coordinates": [121.53317682806595, 25.044205894503307]}}, {"type": "Feature", "properties": {"city": "臺北市", "district": "大安區", "award_year": 114, "restaurant_name": "直火盒子低卡餐盒", "address": "臺北市大安區建國南路1段81號", "rating_result": "優"}, "geometry": {"type": "Point", "coordinates": [121.53747157729703, 25.043558279022477]}}, {"type": "Feature", "properties": {"city": "臺北市", "district": "大安區", "award_year": 114, "restaurant_name": "炸雞大獅-北科大店", "address": "臺北市大安區建國南路1段81號", "rating_result": "優"}, "geometry": {"type": "Point", "coordinates": [121.53747157729703, 25.043558279022477]}}, {"type": "Feature", "properties": {"city": "臺北市", "district": "大安區", "award_year": 114, "restaurant_name": "宣坊", "address": "臺北市大安區新生南路1段1號2樓", "rating_result": "優"}, "geometry": {"type": "Point", "coordinates": [121.53317682806595, 25.044205894503307]}}, {"type": "Feature", "properties": {"city": "臺北市", "district": "大安區", "award_year": 114, "restaurant_name": "可唐精品茶旅-北科大店", "address": "臺北市大安區新生南路1段1號1樓", "rating_result": "優"}, "geometry": {"type": "Point", "coordinates": [121.53317682806595, 25.044205894503307]}}, {"type": "Feature", "properties": {"city": "臺北市", "district": "大安區", "award_year": 114, "restaurant_name": "文華食堂", "address": "臺北市大安區新生南路1段1號2樓", "rating_result": "優"}, "geometry": {"type": "Point", "coordinates": [121.53317682806595, 25.044205894503307]}}, {"type": "Feature", "properties": {"city": "臺北市", "district": "中正區", "award_year": 114, "restaurant_name": "臺大合作社(合作社醫學院門市)", "address": "臺北市中正區仁愛路1段1號B2", "rating_result": "優"}, "geometry": {"type": "Point", "coordinates": [121.518893312477, 25.0394309799135]}}, {"type": "Feature", "properties": {"city": "臺北市", "district": "中正區", "award_year": 114, "restaurant_name": "樂田麵包屋-北車二店", "address": "臺北市中正區忠孝西路1段49號B311號店", "rating_result": "優"}, "geometry": {"type": "Point", "coordinates": [121.51724347609903, 25.046481431619075]}}, {"type": "Feature", "properties": {"city": "臺北市", "district": "中正區", "award_year": 114, "restaurant_name": "樂田麵包屋-台大二店", "address": "臺北市中正區公園路52號", "rating_result": "優"}, "geometry": {"type": "Point", "coordinates": [121.51581739096352, 25.040933574000128]}}, {"type": "Feature", "properties": {"city": "臺北市", "district": "中正區", "award_year": 114, "restaurant_name": "SIRAYA COFFEE", "address": "臺北市中正區徐州路2之3號", "rating_result": "優"}, "geometry": {"type": "Point", "coordinates": [121.52168987831504, 25.04098508252396]}}, {"type": "Feature", "properties": {"city": "臺北市", "district": "中正區", "award_year": 114, "restaurant_name": "MIXTIO(秘地)", "address": "臺北市中正區仁愛路1段1號", "rating_result": "優"}, "geometry": {"type": "Point", "coordinates": [121.518893312477, 25.0394309799135]}}, {"type": "Feature", "properties": {"city": "臺北市", "district": "中正區", "award_year": 114, "restaurant_name": "問事咖啡", "address": "臺北市中正區仁愛路1段1號B1", "rating_result": "優"}, "geometry": {"type": "Point", "coordinates": [121.518893312477, 25.0394309799135]}}, {"type": "Feature", "properties": {"city": "臺北市", "district": "中正區", "award_year": 114, "restaurant_name": "葵川食記", "address": "臺北市中正區仁愛路1段1號B1", "rating_result": "優"}, "geometry": {"type": "Point", "coordinates": [121.518893312477, 25.0394309799135]}}, {"type": "Feature", "properties": {"city": "臺北市", "district": "中正區", "award_year": 114, "restaurant_name": "荖子鍋Plus 東森北車店", "address": "臺北市中正區忠孝西路1段47號B1", "rating_result": "優"}, "geometry": {"type": "Point", "coordinates": [121.51676148292768, 25.046879951116832]}}, {"type": "Feature", "properties": {"city": "臺北市", "district": "大安區", "award_year": 114, "restaurant_name": "BAHO(八和 大安)", "address": "臺北市大安區安和路1段102巷4號", "rating_result": "優"}, "geometry": {"type": "Point", "coordinates": [121.55195383487595, 25.034202404315856]}}, {"type": "Feature", "properties": {"city": "臺北市", "district": "中山區", "award_year": 114, "restaurant_name": "Ad Astra", "address": "臺北市中山區中山北路2段45巷23號1樓", "rating_result": "優"}, "geometry": {"type": "Point", "coordinates": [121.52404616480008, 25.054468637148876]}}, {"type": "Feature", "properties": {"city": "臺北市", "district": "大安區", "award_year": 114, "restaurant_name": "EMBERS", "address": "臺北市大安區仁愛路4段122巷24號", "rating_result": "優"}, "geometry": {"type": "Point", "coordinates": [121.55017560779037, 25.03586049614589]}}, {"type": "Feature", "properties": {"city": "臺北市", "district": "北投區", "award_year": 114, "restaurant_name": "一之軒北榮分店", "address": "臺北市北投區石牌路2段201號中正樓生活廣場", "rating_result": "優"}, "geometry": {"type": "Point", "coordinates": [121.51916582473102, 25.119182279379892]}}, {"type": "Feature", "properties": {"city": "臺北市", "district": "北投區", "award_year": 114, "restaurant_name": "每力果榮總店", "address": "臺北市北投區石牌路2段201號中正樓生活廣場", "rating_result": "優"}, "geometry": {"type": "Point", "coordinates": [121.51916582473102, 25.119182279379892]}}, {"type": "Feature", "properties": {"city": "臺北市", "district": "北投區", "award_year": 114, "restaurant_name": "迷客夏PLUS台北榮總店", "address": "臺北市北投區石牌路2段201號中正樓生活廣場", "rating_result": "優"}, "geometry": {"type": "Point", "coordinates": [121.51916582473102, 25.119182279379892]}}, {"type": "Feature", "properties": {"city": "臺北市", "district": "北投區", "award_year": 114, "restaurant_name": "李記中式餐廳", "address": "臺北市北投區石牌路2段201號中正樓生活廣場", "rating_result": "優"}, "geometry": {"type": "Point", "coordinates": [121.51916582473102, 25.119182279379892]}}, {"type": "Feature", "properties": {"city": "臺北市", "district": "北投區", "award_year": 114, "restaurant_name": "福勝亭北榮店", "address": "臺北市北投區石牌路2段201號中正樓生活廣場", "rating_result": "優"}, "geometry": {"type": "Point", "coordinates": [121.51916582473102, 25.119182279379892]}}, {"type": "Feature", "properties": {"city": "臺北市", "district": "大安區", "award_year": 114, "restaurant_name": "椰林燒臘", "address": "臺北市大安區羅斯福路4段1號", "rating_result": "優"}, "geometry": {"type": "Point", "coordinates": [121.53370063437352, 25.016981072538876]}}, {"type": "Feature", "properties": {"city": "臺北市", "district": "北投區", "award_year": 114, "restaurant_name": "山水樂會館", "address": "臺北市北投區中和街20巷6號", "rating_result": "優"}, "geometry": {"type": "Point", "coordinates": [121.5037469589866, 25.138032971111915]}}, {"type": "Feature", "properties": {"city": "臺北市", "district": "北投區", "award_year": 114, "restaurant_name": "凱特無餓不做 輕食早午餐", "address": "臺北市北投區學園路1號", "rating_result": "優"}, "geometry": {"type": "Point", "coordinates": [121.4663681281747, 25.13008527766757]}}, {"type": "Feature", "properties": {"city": "臺北市", "district": "北投區", "award_year": 114, "restaurant_name": "泰牛雅上餐飲小吃", "address": "臺北市北投區學園路1號", "rating_result": "優"}, "geometry": {"type": "Point", "coordinates": [121.4663681281747, 25.13008527766757]}}, {"type": "Feature", "properties": {"city": "臺北市", "district": "北投區", "award_year": 114, "restaurant_name": "歐海唷尚一品餐廳", "address": "臺北市北投區學園路1號", "rating_result": "優"}, "geometry": {"type": "Point", "coordinates": [121.4663681281747, 25.13008527766757]}}, {"type": "Feature", "properties": {"city": "臺北市", "district": "內湖區", "award_year": 114, "restaurant_name": "臺北市立行愛住宿長照機構(委託臺北醫學大學經營管理)", "address": "臺北市內湖區行善路250號1-2樓", "rating_result": "優"}, "geometry": {"type": "Point", "coordinates": [121.58115020145698, 25.060453691778164]}}, {"type": "Feature", "properties": {"city": "臺北市", "district": "內湖區", "award_year": 114, "restaurant_name": "晴光紅豆餅-內湖大潤發店", "address": "臺北市內湖區舊宗路1段188號1樓", "rating_result": "優"}, "geometry": {"type": "Point", "coordinates": [121.575988536643, 25.062652764368043]}}, {"type": "Feature", "properties": {"city": "臺北市", "district": "內湖區", "award_year": 114, "restaurant_name": "越式河粉-內湖大潤發店", "address": "臺北市內湖區舊宗路1段188號1樓", "rating_result": "優"}, "geometry": {"type": "Point", "coordinates": [121.575988536643, 25.062652764368043]}}, {"type": "Feature", "properties": {"city": "臺北市", "district": "內湖區", "award_year": 114, "restaurant_name": "beard papa-內湖大潤發店", "address": "臺北市內湖區舊宗路1段188號1樓", "rating_result": "優"}, "geometry": {"type": "Point", "coordinates": [121.575988536643, 25.062652764368043]}}, {"type": "Feature", "properties": {"city": "臺北市", "district": "內湖區", "award_year": 114, "restaurant_name": "12MINI-內湖大潤發店", "address": "臺北市內湖區舊宗路1段188號1樓", "rating_result": "優"}, "geometry": {"type": "Point", "coordinates": [121.575988536643, 25.062652764368043]}}, {"type": "Feature", "properties": {"city": "臺北市", "district": "內湖區", "award_year": 114, "restaurant_name": "霜江茶行-內湖大潤發店", "address": "臺北市內湖區舊宗路1段188號1樓", "rating_result": "優"}, "geometry": {"type": "Point", "coordinates": [121.575988536643, 25.062652764368043]}}, {"type": "Feature", "properties": {"city": "臺北市", "district": "內湖區", "award_year": 114, "restaurant_name": "韓食客-內湖大潤發店", "address": "臺北市內湖區舊宗路1段188號1樓", "rating_result": "優"}, "geometry": {"type": "Point", "coordinates": [121.575988536643, 25.062652764368043]}}, {"type": "Feature", "properties": {"city": "臺北市", "district": "北投區", "award_year": 114, "restaurant_name": "臺北市私立高德老人長期照顧中心(養護型)", "address": "臺北市北投區磺港路156號1樓", "rating_result": "優"}, "geometry": {"type": "Point", "coordinates": [121.50298623066561, 25.128653620760314]}}, {"type": "Feature", "properties": {"city": "臺北市", "district": "信義區", "award_year": 114, "restaurant_name": "Zaap", "address": "臺北市信義區吳興街345巷6號", "rating_result": "優"}, "geometry": {"type": "Point", "coordinates": [121.5663532336818, 25.026739087910805]}}, {"type": "Feature", "properties": {"city": "臺北市", "district": "中山區", "award_year": 114, "restaurant_name": "欣葉鐘菜", "address": "臺北市中山區樂群二路199號1樓", "rating_result": "優"}, "geometry": {"type": "Point", "coordinates": [121.55894307181856, 25.080489164279342]}}, {"type": "Feature", "properties": {"city": "臺北市", "district": "南港區", "award_year": 114, "restaurant_name": "衛生福利部基隆醫院附設南港綜合長照機構", "address": "臺北市南港區南港路2段78號5樓", "rating_result": "優"}, "geometry": {"type": "Point", "coordinates": [121.60350917680465, 25.053940816287163]}}, {"type": "Feature", "properties": {"city": "臺北市", "district": "大安區", "award_year": 114, "restaurant_name": "紅豆食府/遠企店", "address": "臺北市大安區敦化南路2段203號B2", "rating_result": "優"}, "geometry": {"type": "Point", "coordinates": [121.54967796574927, 25.026299934183545]}}, {"type": "Feature", "properties": {"city": "臺北市", "district": "內湖區", "award_year": 114, "restaurant_name": "88樂章婚宴會館", "address": "臺北市內湖區民善街88號", "rating_result": "優"}, "geometry": {"type": "Point", "coordinates": [121.57536491269434, 25.060140701809427]}}, {"type": "Feature", "properties": {"city": "臺北市", "district": "大安區", "award_year": 114, "restaurant_name": "台灣大學－蛋白盒子", "address": "臺北市大安區羅斯福路4段1號", "rating_result": "優"}, "geometry": {"type": "Point", "coordinates": [121.53370063437352, 25.016981072538876]}}, {"type": "Feature", "properties": {"city": "臺北市", "district": "大安區", "award_year": 114, "restaurant_name": "台灣大學-食事場", "address": "臺北市大安區羅斯福路4段1號", "rating_result": "優"}, "geometry": {"type": "Point", "coordinates": [121.53370063437352, 25.016981072538876]}}, {"type": "Feature", "properties": {"city": "臺北市", "district": "大安區", "award_year": 114, "restaurant_name": "比司多", "address": "臺北市大安區羅斯福路4段1號", "rating_result": "優"}, "geometry": {"type": "Point", "coordinates": [121.53370063437352, 25.016981072538876]}}, {"type": "Feature", "properties": {"city": "臺北市", "district": "大安區", "award_year": 114, "restaurant_name": "厚宅", "address": "臺北市大安區羅斯福路4段1號", "rating_result": "優"}, "geometry": {"type": "Point", "coordinates": [121.53370063437352, 25.016981072538876]}}, {"type": "Feature", "properties": {"city": "臺北市", "district": "大安區", "award_year": 114, "restaurant_name": "悠悠鮮果屋", "address": "臺北市大安區羅斯福路4段1號", "rating_result": "優"}, "geometry": {"type": "Point", "coordinates": [121.53370063437352, 25.016981072538876]}}, {"type": "Feature", "properties": {"city": "臺北市", "district": "大安區", "award_year": 114, "restaurant_name": "吉登自助餐", "address": "臺北市大安區羅斯福路4段1號", "rating_result": "優"}, "geometry": {"type": "Point", "coordinates": [121.53370063437352, 25.016981072538876]}}, {"type": "Feature", "properties": {"city": "臺北市", "district": "大安區", "award_year": 114, "restaurant_name": "Doki PoKe夏威夷蒸鮮飯", "address": "臺北市大安區羅斯福路4段1號", "rating_result": "優"}, "geometry": {"type": "Point", "coordinates": [121.53370063437352, 25.016981072538876]}}, {"type": "Feature", "properties": {"city": "臺北市", "district": "大安區", "award_year": 114, "restaurant_name": "桔客義式麵屋", "address": "臺北市大安區羅斯福路4段1號", "rating_result": "優"}, "geometry": {"type": "Point", "coordinates": [121.53370063437352, 25.016981072538876]}}, {"type": "Feature", "properties": {"city": "臺北市", "district": "中山區", "award_year": 114, "restaurant_name": "鮨 嘉仁", "address": "臺北市中山區吉林路28號1樓", "rating_result": "優"}, "geometry": {"type": "Point", "coordinates": [121.52984754379531, 25.051495059332442]}}, {"type": "Feature", "properties": {"city": "臺北市", "district": "大安區", "award_year": 114, "restaurant_name": "小小樹食", "address": "臺北市大安區大安路1段116巷17號", "rating_result": "優"}, "geometry": {"type": "Point", "coordinates": [121.54472998190276, 25.03990181368087]}}, {"type": "Feature", "properties": {"city": "臺北市", "district": "大安區", "award_year": 114, "restaurant_name": "翊芳庭複合式餐飲", "address": "臺北市大安區長興街92號(男七舍)", "rating_result": "優"}, "geometry": {"type": "Point", "coordinates": [121.54708175153851, 25.015091302320325]}}, {"type": "Feature", "properties": {"city": "臺北市", "district": "中山區", "award_year": 114, "restaurant_name": "天婦羅 杉村", "address": "臺北市中山區樂群二路199號2樓", "rating_result": "優"}, "geometry": {"type": "Point", "coordinates": [121.55894307181856, 25.080489164279342]}}, {"type": "Feature", "properties": {"city": "臺北市", "district": "松山區", "award_year": 114, "restaurant_name": "加分昆布鍋物-台北八德店", "address": "臺北市松山區八德路4段170號1樓", "rating_result": "優"}, "geometry": {"type": "Point", "coordinates": [121.56323988571339, 25.04862204070831]}}, {"type": "Feature", "properties": {"city": "臺北市", "district": "松山區", "award_year": 114, "restaurant_name": "台北碧瑤飯店", "address": "臺北市松山區八德路2段367號1至10樓", "rating_result": "優"}, "geometry": {"type": "Point", "coordinates": [121.54465886664957, 25.047868622828663]}}, {"type": "Feature", "properties": {"city": "臺北市", "district": "松山區", "award_year": 114, "restaurant_name": "祥福餐廳", "address": "臺北市松山區南京東路4段50號2樓", "rating_result": "良"}, "geometry": {"type": "Point", "coordinates": [121.55346152114831, 25.05144713354607]}}, {"type": "Feature", "properties": {"city": "臺北市", "district": "松山區", "award_year": 114, "restaurant_name": "天閣酒店-台北復興店", "address": "臺北市松山區復興北路147號", "rating_result": "優"}, "geometry": {"type": "Point", "coordinates": [121.54429486189669, 25.053723216969065]}}, {"type": "Feature", "properties": {"city": "臺北市", "district": "北投區", "award_year": 114, "restaurant_name": "國防大學廚房", "address": "臺北市北投區中央北路2段70號", "rating_result": "優"}, "geometry": {"type": "Point", "coordinates": [121.49287921376609, 25.138104689763388]}}, {"type": "Feature", "properties": {"city": "臺北市", "district": "內湖區", "award_year": 114, "restaurant_name": "三商鮮五丼-內湖大潤發2館", "address": "臺北市內湖區舊宗路1段188號1樓", "rating_result": "優"}, "geometry": {"type": "Point", "coordinates": [121.575988536643, 25.062652764368043]}}, {"type": "Feature", "properties": {"city": "臺北市", "district": "內湖區", "award_year": 114, "restaurant_name": "星悅-內湖大全聯二店", "address": "臺北市內湖區舊宗路1段188號1樓", "rating_result": "優"}, "geometry": {"type": "Point", "coordinates": [121.575988536643, 25.062652764368043]}}, {"type": "Feature", "properties": {"city": "臺北市", "district": "中山區", "award_year": 114, "restaurant_name": "順成蛋糕錦州店", "address": "臺北市中山區松江路276號", "rating_result": "優"}, "geometry": {"type": "Point", "coordinates": [121.53295052497899, 25.059809355443253]}}, {"type": "Feature", "properties": {"city": "臺北市", "district": "大安區", "award_year": 114, "restaurant_name": "Treehouse", "address": "臺北市大安區杭州南路2段1號", "rating_result": "優"}, "geometry": {"type": "Point", "coordinates": [121.52423929647412, 25.034929808630945]}}, {"type": "Feature", "properties": {"city": "臺北市", "district": "大同區", "award_year": 114, "restaurant_name": "江牛樓", "address": "臺北市大同區民樂街6號", "rating_result": "優"}, "geometry": {"type": "Point", "coordinates": [121.51082205457897, 25.05575307667929]}}, {"type": "Feature", "properties": {"city": "臺北市", "district": "內湖區", "award_year": 114, "restaurant_name": "饗來美食(康寧生活事業股份有限公司)", "address": "臺北市內湖區成功路5段420巷28號1樓", "rating_result": "優"}, "geometry": {"type": "Point", "coordinates": [121.60880219683622, 25.07563946688618]}}, {"type": "Feature", "properties": {"city": "臺北市", "district": "南港區", "award_year": 114, "restaurant_name": "京都柚子豚骨拉麵研究中心- 南港環球店", "address": "臺北市南港區忠孝東路7段371號B1", "rating_result": "優"}, "geometry": {"type": "Point", "coordinates": [121.60749628912814, 25.052571101616007]}}, {"type": "Feature", "properties": {"city": "臺北市", "district": "南港區", "award_year": 114, "restaurant_name": "京都御握丸-南港環球店", "address": "臺北市南港區忠孝東路7段371號B1", "rating_result": "優"}, "geometry": {"type": "Point", "coordinates": [121.60749628912814, 25.052571101616007]}}, {"type": "Feature", "properties": {"city": "臺北市", "district": "南港區", "award_year": 114, "restaurant_name": "洪瑞珍-環球南港店", "address": "臺北市南港區忠孝東路7段371號B1", "rating_result": "優"}, "geometry": {"type": "Point", "coordinates": [121.60749628912814, 25.052571101616007]}}, {"type": "Feature", "properties": {"city": "臺北市", "district": "大安區", "award_year": 114, "restaurant_name": "AJIMI - 割烹．味美", "address": "臺北市大安區四維路52巷19弄5號1樓", "rating_result": "優"}, "geometry": {"type": "Point", "coordinates": [121.54716077583832, 25.035460382248413]}}, {"type": "Feature", "properties": {"city": "臺北市", "district": "內湖區", "award_year": 114, "restaurant_name": "MONEY JUMP", "address": "臺北市內湖區民善街127號2樓", "rating_result": "優"}, "geometry": {"type": "Point", "coordinates": [121.57543422361516, 25.061334392666232]}}, {"type": "Feature", "properties": {"city": "臺北市", "district": "內湖區", "award_year": 114, "restaurant_name": "統一聖娜多堡-內湖門市", "address": "臺北市內湖區成功路4段186號1樓", "rating_result": "優"}, "geometry": {"type": "Point", "coordinates": [121.59425547035684, 25.083780338942905]}}, {"type": "Feature", "properties": {"city": "臺北市", "district": "中正區", "award_year": 114, "restaurant_name": "馬可先生健康烘焙-西門店", "address": "臺北市中正區衡陽路130號", "rating_result": "優"}, "geometry": {"type": "Point", "coordinates": [121.50927843718907, 25.042083407156543]}}, {"type": "Feature", "properties": {"city": "臺北市", "district": "南港區", "award_year": 114, "restaurant_name": "洛碁大飯店松山館", "address": "臺北市南港區玉成街149號", "rating_result": "優"}, "geometry": {"type": "Point", "coordinates": [121.58368984155152, 25.045326463176373]}}, {"type": "Feature", "properties": {"city": "臺北市", "district": "大安區", "award_year": 114, "restaurant_name": "壽司芳Sushiyoshi", "address": "臺北市大安區忠孝東路4段216巷19弄12號1樓", "rating_result": "優"}, "geometry": {"type": "Point", "coordinates": [121.5537095418233, 25.0402281990535]}}, {"type": "Feature", "properties": {"city": "臺北市", "district": "南港區", "award_year": 114, "restaurant_name": "台北馥華商旅南港館", "address": "臺北市南港區三重路23號1至4樓", "rating_result": "優"}, "geometry": {"type": "Point", "coordinates": [121.61406669900683, 25.05921374358301]}}, {"type": "Feature", "properties": {"city": "臺北市", "district": "中山區", "award_year": 114, "restaurant_name": "aMaze 心宴", "address": "臺北市中山區明水路598號1樓", "rating_result": "優"}, "geometry": {"type": "Point", "coordinates": [121.55185709207434, 25.081279576057288]}}, {"type": "Feature", "properties": {"city": "臺北市", "district": "中山區", "award_year": 114, "restaurant_name": "Bar Domani 義式餐酒館", "address": "臺北市中山區樂群三路200號3樓05號櫃", "rating_result": "優"}, "geometry": {"type": "Point", "coordinates": [121.55695980088502, 25.082541815095194]}}, {"type": "Feature", "properties": {"city": "臺北市", "district": "大同區", "award_year": 114, "restaurant_name": "set.", "address": "臺北市大同區承德路2段110號", "rating_result": "優"}, "geometry": {"type": "Point", "coordinates": [121.51797361027066, 25.05865380506624]}}, {"type": "Feature", "properties": {"city": "臺北市", "district": "大安區", "award_year": 114, "restaurant_name": "川蜀牛肉麵", "address": "臺北市大安區龍泉街32號", "rating_result": "優"}, "geometry": {"type": "Point", "coordinates": [121.52937172268396, 25.02452445296343]}}, {"type": "Feature", "properties": {"city": "臺北市", "district": "大安區", "award_year": 114, "restaurant_name": "雞房重地", "address": "臺北市大安區師大路39巷19號", "rating_result": "優"}, "geometry": {"type": "Point", "coordinates": [121.52922434711687, 25.024640761086463]}}, {"type": "Feature", "properties": {"city": "臺北市", "district": "士林區", "award_year": 114, "restaurant_name": "大戶屋大葉高島屋店", "address": "臺北市士林區忠誠路2段55號B1", "rating_result": "優"}, "geometry": {"type": "Point", "coordinates": [121.5314382031111, 25.111811064842684]}}, {"type": "Feature", "properties": {"city": "臺北市", "district": "士林區", "award_year": 114, "restaurant_name": "OTIS Café", "address": "臺北市士林區美德街104號1樓", "rating_result": "優"}, "geometry": {"type": "Point", "coordinates": [121.52483172505484, 25.096648581655675]}}, {"type": "Feature", "properties": {"city": "臺北市", "district": "士林區", "award_year": 114, "restaurant_name": "咬一口脆皮雞蛋糕", "address": "臺北市士林區文林路406號1樓", "rating_result": "優"}, "geometry": {"type": "Point", "coordinates": [121.52500492502635, 25.09397469660226]}}, {"type": "Feature", "properties": {"city": "臺北市", "district": "大安區", "award_year": 114, "restaurant_name": "吉菈朵食品行", "address": "臺北市大安區龍泉街62號1樓", "rating_result": "優"}, "geometry": {"type": "Point", "coordinates": [121.5293284135389, 25.023698773558053]}}, {"type": "Feature", "properties": {"city": "臺北市", "district": "大安區", "award_year": 114, "restaurant_name": "義肥好好吃舖", "address": "臺北市大安區師大路59巷9之3號", "rating_result": "優"}, "geometry": {"type": "Point", "coordinates": [121.5291004804587, 25.024036268241478]}}, {"type": "Feature", "properties": {"city": "臺北市", "district": "大安區", "award_year": 114, "restaurant_name": "工方的咖啡店", "address": "臺北市大安區師大路105巷18號1樓", "rating_result": "優"}, "geometry": {"type": "Point", "coordinates": [121.52911549673553, 25.022420457866744]}}, {"type": "Feature", "properties": {"city": "臺北市", "district": "大安區", "award_year": 114, "restaurant_name": "元日本豚骨拉麵", "address": "臺北市大安區泰順街16巷41號", "rating_result": "優"}, "geometry": {"type": "Point", "coordinates": [121.52937965930495, 25.02538242526397]}}, {"type": "Feature", "properties": {"city": "臺北市", "district": "信義區", "award_year": 114, "restaurant_name": "麥當勞-台北大巨蛋", "address": "臺北市信義區忠孝東路4段515號(D棟B2)", "rating_result": "優"}, "geometry": {"type": "Point", "coordinates": [121.55952950601014, 25.042315029737438]}}, {"type": "Feature", "properties": {"city": "臺北市", "district": "內湖區", "award_year": 114, "restaurant_name": "麥當勞-台北舊宗二", "address": "臺北市內湖區舊宗路1段275號", "rating_result": "優"}, "geometry": {"type": "Point", "coordinates": [121.57753049599533, 25.062981328338118]}}, {"type": "Feature", "properties": {"city": "臺北市", "district": "內湖區", "award_year": 114, "restaurant_name": "麥當勞-台北東湖", "address": "臺北市內湖區東湖路135號", "rating_result": "優"}, "geometry": {"type": "Point", "coordinates": [121.61681276266776, 25.068200549116245]}}, {"type": "Feature", "properties": {"city": "臺北市", "district": "士林區", "award_year": 114, "restaurant_name": "麥當勞-台北中山北", "address": "臺北市士林區中山北路6段152及154號1樓", "rating_result": "優"}, "geometry": {"type": "Point", "coordinates": [121.52507920630335, 25.10671200512068]}}, {"type": "Feature", "properties": {"city": "臺北市", "district": "南港區", "award_year": 114, "restaurant_name": "麥當勞-南港中信", "address": "臺北市南港區經貿二路188號", "rating_result": "優"}, "geometry": {"type": "Point", "coordinates": [121.61499274105238, 25.059335152181895]}}, {"type": "Feature", "properties": {"city": "臺北市", "district": "中山區", "award_year": 114, "restaurant_name": "麥當勞-南西誠品", "address": "臺北市中山區南京西路14號1樓、B1", "rating_result": "優"}, "geometry": {"type": "Point", "coordinates": [121.5206635494622, 25.05243327933632]}}, {"type": "Feature", "properties": {"city": "臺北市", "district": "萬華區", "award_year": 114, "restaurant_name": "麥當勞-台北萬大二", "address": "臺北市萬華區萬大路215號", "rating_result": "優"}, "geometry": {"type": "Point", "coordinates": [121.50064131276312, 25.02699472853162]}}, {"type": "Feature", "properties": {"city": "臺北市", "district": "士林區", "award_year": 114, "restaurant_name": "麥當勞-台北東吳", "address": "臺北市士林區臨溪路70號1樓", "rating_result": "優"}, "geometry": {"type": "Point", "coordinates": [121.54575157028715, 25.09444613047835]}}, {"type": "Feature", "properties": {"city": "臺北市", "district": "中山區", "award_year": 114, "restaurant_name": "麥當勞-台北南京五", "address": "臺北市中山區南京東路3段210號1樓", "rating_result": "優"}, "geometry": {"type": "Point", "coordinates": [121.54334057494032, 25.051670871850824]}}, {"type": "Feature", "properties": {"city": "臺北市", "district": "中正區", "award_year": 114, "restaurant_name": "麥當勞-台北公館", "address": "臺北市中正區羅斯福路4段76之1號1樓及76號B1", "rating_result": "優"}, "geometry": {"type": "Point", "coordinates": [121.53460153250477, 25.01420536819822]}}, {"type": "Feature", "properties": {"city": "臺北市", "district": "大安區", "award_year": 114, "restaurant_name": "麥當勞-台北台大", "address": "臺北市大安區羅斯福路4段1號1樓", "rating_result": "優"}, "geometry": {"type": "Point", "coordinates": [121.53370063437352, 25.016981072538876]}}, {"type": "Feature", "properties": {"city": "臺北市", "district": "內湖區", "award_year": 114, "restaurant_name": "麥當勞-台北舊宗", "address": "臺北市內湖區舊宗路1段135號", "rating_result": "優"}, "geometry": {"type": "Point", "coordinates": [121.57924047364521, 25.06069135490011]}}, {"type": "Feature", "properties": {"city": "臺北市", "district": "中正區", "award_year": 114, "restaurant_name": "麥當勞-台北車站微風", "address": "臺北市中正區北平西路3號1樓", "rating_result": "優"}, "geometry": {"type": "Point", "coordinates": [121.51705766108309, 25.047175932953532]}}, {"type": "Feature", "properties": {"city": "臺北市", "district": "文山區", "award_year": 114, "restaurant_name": "麥當勞-台北動物園三", "address": "臺北市文山區新光路2段30號", "rating_result": "優"}, "geometry": {"type": "Point", "coordinates": [121.58122874959541, 24.998738774691372]}}, {"type": "Feature", "properties": {"city": "臺北市", "district": "信義區", "award_year": 114, "restaurant_name": "麥當勞-新台北101", "address": "臺北市信義區市府路45號B1", "rating_result": "優"}, "geometry": {"type": "Point", "coordinates": [121.56390405307721, 25.034026196672773]}}, {"type": "Feature", "properties": {"city": "臺北市", "district": "內湖區", "award_year": 114, "restaurant_name": "麥當勞-台北瑞光", "address": "臺北市內湖區瑞光路517號1樓", "rating_result": "優"}, "geometry": {"type": "Point", "coordinates": [121.5691082069531, 25.079238946168523]}}, {"type": "Feature", "properties": {"city": "臺北市", "district": "內湖區", "award_year": 114, "restaurant_name": "麥當勞-台北西湖", "address": "臺北市內湖區內湖路1段283號1樓", "rating_result": "優"}, "geometry": {"type": "Point", "coordinates": [121.56613386869327, 25.082445034103593]}}, {"type": "Feature", "properties": {"city": "臺北市", "district": "大安區", "award_year": 114, "restaurant_name": "麥當勞-復興二", "address": "臺北市大安區復興南路2段273號", "rating_result": "優"}, "geometry": {"type": "Point", "coordinates": [121.54364954795835, 25.025670329067406]}}, {"type": "Feature", "properties": {"city": "臺北市", "district": "南港區", "award_year": 114, "restaurant_name": "麥當勞-忠孝八", "address": "臺北市南港區忠孝東路6段438號1樓", "rating_result": "優"}, "geometry": {"type": "Point", "coordinates": [121.59361936281282, 25.050176964110715]}}, {"type": "Feature", "properties": {"city": "臺北市", "district": "文山區", "award_year": 114, "restaurant_name": "麥當勞-台北考試院", "address": "臺北市文山區木柵路1段137號", "rating_result": "優"}, "geometry": {"type": "Point", "coordinates": [121.5502287917543, 24.98761179774117]}}, {"type": "Feature", "properties": {"city": "臺北市", "district": "信義區", "award_year": 114, "restaurant_name": "麥當勞-台北莊敬", "address": "臺北市信義區莊敬路475號1樓", "rating_result": "優"}, "geometry": {"type": "Point", "coordinates": [121.56812689188436, 25.026854640231672]}}, {"type": "Feature", "properties": {"city": "臺北市", "district": "松山區", "award_year": 114, "restaurant_name": "麥當勞-台北南京影城", "address": "臺北市松山區南京東路5段162號1樓", "rating_result": "優"}, "geometry": {"type": "Point", "coordinates": [121.56308021664711, 25.051202612236672]}}, {"type": "Feature", "properties": {"city": "臺北市", "district": "南港區", "award_year": 114, "restaurant_name": "麥當勞-台北研究院", "address": "臺北市南港區研究院路1段99號", "rating_result": "優"}, "geometry": {"type": "Point", "coordinates": [121.61637158969448, 25.05230490347788]}}, {"type": "Feature", "properties": {"city": "臺北市", "district": "北投區", "award_year": 114, "restaurant_name": "麥當勞-台北承德II", "address": "臺北市北投區承德路7段262號1樓", "rating_result": "優"}, "geometry": {"type": "Point", "coordinates": [121.50577721088315, 25.116084108356866]}}, {"type": "Feature", "properties": {"city": "臺北市", "district": "南港區", "award_year": 114, "restaurant_name": "麥當勞-台北南港", "address": "臺北市南港區南港路2段16號1樓", "rating_result": "優"}, "geometry": {"type": "Point", "coordinates": [121.60578370167994, 25.054317705728113]}}, {"type": "Feature", "properties": {"city": "臺北市", "district": "文山區", "award_year": 114, "restaurant_name": "麥當勞-台北木新", "address": "臺北市文山區木新路3段174號1樓", "rating_result": "優"}, "geometry": {"type": "Point", "coordinates": [121.56066219411693, 24.981851678527363]}}, {"type": "Feature", "properties": {"city": "臺北市", "district": "大同區", "award_year": 114, "restaurant_name": "麥當勞-民生三", "address": "臺北市大同區民生西路55號", "rating_result": "優"}, "geometry": {"type": "Point", "coordinates": [121.52035411101978, 25.057744330985276]}}, {"type": "Feature", "properties": {"city": "臺北市", "district": "內湖區", "award_year": 114, "restaurant_name": "麥當勞-台北內湖", "address": "臺北市內湖區內湖路1段741號1樓", "rating_result": "優"}, "geometry": {"type": "Point", "coordinates": [121.57850141279943, 25.078944648416666]}}, {"type": "Feature", "properties": {"city": "臺北市", "district": "北投區", "award_year": 114, "restaurant_name": "麥當勞-台北大業", "address": "臺北市北投區北投路2段15號", "rating_result": "優"}, "geometry": {"type": "Point", "coordinates": [121.49853127377028, 25.13113540120999]}}, {"type": "Feature", "properties": {"city": "臺北市", "district": "中正區", "award_year": 114, "restaurant_name": "麥當勞-台北南昌", "address": "臺北市中正區南昌路1段149號1樓", "rating_result": "優"}, "geometry": {"type": "Point", "coordinates": [121.51866084335249, 25.029431684332533]}}, {"type": "Feature", "properties": {"city": "臺北市", "district": "大安區", "award_year": 114, "restaurant_name": "麥當勞-台北麟光", "address": "臺北市大安區和平東路3段406巷8號1樓", "rating_result": "優"}, "geometry": {"type": "Point", "coordinates": [121.55801956378917, 25.018317726068165]}}, {"type": "Feature", "properties": {"city": "臺北市", "district": "中山區", "award_year": 114, "restaurant_name": "麥當勞-民權三", "address": "臺北市中山區民權西路68號1樓", "rating_result": "優"}, "geometry": {"type": "Point", "coordinates": [121.5199815081641, 25.062653692446386]}}, {"type": "Feature", "properties": {"city": "臺北市", "district": "大安區", "award_year": 114, "restaurant_name": "麥當勞-忠孝五", "address": "臺北市大安區忠孝東路4段73之1號", "rating_result": "優"}, "geometry": {"type": "Point", "coordinates": [121.54695975991393, 25.041810262364102]}}, {"type": "Feature", "properties": {"city": "臺北市", "district": "文山區", "award_year": 114, "restaurant_name": "麥當勞-台北興隆", "address": "臺北市文山區興隆路3段54號", "rating_result": "優"}, "geometry": {"type": "Point", "coordinates": [121.55589128261501, 25.000141055045393]}}, {"type": "Feature", "properties": {"city": "臺北市", "district": "信義區", "award_year": 114, "restaurant_name": "麥當勞-忠孝四", "address": "臺北市信義區忠孝東路5段522號1樓", "rating_result": "優"}, "geometry": {"type": "Point", "coordinates": [121.57917012018186, 25.041338177134378]}}, {"type": "Feature", "properties": {"city": "臺北市", "district": "大安區", "award_year": 114, "restaurant_name": "麥當勞-台北信義", "address": "臺北市大安區信義路4段273號1樓", "rating_result": "優"}, "geometry": {"type": "Point", "coordinates": [121.55452737656402, 25.033349192138072]}}, {"type": "Feature", "properties": {"city": "臺北市", "district": "北投區", "award_year": 114, "restaurant_name": "麥當勞-台北石牌", "address": "臺北市北投區石牌路2段126號", "rating_result": "優"}, "geometry": {"type": "Point", "coordinates": [121.51738512796835, 25.117896780199604]}}, {"type": "Feature", "properties": {"city": "臺北市", "district": "中山區", "award_year": 114, "restaurant_name": "麥當勞-林森三", "address": "臺北市中山區林森北路413號1樓", "rating_result": "優"}, "geometry": {"type": "Point", "coordinates": [121.52571300901292, 25.059774545139867]}}, {"type": "Feature", "properties": {"city": "臺北市", "district": "中正區", "award_year": 114, "restaurant_name": "麥當勞-台北公園", "address": "臺北市中正區公園路30之1號", "rating_result": "優"}, "geometry": {"type": "Point", "coordinates": [121.51679823303418, 25.044291301433564]}}, {"type": "Feature", "properties": {"city": "臺北市", "district": "中正區", "award_year": 114, "restaurant_name": "麥當勞-林森二", "address": "臺北市中正區林森南路1號", "rating_result": "優"}, "geometry": {"type": "Point", "coordinates": [121.52335783657935, 25.044426422743303]}}, {"type": "Feature", "properties": {"city": "臺北市", "district": "士林區", "award_year": 114, "restaurant_name": "麥當勞-陽明山", "address": "臺北市士林區格致路62號", "rating_result": "優"}, "geometry": {"type": "Point", "coordinates": [121.54666191191085, 25.137771755236365]}}, {"type": "Feature", "properties": {"city": "臺北市", "district": "文山區", "award_year": 114, "restaurant_name": "麥當勞-景美", "address": "臺北市文山區景中街30巷12號", "rating_result": "優"}, "geometry": {"type": "Point", "coordinates": [121.54204752496436, 24.99225069329481]}}, {"type": "Feature", "properties": {"city": "臺北市", "district": "大安區", "award_year": 114, "restaurant_name": "麥當勞-羅斯福", "address": "臺北市大安區羅斯福路2段45號", "rating_result": "優"}, "geometry": {"type": "Point", "coordinates": [121.52234790073096, 25.027516660869846]}}, {"type": "Feature", "properties": {"city": "臺北市", "district": "中正區", "award_year": 114, "restaurant_name": "麥當勞-台北館前", "address": "臺北市中正區館前路8號", "rating_result": "優"}, "geometry": {"type": "Point", "coordinates": [121.514895427042, 25.045813967505534]}}, {"type": "Feature", "properties": {"city": "臺北市", "district": "大安區", "award_year": 114, "restaurant_name": "麥當勞-台北光復", "address": "臺北市大安區光復南路286號", "rating_result": "優"}, "geometry": {"type": "Point", "coordinates": [121.55744231335268, 25.039541559961858]}}, {"type": "Feature", "properties": {"city": "臺北市", "district": "中山區", "award_year": 114, "restaurant_name": "麥當勞-林森一", "address": "臺北市中山區南京東路1段86號", "rating_result": "優"}, "geometry": {"type": "Point", "coordinates": [121.525617846577, 25.051917562715495]}}, {"type": "Feature", "properties": {"city": "臺北市", "district": "松山區", "award_year": 114, "restaurant_name": "麥當勞-台北民生", "address": "臺北市松山區民生東路3段135號", "rating_result": "優"}, "geometry": {"type": "Point", "coordinates": [121.54842833508877, 25.057961148703182]}}, {"type": "Feature", "properties": {"city": "臺北市", "district": "中山區", "award_year": 114, "restaurant_name": "築間-台北農安店", "address": "臺北市中山區農安街57號", "rating_result": "優"}, "geometry": {"type": "Point", "coordinates": [121.52705561855831, 25.064986420409504]}}, {"type": "Feature", "properties": {"city": "臺北市", "district": "大安區", "award_year": 114, "restaurant_name": "築間-台北忠孝二店", "address": "臺北市大安區忠孝東路4段120號2樓", "rating_result": "優"}, "geometry": {"type": "Point", "coordinates": [121.54724193006854, 25.041352812179284]}}, {"type": "Feature", "properties": {"city": "臺北市", "district": "內湖區", "award_year": 114, "restaurant_name": "築間-內湖成功店", "address": "臺北市內湖區成功路4段34號1樓", "rating_result": "優"}, "geometry": {"type": "Point", "coordinates": [121.59173379876863, 25.0817861900788]}}, {"type": "Feature", "properties": {"city": "臺北市", "district": "中山區", "award_year": 114, "restaurant_name": "築間-台北雙城店", "address": "臺北市中山區雙城街34號1樓", "rating_result": "優"}, "geometry": {"type": "Point", "coordinates": [121.52423857464508, 25.066493455786308]}}, {"type": "Feature", "properties": {"city": "臺北市", "district": "信義區", "award_year": 114, "restaurant_name": "築間-台北忠孝一店", "address": "臺北市信義區忠孝東路5段695號", "rating_result": "優"}, "geometry": {"type": "Point", "coordinates": [121.57999376254566, 25.04228219319826]}}, {"type": "Feature", "properties": {"city": "臺北市", "district": "北投區", "award_year": 114, "restaurant_name": "築間-北投石牌店", "address": "臺北市北投區石牌路1段160號", "rating_result": "優"}, "geometry": {"type": "Point", "coordinates": [121.51330057796439, 25.11433306376578]}}, {"type": "Feature", "properties": {"city": "臺北市", "district": "南港區", "award_year": 114, "restaurant_name": "築間-台北南港店", "address": "臺北市南港區興中路56巷3號", "rating_result": "優"}, "geometry": {"type": "Point", "coordinates": [121.60674317626052, 25.056501404690763]}}, {"type": "Feature", "properties": {"city": "臺北市", "district": "松山區", "award_year": 114, "restaurant_name": "築間-台北復興南店", "address": "臺北市松山區復興南路1段1之1號", "rating_result": "優"}, "geometry": {"type": "Point", "coordinates": [121.54413051972634, 25.047256305363913]}}, {"type": "Feature", "properties": {"city": "臺北市", "district": "中山區", "award_year": 114, "restaurant_name": "築間-台北松江店", "address": "臺北市中山區松江路27號", "rating_result": "優"}, "geometry": {"type": "Point", "coordinates": [121.53315537718295, 25.04724061265099]}}, {"type": "Feature", "properties": {"city": "臺北市", "district": "中山區", "award_year": 114, "restaurant_name": "石二鍋中崙大潤發店", "address": "臺北市中山區八德路2段306號B1", "rating_result": "優"}, "geometry": {"type": "Point", "coordinates": [121.5424785249275, 25.046854991947242]}}, {"type": "Feature", "properties": {"city": "臺北市", "district": "北投區", "award_year": 114, "restaurant_name": "石二鍋捷運新北投店", "address": "臺北市北投區泉源路12號2樓", "rating_result": "優"}, "geometry": {"type": "Point", "coordinates": [121.50434272297544, 25.137092487407067]}}, {"type": "Feature", "properties": {"city": "臺北市", "district": "士林區", "award_year": 114, "restaurant_name": "石二鍋士林中正店", "address": "臺北市士林區中正路183號、185號", "rating_result": "優"}, "geometry": {"type": "Point", "coordinates": [121.5274651211814, 25.095490173664338]}}, {"type": "Feature", "properties": {"city": "臺北市", "district": "士林區", "award_year": 114, "restaurant_name": "石二鍋台北天母西店", "address": "臺北市士林區天母西路40號", "rating_result": "優"}, "geometry": {"type": "Point", "coordinates": [121.52597857447431, 25.118176229197932]}}, {"type": "Feature", "properties": {"city": "臺北市", "district": "大安區", "award_year": 114, "restaurant_name": "石二鍋台北安居店", "address": "臺北市大安區安居街50號1樓", "rating_result": "優"}, "geometry": {"type": "Point", "coordinates": [121.55400863614744, 25.020286684680446]}}, {"type": "Feature", "properties": {"city": "臺北市", "district": "中正區", "award_year": 114, "restaurant_name": "石二鍋台北延平南店", "address": "臺北市中正區延平南路183號1樓及179巷1弄3號1樓", "rating_result": "優"}, "geometry": {"type": "Point", "coordinates": [121.50756236935115, 25.034210658759424]}}, {"type": "Feature", "properties": {"city": "臺北市", "district": "大安區", "award_year": 114, "restaurant_name": "石二鍋台北信義店", "address": "臺北市大安區信義路2段72號1樓", "rating_result": "優"}, "geometry": {"type": "Point", "coordinates": [121.52637537837971, 25.034228817192233]}}, {"type": "Feature", "properties": {"city": "臺北市", "district": "中山區", "award_year": 114, "restaurant_name": "台灣壽司郎-台北林森店", "address": "臺北市中山區林森北路247號B1", "rating_result": "優"}, "geometry": {"type": "Point", "coordinates": [121.52556006053341, 25.054131210206414]}}, {"type": "Feature", "properties": {"city": "臺北市", "district": "中山區", "award_year": 114, "restaurant_name": "台灣壽司郎-台北松江長安店", "address": "臺北市中山區松江路61之1號2樓", "rating_result": "優"}, "geometry": {"type": "Point", "coordinates": [121.53317447858096, 25.0486508405144]}}, {"type": "Feature", "properties": {"city": "臺北市", "district": "中正區", "award_year": 114, "restaurant_name": "台灣壽司郎-台北中華路店", "address": "臺北市中正區中華路1段41號1樓", "rating_result": "優"}, "geometry": {"type": "Point", "coordinates": [121.50947702156289, 25.04486469845724]}}, {"type": "Feature", "properties": {"city": "臺北市", "district": "內湖區", "award_year": 114, "restaurant_name": "台灣壽司郎-台北内湖大潤發店", "address": "臺北市內湖區舊宗路1段188號1樓", "rating_result": "優"}, "geometry": {"type": "Point", "coordinates": [121.575988536643, 25.062652764368043]}}, {"type": "Feature", "properties": {"city": "臺北市", "district": "南港區", "award_year": 114, "restaurant_name": "台灣壽司郎-南港CITYLINK店", "address": "臺北市南港區忠孝東路7段369號5樓", "rating_result": "優"}, "geometry": {"type": "Point", "coordinates": [121.60720834980488, 25.052670201502984]}}, {"type": "Feature", "properties": {"city": "臺北市", "district": "士林區", "award_year": 114, "restaurant_name": "鬍鬚張-台北重慶店", "address": "臺北市士林區重慶北路4段146號", "rating_result": "優"}, "geometry": {"type": "Point", "coordinates": [121.51237446887495, 25.0836242434256]}}, {"type": "Feature", "properties": {"city": "臺北市", "district": "士林區", "award_year": 114, "restaurant_name": "鬍鬚張-台北承德店", "address": "臺北市士林區承德路4段66號", "rating_result": "優"}, "geometry": {"type": "Point", "coordinates": [121.52273876486568, 25.081816423493507]}}, {"type": "Feature", "properties": {"city": "臺北市", "district": "內湖區", "award_year": 114, "restaurant_name": "鬍鬚張-台北內湖店", "address": "臺北市內湖區成功路2段318號", "rating_result": "優"}, "geometry": {"type": "Point", "coordinates": [121.59048698012249, 25.067395903860017]}}, {"type": "Feature", "properties": {"city": "臺北市", "district": "大安區", "award_year": 114, "restaurant_name": "鬍鬚張-台北大安店", "address": "臺北市大安區信義路4段24號", "rating_result": "優"}, "geometry": {"type": "Point", "coordinates": [121.54438101548678, 25.033166725312906]}}, {"type": "Feature", "properties": {"city": "臺北市", "district": "士林區", "award_year": 114, "restaurant_name": "鬍鬚張-台北福國店", "address": "臺北市士林區福國路54號", "rating_result": "優"}, "geometry": {"type": "Point", "coordinates": [121.5235299239771, 25.102227185719634]}}, {"type": "Feature", "properties": {"city": "臺北市", "district": "中山區", "award_year": 114, "restaurant_name": "鬍鬚張-台北興安店", "address": "臺北市中山區興安街120號", "rating_result": "優"}, "geometry": {"type": "Point", "coordinates": [121.54341991872958, 25.05594900180088]}}, {"type": "Feature", "properties": {"city": "臺北市", "district": "中正區", "award_year": 114, "restaurant_name": "鬍鬚張-台北南門店", "address": "臺北市中正區延平南路161號", "rating_result": "優"}, "geometry": {"type": "Point", "coordinates": [121.5077521301978, 25.035229377407752]}}, {"type": "Feature", "properties": {"city": "臺北市", "district": "南港區", "award_year": 114, "restaurant_name": "鬍鬚張-台北昆陽店", "address": "臺北市南港區忠孝東路6段422號", "rating_result": "優"}, "geometry": {"type": "Point", "coordinates": [121.59317465020118, 25.050072870483238]}}, {"type": "Feature", "properties": {"city": "臺北市", "district": "中山區", "award_year": 114, "restaurant_name": "鬍鬚張-台北民權店", "address": "臺北市中山區民權西路43號", "rating_result": "優"}, "geometry": {"type": "Point", "coordinates": [121.52101156483606, 25.06300314150746]}}, {"type": "Feature", "properties": {"city": "臺北市", "district": "大安區", "award_year": 114, "restaurant_name": "鬍鬚張-台北東門店", "address": "臺北市大安區金山南路2段18號", "rating_result": "優"}, "geometry": {"type": "Point", "coordinates": [121.52694434845134, 25.033200956109468]}}, {"type": "Feature", "properties": {"city": "臺北市", "district": "中正區", "award_year": 114, "restaurant_name": "鬍鬚張-忠孝新生店", "address": "臺北市中正區忠孝東路2段134巷6號", "rating_result": "優"}, "geometry": {"type": "Point", "coordinates": [121.53164880228823, 25.04184159166438]}}, {"type": "Feature", "properties": {"city": "臺北市", "district": "信義區", "award_year": 114, "restaurant_name": "鬍鬚張-台北北醫店", "address": "臺北市信義區吳興街251號", "rating_result": "優"}, "geometry": {"type": "Point", "coordinates": [121.56366789032417, 25.027234728209706]}}, {"type": "Feature", "properties": {"city": "臺北市", "district": "文山區", "award_year": 114, "restaurant_name": "鬍鬚張-台北萬芳店", "address": "臺北市文山區興隆路3段60號", "rating_result": "優"}, "geometry": {"type": "Point", "coordinates": [121.5561283263956, 25.000011798673967]}}, {"type": "Feature", "properties": {"city": "臺北市", "district": "松山區", "award_year": 114, "restaurant_name": "鬍鬚張-台北八德店", "address": "臺北市松山區八德路3段124號", "rating_result": "優"}, "geometry": {"type": "Point", "coordinates": [121.5541682621239, 25.04805193935107]}}, {"type": "Feature", "properties": {"city": "臺北市", "district": "內湖區", "award_year": 114, "restaurant_name": "鬍鬚張-台北東湖店", "address": "臺北市內湖區東湖路134號", "rating_result": "優"}, "geometry": {"type": "Point", "coordinates": [121.61675049341974, 25.06799538618111]}}, {"type": "Feature", "properties": {"city": "臺北市", "district": "松山區", "award_year": 114, "restaurant_name": "鬍鬚張-南京三民店", "address": "臺北市松山區南京東路5段227號", "rating_result": "優"}, "geometry": {"type": "Point", "coordinates": [121.56457449107873, 25.051596680436912]}}, {"type": "Feature", "properties": {"city": "臺北市", "district": "士林區", "award_year": 114, "restaurant_name": "鬍鬚張-A61台北天母店", "address": "臺北市士林區天母東路11號", "rating_result": "優"}, "geometry": {"type": "Point", "coordinates": [121.53148723451217, 25.118210237952532]}}, {"type": "Feature", "properties": {"city": "臺北市", "district": "北投區", "award_year": 114, "restaurant_name": "鬍鬚張-北投光明店", "address": "臺北市北投區光明路210號", "rating_result": "優"}, "geometry": {"type": "Point", "coordinates": [121.50387535205557, 25.136045233363728]}}, {"type": "Feature", "properties": {"city": "臺北市", "district": "中正區", "award_year": 114, "restaurant_name": "鬍鬚張-京簡康延平店", "address": "臺北市中正區延平南路171巷1號1樓", "rating_result": "優"}, "geometry": {"type": "Point", "coordinates": [121.50778666864981, 25.034884557529416]}}, {"type": "Feature", "properties": {"city": "臺北市", "district": "中山區", "award_year": 114, "restaurant_name": "鬍鬚張-京簡康伊通店", "address": "臺北市中山區伊通街109之2號1樓", "rating_result": "優"}, "geometry": {"type": "Point", "coordinates": [121.53497191515622, 25.053566235723125]}}, {"type": "Feature", "properties": {"city": "臺北市", "district": "大同區", "award_year": 114, "restaurant_name": "米哥烘焙坊-大同門市", "address": "臺北市大同區酒泉街56號", "rating_result": "優"}, "geometry": {"type": "Point", "coordinates": [121.51576660821615, 25.07189824626189]}}, {"type": "Feature", "properties": {"city": "臺北市", "district": "中山區", "award_year": 114, "restaurant_name": "米哥烘焙坊-錦州門市", "address": "臺北市中山區復興北路352號1樓", "rating_result": "優"}, "geometry": {"type": "Point", "coordinates": [121.54393228354665, 25.06009788843916]}}, {"type": "Feature", "properties": {"city": "臺北市", "district": "文山區", "award_year": 114, "restaurant_name": "米哥烘焙坊-興隆門市", "address": "臺北市文山區辛亥路5段1號1樓", "rating_result": "優"}, "geometry": {"type": "Point", "coordinates": [121.55462722583114, 25.000675101991384]}}, {"type": "Feature", "properties": {"city": "臺北市", "district": "北投區", "award_year": 114, "restaurant_name": "米哥烘焙坊-北投門市", "address": "臺北市北投區光明路158號", "rating_result": "優"}, "geometry": {"type": "Point", "coordinates": [121.50257319157842, 25.134824273421142]}}, {"type": "Feature", "properties": {"city": "臺北市", "district": "松山區", "award_year": 114, "restaurant_name": "米哥烘焙坊-民生門市", "address": "臺北市松山區民生東路5段184之2號2樓", "rating_result": "優"}, "geometry": {"type": "Point", "coordinates": [121.56374006025474, 25.058303377169096]}}, {"type": "Feature", "properties": {"city": "臺北市", "district": "信義區", "award_year": 114, "restaurant_name": "米哥烘焙坊-吳興門市", "address": "臺北市信義區吳興街154號1樓", "rating_result": "優"}, "geometry": {"type": "Point", "coordinates": [121.561721297598, 25.029303298834275]}}, {"type": "Feature", "properties": {"city": "臺北市", "district": "內湖區", "award_year": 114, "restaurant_name": "火鍋世家(內湖成功店)", "address": "臺北市內湖區成功路4段30巷40號", "rating_result": "優"}, "geometry": {"type": "Point", "coordinates": [121.59237002282849, 25.082966898017553]}}, {"type": "Feature", "properties": {"city": "臺北市", "district": "北投區", "award_year": 114, "restaurant_name": "火鍋世家(北投中和店)", "address": "臺北市北投區中和街28號", "rating_result": "優"}, "geometry": {"type": "Point", "coordinates": [121.50298470585953, 25.137951447961917]}}, {"type": "Feature", "properties": {"city": "臺北市", "district": "中正區", "award_year": 114, "restaurant_name": "馬辣公館店", "address": "臺北市中正區汀州路3段94號1樓", "rating_result": "優"}, "geometry": {"type": "Point", "coordinates": [121.53280923156271, 25.014584713566993]}}, {"type": "Feature", "properties": {"city": "臺北市", "district": "信義區", "award_year": 114, "restaurant_name": "馬辣信義店", "address": "臺北市信義區松壽路22號3樓", "rating_result": "優"}, "geometry": {"type": "Point", "coordinates": [121.56773427118246, 25.03556543313336]}}, {"type": "Feature", "properties": {"city": "臺北市", "district": "松山區", "award_year": 114, "restaurant_name": "馬辣南京店", "address": "臺北市松山區南京東路3段285號2樓", "rating_result": "優"}, "geometry": {"type": "Point", "coordinates": [121.54587089866044, 25.052011523077088]}}, {"type": "Feature", "properties": {"city": "臺北市", "district": "萬華區", "award_year": 114, "restaurant_name": "馬辣漢口店", "address": "臺北市萬華區西寧南路30號2樓", "rating_result": "優"}, "geometry": {"type": "Point", "coordinates": [121.50673210653329, 25.045890017287803]}}, {"type": "Feature", "properties": {"city": "臺北市", "district": "大同區", "award_year": 114, "restaurant_name": "SAIKABO-京站店", "address": "臺北市大同區承德路1段1號B3", "rating_result": "優"}, "geometry": {"type": "Point", "coordinates": [121.51678413900474, 25.04909008063802]}}, {"type": "Feature", "properties": {"city": "臺北市", "district": "大同區", "award_year": 114, "restaurant_name": "小南門-京站店", "address": "臺北市大同區承德路1段1號B3", "rating_result": "優"}, "geometry": {"type": "Point", "coordinates": [121.51678413900474, 25.04909008063802]}}, {"type": "Feature", "properties": {"city": "臺北市", "district": "大同區", "award_year": 114, "restaurant_name": "日春木瓜牛奶-京站店", "address": "臺北市大同區承德路1段1號B3", "rating_result": "優"}, "geometry": {"type": "Point", "coordinates": [121.51678413900474, 25.04909008063802]}}, {"type": "Feature", "properties": {"city": "臺北市", "district": "大同區", "award_year": 114, "restaurant_name": "牛角次男坊-京站店", "address": "臺北市大同區承德路1段1號B3", "rating_result": "優"}, "geometry": {"type": "Point", "coordinates": [121.51678413900474, 25.04909008063802]}}, {"type": "Feature", "properties": {"city": "臺北市", "district": "大同區", "award_year": 114, "restaurant_name": "西雅圖牛排-京站店", "address": "臺北市大同區承德路1段1號B3", "rating_result": "優"}, "geometry": {"type": "Point", "coordinates": [121.51678413900474, 25.04909008063802]}}, {"type": "Feature", "properties": {"city": "臺北市", "district": "大同區", "award_year": 114, "restaurant_name": "滷SUSU-京站店", "address": "臺北市大同區承德路1段1號B3", "rating_result": "優"}, "geometry": {"type": "Point", "coordinates": [121.51678413900474, 25.04909008063802]}}, {"type": "Feature", "properties": {"city": "臺北市", "district": "大同區", "award_year": 114, "restaurant_name": "貝諾pasta-京站店", "address": "臺北市大同區承德路1段1號B3", "rating_result": "優"}, "geometry": {"type": "Point", "coordinates": [121.51678413900474, 25.04909008063802]}}, {"type": "Feature", "properties": {"city": "臺北市", "district": "大同區", "award_year": 114, "restaurant_name": "廣安階-京站店", "address": "臺北市大同區承德路1段1號B3", "rating_result": "優"}, "geometry": {"type": "Point", "coordinates": [121.51678413900474, 25.04909008063802]}}, {"type": "Feature", "properties": {"city": "臺北市", "district": "大同區", "award_year": 114, "restaurant_name": "繼光香香雞 J&G Fried Chicken -京站店", "address": "臺北市大同區承德路1段1號B2", "rating_result": "優"}, "geometry": {"type": "Point", "coordinates": [121.51678413900474, 25.04909008063802]}}, {"type": "Feature", "properties": {"city": "臺北市", "district": "大同區", "award_year": 114, "restaurant_name": "SUBWAY-京站店", "address": "臺北市大同區承德路1段1號B2", "rating_result": "優"}, "geometry": {"type": "Point", "coordinates": [121.51678413900474, 25.04909008063802]}}, {"type": "Feature", "properties": {"city": "臺北市", "district": "信義區", "award_year": 114, "restaurant_name": "丸亀製麵松菸店", "address": "臺北市信義區菸廠路88號B1", "rating_result": "優"}, "geometry": {"type": "Point", "coordinates": [121.56111052910109, 25.044737046647967]}}, {"type": "Feature", "properties": {"city": "臺北市", "district": "信義區", "award_year": 114, "restaurant_name": "滷台味松菸店", "address": "臺北市信義區菸廠路88號B1", "rating_result": "優"}, "geometry": {"type": "Point", "coordinates": [121.56111052910109, 25.044737046647967]}}, {"type": "Feature", "properties": {"city": "臺北市", "district": "信義區", "award_year": 114, "restaurant_name": "小南門松菸店", "address": "臺北市信義區菸廠路88號B1", "rating_result": "優"}, "geometry": {"type": "Point", "coordinates": [121.56111052910109, 25.044737046647967]}}, {"type": "Feature", "properties": {"city": "臺北市", "district": "信義區", "award_year": 114, "restaurant_name": "成真咖啡松菸店", "address": "臺北市信義區菸廠路88號B1", "rating_result": "優"}, "geometry": {"type": "Point", "coordinates": [121.56111052910109, 25.044737046647967]}}, {"type": "Feature", "properties": {"city": "臺北市", "district": "信義區", "award_year": 114, "restaurant_name": "舞古賀Mini鍋物", "address": "臺北市信義區菸廠路88號B1", "rating_result": "優"}, "geometry": {"type": "Point", "coordinates": [121.56111052910109, 25.044737046647967]}}, {"type": "Feature", "properties": {"city": "臺北市", "district": "信義區", "award_year": 114, "restaurant_name": "YOGO霜淇淋", "address": "臺北市信義區菸廠路88號B1", "rating_result": "優"}, "geometry": {"type": "Point", "coordinates": [121.56111052910109, 25.044737046647967]}}, {"type": "Feature", "properties": {"city": "臺北市", "district": "信義區", "award_year": 114, "restaurant_name": "果樹媽媽松菸店", "address": "臺北市信義區菸廠路88號B1", "rating_result": "優"}, "geometry": {"type": "Point", "coordinates": [121.56111052910109, 25.044737046647967]}}, {"type": "Feature", "properties": {"city": "臺北市", "district": "士林區", "award_year": 114, "restaurant_name": "漢堡王-大葉高島屋", "address": "臺北市士林區忠誠路2段55號B1", "rating_result": "優"}, "geometry": {"type": "Point", "coordinates": [121.5314382031111, 25.111811064842684]}}, {"type": "Feature", "properties": {"city": "臺北市", "district": "士林區", "award_year": 114, "restaurant_name": "皇品珍食品(有)", "address": "臺北市士林區忠誠路2段55號B1", "rating_result": "優"}, "geometry": {"type": "Point", "coordinates": [121.5314382031111, 25.111811064842684]}}, {"type": "Feature", "properties": {"city": "臺北市", "district": "士林區", "award_year": 114, "restaurant_name": "喬升(三也木瓜)", "address": "臺北市士林區忠誠路2段55號B1", "rating_result": "優"}, "geometry": {"type": "Point", "coordinates": [121.5314382031111, 25.111811064842684]}}, {"type": "Feature", "properties": {"city": "臺北市", "district": "士林區", "award_year": 114, "restaurant_name": "真杏坊餐飲(于記杏仁茶)", "address": "臺北市士林區忠誠路2段55號B1", "rating_result": "優"}, "geometry": {"type": "Point", "coordinates": [121.5314382031111, 25.111811064842684]}}, {"type": "Feature", "properties": {"city": "臺北市", "district": "士林區", "award_year": 114, "restaurant_name": "喜悅(奧特拉麵)", "address": "臺北市士林區忠誠路2段55號B1", "rating_result": "優"}, "geometry": {"type": "Point", "coordinates": [121.5314382031111, 25.111811064842684]}}, {"type": "Feature", "properties": {"city": "臺北市", "district": "信義區", "award_year": 114, "restaurant_name": "丸龜製麵_統一時代店", "address": "臺北市信義區忠孝東路5段8號B2", "rating_result": "優"}, "geometry": {"type": "Point", "coordinates": [121.56541702973843, 25.040864621547676]}}, {"type": "Feature", "properties": {"city": "臺北市", "district": "信義區", "award_year": 114, "restaurant_name": "老蔡水煎包_統一時代店", "address": "臺北市信義區忠孝東路5段8號B2", "rating_result": "優"}, "geometry": {"type": "Point", "coordinates": [121.56541702973843, 25.040864621547676]}}, {"type": "Feature", "properties": {"city": "臺北市", "district": "信義區", "award_year": 114, "restaurant_name": "果樹媽媽_統一時代店", "address": "臺北市信義區忠孝東路5段8號B2", "rating_result": "優"}, "geometry": {"type": "Point", "coordinates": [121.56541702973843, 25.040864621547676]}}, {"type": "Feature", "properties": {"city": "臺北市", "district": "信義區", "award_year": 114, "restaurant_name": "島瓜滷味_統一時代店", "address": "臺北市信義區忠孝東路5段8號B2", "rating_result": "優"}, "geometry": {"type": "Point", "coordinates": [121.56541702973843, 25.040864621547676]}}, {"type": "Feature", "properties": {"city": "臺北市", "district": "信義區", "award_year": 114, "restaurant_name": "葡吉_統一時代店", "address": "臺北市信義區忠孝東路5段8號B2", "rating_result": "優"}, "geometry": {"type": "Point", "coordinates": [121.56541702973843, 25.040864621547676]}}, {"type": "Feature", "properties": {"city": "臺北市", "district": "信義區", "award_year": 114, "restaurant_name": "興葉蚵仔煎_統一時代店", "address": "臺北市信義區忠孝東路5段8號B2", "rating_result": "優"}, "geometry": {"type": "Point", "coordinates": [121.56541702973843, 25.040864621547676]}}, {"type": "Feature", "properties": {"city": "臺北市", "district": "信義區", "award_year": 114, "restaurant_name": "繼光香香雞_統一時代店", "address": "臺北市信義區忠孝東路5段8號B2", "rating_result": "優"}, "geometry": {"type": "Point", "coordinates": [121.56541702973843, 25.040864621547676]}}, {"type": "Feature", "properties": {"city": "臺北市", "district": "信義區", "award_year": 114, "restaurant_name": "SAISON du SOLEIL-統一時代店", "address": "臺北市信義區忠孝東路5段8號B2", "rating_result": "優"}, "geometry": {"type": "Point", "coordinates": [121.56541702973843, 25.040864621547676]}}, {"type": "Feature", "properties": {"city": "臺北市", "district": "中山區", "award_year": 114, "restaurant_name": "八番赤野_美麗華店", "address": "臺北市中山區敬業三路20號B1", "rating_result": "優"}, "geometry": {"type": "Point", "coordinates": [121.55669866517155, 25.083374664366772]}}, {"type": "Feature", "properties": {"city": "臺北市", "district": "中山區", "award_year": 114, "restaurant_name": "府城_美麗華店", "address": "臺北市中山區敬業三路20號B1", "rating_result": "優"}, "geometry": {"type": "Point", "coordinates": [121.55669866517155, 25.083374664366772]}}, {"type": "Feature", "properties": {"city": "臺北市", "district": "中山區", "award_year": 114, "restaurant_name": "日出茶太_美麗華店", "address": "臺北市中山區敬業三路20號B1", "rating_result": "優"}, "geometry": {"type": "Point", "coordinates": [121.55669866517155, 25.083374664366772]}}, {"type": "Feature", "properties": {"city": "臺北市", "district": "中山區", "award_year": 114, "restaurant_name": "丸亀製麺48號店_美麗華店", "address": "臺北市中山區敬業三路20號B1", "rating_result": "優"}, "geometry": {"type": "Point", "coordinates": [121.55669866517155, 25.083374664366772]}}, {"type": "Feature", "properties": {"city": "臺北市", "district": "信義區", "award_year": 114, "restaurant_name": "旭成鐵板料理-台北101店", "address": "臺北市信義區市府路45號B1", "rating_result": "優"}, "geometry": {"type": "Point", "coordinates": [121.56390405307721, 25.034026196672773]}}, {"type": "Feature", "properties": {"city": "臺北市", "district": "信義區", "award_year": 114, "restaurant_name": "蔬河-台北101店", "address": "臺北市信義區市府路45號B1", "rating_result": "優"}, "geometry": {"type": "Point", "coordinates": [121.56390405307721, 25.034026196672773]}}, {"type": "Feature", "properties": {"city": "臺北市", "district": "信義區", "award_year": 114, "restaurant_name": "小南門傳統美食-台北101店", "address": "臺北市信義區市府路45號B1", "rating_result": "優"}, "geometry": {"type": "Point", "coordinates": [121.56390405307721, 25.034026196672773]}}, {"type": "Feature", "properties": {"city": "臺北市", "district": "信義區", "award_year": 114, "restaurant_name": "開丼-台北101店", "address": "臺北市信義區市府路45號B1", "rating_result": "優"}, "geometry": {"type": "Point", "coordinates": [121.56390405307721, 25.034026196672773]}}, {"type": "Feature", "properties": {"city": "臺北市", "district": "信義區", "award_year": 114, "restaurant_name": "韓鶴亭-台北101店", "address": "臺北市信義區市府路45號B1", "rating_result": "優"}, "geometry": {"type": "Point", "coordinates": [121.56390405307721, 25.034026196672773]}}, {"type": "Feature", "properties": {"city": "臺北市", "district": "信義區", "award_year": 114, "restaurant_name": "八色烤肉mini-台北101店", "address": "臺北市信義區市府路45號B1", "rating_result": "優"}, "geometry": {"type": "Point", "coordinates": [121.56390405307721, 25.034026196672773]}}, {"type": "Feature", "properties": {"city": "臺北市", "district": "大同區", "award_year": 114, "restaurant_name": "拿坡里披薩炸雞民生店", "address": "臺北市大同區民生西路83號", "rating_result": "優"}, "geometry": {"type": "Point", "coordinates": [121.51962843459985, 25.05765201991721]}}, {"type": "Feature", "properties": {"city": "臺北市", "district": "內湖區", "award_year": 114, "restaurant_name": "拿坡里披薩炸雞內湖店", "address": "臺北市內湖區成功路3段141號", "rating_result": "優"}, "geometry": {"type": "Point", "coordinates": [121.58999097171241, 25.079565171034453]}}, {"type": "Feature", "properties": {"city": "臺北市", "district": "北投區", "award_year": 114, "restaurant_name": "拿坡里披薩炸雞北投店", "address": "臺北市北投區中央北路1段125號1樓", "rating_result": "優"}, "geometry": {"type": "Point", "coordinates": [121.49908708429577, 25.13500459594625]}}, {"type": "Feature", "properties": {"city": "臺北市", "district": "南港區", "award_year": 114, "restaurant_name": "拿坡里披薩炸雞南港店", "address": "臺北市南港區三重路7號", "rating_result": "優"}, "geometry": {"type": "Point", "coordinates": [121.61384376123716, 25.055787387647225]}}, {"type": "Feature", "properties": {"city": "臺北市", "district": "內湖區", "award_year": 114, "restaurant_name": "拿坡里披薩炸雞劍南店", "address": "臺北市內湖區內湖路1段49號", "rating_result": "優"}, "geometry": {"type": "Point", "coordinates": [121.55958901722092, 25.085129329117105]}}, {"type": "Feature", "properties": {"city": "臺北市", "district": "中正區", "award_year": 114, "restaurant_name": "拿坡里披薩炸雞南昌店", "address": "臺北市中正區南昌路1段151號", "rating_result": "優"}, "geometry": {"type": "Point", "coordinates": [121.51869369560494, 25.02938722523839]}}, {"type": "Feature", "properties": {"city": "臺北市", "district": "大安區", "award_year": 114, "restaurant_name": "朱記餡餅粥-遠企購物中心敦南店", "address": "臺北市大安區敦化南路2段203號B2", "rating_result": "優"}, "geometry": {"type": "Point", "coordinates": [121.54967796574927, 25.026299934183545]}}, {"type": "Feature", "properties": {"city": "臺北市", "district": "南港區", "award_year": 114, "restaurant_name": "朱記餡餅粥-環球南港車站店 ", "address": "臺北市南港區忠孝東路7段371號B1", "rating_result": "優"}, "geometry": {"type": "Point", "coordinates": [121.60749628912814, 25.052571101616007]}}, {"type": "Feature", "properties": {"city": "臺北市", "district": "信義區", "award_year": 114, "restaurant_name": "朱記餡餅粥-潤泰松山車站店", "address": "臺北市信義區松山路11號2樓", "rating_result": "優"}, "geometry": {"type": "Point", "coordinates": [121.57830731876943, 25.04919696563771]}}, {"type": "Feature", "properties": {"city": "臺北市", "district": "士林區", "award_year": 114, "restaurant_name": "朱記餡餅粥-SOGO百貨天母店", "address": "臺北市士林區中山北路6段77號8樓", "rating_result": "優"}, "geometry": {"type": "Point", "coordinates": [121.52427805943859, 25.10500701264649]}}, {"type": "Feature", "properties": {"city": "臺北市", "district": "中正區", "award_year": 114, "restaurant_name": "朱記餡餅粥-新光三越台北站前店", "address": "臺北市中正區忠孝西路1段66號B1", "rating_result": "優"}, "geometry": {"type": "Point", "coordinates": [121.5153019873981, 25.04622581631083]}}, {"type": "Feature", "properties": {"city": "臺北市", "district": "信義區", "award_year": 114, "restaurant_name": "漢堡王-華納店", "address": "臺北市信義區松壽路20號2樓", "rating_result": "優"}, "geometry": {"type": "Point", "coordinates": [121.56740534404048, 25.03564115574498]}}, {"type": "Feature", "properties": {"city": "臺北市", "district": "中山區", "award_year": 114, "restaurant_name": "漢堡王-美麗華店", "address": "臺北市中山區敬業三路20號B1", "rating_result": "優"}, "geometry": {"type": "Point", "coordinates": [121.55669866517155, 25.083374664366772]}}, {"type": "Feature", "properties": {"city": "臺北市", "district": "內湖區", "award_year": 114, "restaurant_name": "漢堡王-內湖店", "address": "臺北市內湖區民善街88號", "rating_result": "優"}, "geometry": {"type": "Point", "coordinates": [121.57536491269434, 25.060140701809427]}}, {"type": "Feature", "properties": {"city": "臺北市", "district": "中山區", "award_year": 114, "restaurant_name": "漢堡王-長春店", "address": "臺北市中山區長春路176號", "rating_result": "優"}, "geometry": {"type": "Point", "coordinates": [121.53411398416644, 25.054685184941594]}}, {"type": "Feature", "properties": {"city": "臺北市", "district": "大安區", "award_year": 114, "restaurant_name": "漢堡王-新師大店", "address": "臺北市大安區師大路86巷1號1樓及B1", "rating_result": "優"}, "geometry": {"type": "Point", "coordinates": [121.52808324446451, 25.023029589918274]}}, {"type": "Feature", "properties": {"city": "臺北市", "district": "中正區", "award_year": 114, "restaurant_name": "漢堡王-微風北車店", "address": "臺北市中正區北平西路3號2樓", "rating_result": "優"}, "geometry": {"type": "Point", "coordinates": [121.51705766108309, 25.047175932953532]}}, {"type": "Feature", "properties": {"city": "臺北市", "district": "文山區", "award_year": 114, "restaurant_name": "漢堡王-木新店", "address": "臺北市文山區木新路3段109號", "rating_result": "優"}, "geometry": {"type": "Point", "coordinates": [121.5624678752082, 24.982002790842387]}}, {"type": "Feature", "properties": {"city": "臺北市", "district": "北投區", "award_year": 114, "restaurant_name": "漢堡王-北投光明店", "address": "臺北市北投區光明路146之4號", "rating_result": "優"}, "geometry": {"type": "Point", "coordinates": [121.50251818171105, 25.13454786748376]}}, {"type": "Feature", "properties": {"city": "臺北市", "district": "內湖區", "award_year": 114, "restaurant_name": "漢堡王-內湖成功店", "address": "臺北市內湖區成功路4段178號1樓", "rating_result": "優"}, "geometry": {"type": "Point", "coordinates": [121.59358225055915, 25.08335552050722]}}, {"type": "Feature", "properties": {"city": "臺北市", "district": "松山區", "award_year": 114, "restaurant_name": "大戶屋-微風廣場店", "address": "臺北市松山區復興南路1段39號GF", "rating_result": "優"}, "geometry": {"type": "Point", "coordinates": [121.5441255645314, 25.04612941503541]}}, {"type": "Feature", "properties": {"city": "臺北市", "district": "大安區", "award_year": 114, "restaurant_name": "大戶屋-大安店", "address": "臺北市大安區復興南路1段323號B1", "rating_result": "優"}, "geometry": {"type": "Point", "coordinates": [121.54380822436383, 25.03376049625345]}}, {"type": "Feature", "properties": {"city": "臺北市", "district": "松山區", "award_year": 114, "restaurant_name": "大戶屋-南京復興店", "address": "臺北市松山區南京東路3段258號2樓", "rating_result": "優"}, "geometry": {"type": "Point", "coordinates": [121.5448292041809, 25.051630009205518]}}, {"type": "Feature", "properties": {"city": "臺北市", "district": "信義區", "award_year": 114, "restaurant_name": "大戶屋-松山車站店", "address": "臺北市信義區松山路11號1樓", "rating_result": "優"}, "geometry": {"type": "Point", "coordinates": [121.57830731876943, 25.04919696563771]}}, {"type": "Feature", "properties": {"city": "臺北市", "district": "南港區", "award_year": 114, "restaurant_name": "大戶屋-南港車站店", "address": "臺北市南港區忠孝東路7段369號7樓", "rating_result": "優"}, "geometry": {"type": "Point", "coordinates": [121.60720834980488, 25.052670201502984]}}, {"type": "Feature", "properties": {"city": "臺北市", "district": "大安區", "award_year": 114, "restaurant_name": "大戶屋-忠孝復興店", "address": "臺北市大安區忠孝東路4段52號2樓", "rating_result": "優"}, "geometry": {"type": "Point", "coordinates": [121.54505938312427, 25.04139164697072]}}, {"type": "Feature", "properties": {"city": "臺北市", "district": "內湖區", "award_year": 114, "restaurant_name": "大戶屋-東湖店", "address": "臺北市內湖區康寧路3段187號2樓", "rating_result": "優"}, "geometry": {"type": "Point", "coordinates": [121.61197404356881, 25.069969980939785]}}, {"type": "Feature", "properties": {"city": "臺北市", "district": "中山區", "award_year": 114, "restaurant_name": "大戶屋-行天宮站店", "address": "臺北市中山區松江路276號2樓", "rating_result": "優"}, "geometry": {"type": "Point", "coordinates": [121.53295052497899, 25.059809355443253]}}, {"type": "Feature", "properties": {"city": "臺北市", "district": "大同區", "award_year": 114, "restaurant_name": "大戶屋-京站店", "address": "臺北市大同區承德路1段1號B3", "rating_result": "優"}, "geometry": {"type": "Point", "coordinates": [121.51678413900474, 25.04909008063802]}}, {"type": "Feature", "properties": {"city": "臺北市", "district": "內湖區", "award_year": 114, "restaurant_name": "Q Burger 內湖麗山店", "address": "臺北市內湖區內湖路1段629巷41號1樓", "rating_result": "優"}, "geometry": {"type": "Point", "coordinates": [121.57504076901344, 25.08157967975547]}}, {"type": "Feature", "properties": {"city": "臺北市", "district": "信義區", "award_year": 114, "restaurant_name": "Q Burger 信義永吉店", "address": "臺北市信義區永吉路120巷1號1樓", "rating_result": "優"}, "geometry": {"type": "Point", "coordinates": [121.5704162627595, 25.045445302402317]}}, {"type": "Feature", "properties": {"city": "臺北市", "district": "北投區", "award_year": 114, "restaurant_name": "Q Burger 北投立農店", "address": "臺北市北投區立農街2段259號1樓", "rating_result": "優"}, "geometry": {"type": "Point", "coordinates": [121.51446487133408, 25.118900772577923]}}, {"type": "Feature", "properties": {"city": "臺北市", "district": "文山區", "award_year": 114, "restaurant_name": "Q Burger 文山恆光店", "address": "臺北市文山區木新路2段242號1樓", "rating_result": "優"}, "geometry": {"type": "Point", "coordinates": [121.56662238396888, 24.983349656217236]}}, {"type": "Feature", "properties": {"city": "臺北市", "district": "北投區", "award_year": 114, "restaurant_name": "Q Burger 北投唭哩岸店", "address": "臺北市北投區立農街1段277號1樓", "rating_result": "優"}, "geometry": {"type": "Point", "coordinates": [121.50595739921673, 25.11949066827896]}}, {"type": "Feature", "properties": {"city": "臺北市", "district": "文山區", "award_year": 114, "restaurant_name": "Q Burger 文山木新店", "address": "臺北市文山區木新路3段224號1樓", "rating_result": "優"}, "geometry": {"type": "Point", "coordinates": [121.55930384281388, 24.981478505484024]}}, {"type": "Feature", "properties": {"city": "臺北市", "district": "文山區", "award_year": 114, "restaurant_name": "Q Burger 文山萬和店", "address": "臺北市文山區羅斯福路5段218巷3號1樓", "rating_result": "優"}, "geometry": {"type": "Point", "coordinates": [121.53843999716611, 25.002029060420515]}}, {"type": "Feature", "properties": {"city": "臺北市", "district": "文山區", "award_year": 114, "restaurant_name": "Q Burger 文山景興店", "address": "臺北市文山區景興路99號", "rating_result": "優"}, "geometry": {"type": "Point", "coordinates": [121.54482125881225, 24.99533363944484]}}, {"type": "Feature", "properties": {"city": "臺北市", "district": "中山區", "award_year": 114, "restaurant_name": "Q Burger 中山榮星店", "address": "臺北市中山區五常街63號", "rating_result": "優"}, "geometry": {"type": "Point", "coordinates": [121.53999148492618, 25.064385564291282]}}, {"type": "Feature", "properties": {"city": "臺北市", "district": "萬華區", "award_year": 114, "restaurant_name": "Q Burger 萬華雙園店", "address": "臺北市萬華區雙園街15號", "rating_result": "優"}, "geometry": {"type": "Point", "coordinates": [121.49501385309125, 25.029171270053173]}}, {"type": "Feature", "properties": {"city": "臺北市", "district": "大安區", "award_year": 114, "restaurant_name": "Q Burger 大安樂業店", "address": "臺北市大安區樂業街153號", "rating_result": "優"}, "geometry": {"type": "Point", "coordinates": [121.55366956663963, 25.019634691715314]}}, {"type": "Feature", "properties": {"city": "臺北市", "district": "中山區", "award_year": 114, "restaurant_name": "Q Burger 中山中原店", "address": "臺北市中山區中原街41號1樓", "rating_result": "優"}, "geometry": {"type": "Point", "coordinates": [121.52894049106253, 25.056967311600864]}}, {"type": "Feature", "properties": {"city": "臺北市", "district": "信義區", "award_year": 114, "restaurant_name": "Q Burger 信義虎林店", "address": "臺北市信義區信義路6段106號1樓", "rating_result": "優"}, "geometry": {"type": "Point", "coordinates": [121.57779552165576, 25.035876036305833]}}, {"type": "Feature", "properties": {"city": "臺北市", "district": "北投區", "award_year": 114, "restaurant_name": "Q Burger 北投大興店", "address": "臺北市北投區大興街48號", "rating_result": "優"}, "geometry": {"type": "Point", "coordinates": [121.49948515368025, 25.130107300609907]}}, {"type": "Feature", "properties": {"city": "臺北市", "district": "文山區", "award_year": 114, "restaurant_name": "Q Burger 文山世新店", "address": "臺北市文山區木柵路1段101號1樓及地下室", "rating_result": "優"}, "geometry": {"type": "Point", "coordinates": [121.54761526419267, 24.987155241106407]}}, {"type": "Feature", "properties": {"city": "臺北市", "district": "文山區", "award_year": 114, "restaurant_name": "Q Burger 文山新光店", "address": "臺北市文山區新光路1段26號", "rating_result": "優"}, "geometry": {"type": "Point", "coordinates": [121.57362937303145, 24.98900186866345]}}, {"type": "Feature", "properties": {"city": "臺北市", "district": "中正區", "award_year": 114, "restaurant_name": "新馬辣公館店", "address": "臺北市中正區汀州路3段295號", "rating_result": "優"}, "geometry": {"type": "Point", "coordinates": [121.53576983996956, 25.01196972584912]}}, {"type": "Feature", "properties": {"city": "臺北市", "district": "萬華區", "award_year": 114, "restaurant_name": "新馬辣昆明店", "address": "臺北市萬華區昆明街37號2樓", "rating_result": "優"}, "geometry": {"type": "Point", "coordinates": [121.50534625560255, 25.044561860169964]}}, {"type": "Feature", "properties": {"city": "臺北市", "district": "萬華區", "award_year": 114, "restaurant_name": "新馬辣武昌店", "address": "臺北市萬華區武昌街2段72號3樓", "rating_result": "優"}, "geometry": {"type": "Point", "coordinates": [121.50619979412815, 25.044813256743385]}}, {"type": "Feature", "properties": {"city": "臺北市", "district": "萬華區", "award_year": 114, "restaurant_name": "新馬辣峨嵋店", "address": "臺北市萬華區西寧南路155號5樓", "rating_result": "優"}, "geometry": {"type": "Point", "coordinates": [121.50626403324137, 25.043540527977505]}}, {"type": "Feature", "properties": {"city": "臺北市", "district": "信義區", "award_year": 114, "restaurant_name": "聖瑪莉北醫店", "address": "臺北市信義區吳興街252號1樓", "rating_result": "優"}, "geometry": {"type": "Point", "coordinates": [121.5636377403287, 25.026638009729083]}}, {"type": "Feature", "properties": {"city": "臺北市", "district": "大安區", "award_year": 114, "restaurant_name": "聖瑪莉敦化店", "address": "臺北市大安區忠孝東路4段148號B2", "rating_result": "優"}, "geometry": {"type": "Point", "coordinates": [121.54991144077462, 25.041298815064213]}}, {"type": "Feature", "properties": {"city": "臺北市", "district": "大安區", "award_year": 114, "restaurant_name": "聖瑪莉科技店", "address": "臺北市大安區復興南路2段287號", "rating_result": "優"}, "geometry": {"type": "Point", "coordinates": [121.54364181319926, 25.025234630328686]}}, {"type": "Feature", "properties": {"city": "臺北市", "district": "內湖區", "award_year": 114, "restaurant_name": "聖瑪莉內湖(潤泰)店", "address": "臺北市內湖區成功路4段188號2樓", "rating_result": "優"}, "geometry": {"type": "Point", "coordinates": [121.59454681511231, 25.084081336150827]}}, {"type": "Feature", "properties": {"city": "臺北市", "district": "南港區", "award_year": 114, "restaurant_name": "beard papa's-環球南港車站店", "address": "臺北市南港區忠孝東路7段371號B1", "rating_result": "優"}, "geometry": {"type": "Point", "coordinates": [121.60749628912814, 25.052571101616007]}}, {"type": "Feature", "properties": {"city": "臺北市", "district": "大安區", "award_year": 114, "restaurant_name": "beard papa's-SOGO復興店", "address": "臺北市大安區忠孝東路3段300號B3", "rating_result": "優"}, "geometry": {"type": "Point", "coordinates": [121.54305706976412, 25.041211750439295]}}, {"type": "Feature", "properties": {"city": "臺北市", "district": "士林區", "award_year": 114, "restaurant_name": "beard papa's-SOGO天母店", "address": "臺北市士林區中山北路6段77號B1", "rating_result": "優"}, "geometry": {"type": "Point", "coordinates": [121.52427805943859, 25.10500701264649]}}, {"type": "Feature", "properties": {"city": "臺北市", "district": "信義區", "award_year": 114, "restaurant_name": "beard papa's-統一夢廣場店", "address": "臺北市信義區松高路11號B2樓", "rating_result": "優"}, "geometry": {"type": "Point", "coordinates": [121.56524231328396, 25.039515108650217]}}, {"type": "Feature", "properties": {"city": "臺北市", "district": "南港區", "award_year": 114, "restaurant_name": "beard papa's-南港LALAPORT店", "address": "臺北市南港區經貿二路131號5樓", "rating_result": "優"}, "geometry": {"type": "Point", "coordinates": [121.61758256809638, 25.059344970839085]}}, {"type": "Feature", "properties": {"city": "臺北市", "district": "士林區", "award_year": 114, "restaurant_name": "樂田-士林中正", "address": "臺北市士林區中正路235巷16號1樓", "rating_result": "優"}, "geometry": {"type": "Point", "coordinates": [121.52606945940899, 25.094735327930447]}}, {"type": "Feature", "properties": {"city": "臺北市", "district": "大安區", "award_year": 114, "restaurant_name": "樂田-六張犁", "address": "臺北市大安區和平東路3段124號1樓", "rating_result": "優"}, "geometry": {"type": "Point", "coordinates": [121.55191846414623, 25.024250414126577]}}, {"type": "Feature", "properties": {"city": "臺北市", "district": "北投區", "award_year": 114, "restaurant_name": "樂田-關渡", "address": "臺北市北投區大度路3段296巷51號1樓", "rating_result": "優"}, "geometry": {"type": "Point", "coordinates": [121.46727064936087, 25.125884147516853]}}, {"type": "Feature", "properties": {"city": "臺北市", "district": "信義區", "award_year": 114, "restaurant_name": "樂田-世貿", "address": "臺北市信義區信義路5段20號", "rating_result": "優"}, "geometry": {"type": "Point", "coordinates": [121.5637093981309, 25.032703601732337]}}, {"type": "Feature", "properties": {"city": "臺北市", "district": "大同區", "award_year": 114, "restaurant_name": "樂田-雙連", "address": "臺北市大同區民生西路47號", "rating_result": "優"}, "geometry": {"type": "Point", "coordinates": [121.52056795784183, 25.057771257943248]}}, {"type": "Feature", "properties": {"city": "臺北市", "district": "大同區", "award_year": 114, "restaurant_name": "樂田-民權西路", "address": "臺北市大同區民權西路72號", "rating_result": "優"}, "geometry": {"type": "Point", "coordinates": [121.5194740617553, 25.06260266709801]}}, {"type": "Feature", "properties": {"city": "臺北市", "district": "大安區", "award_year": 114, "restaurant_name": "樂田-古亭", "address": "臺北市大安區和平東路1段73號", "rating_result": "優"}, "geometry": {"type": "Point", "coordinates": [121.52492926913845, 25.027075639731795]}}, {"type": "Feature", "properties": {"city": "臺北市", "district": "大安區", "award_year": 114, "restaurant_name": "樂田-忠孝復興", "address": "臺北市大安區忠孝東路3段302號", "rating_result": "優"}, "geometry": {"type": "Point", "coordinates": [121.54335617197077, 25.04146433212485]}}, {"type": "Feature", "properties": {"city": "臺北市", "district": "大安區", "award_year": 114, "restaurant_name": "樂田-敦南", "address": "臺北市大安區敦化南路2段5號1樓", "rating_result": "優"}, "geometry": {"type": "Point", "coordinates": [121.54915301292466, 25.032825488371273]}}, {"type": "Feature", "properties": {"city": "臺北市", "district": "大安區", "award_year": 114, "restaurant_name": "樂田-台電大樓", "address": "臺北市大安區羅斯福路3段249號1樓", "rating_result": "優"}, "geometry": {"type": "Point", "coordinates": [121.53006336195004, 25.019217247065036]}}, {"type": "Feature", "properties": {"city": "臺北市", "district": "中山區", "award_year": 114, "restaurant_name": "樂田-松江南京", "address": "臺北市中山區松江路126號B1", "rating_result": "優"}, "geometry": {"type": "Point", "coordinates": [121.53276493901893, 25.052709392605152]}}, {"type": "Feature", "properties": {"city": "臺北市", "district": "中山區", "award_year": 114, "restaurant_name": "樂田-松南二店", "address": "臺北市中山區松江路126號B1", "rating_result": "優"}, "geometry": {"type": "Point", "coordinates": [121.53276493901893, 25.052709392605152]}}, {"type": "Feature", "properties": {"city": "臺北市", "district": "中山區", "award_year": 114, "restaurant_name": "樂田-行天宮", "address": "臺北市中山區松江路316號B1", "rating_result": "優"}, "geometry": {"type": "Point", "coordinates": [121.532840613781, 25.060481606947924]}}, {"type": "Feature", "properties": {"city": "臺北市", "district": "中正區", "award_year": 114, "restaurant_name": "樂田-衡陽", "address": "臺北市中正區衡陽路99號1樓", "rating_result": "優"}, "geometry": {"type": "Point", "coordinates": [121.5092620231888, 25.04225757052637]}}, {"type": "Feature", "properties": {"city": "臺北市", "district": "中正區", "award_year": 114, "restaurant_name": "樂田-中正", "address": "臺北市中正區羅斯福路1段8之1號", "rating_result": "優"}, "geometry": {"type": "Point", "coordinates": [121.5181614032985, 25.032597292814152]}}, {"type": "Feature", "properties": {"city": "臺北市", "district": "松山區", "award_year": 114, "restaurant_name": "樂田-松山", "address": "臺北市松山區八德路4段742號B1", "rating_result": "優"}, "geometry": {"type": "Point", "coordinates": [121.57788112439148, 25.050520512174135]}}, {"type": "Feature", "properties": {"city": "臺北市", "district": "松山區", "award_year": 114, "restaurant_name": "樂田-南京復興", "address": "臺北市松山區復興北路145號1樓", "rating_result": "優"}, "geometry": {"type": "Point", "coordinates": [121.54429319046757, 25.053636805500375]}}]}