{"type":"FeatureCollection","features":[{"type":"Feature","properties":{"data_time":"2024-01-02","source_row_no":1,"name":"旺旺水果行(龍江水果行)","city":"臺北市","district":"中山區","address":"臺北市中山區龍江路189號","sample_date":"2024-01-02","project_name":"蔬果","product_category":"柑桔類","sample_item":"金棗","inspection_result":"不符合規定","violation_reason":"殺蟲劑Chlorpyrifos\t陶斯松0.03ppm(標準：0.01ppm以下)\t\n殺菌劑Famoxadone\t凡殺同0.68ppm(標準：0.01ppm以下)\t\n殺蟲劑Fenvalerate\t芬化利2.8ppm(標準：2.0ppm以下)","postal_code":"104","source_type":"食品抽驗不合格","source_dataset":"臺北市衛生局食品抽驗不合格清冊","source_url":"https://data.taipei/api/dataset/09a917a0-0fb5-47e1-957c-5f1268fba517/resource/3fc106cb-c8aa-4f74-8dbc-3272c7ffcae0/download","geocoding_address":"臺北市中山區龍江路189號","location_method":"臺北市門牌位置數值資料","violation_count":1},"geometry":{"type":"Point","coordinates":[121.54066228962812,25.05580729389313]}},{"type":"Feature","properties":{"data_time":"2024-01-02","source_row_no":2,"name":"龍來餐飲有限公司(儂來美食)","city":"臺北市","district":"中山區","address":"臺北市中山區民生東路2段147巷11弄2-1號","sample_date":"2024-01-02","project_name":"蔬果","product_category":"小葉菜類","sample_item":"九層塔(羅勒)","inspection_result":"不符合規定","violation_reason":"殺菌劑Boscalid\t白克列21.87ppm(標準：0.01ppm以下)\t\n殺菌劑Procymidone\t撲滅寧10.3ppm(標準：5.0ppm以下)","postal_code":"104","source_type":"食品抽驗不合格","source_dataset":"臺北市衛生局食品抽驗不合格清冊","source_url":"https://data.taipei/api/dataset/09a917a0-0fb5-47e1-957c-5f1268fba517/resource/3fc106cb-c8aa-4f74-8dbc-3272c7ffcae0/download","geocoding_address":"臺北市中山區民生東路2段147巷11弄2-1號","location_method":"OpenStreetMap道路/地名定位","violation_count":1},"geometry":{"type":"Point","coordinates":[121.5305117,25.0579771]}},{"type":"Feature","properties":{"data_time":"2024-01-03","source_row_no":3,"name":"一級鮮果商行","city":"臺北市","district":"大安區","address":"臺北市大安區仁愛路4段408號","sample_date":"2024-01-03","project_name":"蔬果","product_category":"小漿果類","sample_item":"大湖草莓","inspection_result":"不符合規定","violation_reason":"殺蟲劑Methomyl\t納乃得3.1ppm(標準：2.0ppm以下)\t\n殺菌劑Pyraclostrobin\t百克敏1.4ppm(標準0.5ppm以下)","postal_code":"106","source_type":"食品抽驗不合格","source_dataset":"臺北市衛生局食品抽驗不合格清冊","source_url":"https://data.taipei/api/dataset/09a917a0-0fb5-47e1-957c-5f1268fba517/resource/3fc106cb-c8aa-4f74-8dbc-3272c7ffcae0/download","geocoding_address":"臺北市大安區仁愛路4段408號","location_method":"OpenStreetMap道路/地名定位","violation_count":1},"geometry":{"type":"Point","coordinates":[121.5511194,25.0366083]}},{"type":"Feature","properties":{"data_time":"2024-01-17","source_row_no":4,"name":"無市招菜攤(陳O宏)","city":"臺北市","district":"松山區","address":"臺北市松山區八德路3段74巷3弄22號","sample_date":"2024-01-17","project_name":"蔬果","product_category":"包葉菜類","sample_item":"芥菜(包心芥菜)","inspection_result":"不符合規定","violation_reason":"殺蟲劑Cypermethrin\t賽滅寧1.6ppm(標準：1.0ppm以下)\t\n殺蟲劑Dinotefuran\t達特南4.6ppm(標準：2.0ppm以下)","postal_code":"105","source_type":"食品抽驗不合格","source_dataset":"臺北市衛生局食品抽驗不合格清冊","source_url":"https://data.taipei/api/dataset/09a917a0-0fb5-47e1-957c-5f1268fba517/resource/3fc106cb-c8aa-4f74-8dbc-3272c7ffcae0/download","geocoding_address":"臺北市松山區八德路3段74巷3弄22號","location_method":"OpenStreetMap道路/地名定位","violation_count":1},"geometry":{"type":"Point","coordinates":[121.5501437,25.0481921]}},{"type":"Feature","properties":{"data_time":"2024-01-17","source_row_no":5,"name":"微風超市股份有限公司(Breeze Super)","city":"臺北市","district":"松山區","address":"臺北市松山區南京東路3段337號2樓","sample_date":"2024-01-17","project_name":"蔬果","product_category":"小漿果類","sample_item":"日本福岡草莓","inspection_result":"不符合規定","violation_reason":"殺蟲劑Flonicamid\t氟尼胺0.22ppm(標準：0.01ppm以下)","postal_code":"105","source_type":"食品抽驗不合格","source_dataset":"臺北市衛生局食品抽驗不合格清冊","source_url":"https://data.taipei/api/dataset/09a917a0-0fb5-47e1-957c-5f1268fba517/resource/3fc106cb-c8aa-4f74-8dbc-3272c7ffcae0/download","geocoding_address":"臺北市松山區南京東路3段337號2樓","location_method":"OpenStreetMap道路/地名定位","violation_count":1},"geometry":{"type":"Point","coordinates":[121.5476333,25.0518444]}},{"type":"Feature","properties":{"data_time":"2024-01-16","source_row_no":6,"name":"全聯實業股份有限公司天母天玉分公司","city":"臺北市","district":"士林區","address":"臺北市士林區天母西路3號地下","sample_date":"2024-01-16","project_name":"蔬果","product_category":"包葉菜類","sample_item":"結球白菜","inspection_result":"不符合規定","violation_reason":"殺蟲劑Pyriproxyfen\t百利普芬0.08ppm(標準：0.01ppm以下)","postal_code":"111","source_type":"食品抽驗不合格","source_dataset":"臺北市衛生局食品抽驗不合格清冊","source_url":"https://data.taipei/api/dataset/09a917a0-0fb5-47e1-957c-5f1268fba517/resource/3fc106cb-c8aa-4f74-8dbc-3272c7ffcae0/download","geocoding_address":"臺北市士林區天母西路3號地下","location_method":"臺北市門牌位置數值資料","violation_count":1},"geometry":{"type":"Point","coordinates":[121.52927149473003,25.118980519758665]}},{"type":"Feature","properties":{"data_time":"2024-01-02","source_row_no":7,"name":"臺北市第二果菜批發市場18-09號攤","city":"臺北市","district":"中山區","address":"臺北市中山區民族東路336號","sample_date":"2024-01-02","project_name":"蔬果","product_category":"包葉菜類","sample_item":"刈菜(包心芥菜)","inspection_result":"不符合規定","violation_reason":"殺菌劑Flutolanil\t福多寧0.05ppm(標準：0.01ppm以下)","postal_code":"104","source_type":"食品抽驗不合格","source_dataset":"臺北市衛生局食品抽驗不合格清冊","source_url":"https://data.taipei/api/dataset/09a917a0-0fb5-47e1-957c-5f1268fba517/resource/3fc106cb-c8aa-4f74-8dbc-3272c7ffcae0/download","geocoding_address":"臺北市中山區民族東路336號","location_method":"臺北市門牌位置數值資料","violation_count":1},"geometry":{"type":"Point","coordinates":[121.53734126764245,25.0679233527595]}},{"type":"Feature","properties":{"data_time":"2024-01-17","source_row_no":8,"name":"阿一蔬果有限公司","city":"臺北市","district":"南港區","address":"臺北市南港區忠孝東路6段85號","sample_date":"2024-01-17","project_name":"蔬果","product_category":"小漿果類","sample_item":"日本熊本草莓","inspection_result":"不符合規定","violation_reason":"殺蟲劑Flonicamid\t氟尼胺0.04ppm(標準：0.01ppm以下)","postal_code":"115","source_type":"食品抽驗不合格","source_dataset":"臺北市衛生局食品抽驗不合格清冊","source_url":"https://data.taipei/api/dataset/09a917a0-0fb5-47e1-957c-5f1268fba517/resource/3fc106cb-c8aa-4f74-8dbc-3272c7ffcae0/download","geocoding_address":"臺北市南港區忠孝東路6段85號","location_method":"OpenStreetMap道路/地名定位","violation_count":1},"geometry":{"type":"Point","coordinates":[121.5881605,25.0489915]}},{"type":"Feature","properties":{"data_time":"2024-01-16","source_row_no":9,"name":"梅林水果行","city":"臺北市","district":"中正區","address":"臺北市中正區開封街1段81、83號1樓","sample_date":"2024-01-16","project_name":"蔬果","product_category":"小漿果類","sample_item":"日本MOMO草莓","inspection_result":"不符合規定","violation_reason":"殺蟲劑Flonicamid\t氟尼胺0.03ppm(標準：0.01ppm以下)","postal_code":"100","source_type":"食品抽驗不合格","source_dataset":"臺北市衛生局食品抽驗不合格清冊","source_url":"https://data.taipei/api/dataset/09a917a0-0fb5-47e1-957c-5f1268fba517/resource/3fc106cb-c8aa-4f74-8dbc-3272c7ffcae0/download","geocoding_address":"臺北市中正區開封街1段81、83號1樓","location_method":"OpenStreetMap道路/地名定位","violation_count":1},"geometry":{"type":"Point","coordinates":[121.5141362,25.0459823]}},{"type":"Feature","properties":{"data_time":"2024-01-17","source_row_no":10,"name":"天香","city":"臺北市","district":"松山區","address":"臺北市松山區八德路3段76號中崙市場第24號攤","sample_date":"2024-01-17","project_name":"蔬果","product_category":"小葉菜類","sample_item":"芥蘭花","inspection_result":"不符合規定","violation_reason":"殺蟲劑Emamectin benzoate\t因滅汀0.12ppm(標準：0.05ppm以下)","postal_code":"105","source_type":"食品抽驗不合格","source_dataset":"臺北市衛生局食品抽驗不合格清冊","source_url":"https://data.taipei/api/dataset/09a917a0-0fb5-47e1-957c-5f1268fba517/resource/3fc106cb-c8aa-4f74-8dbc-3272c7ffcae0/download","geocoding_address":"臺北市松山區八德路3段76號中崙市場第24號攤","location_method":"OpenStreetMap道路/地名定位","violation_count":1},"geometry":{"type":"Point","coordinates":[121.5501437,25.0481921]}},{"type":"Feature","properties":{"data_time":"2024-01-16","source_row_no":11,"name":"林O省(蔬菜承銷人3067)","city":"臺北市","district":"萬華區","address":"臺北市萬華區萬大路533號(第一果菜批發市場地號1610)","sample_date":"2024-01-16","project_name":"蔬果","product_category":"小葉菜類","sample_item":"茼蒿","inspection_result":"不符合規定","violation_reason":"殺菌劑Difenoconazole\t待克利2.1ppm(標準：1.0ppm以下)","postal_code":"108","source_type":"食品抽驗不合格","source_dataset":"臺北市衛生局食品抽驗不合格清冊","source_url":"https://data.taipei/api/dataset/09a917a0-0fb5-47e1-957c-5f1268fba517/resource/3fc106cb-c8aa-4f74-8dbc-3272c7ffcae0/download","geocoding_address":"臺北市萬華區萬大路533號(第一果菜批發市場地號1610)","location_method":"臺北市門牌位置數值資料","violation_count":1},"geometry":{"type":"Point","coordinates":[121.49713199522044,25.018499829728977]}},{"type":"Feature","properties":{"data_time":"2024-01-16","source_row_no":12,"name":"錢儷小吃店(錢都日式涮涮鍋)","city":"臺北市","district":"士林區","address":"臺北市士林區福國路71號1樓","sample_date":"2024-01-16","project_name":"蔬果","product_category":"小葉菜類","sample_item":"茼蒿","inspection_result":"不符合規定","violation_reason":"殺菌劑Chlorothalonil四氯異苯腈4.1ppm(標準：2.0ppm以下)","postal_code":"111","source_type":"食品抽驗不合格","source_dataset":"臺北市衛生局食品抽驗不合格清冊","source_url":"https://data.taipei/api/dataset/09a917a0-0fb5-47e1-957c-5f1268fba517/resource/3fc106cb-c8aa-4f74-8dbc-3272c7ffcae0/download","geocoding_address":"臺北市士林區福國路71號1樓","location_method":"臺北市門牌位置數值資料","violation_count":1},"geometry":{"type":"Point","coordinates":[121.52317208413511,25.101717130912906]}},{"type":"Feature","properties":{"data_time":"2024-01-03","source_row_no":13,"name":"三商家購股份有限公司大安樂業門市(美廉社)","city":"臺北市","district":"大安區","address":"臺北市大安區樂業街141號","sample_date":"2024-01-03","project_name":"蔬果","product_category":"小葉菜類","sample_item":"茼蒿","inspection_result":"不符合規定","violation_reason":"殺菌劑Chlorothalonil\t四氯異苯腈3.9ppm(標準：2.0ppm以下)","postal_code":"106","source_type":"食品抽驗不合格","source_dataset":"臺北市衛生局食品抽驗不合格清冊","source_url":"https://data.taipei/api/dataset/09a917a0-0fb5-47e1-957c-5f1268fba517/resource/3fc106cb-c8aa-4f74-8dbc-3272c7ffcae0/download","geocoding_address":"臺北市大安區樂業街141號","location_method":"臺北市門牌位置數值資料","violation_count":1},"geometry":{"type":"Point","coordinates":[121.55338092336177,25.019915098177485]}},{"type":"Feature","properties":{"data_time":"2024-01-16","source_row_no":14,"name":"鼎王國際餐飲股份有限公司無老台北中華分公司(無老鍋西門町店)","city":"臺北市","district":"中正區","address":"臺北市中正區中華路1段55號2樓","sample_date":"2024-01-16","project_name":"蔬果","product_category":"小葉菜類","sample_item":"青江菜","inspection_result":"不符合規定","violation_reason":"殺蟲劑Tolfenpyrad\t脫芬瑞0.9ppm(標準：0.5ppm以下)","postal_code":"100","source_type":"食品抽驗不合格","source_dataset":"臺北市衛生局食品抽驗不合格清冊","source_url":"https://data.taipei/api/dataset/09a917a0-0fb5-47e1-957c-5f1268fba517/resource/3fc106cb-c8aa-4f74-8dbc-3272c7ffcae0/download","geocoding_address":"臺北市中正區中華路1段55號2樓","location_method":"OpenStreetMap道路/地名定位","violation_count":1},"geometry":{"type":"Point","coordinates":[121.5076972,25.039871]}},{"type":"Feature","properties":{"data_time":"2024-01-02","source_row_no":15,"name":"旺旺水果行（龍江水果行）","city":"臺北市","district":"中山區","address":"臺北市中山區龍江路189號","sample_date":"2024-01-02","project_name":"蔬果","product_category":"小漿果類","sample_item":"大湖草莓","inspection_result":"不符合規定","violation_reason":"殺菌劑Fludioxonil\t護汰寧2.2ppm(標準：2.0ppm以下)","postal_code":"104","source_type":"食品抽驗不合格","source_dataset":"臺北市衛生局食品抽驗不合格清冊","source_url":"https://data.taipei/api/dataset/09a917a0-0fb5-47e1-957c-5f1268fba517/resource/3fc106cb-c8aa-4f74-8dbc-3272c7ffcae0/download","geocoding_address":"臺北市中山區龍江路189號","location_method":"臺北市門牌位置數值資料","violation_count":1},"geometry":{"type":"Point","coordinates":[121.54066228962812,25.05580729389313]}},{"type":"Feature","properties":{"data_time":"2024-02-19","source_row_no":21,"name":"遠百企業股份有限公司景美分公司","city":"臺北市","district":"文山區","address":"臺北市文山區景中街30巷12號1.2樓","sample_date":"2024-02-19","project_name":"網路販售市售辣椒粉食品","product_category":"包裝","sample_item":"細粉紅辣椒","inspection_result":"不符合規定","violation_reason":"克美素-0.08ppm\n(標準：不得檢出)","postal_code":"116","source_type":"食品抽驗不合格","source_dataset":"臺北市衛生局食品抽驗不合格清冊","source_url":"https://data.taipei/api/dataset/09a917a0-0fb5-47e1-957c-5f1268fba517/resource/3fc106cb-c8aa-4f74-8dbc-3272c7ffcae0/download","geocoding_address":"臺北市文山區景中街30巷12號1.2樓","location_method":"臺北市門牌位置數值資料","violation_count":1},"geometry":{"type":"Point","coordinates":[121.54204752496838,24.99225069457726]}},{"type":"Feature","properties":{"data_time":"2024-02-16","source_row_no":22,"name":"阿泓潤餅","city":"臺北市","district":"信義區","address":"臺北市信義區吳興街189號","sample_date":"2024-02-16","project_name":"祭祀食品","product_category":"豆乾類","sample_item":"豆干碎丁","inspection_result":"不符合規定","violation_reason":"苯甲酸1.25g/kg(標準：0.6g/kg以下)","postal_code":"110","source_type":"食品抽驗不合格","source_dataset":"臺北市衛生局食品抽驗不合格清冊","source_url":"https://data.taipei/api/dataset/09a917a0-0fb5-47e1-957c-5f1268fba517/resource/3fc106cb-c8aa-4f74-8dbc-3272c7ffcae0/download","geocoding_address":"臺北市信義區吳興街189號","location_method":"臺北市門牌位置數值資料","violation_count":1},"geometry":{"type":"Point","coordinates":[121.56257740690043,25.028516786655644]}},{"type":"Feature","properties":{"data_time":"2024-02-16","source_row_no":23,"name":"豪棧小吃店","city":"臺北市","district":"內湖區","address":"臺北市內湖區內湖路1段285巷59弄1號","sample_date":"2024-02-16","project_name":"祭祀食品","product_category":"花生粉","sample_item":"花生粉","inspection_result":"不符合規定","violation_reason":"總黃麴毒素30.8ug/kg(標準：4ug/kg以下)、黃麴毒素B1 25.2ug/kg (標準：2ug/kg以下)","postal_code":"114","source_type":"食品抽驗不合格","source_dataset":"臺北市衛生局食品抽驗不合格清冊","source_url":"https://data.taipei/api/dataset/09a917a0-0fb5-47e1-957c-5f1268fba517/resource/3fc106cb-c8aa-4f74-8dbc-3272c7ffcae0/download","geocoding_address":"臺北市內湖區內湖路1段285巷59弄1號","location_method":"OpenStreetMap道路/地名定位","violation_count":1},"geometry":{"type":"Point","coordinates":[121.5611029,25.084396]}},{"type":"Feature","properties":{"data_time":"2024-02-16","source_row_no":24,"name":"麗山市場第70攤","city":"臺北市","district":"內湖區","address":"臺北市內湖區內湖路1段737巷50弄6號","sample_date":"2024-02-16","project_name":"祭祀食品","product_category":"豆乾類","sample_item":"豆干絲","inspection_result":"不符合規定","violation_reason":"苯甲酸1.3g/kg(標準：0.6g/kg以下)","postal_code":"114","source_type":"食品抽驗不合格","source_dataset":"臺北市衛生局食品抽驗不合格清冊","source_url":"https://data.taipei/api/dataset/09a917a0-0fb5-47e1-957c-5f1268fba517/resource/3fc106cb-c8aa-4f74-8dbc-3272c7ffcae0/download","geocoding_address":"臺北市內湖區內湖路1段737巷50弄6號","location_method":"OpenStreetMap道路/地名定位","violation_count":1},"geometry":{"type":"Point","coordinates":[121.5611029,25.084396]}},{"type":"Feature","properties":{"data_time":"2024-02-20","source_row_no":25,"name":"新東南海鮮餐廳松山館","city":"臺北市","district":"松山區","address":"臺北市松山區八德路4段656號1樓、2樓","sample_date":"2024-02-20","project_name":"生鮮禽畜肉品","product_category":"雞肉","sample_item":"烏骨雞","inspection_result":"不符合規定","violation_reason":"三甲氧芐氨嘧啶(trimethoprim): 0.1ppm\n（標準：0.05ppm）","postal_code":"105","source_type":"食品抽驗不合格","source_dataset":"臺北市衛生局食品抽驗不合格清冊","source_url":"https://data.taipei/api/dataset/09a917a0-0fb5-47e1-957c-5f1268fba517/resource/3fc106cb-c8aa-4f74-8dbc-3272c7ffcae0/download","geocoding_address":"臺北市松山區八德路4段656號1樓、2樓","location_method":"OpenStreetMap道路/地名定位","violation_count":1},"geometry":{"type":"Point","coordinates":[121.5672489,25.0491324]}},{"type":"Feature","properties":{"data_time":"2024-02-20","source_row_no":26,"name":"武昌市場-無市招攤販","city":"臺北市","district":"松山區","address":"臺北市松山區南京東路5段59巷27弄27號","sample_date":"2024-02-20","project_name":"生鮮禽畜肉品","product_category":"雞肉","sample_item":"烏骨雞","inspection_result":"不符合規定","violation_reason":"三甲氧芐氨嘧啶(trimethoprim): 0.1ppm\n（標準：0.05ppm）","postal_code":"105","source_type":"食品抽驗不合格","source_dataset":"臺北市衛生局食品抽驗不合格清冊","source_url":"https://data.taipei/api/dataset/09a917a0-0fb5-47e1-957c-5f1268fba517/resource/3fc106cb-c8aa-4f74-8dbc-3272c7ffcae0/download","geocoding_address":"臺北市松山區南京東路5段59巷27弄27號","location_method":"OpenStreetMap道路/地名定位","violation_count":1},"geometry":{"type":"Point","coordinates":[121.562368,25.0513869]}},{"type":"Feature","properties":{"data_time":"2024-02-21","source_row_no":27,"name":"環南市場家禽區-健業生鮮肉品(13號攤)","city":"臺北市","district":"萬華區","address":"臺北市萬華區環河南路二段245號 - 家禽區13號攤","sample_date":"2024-02-21","project_name":"生鮮禽畜肉品","product_category":"雞肉","sample_item":"烏骨雞","inspection_result":"不符合規定","violation_reason":"三甲氧芐氨嘧啶(trimethoprim): 0.09ppm\n（標準：0.05ppm）","postal_code":"108","source_type":"食品抽驗不合格","source_dataset":"臺北市衛生局食品抽驗不合格清冊","source_url":"https://data.taipei/api/dataset/09a917a0-0fb5-47e1-957c-5f1268fba517/resource/3fc106cb-c8aa-4f74-8dbc-3272c7ffcae0/download","geocoding_address":"臺北市萬華區環河南路二段245號 - 家禽區13號攤","location_method":"臺北市門牌位置數值資料","violation_count":1},"geometry":{"type":"Point","coordinates":[121.48981456684696,25.029891139737003]}},{"type":"Feature","properties":{"data_time":"2024-02-21","source_row_no":28,"name":"南門市場-光揚家禽畜產(7.8號攤)","city":"臺北市","district":"中正區","address":"臺北市中正區羅斯福路一段8號B103-06","sample_date":"2024-02-21","project_name":"生鮮禽畜肉品","product_category":"雞肉","sample_item":"雞胗","inspection_result":"不符合規定","violation_reason":"脫氧羥四環黴素(Doxycycline): 0.4ppm\n（標準：0.3 ppm）","postal_code":"100","source_type":"食品抽驗不合格","source_dataset":"臺北市衛生局食品抽驗不合格清冊","source_url":"https://data.taipei/api/dataset/09a917a0-0fb5-47e1-957c-5f1268fba517/resource/3fc106cb-c8aa-4f74-8dbc-3272c7ffcae0/download","geocoding_address":"臺北市中正區羅斯福路一段8號B103-06","location_method":"臺北市門牌位置數值資料","violation_count":1},"geometry":{"type":"Point","coordinates":[121.51807667027246,25.03260659892876]}},{"type":"Feature","properties":{"data_time":"2024-02-22","source_row_no":29,"name":"永春市場65號攤-專售花東的雞","city":"臺北市","district":"信義區","address":"臺北市信義區松山路294號","sample_date":"2024-02-22","project_name":"生鮮禽畜肉品","product_category":"雞肉","sample_item":"雞胗","inspection_result":"不符合規定","violation_reason":"脫氧羥四環黴素(Doxycycline): 0.8ppm\n（標準：0.3 ppm）","postal_code":"110","source_type":"食品抽驗不合格","source_dataset":"臺北市衛生局食品抽驗不合格清冊","source_url":"https://data.taipei/api/dataset/09a917a0-0fb5-47e1-957c-5f1268fba517/resource/3fc106cb-c8aa-4f74-8dbc-3272c7ffcae0/download","geocoding_address":"臺北市信義區松山路294號","location_method":"臺北市門牌位置數值資料","violation_count":1},"geometry":{"type":"Point","coordinates":[121.57764860424466,25.043017458710185]}},{"type":"Feature","properties":{"data_time":"2024-02-29","source_row_no":30,"name":"三商家購股份有限公司(美廉社萬華雙園店)","city":"臺北市","district":"萬華區","address":"臺北市萬華區雙園街13號1樓","sample_date":"2024-02-29","project_name":"生鮮禽畜肉品","product_category":"雞蛋","sample_item":"心樸冷藏鮮雞蛋(白蛋)","inspection_result":"不符合規定","violation_reason":"乃卡巴精(nicarbazin):\n0.016 ppm\n(標準:不得檢出)","postal_code":"108","source_type":"食品抽驗不合格","source_dataset":"臺北市衛生局食品抽驗不合格清冊","source_url":"https://data.taipei/api/dataset/09a917a0-0fb5-47e1-957c-5f1268fba517/resource/3fc106cb-c8aa-4f74-8dbc-3272c7ffcae0/download","geocoding_address":"臺北市萬華區雙園街13號1樓","location_method":"臺北市門牌位置數值資料","violation_count":1},"geometry":{"type":"Point","coordinates":[121.49505139437193,25.029135706016735]}},{"type":"Feature","properties":{"data_time":"2024-03-01","source_row_no":31,"name":"有利蛋行","city":"臺北市","district":"中山區","address":"臺北市中山區新生北路3段11巷49號","sample_date":"2024-03-01","project_name":"生鮮禽畜肉品","product_category":"雞蛋","sample_item":"紅蛋","inspection_result":"不符合規定","violation_reason":"甲磺氯黴素(Thiamphenicol):\n0.005 ppm(標準:不得檢出)\n氟滅菌(flumequine):\n0.07 ppm(標準:不得檢出)","postal_code":"104","source_type":"食品抽驗不合格","source_dataset":"臺北市衛生局食品抽驗不合格清冊","source_url":"https://data.taipei/api/dataset/09a917a0-0fb5-47e1-957c-5f1268fba517/resource/3fc106cb-c8aa-4f74-8dbc-3272c7ffcae0/download","geocoding_address":"臺北市中山區新生北路3段11巷49號","location_method":"OpenStreetMap道路/地名定位","violation_count":1},"geometry":{"type":"Point","coordinates":[121.5290694,25.0655896]}},{"type":"Feature","properties":{"data_time":"2024-02-20","source_row_no":32,"name":"微風超市股份有限公司(Breeze Super)","city":"臺北市","district":"信義區","address":"臺北市信義區松智路17號B1F","sample_date":"2024-02-20","project_name":"油品抽驗計畫","product_category":"葡萄籽油","sample_item":"日清葡萄籽油","inspection_result":"不符合規定","violation_reason":"檢出反式脂肪酸甲基酯(15項) 0.88 g/100 mL，惟案內產品外包裝營養標示每份(10毫升)反式脂肪含量為「0」，標示不實。","postal_code":"110","source_type":"食品抽驗不合格","source_dataset":"臺北市衛生局食品抽驗不合格清冊","source_url":"https://data.taipei/api/dataset/09a917a0-0fb5-47e1-957c-5f1268fba517/resource/3fc106cb-c8aa-4f74-8dbc-3272c7ffcae0/download","geocoding_address":"臺北市信義區松智路17號B1F","location_method":"臺北市門牌位置數值資料","violation_count":1},"geometry":{"type":"Point","coordinates":[121.56577446874343,25.034435303788925]}},{"type":"Feature","properties":{"data_time":"2024-02-20","source_row_no":33,"name":"湘帝蔘茸有限公司","city":"臺北市","district":"大同區","address":"臺北市大同區迪化街1段58號1樓","sample_date":"2024-02-20","project_name":"茶葉、花草茶","product_category":"花草茶","sample_item":"薰衣草","inspection_result":"不符合規定","violation_reason":"殺蟲劑Acetamiprid\t亞滅培\n0.21ppm(標準：0.05ppm以下)","postal_code":"103","source_type":"食品抽驗不合格","source_dataset":"臺北市衛生局食品抽驗不合格清冊","source_url":"https://data.taipei/api/dataset/09a917a0-0fb5-47e1-957c-5f1268fba517/resource/3fc106cb-c8aa-4f74-8dbc-3272c7ffcae0/download","geocoding_address":"臺北市大同區迪化街1段58號1樓","location_method":"OpenStreetMap道路/地名定位","violation_count":1},"geometry":{"type":"Point","coordinates":[121.509465,25.0593569]}},{"type":"Feature","properties":{"data_time":"2024-02-20","source_row_no":34,"name":"閤家生活開發有限公司民權店(8% ice CAFÉ)","city":"臺北市","district":"中山區","address":"臺北市中山區民權東路1段79號1樓","sample_date":"2024-02-20","project_name":"茶葉、花草茶","product_category":"花草茶","sample_item":"蝶豆花","inspection_result":"不符合規定","violation_reason":"殺菌劑Carbendazim\t貝芬替\n0.21ppm(標準：0.05ppm以下)\t\n殺蟲劑Cypermethrin\t賽滅寧\n0.21ppm(標準：0.03ppm以下)\t\n殺蟲劑Fipronil\t芬普尼\n0.006ppm(標準：0.002ppm以下)\t\n殺蟲劑Imidacloprid\t益達胺\n0.29ppm(標準：0.05ppm以下)\t\n殺菌劑Isoprothiolane\t亞賜圃\n0.18ppm(標準：0.05ppm以下)","postal_code":"104","source_type":"食品抽驗不合格","source_dataset":"臺北市衛生局食品抽驗不合格清冊","source_url":"https://data.taipei/api/dataset/09a917a0-0fb5-47e1-957c-5f1268fba517/resource/3fc106cb-c8aa-4f74-8dbc-3272c7ffcae0/download","geocoding_address":"臺北市中山區民權東路1段79號1樓","location_method":"OpenStreetMap道路/地名定位","violation_count":1},"geometry":{"type":"Point","coordinates":[121.5240381,25.0628056]}},{"type":"Feature","properties":{"data_time":"2024-02-20","source_row_no":35,"name":"牙口義大利麵館","city":"臺北市","district":"北投區","address":"臺北市北投區大興街9巷45號","sample_date":"2024-02-20","project_name":"茶葉、花草茶","product_category":"花草茶","sample_item":"粉紅玫瑰","inspection_result":"不符合規定","violation_reason":"殺蟲劑Phosalone裕必松 \n0.19 pm（標準：不得檢出）","postal_code":"112","source_type":"食品抽驗不合格","source_dataset":"臺北市衛生局食品抽驗不合格清冊","source_url":"https://data.taipei/api/dataset/09a917a0-0fb5-47e1-957c-5f1268fba517/resource/3fc106cb-c8aa-4f74-8dbc-3272c7ffcae0/download","geocoding_address":"臺北市北投區大興街9巷45號","location_method":"臺北市門牌位置數值資料","violation_count":1},"geometry":{"type":"Point","coordinates":[121.49715821216873,25.13090750848943]}},{"type":"Feature","properties":{"data_time":"2024-02-21","source_row_no":36,"name":"棋軒實業有限公司(棋美點心屋)","city":"臺北市","district":"大安區","address":"臺北市大安區復興南路2段292號","sample_date":"2024-02-21","project_name":"茶葉、花草茶","product_category":"花草茶","sample_item":"乾燥蝶豆花20G","inspection_result":"不符合規定","violation_reason":"殺蟲劑Cypermethrin\t賽滅寧\n0.11ppm(標準：0.03ppm以下)","postal_code":"106","source_type":"食品抽驗不合格","source_dataset":"臺北市衛生局食品抽驗不合格清冊","source_url":"https://data.taipei/api/dataset/09a917a0-0fb5-47e1-957c-5f1268fba517/resource/3fc106cb-c8aa-4f74-8dbc-3272c7ffcae0/download","geocoding_address":"臺北市大安區復興南路2段292號","location_method":"OpenStreetMap道路/地名定位","violation_count":1},"geometry":{"type":"Point","coordinates":[121.5434481,25.0231578]}},{"type":"Feature","properties":{"data_time":"2024-02-22","source_row_no":37,"name":"運立國際有限公司","city":"臺北市","district":"內湖區","address":"臺北市內湖區基湖路35巷16號4樓","sample_date":"2024-02-22","project_name":"茶葉、花草茶","product_category":"花草茶","sample_item":"大馬士革玫瑰花茶","inspection_result":"不符合規定","violation_reason":"殺蟲劑Cypermethrin\t賽滅寧\n0.04ppm(標準：0.03ppm以下)\t\n殺蟲劑Deltamethrin\t第滅寧\n0.04ppm(標準：0.03ppm以下)\n殺菌劑Tebuconazole\t得克利\n0.72ppm(標準：0.05ppm以下)","postal_code":"114","source_type":"食品抽驗不合格","source_dataset":"臺北市衛生局食品抽驗不合格清冊","source_url":"https://data.taipei/api/dataset/09a917a0-0fb5-47e1-957c-5f1268fba517/resource/3fc106cb-c8aa-4f74-8dbc-3272c7ffcae0/download","geocoding_address":"臺北市內湖區基湖路35巷16號4樓","location_method":"臺北市門牌位置數值資料","violation_count":1},"geometry":{"type":"Point","coordinates":[121.56621985003139,25.079266231129115]}},{"type":"Feature","properties":{"data_time":"2024-02-23","source_row_no":38,"name":"燒杯咖啡餐坊(燒杯咖啡藝廚)","city":"臺北市","district":"萬華區","address":"臺北市萬華區西園路1段240號1樓","sample_date":"2024-02-23","project_name":"茶葉、花草茶","product_category":"花草茶","sample_item":"紫玫瑰花","inspection_result":"不符合規定","violation_reason":"殺蟲劑Omethoate\t歐滅松\n0.07ppm(標準：不得檢出)","postal_code":"108","source_type":"食品抽驗不合格","source_dataset":"臺北市衛生局食品抽驗不合格清冊","source_url":"https://data.taipei/api/dataset/09a917a0-0fb5-47e1-957c-5f1268fba517/resource/3fc106cb-c8aa-4f74-8dbc-3272c7ffcae0/download","geocoding_address":"臺北市萬華區西園路1段240號1樓","location_method":"OpenStreetMap道路/地名定位","violation_count":1},"geometry":{"type":"Point","coordinates":[121.4999238,25.0407092]}},{"type":"Feature","properties":{"data_time":"2024-02-23","source_row_no":39,"name":"象泰泰手工泰式奶茶店(象泰泰)","city":"臺北市","district":"萬華區","address":"臺北市萬華區武昌街2段100號1樓","sample_date":"2024-02-23","project_name":"茶葉、花草茶","product_category":"花草茶","sample_item":"蝶豆花","inspection_result":"不符合規定","violation_reason":"殺蟲劑Bifenthrin\t畢芬寧\n0.07ppm(標準：0.03ppm以下)\n殺蟲劑Cypermethrin\t賽滅寧\n0.06ppm(標準：0.03ppm以下)\n殺蟲劑Fipronil\t芬普尼\n0.003ppm(標準：0.002ppm以下)\t\n殺蟲劑Triazophos\t三落松\n0.08ppm(標準：0.05ppm以下)","postal_code":"108","source_type":"食品抽驗不合格","source_dataset":"臺北市衛生局食品抽驗不合格清冊","source_url":"https://data.taipei/api/dataset/09a917a0-0fb5-47e1-957c-5f1268fba517/resource/3fc106cb-c8aa-4f74-8dbc-3272c7ffcae0/download","geocoding_address":"臺北市萬華區武昌街2段100號1樓","location_method":"OpenStreetMap道路/地名定位","violation_count":1},"geometry":{"type":"Point","coordinates":[121.5070636,25.0446814]}},{"type":"Feature","properties":{"data_time":"2024-02-23","source_row_no":40,"name":"非凡品樂有限公司(HERITAGE)","city":"臺北市","district":"中正區","address":"臺北市中正區漢口街1段73之2號1樓","sample_date":"2024-02-23","project_name":"茶葉、花草茶","product_category":"花草茶","sample_item":"洋甘菊花茶","inspection_result":"不符合規定","violation_reason":"殺菌劑Triadimenol\t三泰隆\n0.27ppm(標準：0.05ppm以下)","postal_code":"100","source_type":"食品抽驗不合格","source_dataset":"臺北市衛生局食品抽驗不合格清冊","source_url":"https://data.taipei/api/dataset/09a917a0-0fb5-47e1-957c-5f1268fba517/resource/3fc106cb-c8aa-4f74-8dbc-3272c7ffcae0/download","geocoding_address":"臺北市中正區漢口街1段73之2號1樓","location_method":"OpenStreetMap道路/地名定位","violation_count":1},"geometry":{"type":"Point","coordinates":[121.5103767,25.0451622]}},{"type":"Feature","properties":{"data_time":"2024-02-22","source_row_no":41,"name":"伍五伍商行(泰讚了thai like tea市民店)","city":"臺北市","district":"松山區","address":"臺北市松山區市民大道5段37號","sample_date":"2024-02-22","project_name":"茶葉、花草茶","product_category":"花草茶","sample_item":"蝶豆花","inspection_result":"不符合規定","violation_reason":"殺蟲劑Cypermethrin\t賽滅寧0.04ppm(標準：0.03ppm以下)","postal_code":"105","source_type":"食品抽驗不合格","source_dataset":"臺北市衛生局食品抽驗不合格清冊","source_url":"https://data.taipei/api/dataset/09a917a0-0fb5-47e1-957c-5f1268fba517/resource/3fc106cb-c8aa-4f74-8dbc-3272c7ffcae0/download","geocoding_address":"臺北市松山區市民大道5段37號","location_method":"OpenStreetMap道路/地名定位","violation_count":1},"geometry":{"type":"Point","coordinates":[121.5681201,25.0489276]}},{"type":"Feature","properties":{"data_time":"2024-03-05","source_row_no":44,"name":"3446何O獅","city":"臺北市","district":"萬華區","address":"臺北市萬華區萬大路533號地號930","sample_date":"2024-03-05","project_name":"蔬果","product_category":"香辛植物及其他草木本植物","sample_item":"義大利芹菜(歐芹)(巴西利)","inspection_result":"不符合規定","violation_reason":"殺蟲劑Acetamiprid\t亞滅培0.37ppm(標準：0.01ppm以下)\t\n殺菌劑Dimethomorph\t達滅芬0.62ppm(標準：0.01ppm以下)\t\n殺蟲劑Dinotefuran\t達特南0.03ppm(標準：不得檢出)\t\n殺蟲劑Methomyl\t納乃得2.28ppm(標準：不得檢出)\t\n殺菌劑Pyraclostrobin\t百克敏0.12ppm(標準：0.01ppm以下)\t\n殺蟲劑Thiodicarb\t硫敵克0.03ppm(標準：0.01ppm以下)","postal_code":"108","source_type":"食品抽驗不合格","source_dataset":"臺北市衛生局食品抽驗不合格清冊","source_url":"https://data.taipei/api/dataset/09a917a0-0fb5-47e1-957c-5f1268fba517/resource/3fc106cb-c8aa-4f74-8dbc-3272c7ffcae0/download","geocoding_address":"臺北市萬華區萬大路533號地號930","location_method":"臺北市門牌位置數值資料","violation_count":1},"geometry":{"type":"Point","coordinates":[121.49713199522044,25.018499829728977]}},{"type":"Feature","properties":{"data_time":"2024-03-05","source_row_no":45,"name":"陳O明（","city":"臺北市","district":"中山區","address":"臺北市中山區民族東路410巷55號門口前/榮濱市場路邊攤）","sample_date":"2024-03-05","project_name":"蔬果","product_category":"香辛植物及其他草木本植物","sample_item":"香菜(芫荽)","inspection_result":"不符合規定","violation_reason":"殺菌劑Dimethomorph\t達滅芬0.02ppm(標準：0.01ppm以下)\t\n殺菌劑Propamocarb hydrochloride\t普拔克0.21ppm(標準：0.01ppm以下)\t\n殺蟲劑Terbufos\t托福松0.05ppm(標準：不得檢出)","postal_code":"104","source_type":"食品抽驗不合格","source_dataset":"臺北市衛生局食品抽驗不合格清冊","source_url":"https://data.taipei/api/dataset/09a917a0-0fb5-47e1-957c-5f1268fba517/resource/3fc106cb-c8aa-4f74-8dbc-3272c7ffcae0/download","geocoding_address":"臺北市中山區民族東路410巷55號門口前/榮濱市場路邊攤）","location_method":"臺北市門牌位置數值資料","violation_count":1},"geometry":{"type":"Point","coordinates":[121.538407398772,25.065110953366503]}},{"type":"Feature","properties":{"data_time":"2024-03-04","source_row_no":47,"name":"天寶小吃店(全國健康素食)","city":"臺北市","district":"士林區","address":"臺北市士林區天母西路32號","sample_date":"2024-03-04","project_name":"蔬果","product_category":"豆菜類","sample_item":"青菜豆(豇豆)","inspection_result":"不符合規定","violation_reason":"殺蟎劑Formetanate\t覆滅蟎0.40ppm(標準：不得檢出)\t\n殺蟲劑Thiamethoxam\t賽速安0.04ppm(標準：0.02ppm以下)","postal_code":"111","source_type":"食品抽驗不合格","source_dataset":"臺北市衛生局食品抽驗不合格清冊","source_url":"https://data.taipei/api/dataset/09a917a0-0fb5-47e1-957c-5f1268fba517/resource/3fc106cb-c8aa-4f74-8dbc-3272c7ffcae0/download","geocoding_address":"臺北市士林區天母西路32號","location_method":"臺北市門牌位置數值資料","violation_count":1},"geometry":{"type":"Point","coordinates":[121.52631081934832,25.11834725866931]}},{"type":"Feature","properties":{"data_time":"2024-03-06","source_row_no":48,"name":"大地美饌有限公司(KiKi餐廳)","city":"臺北市","district":"信義區","address":"臺北市信義區松壽路12號6樓","sample_date":"2024-03-06","project_name":"蔬果","product_category":"小葉菜類","sample_item":"韭菜花","inspection_result":"不符合規定","violation_reason":"殺菌劑Cyproconazole\t環克座0.3ppm(標準：0.2ppm以下)\t\n殺蟎劑Spirodiclofen\t賜派芬0.81ppm(標準：0.01ppm以下)","postal_code":"110","source_type":"食品抽驗不合格","source_dataset":"臺北市衛生局食品抽驗不合格清冊","source_url":"https://data.taipei/api/dataset/09a917a0-0fb5-47e1-957c-5f1268fba517/resource/3fc106cb-c8aa-4f74-8dbc-3272c7ffcae0/download","geocoding_address":"臺北市信義區松壽路12號6樓","location_method":"臺北市門牌位置數值資料","violation_count":1},"geometry":{"type":"Point","coordinates":[121.56602091453597,25.03566809663475]}},{"type":"Feature","properties":{"data_time":"2024-03-05","source_row_no":49,"name":"吳O玲","city":"臺北市","district":"中山區","address":"臺北市中山區民族東路410巷2弄10號前榮濱市場路邊攤","sample_date":"2024-03-05","project_name":"蔬果","product_category":"根莖菜類","sample_item":"白蘿蔔5A3","inspection_result":"不符合規定","violation_reason":"殺蟲劑Dinotefuran\t達特南0.17ppm(標準：0.05ppm以下)\t\n殺蟲劑Malathion\t馬拉松0.02ppm(標準：0.01ppm以下)","postal_code":"104","source_type":"食品抽驗不合格","source_dataset":"臺北市衛生局食品抽驗不合格清冊","source_url":"https://data.taipei/api/dataset/09a917a0-0fb5-47e1-957c-5f1268fba517/resource/3fc106cb-c8aa-4f74-8dbc-3272c7ffcae0/download","geocoding_address":"臺北市中山區民族東路410巷2弄10號前榮濱市場路邊攤","location_method":"臺北市門牌位置數值資料","violation_count":1},"geometry":{"type":"Point","coordinates":[121.5377486721255,25.066752362274723]}},{"type":"Feature","properties":{"data_time":"2024-03-04","source_row_no":51,"name":"天寶小吃店(全國健康素食)","city":"臺北市","district":"士林區","address":"臺北市士林區天母西路32號","sample_date":"2024-03-04","project_name":"蔬果","product_category":"小葉菜類","sample_item":"九層塔(羅勒)","inspection_result":"不符合規定","violation_reason":"殺蟲劑Chlorpyrifos\t陶斯松0.28ppm(標準：0.01ppm以下)","postal_code":"111","source_type":"食品抽驗不合格","source_dataset":"臺北市衛生局食品抽驗不合格清冊","source_url":"https://data.taipei/api/dataset/09a917a0-0fb5-47e1-957c-5f1268fba517/resource/3fc106cb-c8aa-4f74-8dbc-3272c7ffcae0/download","geocoding_address":"臺北市士林區天母西路32號","location_method":"臺北市門牌位置數值資料","violation_count":1},"geometry":{"type":"Point","coordinates":[121.52631081934832,25.11834725866931]}},{"type":"Feature","properties":{"data_time":"2024-03-06","source_row_no":52,"name":"無市招菜攤（邵O祥","city":"臺北市","district":"信義區","address":"臺北市信義區虎林街122號）","sample_date":"2024-03-06","project_name":"蔬果","product_category":"小葉菜類","sample_item":"青蔥粉蔥","inspection_result":"不符合規定","violation_reason":"殺蟎劑Spirodiclofen\t賜派芬0.08ppm(標準：0.01ppm以下)","postal_code":"110","source_type":"食品抽驗不合格","source_dataset":"臺北市衛生局食品抽驗不合格清冊","source_url":"https://data.taipei/api/dataset/09a917a0-0fb5-47e1-957c-5f1268fba517/resource/3fc106cb-c8aa-4f74-8dbc-3272c7ffcae0/download","geocoding_address":"臺北市信義區虎林街122號）","location_method":"臺北市門牌位置數值資料","violation_count":1},"geometry":{"type":"Point","coordinates":[121.57677260408006,25.04195113388746]}},{"type":"Feature","properties":{"data_time":"2024-03-05","source_row_no":53,"name":"3232林O梅","city":"臺北市","district":"萬華區","address":"臺北市萬華區萬大路533號地號216","sample_date":"2024-03-05","project_name":"蔬果","product_category":"包葉菜類","sample_item":"白花椰菜","inspection_result":"不符合規定","violation_reason":"殺蟲劑Emamectin benzoate\t因滅汀0.34ppm(標準：0.05ppm以下)","postal_code":"108","source_type":"食品抽驗不合格","source_dataset":"臺北市衛生局食品抽驗不合格清冊","source_url":"https://data.taipei/api/dataset/09a917a0-0fb5-47e1-957c-5f1268fba517/resource/3fc106cb-c8aa-4f74-8dbc-3272c7ffcae0/download","geocoding_address":"臺北市萬華區萬大路533號地號216","location_method":"臺北市門牌位置數值資料","violation_count":1},"geometry":{"type":"Point","coordinates":[121.49713199522044,25.018499829728977]}},{"type":"Feature","properties":{"data_time":"2024-03-05","source_row_no":54,"name":"3576陳O利","city":"臺北市","district":"萬華區","address":"臺北市萬華區萬大路533號地號327","sample_date":"2024-03-05","project_name":"蔬果","product_category":"小葉菜類","sample_item":"青蔥","inspection_result":"不符合規定","violation_reason":"殺草劑Oxadiazon\t樂滅草0.03ppm(標準：0.01ppm以下)","postal_code":"108","source_type":"食品抽驗不合格","source_dataset":"臺北市衛生局食品抽驗不合格清冊","source_url":"https://data.taipei/api/dataset/09a917a0-0fb5-47e1-957c-5f1268fba517/resource/3fc106cb-c8aa-4f74-8dbc-3272c7ffcae0/download","geocoding_address":"臺北市萬華區萬大路533號地號327","location_method":"臺北市門牌位置數值資料","violation_count":1},"geometry":{"type":"Point","coordinates":[121.49713199522044,25.018499829728977]}},{"type":"Feature","properties":{"data_time":"2024-03-06","source_row_no":55,"name":"無市招菜攤(邵O祥)","city":"臺北市","district":"信義區","address":"臺北市信義區虎林街122號","sample_date":"2024-03-06","project_name":"蔬果","product_category":"小葉菜類","sample_item":"大芥菜","inspection_result":"不符合規定","violation_reason":"殺蟲劑Diflubenzuron二福隆2.4 ppm（標準：1.0 ppm以下）","postal_code":"110","source_type":"食品抽驗不合格","source_dataset":"臺北市衛生局食品抽驗不合格清冊","source_url":"https://data.taipei/api/dataset/09a917a0-0fb5-47e1-957c-5f1268fba517/resource/3fc106cb-c8aa-4f74-8dbc-3272c7ffcae0/download","geocoding_address":"臺北市信義區虎林街122號","location_method":"臺北市門牌位置數值資料","violation_count":1},"geometry":{"type":"Point","coordinates":[121.57677260408006,25.04195113388746]}},{"type":"Feature","properties":{"data_time":"2024-04-02","source_row_no":56,"name":"欣盛小吃店(晴光精緻自助餐)","city":"臺北市","district":"士林區","address":"臺北市士林區中正路363號","sample_date":"2024-04-02","project_name":"蔬果","product_category":"小葉菜類","sample_item":"九層塔(羅勒)","inspection_result":"不符合規定","violation_reason":"殺菌劑Azoxystrobin\t亞托敏1.2ppm(標準：1.0ppm以下)\t\n殺蟲劑Chlorpyrifos\t陶斯松0.04ppm(標準：不得檢出)\t\t\t\n殺菌劑Cyazofamid\t賽座滅0.04ppm(標準：0.01pm以下)\t\n殺草劑Oxadiazon\t樂滅草0.02ppm(標準：0.01ppm以下)","postal_code":"111","source_type":"食品抽驗不合格","source_dataset":"臺北市衛生局食品抽驗不合格清冊","source_url":"https://data.taipei/api/dataset/09a917a0-0fb5-47e1-957c-5f1268fba517/resource/3fc106cb-c8aa-4f74-8dbc-3272c7ffcae0/download","geocoding_address":"臺北市士林區中正路363號","location_method":"臺北市門牌位置數值資料","violation_count":1},"geometry":{"type":"Point","coordinates":[121.52202949013254,25.094280095188253]}},{"type":"Feature","properties":{"data_time":"2024-04-09","source_row_no":57,"name":"全國食養創作全自助餐復興店(全國素食精緻全自助餐)","city":"臺北市","district":"大安區","address":"臺北市大安區復興南路2段314號","sample_date":"2024-04-09","project_name":"蔬果","product_category":"小葉菜類","sample_item":"九層塔(羅勒)","inspection_result":"不符合規定","violation_reason":"殺蟲劑Chlorpyrifos陶斯松0.45ppm(標準：不得檢出)\n殺菌劑Cyazofamid\t賽座滅0.03ppm(標準：0.01ppm以下)\t\n殺蟲劑Imidacloprid\t益達胺1.2ppm(標準：1.0ppm以下)","postal_code":"106","source_type":"食品抽驗不合格","source_dataset":"臺北市衛生局食品抽驗不合格清冊","source_url":"https://data.taipei/api/dataset/09a917a0-0fb5-47e1-957c-5f1268fba517/resource/3fc106cb-c8aa-4f74-8dbc-3272c7ffcae0/download","geocoding_address":"臺北市大安區復興南路2段314號","location_method":"OpenStreetMap道路/地名定位","violation_count":1},"geometry":{"type":"Point","coordinates":[121.5434481,25.0231578]}},{"type":"Feature","properties":{"data_time":"2024-04-11","source_row_no":58,"name":"第一果菜批發市場王黃O彫","city":"臺北市","district":"萬華區","address":"臺北市萬華區萬大路533號地號410","sample_date":"2024-04-11","project_name":"蔬果","product_category":"小葉菜類","sample_item":"韭菜花","inspection_result":"不符合規定","violation_reason":"殺蟲劑3-羥基加保扶(3-OH Carbofuran)0.11ppm、加保扶(Carbofuran)0.41ppm、丁基加保扶(Carbosulfan)0.08ppm(標準：0.5ppm以下)\n殺蟎劑Spirodiclofen\t賜派芬0.02ppm(標準：0.01ppm以下)\t\n殺蟲劑\tTolfenpyrad\t脫芬瑞0.20ppm(標準：0.01ppm以下)","postal_code":"108","source_type":"食品抽驗不合格","source_dataset":"臺北市衛生局食品抽驗不合格清冊","source_url":"https://data.taipei/api/dataset/09a917a0-0fb5-47e1-957c-5f1268fba517/resource/3fc106cb-c8aa-4f74-8dbc-3272c7ffcae0/download","geocoding_address":"臺北市萬華區萬大路533號地號410","location_method":"臺北市門牌位置數值資料","violation_count":1},"geometry":{"type":"Point","coordinates":[121.49713199522044,25.018499829728977]}},{"type":"Feature","properties":{"data_time":"2024-04-11","source_row_no":59,"name":"祥和小吃店(祥和蔬食精緻料理)","city":"臺北市","district":"中正區","address":"臺北市中正區鎮江街1巷1號","sample_date":"2024-04-11","project_name":"蔬果","product_category":"小葉菜類","sample_item":"九層塔(羅勒)","inspection_result":"不符合規定","violation_reason":"殺草劑Ametryn草殺淨0.06ppm（ 標準： 不得檢出） \n殺菌劑Propamocarb hydrochloride普拔克13.9ppm（標準：10.0ppm以下）","postal_code":"100","source_type":"食品抽驗不合格","source_dataset":"臺北市衛生局食品抽驗不合格清冊","source_url":"https://data.taipei/api/dataset/09a917a0-0fb5-47e1-957c-5f1268fba517/resource/3fc106cb-c8aa-4f74-8dbc-3272c7ffcae0/download","geocoding_address":"臺北市中正區鎮江街1巷1號","location_method":"臺北市門牌位置數值資料","violation_count":1},"geometry":{"type":"Point","coordinates":[121.52177484306527,25.04437587110442]}},{"type":"Feature","properties":{"data_time":"2024-04-03","source_row_no":60,"name":"佰芸蔬菜行","city":"臺北市","district":"松山區","address":"臺北市松山區八德路3段74巷3弄18號","sample_date":"2024-04-03","project_name":"蔬果","product_category":"果菜類","sample_item":"朝天椒(辣椒)","inspection_result":"不符合規定","violation_reason":"殺蟲劑Buprofezin布芬淨0.02ppm（標準：不得檢出）\n殺菌劑Pyraclostrobin百克敏0.8ppm（標準：0.5ppm以下）","postal_code":"105","source_type":"食品抽驗不合格","source_dataset":"臺北市衛生局食品抽驗不合格清冊","source_url":"https://data.taipei/api/dataset/09a917a0-0fb5-47e1-957c-5f1268fba517/resource/3fc106cb-c8aa-4f74-8dbc-3272c7ffcae0/download","geocoding_address":"臺北市松山區八德路3段74巷3弄18號","location_method":"OpenStreetMap道路/地名定位","violation_count":1},"geometry":{"type":"Point","coordinates":[121.5501437,25.0481921]}},{"type":"Feature","properties":{"data_time":"2024-04-09","source_row_no":61,"name":"川妹子小吃店","city":"臺北市","district":"大安區","address":"臺北市大安區光復南路240巷52號","sample_date":"2024-04-09","project_name":"蔬果","product_category":"小葉菜類","sample_item":"韭菜花","inspection_result":"不符合規定","violation_reason":"殺蟲劑3-酮基加保扶（ 3-keto Carbofuran） 0.04ppm、3-羥基加保扶（ 3-OH Carbofuran）0.54ppm、加保扶（Carbofuran）1.06ppm、丁基加保扶（Carbosulfan）0.20ppm（標準：0.5ppm以下）\n殺蟎劑Spirodiclofen賜派芬0.11ppm（標準：0.01ppm以下）","postal_code":"106","source_type":"食品抽驗不合格","source_dataset":"臺北市衛生局食品抽驗不合格清冊","source_url":"https://data.taipei/api/dataset/09a917a0-0fb5-47e1-957c-5f1268fba517/resource/3fc106cb-c8aa-4f74-8dbc-3272c7ffcae0/download","geocoding_address":"臺北市大安區光復南路240巷52號","location_method":"臺北市門牌位置數值資料","violation_count":1},"geometry":{"type":"Point","coordinates":[121.55514186632057,25.04085989100704]}},{"type":"Feature","properties":{"data_time":"2024-04-02","source_row_no":62,"name":"丁O江蔬果行","city":"臺北市","district":"北投區","address":"臺北市北投區清江路35號","sample_date":"2024-04-02","project_name":"蔬果","product_category":"小葉菜類","sample_item":"青蒜","inspection_result":"不符合規定","violation_reason":"殺菌劑Fluxapyroxad\t氟克殺0.03ppm(標準：不得檢出)","postal_code":"112","source_type":"食品抽驗不合格","source_dataset":"臺北市衛生局食品抽驗不合格清冊","source_url":"https://data.taipei/api/dataset/09a917a0-0fb5-47e1-957c-5f1268fba517/resource/3fc106cb-c8aa-4f74-8dbc-3272c7ffcae0/download","geocoding_address":"臺北市北投區清江路35號","location_method":"臺北市門牌位置數值資料","violation_count":1},"geometry":{"type":"Point","coordinates":[121.50203937546023,25.1311846006945]}},{"type":"Feature","properties":{"data_time":"2024-04-03","source_row_no":63,"name":"陳O溪(第二果菜批發市場23-12號攤)","city":"臺北市","district":"中山區","address":"臺北市中山區民族東路336號1樓","sample_date":"2024-04-03","project_name":"蔬果","product_category":"根莖菜類","sample_item":"白蘿蔔","inspection_result":"不符合規定","violation_reason":"殺蟲劑Fipronil芬普尼0.006ppm、Fipronilsulfone芬普尼代謝物0.013ppm（標準：0.001ppm以下）","postal_code":"104","source_type":"食品抽驗不合格","source_dataset":"臺北市衛生局食品抽驗不合格清冊","source_url":"https://data.taipei/api/dataset/09a917a0-0fb5-47e1-957c-5f1268fba517/resource/3fc106cb-c8aa-4f74-8dbc-3272c7ffcae0/download","geocoding_address":"臺北市中山區民族東路336號1樓","location_method":"臺北市門牌位置數值資料","violation_count":1},"geometry":{"type":"Point","coordinates":[121.53734126764245,25.0679233527595]}},{"type":"Feature","properties":{"data_time":"2024-04-03","source_row_no":64,"name":"全國食養創作全自助餐","city":"臺北市","district":"松山區","address":"臺北市松山區南京東路5段123巷31號","sample_date":"2024-04-03","project_name":"蔬果","product_category":"小葉菜類","sample_item":"九層塔(羅勒)","inspection_result":"不符合規定","violation_reason":"殺菌劑Azoxystrobin亞托敏5.4ppm（標準：1.0ppm以下）","postal_code":"105","source_type":"食品抽驗不合格","source_dataset":"臺北市衛生局食品抽驗不合格清冊","source_url":"https://data.taipei/api/dataset/09a917a0-0fb5-47e1-957c-5f1268fba517/resource/3fc106cb-c8aa-4f74-8dbc-3272c7ffcae0/download","geocoding_address":"臺北市松山區南京東路5段123巷31號","location_method":"OpenStreetMap道路/地名定位","violation_count":1},"geometry":{"type":"Point","coordinates":[121.562368,25.0513869]}},{"type":"Feature","properties":{"data_time":"2024-04-10","source_row_no":65,"name":"瓦城泰統股份有限公司天母SOGO店(非常泰)","city":"臺北市","district":"士林區","address":"臺北市士林區中正路6段77號8樓","sample_date":"2024-04-10","project_name":"蔬果","product_category":"小葉菜類","sample_item":"青蔥","inspection_result":"不符合規定","violation_reason":"殺蟲劑Fipronil-sulfone芬普尼代謝物0.004ppm（標準：0.001ppm以下）","postal_code":"111","source_type":"食品抽驗不合格","source_dataset":"臺北市衛生局食品抽驗不合格清冊","source_url":"https://data.taipei/api/dataset/09a917a0-0fb5-47e1-957c-5f1268fba517/resource/3fc106cb-c8aa-4f74-8dbc-3272c7ffcae0/download","geocoding_address":"臺北市士林區中正路6段77號8樓","location_method":"行政區中心","violation_count":1},"geometry":{"type":"Point","coordinates":[121.54784050465886,25.129929575347283]}},{"type":"Feature","properties":{"data_time":"2024-04-03","source_row_no":66,"name":"高O松","city":"臺北市","district":"中山區","address":"臺北市中山區民族東路336號1樓第二果菜批發市場11-08號攤","sample_date":"2024-04-03","project_name":"蔬果","product_category":"小葉菜類","sample_item":"青蔥","inspection_result":"不符合規定","violation_reason":"殺蟎劑\tSpirodiclofen\t賜派芬0.02ppm(標準：0.01ppm以下)","postal_code":"104","source_type":"食品抽驗不合格","source_dataset":"臺北市衛生局食品抽驗不合格清冊","source_url":"https://data.taipei/api/dataset/09a917a0-0fb5-47e1-957c-5f1268fba517/resource/3fc106cb-c8aa-4f74-8dbc-3272c7ffcae0/download","geocoding_address":"臺北市中山區民族東路336號1樓第二果菜批發市場11-08號攤","location_method":"臺北市門牌位置數值資料","violation_count":1},"geometry":{"type":"Point","coordinates":[121.53734126764245,25.0679233527595]}},{"type":"Feature","properties":{"data_time":"2024-04-03","source_row_no":67,"name":"陳O宏(第二果菜批發市場23-11號攤","city":"臺北市","district":"中山區","address":"臺北市中山區民族東路336號）","sample_date":"2024-04-03","project_name":"蔬果","product_category":"小葉菜類","sample_item":"韭菜花","inspection_result":"不符合規定","violation_reason":"殺蟲劑3-keto Carbofuran3-酮基加保扶0.02ppm、3-O H C arbofuran3-羥基加保扶0.22ppm 、Carbofuran加保扶0.51ppm、Carbosulfan丁基加保扶0.05ppm（標準：0.5ppm以下）","postal_code":"104","source_type":"食品抽驗不合格","source_dataset":"臺北市衛生局食品抽驗不合格清冊","source_url":"https://data.taipei/api/dataset/09a917a0-0fb5-47e1-957c-5f1268fba517/resource/3fc106cb-c8aa-4f74-8dbc-3272c7ffcae0/download","geocoding_address":"臺北市中山區民族東路336號）","location_method":"臺北市門牌位置數值資料","violation_count":1},"geometry":{"type":"Point","coordinates":[121.53734126764245,25.0679233527595]}},{"type":"Feature","properties":{"data_time":"2024-04-09","source_row_no":68,"name":"全國食養創作全自助餐復興店(全國素食精緻全自助餐)","city":"臺北市","district":"大安區","address":"臺北市大安區復興南路2段314號","sample_date":"2024-04-09","project_name":"蔬果","product_category":"果菜類","sample_item":"辣椒條","inspection_result":"不符合規定","violation_reason":"殺蟲劑Chlorfenapyr\t克凡派0.7ppm(標準：0.5ppm以下)","postal_code":"106","source_type":"食品抽驗不合格","source_dataset":"臺北市衛生局食品抽驗不合格清冊","source_url":"https://data.taipei/api/dataset/09a917a0-0fb5-47e1-957c-5f1268fba517/resource/3fc106cb-c8aa-4f74-8dbc-3272c7ffcae0/download","geocoding_address":"臺北市大安區復興南路2段314號","location_method":"OpenStreetMap道路/地名定位","violation_count":1},"geometry":{"type":"Point","coordinates":[121.5434481,25.0231578]}},{"type":"Feature","properties":{"data_time":"2024-04-10","source_row_no":69,"name":"田中湯圓","city":"臺北市","district":"松山區","address":"臺北市松山區南京東路5段291巷10號","sample_date":"2024-04-10","project_name":"米濕製品","product_category":"糕粿類製品","sample_item":"蘿蔔糕","inspection_result":"不符合規定","violation_reason":"苯甲酸：2.9g/kg\n（標準：1.0g/kg）","postal_code":"105","source_type":"食品抽驗不合格","source_dataset":"臺北市衛生局食品抽驗不合格清冊","source_url":"https://data.taipei/api/dataset/09a917a0-0fb5-47e1-957c-5f1268fba517/resource/3fc106cb-c8aa-4f74-8dbc-3272c7ffcae0/download","geocoding_address":"臺北市松山區南京東路5段291巷10號","location_method":"OpenStreetMap道路/地名定位","violation_count":1},"geometry":{"type":"Point","coordinates":[121.562368,25.0513869]}},{"type":"Feature","properties":{"data_time":"2024-05-03","source_row_no":70,"name":"欣葉台菜信義新天地A9館","city":"臺北市","district":"信義區","address":"臺北市信義區松壽路9號8樓","sample_date":"2024-05-03","project_name":"蔬果","product_category":"小葉菜類","sample_item":"九層塔(羅勒)","inspection_result":"不符合規定","violation_reason":"殺菌劑Mandipropamid\t曼普胺0.06ppm(標準：不得檢出)\n殺菌劑Oxathiapiprolin\t歐西比0.01ppm(標準：不得檢出)","postal_code":"110","source_type":"食品抽驗不合格","source_dataset":"臺北市衛生局食品抽驗不合格清冊","source_url":"https://data.taipei/api/dataset/09a917a0-0fb5-47e1-957c-5f1268fba517/resource/3fc106cb-c8aa-4f74-8dbc-3272c7ffcae0/download","geocoding_address":"臺北市信義區松壽路9號8樓","location_method":"臺北市門牌位置數值資料","violation_count":1},"geometry":{"type":"Point","coordinates":[121.56666229822983,25.036081591023834]}},{"type":"Feature","properties":{"data_time":"2024-05-07","source_row_no":71,"name":"第一果菜批發市場地號433","city":"臺北市","district":"萬華區","address":"臺北市萬華區萬大路533號","sample_date":"2024-05-07","project_name":"蔬果","product_category":"小葉菜類","sample_item":"羅勒(九層塔)","inspection_result":"不符合規定","violation_reason":"殺草劑Ametryn\t草殺淨0.01ppm(標準：不得檢出)\t\n殺菌劑Dimethomorph\t達滅芬2.6ppm(標準：2.5ppm以下)","postal_code":"108","source_type":"食品抽驗不合格","source_dataset":"臺北市衛生局食品抽驗不合格清冊","source_url":"https://data.taipei/api/dataset/09a917a0-0fb5-47e1-957c-5f1268fba517/resource/3fc106cb-c8aa-4f74-8dbc-3272c7ffcae0/download","geocoding_address":"臺北市萬華區萬大路533號","location_method":"臺北市門牌位置數值資料","violation_count":1},"geometry":{"type":"Point","coordinates":[121.49713199522044,25.018499829728977]}},{"type":"Feature","properties":{"data_time":"2024-05-07","source_row_no":72,"name":"上禾食堂(潮味決湯滷專門店士林中正店)","city":"臺北市","district":"士林區","address":"臺北市士林區中正路358號","sample_date":"2024-05-07","project_name":"蔬果","product_category":"根莖菜類","sample_item":"白蘿蔔","inspection_result":"不符合規定","violation_reason":"殺蟲劑Thiamethoxam\t賽速安0.48ppm(標準：0.25ppm以下)\t\n殺蟲劑Trichlorfon\t三氯松0.04ppm(標準：0.01ppm以下)","postal_code":"111","source_type":"食品抽驗不合格","source_dataset":"臺北市衛生局食品抽驗不合格清冊","source_url":"https://data.taipei/api/dataset/09a917a0-0fb5-47e1-957c-5f1268fba517/resource/3fc106cb-c8aa-4f74-8dbc-3272c7ffcae0/download","geocoding_address":"臺北市士林區中正路358號","location_method":"臺北市門牌位置數值資料","violation_count":1},"geometry":{"type":"Point","coordinates":[121.52134713031184,25.09441177223628]}},{"type":"Feature","properties":{"data_time":"2024-05-09","source_row_no":73,"name":"協豐水果行","city":"臺北市","district":"中山區","address":"臺北市中山區民族東路336號6-08攤","sample_date":"2024-05-09","project_name":"蔬果","product_category":"梨果類","sample_item":"加州紅櫻桃","inspection_result":"不符合規定","violation_reason":"殺菌劑Mefentrifluconazole\t滅芬座0.12ppm(標準：不得檢出)","postal_code":"104","source_type":"食品抽驗不合格","source_dataset":"臺北市衛生局食品抽驗不合格清冊","source_url":"https://data.taipei/api/dataset/09a917a0-0fb5-47e1-957c-5f1268fba517/resource/3fc106cb-c8aa-4f74-8dbc-3272c7ffcae0/download","geocoding_address":"臺北市中山區民族東路336號6-08攤","location_method":"臺北市門牌位置數值資料","violation_count":1},"geometry":{"type":"Point","coordinates":[121.53734126764245,25.0679233527595]}},{"type":"Feature","properties":{"data_time":"2024-05-02","source_row_no":74,"name":"菓之鄉水果專賣店","city":"臺北市","district":"南港區","address":"臺北市南港區同德路60號","sample_date":"2024-05-02","project_name":"蔬果","product_category":"大漿果類","sample_item":"木瓜","inspection_result":"不符合規定","violation_reason":"殺蟎劑Bifenazate\t必芬蟎0.07ppm(標準：不得檢出)","postal_code":"115","source_type":"食品抽驗不合格","source_dataset":"臺北市衛生局食品抽驗不合格清冊","source_url":"https://data.taipei/api/dataset/09a917a0-0fb5-47e1-957c-5f1268fba517/resource/3fc106cb-c8aa-4f74-8dbc-3272c7ffcae0/download","geocoding_address":"臺北市南港區同德路60號","location_method":"臺北市門牌位置數值資料","violation_count":1},"geometry":{"type":"Point","coordinates":[121.58491994756332,25.045513276874054]}},{"type":"Feature","properties":{"data_time":"2024-05-02","source_row_no":75,"name":"幸福品味實業股份有限公司(美福食集)","city":"臺北市","district":"內湖區","address":"臺北市內湖區民善街128號","sample_date":"2024-05-02","project_name":"蔬果","product_category":"小葉菜類","sample_item":"台灣特選韭菜花","inspection_result":"不符合規定","violation_reason":"殺蟎劑Fenbutatin-oxide\t芬佈賜0.03ppm(標準：不得檢出)","postal_code":"114","source_type":"食品抽驗不合格","source_dataset":"臺北市衛生局食品抽驗不合格清冊","source_url":"https://data.taipei/api/dataset/09a917a0-0fb5-47e1-957c-5f1268fba517/resource/3fc106cb-c8aa-4f74-8dbc-3272c7ffcae0/download","geocoding_address":"臺北市內湖區民善街128號","location_method":"臺北市門牌位置數值資料","violation_count":1},"geometry":{"type":"Point","coordinates":[121.57502773218005,25.061380133624915]}},{"type":"Feature","properties":{"data_time":"2024-05-01","source_row_no":76,"name":"鼎皇麻辣火鍋店(天外天麻辣火鍋)","city":"臺北市","district":"中山區","address":"臺北市中山區民權東路2段1號","sample_date":"2024-05-01","project_name":"蔬果","product_category":"大漿果類","sample_item":"百香果","inspection_result":"不符合規定","violation_reason":"殺蟲劑Cyromazine\t賽滅淨0.02ppm(標準：不得檢出)","postal_code":"104","source_type":"食品抽驗不合格","source_dataset":"臺北市衛生局食品抽驗不合格清冊","source_url":"https://data.taipei/api/dataset/09a917a0-0fb5-47e1-957c-5f1268fba517/resource/3fc106cb-c8aa-4f74-8dbc-3272c7ffcae0/download","geocoding_address":"臺北市中山區民權東路2段1號","location_method":"OpenStreetMap道路/地名定位","violation_count":1},"geometry":{"type":"Point","coordinates":[121.5284386,25.0625375]}},{"type":"Feature","properties":{"data_time":"2024-05-02","source_row_no":77,"name":"嘉年華小吃店","city":"臺北市","district":"南港區","address":"臺北市南港區同德路72號1樓","sample_date":"2024-05-02","project_name":"蔬果","product_category":"小葉菜類","sample_item":"紅鳳菜","inspection_result":"不符合規定","violation_reason":"殺菌劑Fenoxanil\t芬諾尼0.01ppm(標準：不得檢出)","postal_code":"115","source_type":"食品抽驗不合格","source_dataset":"臺北市衛生局食品抽驗不合格清冊","source_url":"https://data.taipei/api/dataset/09a917a0-0fb5-47e1-957c-5f1268fba517/resource/3fc106cb-c8aa-4f74-8dbc-3272c7ffcae0/download","geocoding_address":"臺北市南港區同德路72號1樓","location_method":"臺北市門牌位置數值資料","violation_count":1},"geometry":{"type":"Point","coordinates":[121.58525275892505,25.045679744046662]}},{"type":"Feature","properties":{"data_time":"2024-05-07","source_row_no":78,"name":"田心蔬果(田進和)","city":"臺北市","district":"萬華區","address":"臺北市萬華區環河南路2段245號環南綜合市場蔬菜攤250號攤","sample_date":"2024-05-07","project_name":"蔬果","product_category":"小葉菜類","sample_item":"韭菜花","inspection_result":"不符合規定","violation_reason":"殺菌劑Cyprodinil\t賽普洛0.04ppm(標準：0.01ppm以下)","postal_code":"108","source_type":"食品抽驗不合格","source_dataset":"臺北市衛生局食品抽驗不合格清冊","source_url":"https://data.taipei/api/dataset/09a917a0-0fb5-47e1-957c-5f1268fba517/resource/3fc106cb-c8aa-4f74-8dbc-3272c7ffcae0/download","geocoding_address":"臺北市萬華區環河南路2段245號環南綜合市場蔬菜攤250號攤","location_method":"OpenStreetMap道路/地名定位","violation_count":1},"geometry":{"type":"Point","coordinates":[121.4895544,25.0300926]}},{"type":"Feature","properties":{"data_time":"2024-05-02","source_row_no":79,"name":"幸福品味實業股份有限公司(美福食集)","city":"臺北市","district":"內湖區","address":"臺北市內湖區民善街128號","sample_date":"2024-05-02","project_name":"蔬果","product_category":"小葉菜類","sample_item":"台灣特選九層塔","inspection_result":"不符合規定","violation_reason":"殺菌劑Pyraclostrobin\t百克敏0.03ppm(標準：0.01ppm以下)","postal_code":"114","source_type":"食品抽驗不合格","source_dataset":"臺北市衛生局食品抽驗不合格清冊","source_url":"https://data.taipei/api/dataset/09a917a0-0fb5-47e1-957c-5f1268fba517/resource/3fc106cb-c8aa-4f74-8dbc-3272c7ffcae0/download","geocoding_address":"臺北市內湖區民善街128號","location_method":"臺北市門牌位置數值資料","violation_count":1},"geometry":{"type":"Point","coordinates":[121.57502773218005,25.061380133624915]}},{"type":"Feature","properties":{"data_time":"2024-05-03","source_row_no":80,"name":"微風超市股份有限公司(微風超市南山店/Breeze Super)","city":"臺北市","district":"信義區","address":"臺北市信義區松智路17號B1","sample_date":"2024-05-03","project_name":"蔬果","product_category":"根莖菜類","sample_item":"白蘿蔔","inspection_result":"不符合規定","violation_reason":"殺蟲劑Dinotefuran\t達特南0.15ppm(標準：0.05ppm以下)","postal_code":"110","source_type":"食品抽驗不合格","source_dataset":"臺北市衛生局食品抽驗不合格清冊","source_url":"https://data.taipei/api/dataset/09a917a0-0fb5-47e1-957c-5f1268fba517/resource/3fc106cb-c8aa-4f74-8dbc-3272c7ffcae0/download","geocoding_address":"臺北市信義區松智路17號B1","location_method":"臺北市門牌位置數值資料","violation_count":1},"geometry":{"type":"Point","coordinates":[121.56577446874343,25.034435303788925]}},{"type":"Feature","properties":{"data_time":"2024-05-01","source_row_no":81,"name":"蔬菜攤","city":"臺北市","district":"中山區","address":"臺北市中山區龍江路179巷15之5號","sample_date":"2024-05-01","project_name":"蔬果","product_category":"小葉菜類","sample_item":"韭菜花","inspection_result":"不符合規定","violation_reason":"殺蟲劑Pyriproxyfen\t百利普芬0.19ppm(標準：0.01ppm以下)","postal_code":"104","source_type":"食品抽驗不合格","source_dataset":"臺北市衛生局食品抽驗不合格清冊","source_url":"https://data.taipei/api/dataset/09a917a0-0fb5-47e1-957c-5f1268fba517/resource/3fc106cb-c8aa-4f74-8dbc-3272c7ffcae0/download","geocoding_address":"臺北市中山區龍江路179巷15之5號","location_method":"臺北市門牌位置數值資料","violation_count":1},"geometry":{"type":"Point","coordinates":[121.54153483157707,25.055130811529864]}},{"type":"Feature","properties":{"data_time":"2024-04-09","source_row_no":82,"name":"六福開發股份有限公司南港分公司","city":"臺北市","district":"南港區","address":"臺北市南港區忠孝東路7段359號7樓","sample_date":"2024-04-09","project_name":"生鮮水產品","product_category":"蟹類","sample_item":"扁蟹","inspection_result":"不符合規定","violation_reason":"鎘：0.6mg/kg\n(標準：0.5mg/kg)","postal_code":"115","source_type":"食品抽驗不合格","source_dataset":"臺北市衛生局食品抽驗不合格清冊","source_url":"https://data.taipei/api/dataset/09a917a0-0fb5-47e1-957c-5f1268fba517/resource/3fc106cb-c8aa-4f74-8dbc-3272c7ffcae0/download","geocoding_address":"臺北市南港區忠孝東路7段359號7樓","location_method":"OpenStreetMap道路/地名定位","violation_count":1},"geometry":{"type":"Point","coordinates":[121.6072019,25.0521746]}},{"type":"Feature","properties":{"data_time":"2024-04-09","source_row_no":83,"name":"李碧綺號(南門鮮魚號)","city":"臺北市","district":"中正區","address":"臺北市中正區羅斯福路1路8號(南門市場B1-47)","sample_date":"2024-04-09","project_name":"生鮮水產品","product_category":"養殖魚類","sample_item":"黃魚","inspection_result":"不符合規定","violation_reason":"還原型結晶紫（leucocrystal violet, LCV） 0.6 ppb（標準\n：不得檢出）","postal_code":"100","source_type":"食品抽驗不合格","source_dataset":"臺北市衛生局食品抽驗不合格清冊","source_url":"https://data.taipei/api/dataset/09a917a0-0fb5-47e1-957c-5f1268fba517/resource/3fc106cb-c8aa-4f74-8dbc-3272c7ffcae0/download","geocoding_address":"臺北市中正區羅斯福路1路8號(南門市場B1-47)","location_method":"OpenStreetMap道路/地名定位","violation_count":1},"geometry":{"type":"Point","coordinates":[121.5309023,25.016761]}},{"type":"Feature","properties":{"data_time":"2024-05-31","source_row_no":84,"name":"民友商行（民友超級商店）","city":"臺北市","district":"士林區","address":"臺北市士林區中正路586巷20號","sample_date":"2024-05-31","project_name":"調味料","product_category":"辣椒粉","sample_item":"辣椒粉","inspection_result":"不符合規定","violation_reason":"二‧四地（2,4-D）:0.1ppm\n（標準:0.05ppm）","postal_code":"111","source_type":"食品抽驗不合格","source_dataset":"臺北市衛生局食品抽驗不合格清冊","source_url":"https://data.taipei/api/dataset/09a917a0-0fb5-47e1-957c-5f1268fba517/resource/3fc106cb-c8aa-4f74-8dbc-3272c7ffcae0/download","geocoding_address":"臺北市士林區中正路586巷20號","location_method":"臺北市門牌位置數值資料","violation_count":1},"geometry":{"type":"Point","coordinates":[121.51001140923043,25.087673841741243]}},{"type":"Feature","properties":{"data_time":"2024-05-15","source_row_no":85,"name":"一加一五金行","city":"臺北市","district":"北投區","address":"臺北市北投區中央南路1段154號","sample_date":"2024-05-15","project_name":"美耐皿","product_category":"塑膠類","sample_item":"101-1（2031）敦煌豆油池","inspection_result":"不符合規定","violation_reason":"本體未以印刷、打印或壓印方式標示耐熱溫度。","postal_code":"112","source_type":"食品抽驗不合格","source_dataset":"臺北市衛生局食品抽驗不合格清冊","source_url":"https://data.taipei/api/dataset/09a917a0-0fb5-47e1-957c-5f1268fba517/resource/3fc106cb-c8aa-4f74-8dbc-3272c7ffcae0/download","geocoding_address":"臺北市北投區中央南路1段154號","location_method":"OpenStreetMap道路/地名定位","violation_count":1},"geometry":{"type":"Point","coordinates":[121.5012429,25.1312202]}},{"type":"Feature","properties":{"data_time":"2024-05-17","source_row_no":86,"name":"嘉政國際有限公司","city":"臺北市","district":"萬華區","address":"臺北市萬華區環河南路1段181-6、181-7號1樓","sample_date":"2024-05-17","project_name":"美耐皿","product_category":"塑膠類","sample_item":"美耐皿餐具(湯匙)","inspection_result":"不符合規定","violation_reason":"1.未標示淨重、容量或數量。\n2.未標示湯匙耐熱溫度。","postal_code":"108","source_type":"食品抽驗不合格","source_dataset":"臺北市衛生局食品抽驗不合格清冊","source_url":"https://data.taipei/api/dataset/09a917a0-0fb5-47e1-957c-5f1268fba517/resource/3fc106cb-c8aa-4f74-8dbc-3272c7ffcae0/download","geocoding_address":"臺北市萬華區環河南路1段181-6、181-7號1樓","location_method":"OpenStreetMap道路/地名定位","violation_count":1},"geometry":{"type":"Point","coordinates":[121.5048903,25.0476069]}},{"type":"Feature","properties":{"data_time":"2024-06-06","source_row_no":87,"name":"甯臻恩飲料店(黑丸嫩仙草古亭店)","city":"臺北市","district":"中正區","address":"臺北市中正區同安街65號","sample_date":"2024-06-06","project_name":"散裝飲冰品及配料","product_category":"飲料","sample_item":"四季青茶(含冰塊)","inspection_result":"不符合規定","violation_reason":"腸桿菌科：1.6x10^3 CFU/mL\n(標準：10 CFU/mL)","postal_code":"100","source_type":"食品抽驗不合格","source_dataset":"臺北市衛生局食品抽驗不合格清冊","source_url":"https://data.taipei/api/dataset/09a917a0-0fb5-47e1-957c-5f1268fba517/resource/3fc106cb-c8aa-4f74-8dbc-3272c7ffcae0/download","geocoding_address":"臺北市中正區同安街65號","location_method":"臺北市門牌位置數值資料","violation_count":1},"geometry":{"type":"Point","coordinates":[121.5215623288425,25.02381289257593]}},{"type":"Feature","properties":{"data_time":"2024-06-05","source_row_no":88,"name":"珍煮丹股份有限公司內湖江南分公司","city":"臺北市","district":"內湖區","address":"臺北市內湖區江南街108號1樓","sample_date":"2024-06-05","project_name":"散裝飲冰品及配料","product_category":"飲料","sample_item":"橙香鮮茶(原汁含冰塊不含配料)","inspection_result":"不符合規定","violation_reason":"腸桿菌科：18 CFU/mL\n(標準：10 CFU/mL)","postal_code":"114","source_type":"食品抽驗不合格","source_dataset":"臺北市衛生局食品抽驗不合格清冊","source_url":"https://data.taipei/api/dataset/09a917a0-0fb5-47e1-957c-5f1268fba517/resource/3fc106cb-c8aa-4f74-8dbc-3272c7ffcae0/download","geocoding_address":"臺北市內湖區江南街108號1樓","location_method":"臺北市門牌位置數值資料","violation_count":1},"geometry":{"type":"Point","coordinates":[121.57655747750796,25.076848225437516]}},{"type":"Feature","properties":{"data_time":"2024-05-07","source_row_no":89,"name":"崑成商行(酷加飲品)","city":"臺北市","district":"中山區","address":"臺北市中山區龍江路342巷23號","sample_date":"2024-05-07","project_name":"散裝飲冰品及配料","product_category":"配料","sample_item":"魔法水晶","inspection_result":"不符合規定","violation_reason":"己二烯酸：0.33g/kg\n(標準：不得檢出)","postal_code":"104","source_type":"食品抽驗不合格","source_dataset":"臺北市衛生局食品抽驗不合格清冊","source_url":"https://data.taipei/api/dataset/09a917a0-0fb5-47e1-957c-5f1268fba517/resource/3fc106cb-c8aa-4f74-8dbc-3272c7ffcae0/download","geocoding_address":"臺北市中山區龍江路342巷23號","location_method":"臺北市門牌位置數值資料","violation_count":1},"geometry":{"type":"Point","coordinates":[121.5398088603505,25.065627560259454]}},{"type":"Feature","properties":{"data_time":"2024-06-05","source_row_no":90,"name":"沐鑫國際餐飲有限公司(烈奶茶忠孝復興店)","city":"臺北市","district":"大安區","address":"臺北市大安區復興南路1段133號","sample_date":"2024-06-05","project_name":"散裝飲冰品及配料","product_category":"飲料","sample_item":"金麥文火烏龍(含冰)","inspection_result":"不符合規定","violation_reason":"腸桿菌科：4.6x10^4 CFU/mL\n(標準：10 CFU/mL)","postal_code":"106","source_type":"食品抽驗不合格","source_dataset":"臺北市衛生局食品抽驗不合格清冊","source_url":"https://data.taipei/api/dataset/09a917a0-0fb5-47e1-957c-5f1268fba517/resource/3fc106cb-c8aa-4f74-8dbc-3272c7ffcae0/download","geocoding_address":"臺北市大安區復興南路1段133號","location_method":"OpenStreetMap道路/地名定位","violation_count":1},"geometry":{"type":"Point","coordinates":[121.5436866,25.0398576]}},{"type":"Feature","properties":{"data_time":"2024-06-06","source_row_no":91,"name":"杏玥冰坊","city":"臺北市","district":"萬華區","address":"臺北市萬華區寶興街129號1樓","sample_date":"2024-06-06","project_name":"散裝飲冰品及配料","product_category":"冰品","sample_item":"紅豆牛奶冰(不含配料)","inspection_result":"不符合規定","violation_reason":"腸桿菌科：2.6x10^3 CFU/g\n(標準：10 CFU/g)","postal_code":"108","source_type":"食品抽驗不合格","source_dataset":"臺北市衛生局食品抽驗不合格清冊","source_url":"https://data.taipei/api/dataset/09a917a0-0fb5-47e1-957c-5f1268fba517/resource/3fc106cb-c8aa-4f74-8dbc-3272c7ffcae0/download","geocoding_address":"臺北市萬華區寶興街129號1樓","location_method":"臺北市門牌位置數值資料","violation_count":1},"geometry":{"type":"Point","coordinates":[121.49489117203127,25.02503515409104]}},{"type":"Feature","properties":{"data_time":"2024-06-13","source_row_no":92,"name":"橫濱牛排南京微風店","city":"臺北市","district":"松山區","address":"臺北市松山區南京東路3段337號3樓","sample_date":"2024-06-13","project_name":"散裝飲冰品及配料","product_category":"冰品","sample_item":"香草霜淇淋","inspection_result":"不符合規定","violation_reason":"腸桿菌科：5.4x10^2 CFU/g\n(標準：10 CFU/g)","postal_code":"105","source_type":"食品抽驗不合格","source_dataset":"臺北市衛生局食品抽驗不合格清冊","source_url":"https://data.taipei/api/dataset/09a917a0-0fb5-47e1-957c-5f1268fba517/resource/3fc106cb-c8aa-4f74-8dbc-3272c7ffcae0/download","geocoding_address":"臺北市松山區南京東路3段337號3樓","location_method":"OpenStreetMap道路/地名定位","violation_count":1},"geometry":{"type":"Point","coordinates":[121.5476333,25.0518444]}},{"type":"Feature","properties":{"data_time":"2024-06-13","source_row_no":93,"name":"馬祖奶茶(文山木新店)","city":"臺北市","district":"文山區","address":"臺北市文山區木新路3段33號","sample_date":"2024-06-13","project_name":"散裝飲冰品及配料","product_category":"飲料","sample_item":"馬祖奶茶(不含冰塊不含配料)","inspection_result":"不符合規定","violation_reason":"腸桿菌科：1.7x10^4 CFU/mL\n(標準：10 CFU/mL)","postal_code":"116","source_type":"食品抽驗不合格","source_dataset":"臺北市衛生局食品抽驗不合格清冊","source_url":"https://data.taipei/api/dataset/09a917a0-0fb5-47e1-957c-5f1268fba517/resource/3fc106cb-c8aa-4f74-8dbc-3272c7ffcae0/download","geocoding_address":"臺北市文山區木新路3段33號","location_method":"OpenStreetMap道路/地名定位","violation_count":1},"geometry":{"type":"Point","coordinates":[121.554768,24.9802151]}},{"type":"Feature","properties":{"data_time":"2024-06-13","source_row_no":94,"name":"Journey Kaffe覺旅咖啡-陽光分公司","city":"臺北市","district":"內湖區","address":"臺北市內湖區陽光街321巷42號","sample_date":"2024-06-13","project_name":"散裝飲冰品及配料","product_category":"冰品","sample_item":"巧克力香蕉冰沙","inspection_result":"不符合規定","violation_reason":"腸桿菌科：3.2x10^2 CFU/g\n(標準：10 CFU/g)","postal_code":"114","source_type":"食品抽驗不合格","source_dataset":"臺北市衛生局食品抽驗不合格清冊","source_url":"https://data.taipei/api/dataset/09a917a0-0fb5-47e1-957c-5f1268fba517/resource/3fc106cb-c8aa-4f74-8dbc-3272c7ffcae0/download","geocoding_address":"臺北市內湖區陽光街321巷42號","location_method":"臺北市門牌位置數值資料","violation_count":1},"geometry":{"type":"Point","coordinates":[121.57814194145465,25.071772189169504]}},{"type":"Feature","properties":{"data_time":"2024-06-05","source_row_no":95,"name":"果粉水果行(果粉水果超市汀州店)","city":"臺北市","district":"中正區","address":"臺北市中正區汀州路2段335號","sample_date":"2024-06-05","project_name":"蔬果","product_category":"豆菜類","sample_item":"豌豆","inspection_result":"不符合規定","violation_reason":"殺菌劑Bupirimate\t布瑞莫0.02ppm(標準：0.01ppm以下)\t\n殺菌劑Prochloraz\t撲克拉0.69ppm(標準：0.01ppm以下)\t\n殺蟲劑Pyriproxyfen\t百利普芬0.6ppm(標準：0.2ppm以下)\t\n殺蟲劑Spinetoram\t賜諾特0.08ppm(標準：0.05ppm以下)\t\n殺蟲劑Tolfenpyrad\t脫芬瑞0.07ppm(標準：0.01ppm以下)","postal_code":"100","source_type":"食品抽驗不合格","source_dataset":"臺北市衛生局食品抽驗不合格清冊","source_url":"https://data.taipei/api/dataset/09a917a0-0fb5-47e1-957c-5f1268fba517/resource/3fc106cb-c8aa-4f74-8dbc-3272c7ffcae0/download","geocoding_address":"臺北市中正區汀州路2段335號","location_method":"OpenStreetMap道路/地名定位","violation_count":1},"geometry":{"type":"Point","coordinates":[121.5187973,25.0250891]}},{"type":"Feature","properties":{"data_time":"2024-06-05","source_row_no":96,"name":"詠鑽蔬果專賣店(新天地蔬果量販店)","city":"臺北市","district":"士林區","address":"臺北市士林區美崙街18號1樓","sample_date":"2024-06-05","project_name":"蔬果","product_category":"豆菜類","sample_item":"豌豆","inspection_result":"不符合規定","violation_reason":"殺菌劑Diniconazole\t達克利0.05ppm(標準：不得檢出)\t\n殺線蟲劑Fosthiazate\t福賽絕0.01ppm(標準：不得檢出)\t\n殺蟲劑Thiamethoxam\t賽速安0.06ppm(標準：0.02ppm以下)","postal_code":"111","source_type":"食品抽驗不合格","source_dataset":"臺北市衛生局食品抽驗不合格清冊","source_url":"https://data.taipei/api/dataset/09a917a0-0fb5-47e1-957c-5f1268fba517/resource/3fc106cb-c8aa-4f74-8dbc-3272c7ffcae0/download","geocoding_address":"臺北市士林區美崙街18號1樓","location_method":"臺北市門牌位置數值資料","violation_count":1},"geometry":{"type":"Point","coordinates":[121.52325924803156,25.097293393413896]}},{"type":"Feature","properties":{"data_time":"2024-06-05","source_row_no":97,"name":"果粉水果行(果粉水果超市汀州店)","city":"臺北市","district":"中正區","address":"臺北市中正區汀州路2段335號","sample_date":"2024-06-05","project_name":"蔬果","product_category":"核果類","sample_item":"玉荷包(荔枝)","inspection_result":"不符合規定","violation_reason":"殺蟲劑Chlorpyrifos陶斯松1.14ppm(標準：不得檢出) \n殺蟲劑Fenvalerate\t芬化利1.2ppm(標準：1.0ppm以下)\t\n殺蟲劑Permethrin\t百滅寧0.97ppm(標準：0.01ppm以下)","postal_code":"100","source_type":"食品抽驗不合格","source_dataset":"臺北市衛生局食品抽驗不合格清冊","source_url":"https://data.taipei/api/dataset/09a917a0-0fb5-47e1-957c-5f1268fba517/resource/3fc106cb-c8aa-4f74-8dbc-3272c7ffcae0/download","geocoding_address":"臺北市中正區汀州路2段335號","location_method":"OpenStreetMap道路/地名定位","violation_count":1},"geometry":{"type":"Point","coordinates":[121.5187973,25.0250891]}},{"type":"Feature","properties":{"data_time":"2024-06-05","source_row_no":98,"name":"","city":"臺北市","district":"萬華區","address":"臺北市萬華區萬大路533號第一果菜批發市場地號137","sample_date":"2024-06-05","project_name":"蔬果","product_category":"小葉菜類","sample_item":"韭菜花","inspection_result":"不符合規定","violation_reason":"殺蟲劑Acetamiprid\t亞滅培0.29ppm(標準：0.01ppm以下)\t\n殺蟎劑Hexythiazox\t合賽多0.17ppm(標準：0.01ppm以下)\t\n殺蟎劑Spirodiclofen\t賜派芬0.13ppm(標準：0.01ppm以下)","postal_code":"108","source_type":"食品抽驗不合格","source_dataset":"臺北市衛生局食品抽驗不合格清冊","source_url":"https://data.taipei/api/dataset/09a917a0-0fb5-47e1-957c-5f1268fba517/resource/3fc106cb-c8aa-4f74-8dbc-3272c7ffcae0/download","geocoding_address":"臺北市萬華區萬大路533號第一果菜批發市場地號137","location_method":"臺北市門牌位置數值資料","violation_count":1},"geometry":{"type":"Point","coordinates":[121.49713199522044,25.018499829728977]}},{"type":"Feature","properties":{"data_time":"2024-06-07","source_row_no":99,"name":"太平洋崇光百貨股份有限公司(Fresh Mart忠孝店)","city":"臺北市","district":"大安區","address":"臺北市大安區忠孝東路4段45號B2","sample_date":"2024-06-07","project_name":"蔬果","product_category":"小葉菜類","sample_item":"韭菜花","inspection_result":"不符合規定","violation_reason":"殺蟲劑3-OH Carbofuran 3-羥基加保扶0.13ppm、Carbofuran加保扶0.18ppm(標準：0.2ppm以下)\t\n殺蟲劑Etofenprox\t依芬寧0.05ppm(標準：不得檢出)","postal_code":"106","source_type":"食品抽驗不合格","source_dataset":"臺北市衛生局食品抽驗不合格清冊","source_url":"https://data.taipei/api/dataset/09a917a0-0fb5-47e1-957c-5f1268fba517/resource/3fc106cb-c8aa-4f74-8dbc-3272c7ffcae0/download","geocoding_address":"臺北市大安區忠孝東路4段45號B2","location_method":"OpenStreetMap道路/地名定位","violation_count":1},"geometry":{"type":"Point","coordinates":[121.5437759,25.0415569]}},{"type":"Feature","properties":{"data_time":"2024-06-05","source_row_no":100,"name":"","city":"臺北市","district":"萬華區","address":"臺北市萬華區萬大路533號第一果菜批發市場地號1314","sample_date":"2024-06-05","project_name":"蔬果","product_category":"小葉菜類","sample_item":"芹菜","inspection_result":"不符合規定","violation_reason":"殺菌劑Iprobenfos\t丙基喜樂松0.05ppm(標準：0.01ppm以下)\t\n殺菌劑Tricyclazole\t三賽唑0.03ppm(標準：不得檢出)","postal_code":"108","source_type":"食品抽驗不合格","source_dataset":"臺北市衛生局食品抽驗不合格清冊","source_url":"https://data.taipei/api/dataset/09a917a0-0fb5-47e1-957c-5f1268fba517/resource/3fc106cb-c8aa-4f74-8dbc-3272c7ffcae0/download","geocoding_address":"臺北市萬華區萬大路533號第一果菜批發市場地號1314","location_method":"臺北市門牌位置數值資料","violation_count":1},"geometry":{"type":"Point","coordinates":[121.49713199522044,25.018499829728977]}},{"type":"Feature","properties":{"data_time":"2024-06-07","source_row_no":101,"name":"双喜臨門水果行(双囍臨門水果行)","city":"臺北市","district":"大安區","address":"臺北市大安區和平東路3段228巷35號","sample_date":"2024-06-07","project_name":"蔬果","product_category":"香辛植物及其他草木本植物","sample_item":"香菜(芫荽)","inspection_result":"不符合規定","violation_reason":"殺菌劑Dimethomorph\t達滅芬0.28ppm(標準：0.01ppm以下)\t\n殺菌劑Flutolanil\t福多寧0.64ppm(標準：0.01ppm以下)","postal_code":"106","source_type":"食品抽驗不合格","source_dataset":"臺北市衛生局食品抽驗不合格清冊","source_url":"https://data.taipei/api/dataset/09a917a0-0fb5-47e1-957c-5f1268fba517/resource/3fc106cb-c8aa-4f74-8dbc-3272c7ffcae0/download","geocoding_address":"臺北市大安區和平東路3段228巷35號","location_method":"OpenStreetMap道路/地名定位","violation_count":1},"geometry":{"type":"Point","coordinates":[121.5513679,25.0243753]}},{"type":"Feature","properties":{"data_time":"2024-06-03","source_row_no":102,"name":"國賓大飯店股份有限公司遼寧營業所(國賓大飯店股份有限公司中餐廳)","city":"臺北市","district":"中山區","address":"臺北市中山區遼寧街177號","sample_date":"2024-06-03","project_name":"蔬果","product_category":"香辛植物及其他草木本植物","sample_item":"香菜(芫荽)","inspection_result":"不符合規定","violation_reason":"殺菌劑Isoprothiolane\t亞賜圃0.05ppm(標準：0.01ppm以下)\t\n殺蟲劑Phenthoate\t賽達松0.03ppm(標準：0.01ppm以下)","postal_code":"104","source_type":"食品抽驗不合格","source_dataset":"臺北市衛生局食品抽驗不合格清冊","source_url":"https://data.taipei/api/dataset/09a917a0-0fb5-47e1-957c-5f1268fba517/resource/3fc106cb-c8aa-4f74-8dbc-3272c7ffcae0/download","geocoding_address":"臺北市中山區遼寧街177號","location_method":"臺北市門牌位置數值資料","violation_count":1},"geometry":{"type":"Point","coordinates":[121.54236531248108,25.052795868726697]}},{"type":"Feature","properties":{"data_time":"2024-06-07","source_row_no":103,"name":"信遠國際開發股份有限公司","city":"臺北市","district":"信義區","address":"臺北市信義區松仁路58號14樓","sample_date":"2024-06-07","project_name":"蔬果","product_category":"蕈菜類","sample_item":"秀珍菇","inspection_result":"不符合規定","violation_reason":"殺蟲劑Chlorpyrifos陶斯松0.03ppm(標準：不得檢出)","postal_code":"110","source_type":"食品抽驗不合格","source_dataset":"臺北市衛生局食品抽驗不合格清冊","source_url":"https://data.taipei/api/dataset/09a917a0-0fb5-47e1-957c-5f1268fba517/resource/3fc106cb-c8aa-4f74-8dbc-3272c7ffcae0/download","geocoding_address":"臺北市信義區松仁路58號14樓","location_method":"臺北市門牌位置數值資料","violation_count":1},"geometry":{"type":"Point","coordinates":[121.5679678304082,25.036731946412235]}},{"type":"Feature","properties":{"data_time":"2024-06-07","source_row_no":104,"name":"双喜臨門水果行(双囍臨門水果行)","city":"臺北市","district":"大安區","address":"臺北市大安區和平東路3段228巷35號","sample_date":"2024-06-07","project_name":"蔬果","product_category":"小葉菜類","sample_item":"蒜苗","inspection_result":"不符合規定","violation_reason":"殺菌劑Pydiflumetofen\t派滅芬0.01ppm(標準：不得檢出)","postal_code":"106","source_type":"食品抽驗不合格","source_dataset":"臺北市衛生局食品抽驗不合格清冊","source_url":"https://data.taipei/api/dataset/09a917a0-0fb5-47e1-957c-5f1268fba517/resource/3fc106cb-c8aa-4f74-8dbc-3272c7ffcae0/download","geocoding_address":"臺北市大安區和平東路3段228巷35號","location_method":"OpenStreetMap道路/地名定位","violation_count":1},"geometry":{"type":"Point","coordinates":[121.5513679,25.0243753]}},{"type":"Feature","properties":{"data_time":"2024-06-03","source_row_no":105,"name":"翡翠綠水果專賣店","city":"臺北市","district":"士林區","address":"臺北市士林區美崙街14號1樓","sample_date":"2024-06-03","project_name":"蔬果","product_category":"豆菜類","sample_item":"豌豆","inspection_result":"不符合規定","violation_reason":"殺蟲劑Thiamethoxam\t賽速安0.17ppm(標準：0.02ppm以下)","postal_code":"111","source_type":"食品抽驗不合格","source_dataset":"臺北市衛生局食品抽驗不合格清冊","source_url":"https://data.taipei/api/dataset/09a917a0-0fb5-47e1-957c-5f1268fba517/resource/3fc106cb-c8aa-4f74-8dbc-3272c7ffcae0/download","geocoding_address":"臺北市士林區美崙街14號1樓","location_method":"臺北市門牌位置數值資料","violation_count":1},"geometry":{"type":"Point","coordinates":[121.52337311666147,25.097271225055326]}},{"type":"Feature","properties":{"data_time":"2024-06-04","source_row_no":106,"name":"水果行","city":"臺北市","district":"松山區","address":"臺北市松山區南京東路5段291巷3之2號前","sample_date":"2024-06-04","project_name":"蔬果","product_category":"核果類","sample_item":"芒果","inspection_result":"不符合規定","violation_reason":"殺菌劑Dimethomorph\t達滅芬0.04ppm(標準：0.01ppm以下)","postal_code":"105","source_type":"食品抽驗不合格","source_dataset":"臺北市衛生局食品抽驗不合格清冊","source_url":"https://data.taipei/api/dataset/09a917a0-0fb5-47e1-957c-5f1268fba517/resource/3fc106cb-c8aa-4f74-8dbc-3272c7ffcae0/download","geocoding_address":"臺北市松山區南京東路5段291巷3之2號前","location_method":"OpenStreetMap道路/地名定位","violation_count":1},"geometry":{"type":"Point","coordinates":[121.562368,25.0513869]}},{"type":"Feature","properties":{"data_time":"2024-06-04","source_row_no":107,"name":"幸福品味實業股份有限公司(美福食集)","city":"臺北市","district":"內湖區","address":"臺北市內湖區民善街128號","sample_date":"2024-06-04","project_name":"蔬果","product_category":"核果類","sample_item":"台灣特選玉荷包(荔枝)","inspection_result":"不符合規定","violation_reason":"殺蟲劑Phosmet\t益滅松0.6ppm(標準：0.2ppm以下)","postal_code":"114","source_type":"食品抽驗不合格","source_dataset":"臺北市衛生局食品抽驗不合格清冊","source_url":"https://data.taipei/api/dataset/09a917a0-0fb5-47e1-957c-5f1268fba517/resource/3fc106cb-c8aa-4f74-8dbc-3272c7ffcae0/download","geocoding_address":"臺北市內湖區民善街128號","location_method":"臺北市門牌位置數值資料","violation_count":1},"geometry":{"type":"Point","coordinates":[121.57502773218005,25.061380133624915]}},{"type":"Feature","properties":{"data_time":"2024-06-05","source_row_no":108,"name":"無市招水果攤","city":"臺北市","district":"士林區","address":"臺北市士林區社中街12號對面","sample_date":"2024-06-05","project_name":"蔬果","product_category":"大漿果類","sample_item":"百香果","inspection_result":"不符合規定","violation_reason":"殺蟲劑Fenvalerate\t芬化利0.03ppm(標準：0.01ppm以下)","postal_code":"111","source_type":"食品抽驗不合格","source_dataset":"臺北市衛生局食品抽驗不合格清冊","source_url":"https://data.taipei/api/dataset/09a917a0-0fb5-47e1-957c-5f1268fba517/resource/3fc106cb-c8aa-4f74-8dbc-3272c7ffcae0/download","geocoding_address":"臺北市士林區社中街12號對面","location_method":"臺北市門牌位置數值資料","violation_count":1},"geometry":{"type":"Point","coordinates":[121.50936706702086,25.087711502064526]}},{"type":"Feature","properties":{"data_time":"2024-06-07","source_row_no":109,"name":"双喜臨門水果行(双囍臨門水果行)","city":"臺北市","district":"大安區","address":"臺北市大安區和平東路3段228巷35號","sample_date":"2024-06-07","project_name":"蔬果","product_category":"小葉菜類","sample_item":"芹菜","inspection_result":"不符合規定","violation_reason":"殺菌劑Iprobenfos\t丙基喜樂松0.03ppm(標準：0.01ppm以下)","postal_code":"106","source_type":"食品抽驗不合格","source_dataset":"臺北市衛生局食品抽驗不合格清冊","source_url":"https://data.taipei/api/dataset/09a917a0-0fb5-47e1-957c-5f1268fba517/resource/3fc106cb-c8aa-4f74-8dbc-3272c7ffcae0/download","geocoding_address":"臺北市大安區和平東路3段228巷35號","location_method":"OpenStreetMap道路/地名定位","violation_count":1},"geometry":{"type":"Point","coordinates":[121.5513679,25.0243753]}},{"type":"Feature","properties":{"data_time":"2024-06-07","source_row_no":110,"name":"太平洋崇光百貨股份有限公司(Fresh Mart忠孝店)","city":"臺北市","district":"大安區","address":"臺北市大安區忠孝東路4段45號B2","sample_date":"2024-06-07","project_name":"蔬果","product_category":"核果類","sample_item":"玉荷包荔枝","inspection_result":"不符合規定","violation_reason":"殺菌劑Difenoconazole\t待克利1.4ppm(標準：0.5ppm以下)","postal_code":"106","source_type":"食品抽驗不合格","source_dataset":"臺北市衛生局食品抽驗不合格清冊","source_url":"https://data.taipei/api/dataset/09a917a0-0fb5-47e1-957c-5f1268fba517/resource/3fc106cb-c8aa-4f74-8dbc-3272c7ffcae0/download","geocoding_address":"臺北市大安區忠孝東路4段45號B2","location_method":"OpenStreetMap道路/地名定位","violation_count":1},"geometry":{"type":"Point","coordinates":[121.5437759,25.0415569]}},{"type":"Feature","properties":{"data_time":"2024-06-19","source_row_no":117,"name":"阿玉素食(北投中繼市場133號攤)","city":"臺北市","district":"北投區","address":"臺北市北投區磺港路33號","sample_date":"2024-06-19","project_name":"素摻葷","product_category":"奶蛋素","sample_item":"小麥藥膳丸","inspection_result":"不符合規定","violation_reason":"1.動物性成分陽性、動物性成分陽性(豬、雞)陽性。\n2.植物性成分陽性、五辛(洋蔥)陽性。","postal_code":"112","source_type":"食品抽驗不合格","source_dataset":"臺北市衛生局食品抽驗不合格清冊","source_url":"https://data.taipei/api/dataset/09a917a0-0fb5-47e1-957c-5f1268fba517/resource/3fc106cb-c8aa-4f74-8dbc-3272c7ffcae0/download","geocoding_address":"臺北市北投區磺港路33號","location_method":"臺北市門牌位置數值資料","violation_count":1},"geometry":{"type":"Point","coordinates":[121.5031491392551,25.132801280510243]}},{"type":"Feature","properties":{"data_time":"2024-06-20","source_row_no":118,"name":"張阿姨蔬食","city":"臺北市","district":"松山區","address":"臺北市松山區八德路4段673巷6號","sample_date":"2024-06-20","project_name":"素摻葷","product_category":"奶蛋素","sample_item":"塔香燒球","inspection_result":"不符合規定","violation_reason":"1.動物性成分陽性、動物性成分陽性(豬、雞、魚)陽性。\n2.植物性成分陽性、五辛(洋蔥)陽性。","postal_code":"105","source_type":"食品抽驗不合格","source_dataset":"臺北市衛生局食品抽驗不合格清冊","source_url":"https://data.taipei/api/dataset/09a917a0-0fb5-47e1-957c-5f1268fba517/resource/3fc106cb-c8aa-4f74-8dbc-3272c7ffcae0/download","geocoding_address":"臺北市松山區八德路4段673巷6號","location_method":"OpenStreetMap道路/地名定位","violation_count":1},"geometry":{"type":"Point","coordinates":[121.5672489,25.0491324]}},{"type":"Feature","properties":{"data_time":"2024-07-02","source_row_no":119,"name":"果鮮一品商行(果鮮蔬果超市)","city":"臺北市","district":"中山區","address":"臺北市中山區吉林路176號","sample_date":"2024-07-02","project_name":"蔬果","product_category":"核果類","sample_item":"黑葉荔枝","inspection_result":"不符合規定","violation_reason":"殺蟲劑Deltamethrin 第滅寧1.0ppm(標準：0.5ppm以下) \n殺菌劑Difenoconazole 待克利3.4ppm(標準：0.5ppm以下)","postal_code":"104","source_type":"食品抽驗不合格","source_dataset":"臺北市衛生局食品抽驗不合格清冊","source_url":"https://data.taipei/api/dataset/09a917a0-0fb5-47e1-957c-5f1268fba517/resource/3fc106cb-c8aa-4f74-8dbc-3272c7ffcae0/download","geocoding_address":"臺北市中山區吉林路176號","location_method":"臺北市門牌位置數值資料","violation_count":1},"geometry":{"type":"Point","coordinates":[121.53007381398476,25.057231326997464]}},{"type":"Feature","properties":{"data_time":"2024-07-02","source_row_no":120,"name":"","city":"臺北市","district":"中山區","address":"臺北市中山區民族東路410巷2弄18-20號前(五常市場)","sample_date":"2024-07-02","project_name":"蔬果","product_category":"核果類","sample_item":"荔枝","inspection_result":"不符合規定","violation_reason":"殺蟲劑Deltamethrin 第滅寧1.4ppm(標準：0.5ppm以下) \n殺菌劑Pyraclostrobin 百克敏0.6ppm(標準：0.5ppm以下)","postal_code":"104","source_type":"食品抽驗不合格","source_dataset":"臺北市衛生局食品抽驗不合格清冊","source_url":"https://data.taipei/api/dataset/09a917a0-0fb5-47e1-957c-5f1268fba517/resource/3fc106cb-c8aa-4f74-8dbc-3272c7ffcae0/download","geocoding_address":"臺北市中山區民族東路410巷2弄18-20號前(五常市場)","location_method":"OpenStreetMap道路/地名定位","violation_count":1},"geometry":{"type":"Point","coordinates":[121.5396775,25.0681925]}},{"type":"Feature","properties":{"data_time":"2024-07-04","source_row_no":121,"name":"我家蔬果園","city":"臺北市","district":"萬華區","address":"臺北市萬華區中華路2段416巷56號","sample_date":"2024-07-04","project_name":"蔬果","product_category":"核果類","sample_item":"粉殼K3(龍眼)","inspection_result":"不符合規定","violation_reason":"殺菌劑Difenoconazole 待克利1.0ppm(標準：0.5ppm以下) \n殺蟎劑Spirodiclofen 賜派芬0.8ppm(標準：0.5ppm以下)","postal_code":"108","source_type":"食品抽驗不合格","source_dataset":"臺北市衛生局食品抽驗不合格清冊","source_url":"https://data.taipei/api/dataset/09a917a0-0fb5-47e1-957c-5f1268fba517/resource/3fc106cb-c8aa-4f74-8dbc-3272c7ffcae0/download","geocoding_address":"臺北市萬華區中華路2段416巷56號","location_method":"OpenStreetMap道路/地名定位","violation_count":1},"geometry":{"type":"Point","coordinates":[121.5061303,25.0352909]}},{"type":"Feature","properties":{"data_time":"2024-07-03","source_row_no":122,"name":"辣十九國際開發股份有限公司(馬辣頂級鴛鴦鍋信義店)","city":"臺北市","district":"信義區","address":"臺北市信義區松壽路22號3樓","sample_date":"2024-07-03","project_name":"蔬果","product_category":"大漿果類","sample_item":"百香果","inspection_result":"不符合規定","violation_reason":"殺蟲劑Cyromazine 賽滅淨0.12ppm(標準：不得檢出)","postal_code":"110","source_type":"食品抽驗不合格","source_dataset":"臺北市衛生局食品抽驗不合格清冊","source_url":"https://data.taipei/api/dataset/09a917a0-0fb5-47e1-957c-5f1268fba517/resource/3fc106cb-c8aa-4f74-8dbc-3272c7ffcae0/download","geocoding_address":"臺北市信義區松壽路22號3樓","location_method":"臺北市門牌位置數值資料","violation_count":1},"geometry":{"type":"Point","coordinates":[121.56773427118668,25.035565434417773]}},{"type":"Feature","properties":{"data_time":"2024-07-04","source_row_no":123,"name":"上奕商行(INDEX)","city":"臺北市","district":"萬華區","address":"臺北市萬華區國興路32號","sample_date":"2024-07-04","project_name":"蔬果","product_category":"大漿果類","sample_item":"波蘿蜜","inspection_result":"不符合規定","violation_reason":"生長調節劑Gibberellic acid 勃激素A3 0.05ppm(標準：不得檢出)","postal_code":"108","source_type":"食品抽驗不合格","source_dataset":"臺北市衛生局食品抽驗不合格清冊","source_url":"https://data.taipei/api/dataset/09a917a0-0fb5-47e1-957c-5f1268fba517/resource/3fc106cb-c8aa-4f74-8dbc-3272c7ffcae0/download","geocoding_address":"臺北市萬華區國興路32號","location_method":"臺北市門牌位置數值資料","violation_count":1},"geometry":{"type":"Point","coordinates":[121.5081360795103,25.024855224936523]}},{"type":"Feature","properties":{"data_time":"2024-07-02","source_row_no":124,"name":"粒粒鮮股份有限公司(粒粒鮮)","city":"臺北市","district":"中山區","address":"臺北市中山區吉林路146號146之1號","sample_date":"2024-07-02","project_name":"蔬果","product_category":"小葉菜類","sample_item":"九層塔(羅勒)","inspection_result":"不符合規定","violation_reason":"殺草劑Ametryn 草殺淨0.03ppm(標準：不得檢出)","postal_code":"104","source_type":"食品抽驗不合格","source_dataset":"臺北市衛生局食品抽驗不合格清冊","source_url":"https://data.taipei/api/dataset/09a917a0-0fb5-47e1-957c-5f1268fba517/resource/3fc106cb-c8aa-4f74-8dbc-3272c7ffcae0/download","geocoding_address":"臺北市中山區吉林路146號146之1號","location_method":"臺北市門牌位置數值資料","violation_count":1},"geometry":{"type":"Point","coordinates":[121.53004277156714,25.05616895506637]}},{"type":"Feature","properties":{"data_time":"2024-07-04","source_row_no":125,"name":"豪光回田實業有限公司(回田蔬苑)","city":"臺北市","district":"士林區","address":"臺北市士林區中正路357號1樓","sample_date":"2024-07-04","project_name":"蔬果","product_category":"小葉菜類","sample_item":"九層塔(羅勒)","inspection_result":"不符合規定","violation_reason":"殺蟲劑Spinetoram 賜諾特0.02ppm(標準：不得檢出)","postal_code":"111","source_type":"食品抽驗不合格","source_dataset":"臺北市衛生局食品抽驗不合格清冊","source_url":"https://data.taipei/api/dataset/09a917a0-0fb5-47e1-957c-5f1268fba517/resource/3fc106cb-c8aa-4f74-8dbc-3272c7ffcae0/download","geocoding_address":"臺北市士林區中正路357號1樓","location_method":"臺北市門牌位置數值資料","violation_count":1},"geometry":{"type":"Point","coordinates":[121.52218891611257,25.094314685274657]}},{"type":"Feature","properties":{"data_time":"2024-07-04","source_row_no":126,"name":"璞園餐飲事業有限公司(台南海鮮會館)","city":"臺北市","district":"士林區","address":"臺北市士林區基河路130號地下一層","sample_date":"2024-07-04","project_name":"蔬果","product_category":"香辛植物及其他草木本植物","sample_item":"香菜(芫荽)","inspection_result":"不符合規定","violation_reason":"殺菌劑Pencycuron 賓克隆0.04ppm(標準0.01ppm以下)","postal_code":"111","source_type":"食品抽驗不合格","source_dataset":"臺北市衛生局食品抽驗不合格清冊","source_url":"https://data.taipei/api/dataset/09a917a0-0fb5-47e1-957c-5f1268fba517/resource/3fc106cb-c8aa-4f74-8dbc-3272c7ffcae0/download","geocoding_address":"臺北市士林區基河路130號地下一層","location_method":"臺北市門牌位置數值資料","violation_count":1},"geometry":{"type":"Point","coordinates":[121.52278921760984,25.08914438490703]}},{"type":"Feature","properties":{"data_time":"2024-07-04","source_row_no":127,"name":"","city":"臺北市","district":"萬華區","address":"臺北市萬華區環河南路2段245號蔬菜攤0068號","sample_date":"2024-07-04","project_name":"蔬果","product_category":"根莖菜類","sample_item":"白蘿蔔","inspection_result":"不符合規定","violation_reason":"殺蟲劑Clothianidin 可尼丁0.07ppm(標準：0.02ppm以下)","postal_code":"108","source_type":"食品抽驗不合格","source_dataset":"臺北市衛生局食品抽驗不合格清冊","source_url":"https://data.taipei/api/dataset/09a917a0-0fb5-47e1-957c-5f1268fba517/resource/3fc106cb-c8aa-4f74-8dbc-3272c7ffcae0/download","geocoding_address":"臺北市萬華區環河南路2段245號蔬菜攤0068號","location_method":"OpenStreetMap道路/地名定位","violation_count":1},"geometry":{"type":"Point","coordinates":[121.4895544,25.0300926]}},{"type":"Feature","properties":{"data_time":"2024-07-02","source_row_no":128,"name":"","city":"臺北市","district":"中山區","address":"臺北市中山區民族東路410巷2弄20號前","sample_date":"2024-07-02","project_name":"蔬果","product_category":"小葉菜類","sample_item":"九層塔(羅勒)","inspection_result":"不符合規定","violation_reason":"殺草劑Oxadiazon 樂滅草0.02ppm(標準：0.01ppm以下)","postal_code":"104","source_type":"食品抽驗不合格","source_dataset":"臺北市衛生局食品抽驗不合格清冊","source_url":"https://data.taipei/api/dataset/09a917a0-0fb5-47e1-957c-5f1268fba517/resource/3fc106cb-c8aa-4f74-8dbc-3272c7ffcae0/download","geocoding_address":"臺北市中山區民族東路410巷2弄20號前","location_method":"臺北市門牌位置數值資料","violation_count":1},"geometry":{"type":"Point","coordinates":[121.5369938373491,25.06672111942189]}},{"type":"Feature","properties":{"data_time":"2024-07-02","source_row_no":129,"name":"明欣鮮果專賣店","city":"臺北市","district":"松山區","address":"臺北市松山區南京東路5段123巷27號1樓","sample_date":"2024-07-02","project_name":"蔬果","product_category":"核果類","sample_item":"荔枝","inspection_result":"不符合規定","violation_reason":"殺蟲劑Cyhalothrin 賽洛寧1.0ppm(標準：0.5ppm以下)","postal_code":"105","source_type":"食品抽驗不合格","source_dataset":"臺北市衛生局食品抽驗不合格清冊","source_url":"https://data.taipei/api/dataset/09a917a0-0fb5-47e1-957c-5f1268fba517/resource/3fc106cb-c8aa-4f74-8dbc-3272c7ffcae0/download","geocoding_address":"臺北市松山區南京東路5段123巷27號1樓","location_method":"OpenStreetMap道路/地名定位","violation_count":1},"geometry":{"type":"Point","coordinates":[121.562368,25.0513869]}},{"type":"Feature","properties":{"data_time":"2024-07-04","source_row_no":130,"name":"","city":"臺北市","district":"萬華區","address":"臺北市萬華區環河南路2段245號蔬菜攤0032號","sample_date":"2024-07-04","project_name":"蔬果","product_category":"小葉菜類","sample_item":"九層塔(羅勒)","inspection_result":"不符合規定","violation_reason":"殺菌劑Dimethomorph 達滅芬4.1ppm(標準：2.5ppm以下)","postal_code":"108","source_type":"食品抽驗不合格","source_dataset":"臺北市衛生局食品抽驗不合格清冊","source_url":"https://data.taipei/api/dataset/09a917a0-0fb5-47e1-957c-5f1268fba517/resource/3fc106cb-c8aa-4f74-8dbc-3272c7ffcae0/download","geocoding_address":"臺北市萬華區環河南路2段245號蔬菜攤0032號","location_method":"OpenStreetMap道路/地名定位","violation_count":1},"geometry":{"type":"Point","coordinates":[121.4895544,25.0300926]}},{"type":"Feature","properties":{"data_time":"2024-06-13","source_row_no":131,"name":"厚鋪牛排館(人从众厚切牛排)","city":"臺北市","district":"松山區","address":"臺北市松山區光復北路146號1樓","sample_date":"2024-06-13","project_name":"散裝飲冰品及配料","product_category":"飲料","sample_item":"麥香紅茶(不含冰塊及配料)","inspection_result":"不符合規定","violation_reason":"腸桿菌科：5.4x10^3 CFU/mL\n(標準：10 CFU/mL)","postal_code":"105","source_type":"食品抽驗不合格","source_dataset":"臺北市衛生局食品抽驗不合格清冊","source_url":"https://data.taipei/api/dataset/09a917a0-0fb5-47e1-957c-5f1268fba517/resource/3fc106cb-c8aa-4f74-8dbc-3272c7ffcae0/download","geocoding_address":"臺北市松山區光復北路146號1樓","location_method":"臺北市門牌位置數值資料","violation_count":1},"geometry":{"type":"Point","coordinates":[121.55693379034223,25.052415179788696]}},{"type":"Feature","properties":{"data_time":"2024-06-19","source_row_no":132,"name":"總柴日式氷菓專賣(CEO ICE CREAM)","city":"臺北市","district":"中山區","address":"臺北市中山區中山北路2段26巷18號","sample_date":"2024-06-19","project_name":"散裝飲冰品及配料","product_category":"冰品","sample_item":"北海道牛奶霜淇淋","inspection_result":"不符合規定","violation_reason":"腸桿菌科：40 CFU/g\n(標準：10 CFU/g)","postal_code":"104","source_type":"食品抽驗不合格","source_dataset":"臺北市衛生局食品抽驗不合格清冊","source_url":"https://data.taipei/api/dataset/09a917a0-0fb5-47e1-957c-5f1268fba517/resource/3fc106cb-c8aa-4f74-8dbc-3272c7ffcae0/download","geocoding_address":"臺北市中山區中山北路2段26巷18號","location_method":"OpenStreetMap道路/地名定位","violation_count":1},"geometry":{"type":"Point","coordinates":[121.5226683,25.0564546]}},{"type":"Feature","properties":{"data_time":"2024-06-19","source_row_no":133,"name":"冰讚飲食店","city":"臺北市","district":"大同區","address":"臺北市大同區雙連街2號1樓","sample_date":"2024-06-19","project_name":"散裝飲冰品及配料","product_category":"冰品","sample_item":"紅豆牛奶雪花冰(不含配料)","inspection_result":"不符合規定","violation_reason":"腸桿菌科：2.0x10^3 CFU/g\n(標準：10 CFU/g)","postal_code":"103","source_type":"食品抽驗不合格","source_dataset":"臺北市衛生局食品抽驗不合格清冊","source_url":"https://data.taipei/api/dataset/09a917a0-0fb5-47e1-957c-5f1268fba517/resource/3fc106cb-c8aa-4f74-8dbc-3272c7ffcae0/download","geocoding_address":"臺北市大同區雙連街2號1樓","location_method":"臺北市門牌位置數值資料","violation_count":1},"geometry":{"type":"Point","coordinates":[121.51908777350357,25.05771577919194]}},{"type":"Feature","properties":{"data_time":"2024-06-24","source_row_no":134,"name":"金霖企業社(甘蔗媽媽)","city":"臺北市","district":"中正區","address":"臺北市中正區信陽街5之1號","sample_date":"2024-06-24","project_name":"散裝飲冰品及配料","product_category":"冰品","sample_item":"招牌甘蔗冰沙(不含配料)","inspection_result":"不符合規定","violation_reason":"腸桿菌科：2.1x10^3 CFU/mL\n(標準：10 CFU/mL)","postal_code":"100","source_type":"食品抽驗不合格","source_dataset":"臺北市衛生局食品抽驗不合格清冊","source_url":"https://data.taipei/api/dataset/09a917a0-0fb5-47e1-957c-5f1268fba517/resource/3fc106cb-c8aa-4f74-8dbc-3272c7ffcae0/download","geocoding_address":"臺北市中正區信陽街5之1號","location_method":"臺北市門牌位置數值資料","violation_count":1},"geometry":{"type":"Point","coordinates":[121.51676111616169,25.044699961429615]}},{"type":"Feature","properties":{"data_time":"2024-06-19","source_row_no":135,"name":"喜客冰品店(冰封仙果)","city":"臺北市","district":"萬華區","address":"臺北市萬華區中華路1段114巷18號1樓","sample_date":"2024-06-19","project_name":"散裝飲冰品及配料","product_category":"冰品","sample_item":"圓圓圓(雪花冰)(不含冰塊不含配料)","inspection_result":"不符合規定","violation_reason":"腸桿菌科：30 CFU/g\n(標準：10 CFU/g)","postal_code":"108","source_type":"食品抽驗不合格","source_dataset":"臺北市衛生局食品抽驗不合格清冊","source_url":"https://data.taipei/api/dataset/09a917a0-0fb5-47e1-957c-5f1268fba517/resource/3fc106cb-c8aa-4f74-8dbc-3272c7ffcae0/download","geocoding_address":"臺北市萬華區中華路1段114巷18號1樓","location_method":"OpenStreetMap道路/地名定位","violation_count":1},"geometry":{"type":"Point","coordinates":[121.5097528,25.0474637]}},{"type":"Feature","properties":{"data_time":"2024-06-24","source_row_no":136,"name":"森昱食品有限公司(夏樹甜品)","city":"臺北市","district":"大同區","address":"臺北市大同區迪化街1段240號","sample_date":"2024-06-24","project_name":"散裝飲冰品及配料","product_category":"冰品","sample_item":"杏仁雪花冰","inspection_result":"不符合規定","violation_reason":"腸桿菌科：3.2x10^2 CFU/g\n(標準：10 CFU/g)","postal_code":"103","source_type":"食品抽驗不合格","source_dataset":"臺北市衛生局食品抽驗不合格清冊","source_url":"https://data.taipei/api/dataset/09a917a0-0fb5-47e1-957c-5f1268fba517/resource/3fc106cb-c8aa-4f74-8dbc-3272c7ffcae0/download","geocoding_address":"臺北市大同區迪化街1段240號","location_method":"OpenStreetMap道路/地名定位","violation_count":1},"geometry":{"type":"Point","coordinates":[121.509465,25.0593569]}},{"type":"Feature","properties":{"data_time":"2024-06-26","source_row_no":137,"name":"廣安階","city":"臺北市","district":"士林區","address":"臺北市士林區中山北路6段77號8樓","sample_date":"2024-06-26","project_name":"散裝飲冰品及配料","product_category":"冰品","sample_item":"清香黑糖冰(不含配料)","inspection_result":"不符合規定","violation_reason":"腸桿菌科：88 CFU/mL\n(標準：10 CFU/mL)","postal_code":"111","source_type":"食品抽驗不合格","source_dataset":"臺北市衛生局食品抽驗不合格清冊","source_url":"https://data.taipei/api/dataset/09a917a0-0fb5-47e1-957c-5f1268fba517/resource/3fc106cb-c8aa-4f74-8dbc-3272c7ffcae0/download","geocoding_address":"臺北市士林區中山北路6段77號8樓","location_method":"OpenStreetMap道路/地名定位","violation_count":1},"geometry":{"type":"Point","coordinates":[121.5282473,25.1160553]}},{"type":"Feature","properties":{"data_time":"2024-07-01","source_row_no":138,"name":"金探吉事業有限公司(荖子鍋)","city":"臺北市","district":"內湖區","address":"臺北市內湖區民善街88號","sample_date":"2024-07-01","project_name":"散裝飲冰品及配料","product_category":"冰品","sample_item":"霜淇淋(不含配料)","inspection_result":"不符合規定","violation_reason":"腸桿菌科：1.5x10^3 CFU/g\n(標準：10 CFU/g)","postal_code":"114","source_type":"食品抽驗不合格","source_dataset":"臺北市衛生局食品抽驗不合格清冊","source_url":"https://data.taipei/api/dataset/09a917a0-0fb5-47e1-957c-5f1268fba517/resource/3fc106cb-c8aa-4f74-8dbc-3272c7ffcae0/download","geocoding_address":"臺北市內湖區民善街88號","location_method":"臺北市門牌位置數值資料","violation_count":1},"geometry":{"type":"Point","coordinates":[121.57536491269865,25.060140703094966]}},{"type":"Feature","properties":{"data_time":"2024-07-02","source_row_no":139,"name":"水龍堂(大苑子)","city":"臺北市","district":"中正區","address":"臺北市中正區南昌路1段80號","sample_date":"2024-07-02","project_name":"散裝飲冰品及配料","product_category":"飲料","sample_item":"芭樂梅","inspection_result":"不符合規定","violation_reason":"腸桿菌科：70 CFU/mL\n(標準：10 CFU/mL)","postal_code":"100","source_type":"食品抽驗不合格","source_dataset":"臺北市衛生局食品抽驗不合格清冊","source_url":"https://data.taipei/api/dataset/09a917a0-0fb5-47e1-957c-5f1268fba517/resource/3fc106cb-c8aa-4f74-8dbc-3272c7ffcae0/download","geocoding_address":"臺北市中正區南昌路1段80號","location_method":"OpenStreetMap道路/地名定位","violation_count":1},"geometry":{"type":"Point","coordinates":[121.5158762,25.0330441]}},{"type":"Feature","properties":{"data_time":"2024-06-11","source_row_no":140,"name":"吳興春天藥局","city":"臺北市","district":"信義區","address":"臺北市信義區吳興街137號1樓","sample_date":"2024-06-11","project_name":"市售產品塑化劑含量","product_category":"膠囊錠狀食品","sample_item":"速清魚油","inspection_result":"不符合規定","violation_reason":"DINP:54 ppm\n(指標值:9 ppm)","postal_code":"110","source_type":"食品抽驗不合格","source_dataset":"臺北市衛生局食品抽驗不合格清冊","source_url":"https://data.taipei/api/dataset/09a917a0-0fb5-47e1-957c-5f1268fba517/resource/3fc106cb-c8aa-4f74-8dbc-3272c7ffcae0/download","geocoding_address":"臺北市信義區吳興街137號1樓","location_method":"臺北市門牌位置數值資料","violation_count":1},"geometry":{"type":"Point","coordinates":[121.56179803089243,25.029474637372125]}},{"type":"Feature","properties":{"data_time":"2024-06-11","source_row_no":141,"name":"啄木鳥藥師藥局八德店","city":"臺北市","district":"松山區","address":"臺北市松山區八德路4段211號","sample_date":"2024-06-11","project_name":"市售產品塑化劑含量","product_category":"膠囊錠狀食品","sample_item":"綠芙特級高單位蜂膠軟膠囊","inspection_result":"不符合規定","violation_reason":"DBP:6.0ppm\n(指標值:0.6ppm)","postal_code":"105","source_type":"食品抽驗不合格","source_dataset":"臺北市衛生局食品抽驗不合格清冊","source_url":"https://data.taipei/api/dataset/09a917a0-0fb5-47e1-957c-5f1268fba517/resource/3fc106cb-c8aa-4f74-8dbc-3272c7ffcae0/download","geocoding_address":"臺北市松山區八德路4段211號","location_method":"OpenStreetMap道路/地名定位","violation_count":1},"geometry":{"type":"Point","coordinates":[121.5672489,25.0491324]}},{"type":"Feature","properties":{"data_time":"2024-06-17","source_row_no":142,"name":"鴻璂雜糧行","city":"臺北市","district":"北投區","address":"臺北市北投區中央南路1段163號1樓","sample_date":"2024-06-17","project_name":"穀豆類","product_category":"乾豆類","sample_item":"精選毛綠豆-紅線","inspection_result":"不符合規定","violation_reason":"賽速安(Thiamethoxam):0.09 ppm\n(標準:0.02 ppm)\n磷化氫(Phosphine):0.02 ppm\n(標準:0.01 ppm)","postal_code":"112","source_type":"食品抽驗不合格","source_dataset":"臺北市衛生局食品抽驗不合格清冊","source_url":"https://data.taipei/api/dataset/09a917a0-0fb5-47e1-957c-5f1268fba517/resource/3fc106cb-c8aa-4f74-8dbc-3272c7ffcae0/download","geocoding_address":"臺北市北投區中央南路1段163號1樓","location_method":"OpenStreetMap道路/地名定位","violation_count":1},"geometry":{"type":"Point","coordinates":[121.5012429,25.1312202]}},{"type":"Feature","properties":{"data_time":"2024-06-19","source_row_no":143,"name":"利民雜糧行","city":"臺北市","district":"內湖區","address":"臺北市內湖區內湖路2段300號","sample_date":"2024-06-19","project_name":"穀豆類","product_category":"乾豆類","sample_item":"大毛綠(毛綠豆)","inspection_result":"不符合規定","violation_reason":"賽果培(Thiacloprid):0.04 ppm\n(標準:0.02 ppm)","postal_code":"114","source_type":"食品抽驗不合格","source_dataset":"臺北市衛生局食品抽驗不合格清冊","source_url":"https://data.taipei/api/dataset/09a917a0-0fb5-47e1-957c-5f1268fba517/resource/3fc106cb-c8aa-4f74-8dbc-3272c7ffcae0/download","geocoding_address":"臺北市內湖區內湖路2段300號","location_method":"OpenStreetMap道路/地名定位","violation_count":1},"geometry":{"type":"Point","coordinates":[121.5835923,25.0800919]}},{"type":"Feature","properties":{"data_time":"2024-06-21","source_row_no":144,"name":"永利食品有限公司","city":"臺北市","district":"大同區","address":"臺北市大同區迪化街1段143號","sample_date":"2024-06-21","project_name":"穀豆類","product_category":"乾豆類","sample_item":"綠豆","inspection_result":"不符合規定","violation_reason":"芬普尼(Fipronil):0.001 ppm、芬普尼代謝物(Fipronil-sulfone)0.001 ppm=0.002 ppm\n(標準:0.001 ppm)\n賽速安(Thiamethoxam):0.16 ppm\n(標準:0.02 ppm)","postal_code":"103","source_type":"食品抽驗不合格","source_dataset":"臺北市衛生局食品抽驗不合格清冊","source_url":"https://data.taipei/api/dataset/09a917a0-0fb5-47e1-957c-5f1268fba517/resource/3fc106cb-c8aa-4f74-8dbc-3272c7ffcae0/download","geocoding_address":"臺北市大同區迪化街1段143號","location_method":"OpenStreetMap道路/地名定位","violation_count":1},"geometry":{"type":"Point","coordinates":[121.509465,25.0593569]}},{"type":"Feature","properties":{"data_time":"2024-07-09","source_row_no":145,"name":"雙連市場來于蔬菜35號攤","city":"臺北市","district":"中山區","address":"臺北市中山區民生西路45巷","sample_date":"2024-07-09","project_name":"中秋食品、烤肉食品、烤肉用容器具","product_category":"烤肉用蔬菜","sample_item":"四季豆","inspection_result":"不符合規定","violation_reason":"Indoxacarb因得克 0.02ppm\n(標準:0.01ppm以下)","postal_code":"104","source_type":"食品抽驗不合格","source_dataset":"臺北市衛生局食品抽驗不合格清冊","source_url":"https://data.taipei/api/dataset/09a917a0-0fb5-47e1-957c-5f1268fba517/resource/3fc106cb-c8aa-4f74-8dbc-3272c7ffcae0/download","geocoding_address":"臺北市中山區民生西路45巷","location_method":"OpenStreetMap道路/地名定位","violation_count":1},"geometry":{"type":"Point","coordinates":[121.5210369,25.0576944]}},{"type":"Feature","properties":{"data_time":"2024-07-12","source_row_no":146,"name":"米泉食品行(米哥烘焙坊)","city":"臺北市","district":"北投區","address":"臺北市北投區光明路158號1樓","sample_date":"2024-07-12","project_name":"中秋食品、烤肉食品、烤肉用容器具","product_category":"中秋月餅","sample_item":"豪紀芋頭餡","inspection_result":"不符合規定","violation_reason":"己二烯酸 1.0g/kg (標準:不得檢出)","postal_code":"112","source_type":"食品抽驗不合格","source_dataset":"臺北市衛生局食品抽驗不合格清冊","source_url":"https://data.taipei/api/dataset/09a917a0-0fb5-47e1-957c-5f1268fba517/resource/3fc106cb-c8aa-4f74-8dbc-3272c7ffcae0/download","geocoding_address":"臺北市北投區光明路158號1樓","location_method":"臺北市門牌位置數值資料","violation_count":1},"geometry":{"type":"Point","coordinates":[121.50257319158219,25.134824274710088]}},{"type":"Feature","properties":{"data_time":"2024-07-10","source_row_no":147,"name":"金橞食品股份有限公司","city":"臺北市","district":"中山區","address":"臺北市中山區松江路297巷5號1樓","sample_date":"2024-07-10","project_name":"中秋食品、烤肉食品、烤肉用容器具","product_category":"中秋月餅","sample_item":"豆沙半蛋酥","inspection_result":"不符合規定","violation_reason":"(一)內容物為二種以上混合物未依其含量多寡由高至低分別標示。\n(二)未標示「淨重、容量或數量」及「原產地（國）」。\n(三)內容物含有麩質之穀類、蛋、奶、大豆及其製品，未標示食品過敏原資訊等。","postal_code":"104","source_type":"食品抽驗不合格","source_dataset":"臺北市衛生局食品抽驗不合格清冊","source_url":"https://data.taipei/api/dataset/09a917a0-0fb5-47e1-957c-5f1268fba517/resource/3fc106cb-c8aa-4f74-8dbc-3272c7ffcae0/download","geocoding_address":"臺北市中山區松江路297巷5號1樓","location_method":"臺北市門牌位置數值資料","violation_count":1},"geometry":{"type":"Point","coordinates":[121.53412777078181,25.06110873431916]}},{"type":"Feature","properties":{"data_time":"2024-07-10","source_row_no":148,"name":"金橞食品股份有限公司","city":"臺北市","district":"中山區","address":"臺北市中山區松江路297巷5號1樓","sample_date":"2024-07-10","project_name":"中秋食品、烤肉食品、烤肉用容器具","product_category":"中秋月餅","sample_item":"芋火鳳凰酥","inspection_result":"不符合規定","violation_reason":"(一)內容物為二種以上混合物未依其含量多寡由高至低分別標示。\n(二)未標示「淨重、容量或數量」及「原產地（國）」。\n(三)內容物含有麩質之穀類、蛋、奶、大豆及其製品，未標示食品過敏原資訊等。","postal_code":"104","source_type":"食品抽驗不合格","source_dataset":"臺北市衛生局食品抽驗不合格清冊","source_url":"https://data.taipei/api/dataset/09a917a0-0fb5-47e1-957c-5f1268fba517/resource/3fc106cb-c8aa-4f74-8dbc-3272c7ffcae0/download","geocoding_address":"臺北市中山區松江路297巷5號1樓","location_method":"臺北市門牌位置數值資料","violation_count":1},"geometry":{"type":"Point","coordinates":[121.53412777078181,25.06110873431916]}},{"type":"Feature","properties":{"data_time":"2024-07-10","source_row_no":149,"name":"金橞食品股份有限公司","city":"臺北市","district":"中山區","address":"臺北市中山區松江路297巷5號1樓","sample_date":"2024-07-10","project_name":"中秋食品、烤肉食品、烤肉用容器具","product_category":"中秋月餅","sample_item":"金Q芋頭酥(葷)","inspection_result":"不符合規定","violation_reason":"(一)內容物為二種以上混合物未依其含量多寡由高至低分別標示。\n(二)未標示「淨重、容量或數量」及「原產地（國）」。\n(三)內容物含有麩質之穀類、蛋、奶、大豆及其製品，未標示食品過敏原資訊等。","postal_code":"104","source_type":"食品抽驗不合格","source_dataset":"臺北市衛生局食品抽驗不合格清冊","source_url":"https://data.taipei/api/dataset/09a917a0-0fb5-47e1-957c-5f1268fba517/resource/3fc106cb-c8aa-4f74-8dbc-3272c7ffcae0/download","geocoding_address":"臺北市中山區松江路297巷5號1樓","location_method":"臺北市門牌位置數值資料","violation_count":1},"geometry":{"type":"Point","coordinates":[121.53412777078181,25.06110873431916]}},{"type":"Feature","properties":{"data_time":"2024-07-10","source_row_no":150,"name":"慧上癮","city":"臺北市","district":"中山區","address":"臺北市中山區建國北路2段226巷42號","sample_date":"2024-07-10","project_name":"中秋食品、烤肉食品、烤肉用容器具","product_category":"中秋月餅","sample_item":"夏豆堅果塔(蛋奶素)","inspection_result":"不符合規定","violation_reason":"未標示原產地（國）、有效日期標示單獨黏貼未依規定印刷於外包裝上。","postal_code":"104","source_type":"食品抽驗不合格","source_dataset":"臺北市衛生局食品抽驗不合格清冊","source_url":"https://data.taipei/api/dataset/09a917a0-0fb5-47e1-957c-5f1268fba517/resource/3fc106cb-c8aa-4f74-8dbc-3272c7ffcae0/download","geocoding_address":"臺北市中山區建國北路2段226巷42號","location_method":"OpenStreetMap道路/地名定位","violation_count":1},"geometry":{"type":"Point","coordinates":[121.5367952,25.0620364]}},{"type":"Feature","properties":{"data_time":"2024-07-10","source_row_no":151,"name":"慧上癮","city":"臺北市","district":"中山區","address":"臺北市中山區建國北路2段226巷42號","sample_date":"2024-07-10","project_name":"中秋食品、烤肉食品、烤肉用容器具","product_category":"中秋月餅","sample_item":"慧上癮鳳梨酥","inspection_result":"不符合規定","violation_reason":"未標示有效日期。","postal_code":"104","source_type":"食品抽驗不合格","source_dataset":"臺北市衛生局食品抽驗不合格清冊","source_url":"https://data.taipei/api/dataset/09a917a0-0fb5-47e1-957c-5f1268fba517/resource/3fc106cb-c8aa-4f74-8dbc-3272c7ffcae0/download","geocoding_address":"臺北市中山區建國北路2段226巷42號","location_method":"OpenStreetMap道路/地名定位","violation_count":1},"geometry":{"type":"Point","coordinates":[121.5367952,25.0620364]}},{"type":"Feature","properties":{"data_time":"2024-08-07","source_row_no":152,"name":"宜新蔬果行","city":"臺北市","district":"萬華區","address":"臺北市萬華區富民路155巷49之3號1樓","sample_date":"2024-08-07","project_name":"蔬果","product_category":"小葉菜類","sample_item":"油菜","inspection_result":"不符合規定","violation_reason":"殺蟲劑Abamectin 阿巴汀0.06ppm(標準：0.05ppm以下) \n殺蟲劑Chlorfenapyr 克凡派1.4ppm(標準：1.0ppm以下) \n殺蟲劑Cyantraniliprole 賽安勃0.05ppm(標準：不得檢出) \n殺蟲劑Fipronil 芬普尼0.210ppm、Fipronil-sulfone芬普尼代謝物0.048ppm(標準：0.001ppm以下) \n殺蟲劑Pyriproxyfen 百利普芬1.54ppm(標準：0.01ppm以下) \n殺蟲劑Tolfenpyrad 脫芬瑞0.7ppm(標準：0.5ppm以下)","postal_code":"108","source_type":"食品抽驗不合格","source_dataset":"臺北市衛生局食品抽驗不合格清冊","source_url":"https://data.taipei/api/dataset/09a917a0-0fb5-47e1-957c-5f1268fba517/resource/3fc106cb-c8aa-4f74-8dbc-3272c7ffcae0/download","geocoding_address":"臺北市萬華區富民路155巷49之3號1樓","location_method":"OpenStreetMap道路/地名定位","violation_count":1},"geometry":{"type":"Point","coordinates":[121.4987478,25.018616]}},{"type":"Feature","properties":{"data_time":"2024-08-01","source_row_no":153,"name":"霸王川菜餐廳股份有限公司","city":"臺北市","district":"大同區","address":"臺北市大同區長安西路287號1-2樓","sample_date":"2024-08-01","project_name":"蔬果","product_category":"根莖菜類","sample_item":"白蘿蔔","inspection_result":"不符合規定","violation_reason":"殺蟲劑Clothianidin 可尼丁0.08ppm(標準：0.02ppm以下) \n殺蟲劑Dichlorvos二氯松0.04ppm(標準：不得檢出)\n殺蟲劑Trichlorfon 三氯松0.19ppm(標準：0.01ppm以下)","postal_code":"103","source_type":"食品抽驗不合格","source_dataset":"臺北市衛生局食品抽驗不合格清冊","source_url":"https://data.taipei/api/dataset/09a917a0-0fb5-47e1-957c-5f1268fba517/resource/3fc106cb-c8aa-4f74-8dbc-3272c7ffcae0/download","geocoding_address":"臺北市大同區長安西路287號1-2樓","location_method":"臺北市門牌位置數值資料","violation_count":1},"geometry":{"type":"Point","coordinates":[121.50947353474287,25.052107064292077]}},{"type":"Feature","properties":{"data_time":"2024-08-05","source_row_no":154,"name":"為福樓餐廳有限公司","city":"臺北市","district":"南港區","address":"臺北市南港區忠孝東路5段996號1樓","sample_date":"2024-08-05","project_name":"蔬果","product_category":"小葉菜類","sample_item":"芥蘭菜","inspection_result":"不符合規定","violation_reason":"殺蟲劑Chlorfenapyr 克凡派2.4ppm(標準：1.0ppm以下) \n殺蟲劑Indoxacarb 因得克2.4ppm(標準：2.0ppm以下) \n殺菌劑Pyraclostrobin 百克敏2.7ppm(標準：2.0ppm以下)","postal_code":"115","source_type":"食品抽驗不合格","source_dataset":"臺北市衛生局食品抽驗不合格清冊","source_url":"https://data.taipei/api/dataset/09a917a0-0fb5-47e1-957c-5f1268fba517/resource/3fc106cb-c8aa-4f74-8dbc-3272c7ffcae0/download","geocoding_address":"臺北市南港區忠孝東路5段996號1樓","location_method":"OpenStreetMap道路/地名定位","violation_count":1},"geometry":{"type":"Point","coordinates":[121.5816073,25.0436679]}},{"type":"Feature","properties":{"data_time":"2024-08-02","source_row_no":155,"name":"復興小吃店(全國食養創作全自助餐復興店)","city":"臺北市","district":"大安區","address":"臺北市大安區復興南路2段314號","sample_date":"2024-08-02","project_name":"蔬果","product_category":"果菜類","sample_item":"辣椒條","inspection_result":"不符合規定","violation_reason":"殺菌劑Difenoconazole 待克利1.2ppm(標準：0.5ppm以下) \n殺菌劑Zoxamide 座賽胺0.13ppm(標準：不得檢出)","postal_code":"106","source_type":"食品抽驗不合格","source_dataset":"臺北市衛生局食品抽驗不合格清冊","source_url":"https://data.taipei/api/dataset/09a917a0-0fb5-47e1-957c-5f1268fba517/resource/3fc106cb-c8aa-4f74-8dbc-3272c7ffcae0/download","geocoding_address":"臺北市大安區復興南路2段314號","location_method":"OpenStreetMap道路/地名定位","violation_count":1},"geometry":{"type":"Point","coordinates":[121.5434481,25.0231578]}},{"type":"Feature","properties":{"data_time":"2024-08-02","source_row_no":156,"name":"優市大安店","city":"臺北市","district":"大安區","address":"臺北市大安區敦化南路2段11巷38弄15號","sample_date":"2024-08-02","project_name":"蔬果","product_category":"小葉菜類","sample_item":"芹菜","inspection_result":"不符合規定","violation_reason":"殺菌劑Dimethomorph 達滅芬2.9ppm(標準：2.5ppm以下) \n殺蟲劑Indoxacarb 因得克0.03ppm(標準：0.01ppm以下)","postal_code":"106","source_type":"食品抽驗不合格","source_dataset":"臺北市衛生局食品抽驗不合格清冊","source_url":"https://data.taipei/api/dataset/09a917a0-0fb5-47e1-957c-5f1268fba517/resource/3fc106cb-c8aa-4f74-8dbc-3272c7ffcae0/download","geocoding_address":"臺北市大安區敦化南路2段11巷38弄15號","location_method":"OpenStreetMap道路/地名定位","violation_count":1},"geometry":{"type":"Point","coordinates":[121.548763,25.0290432]}},{"type":"Feature","properties":{"data_time":"2024-08-01","source_row_no":157,"name":"無名水果攤","city":"臺北市","district":"大同區","address":"臺北市大同區長安西路218之1號旁","sample_date":"2024-08-01","project_name":"蔬果","product_category":"大漿果類","sample_item":"百香果","inspection_result":"不符合規定","violation_reason":"殺蟲劑Cyromazine 賽滅淨0.14ppm(標準：不得檢出)","postal_code":"103","source_type":"食品抽驗不合格","source_dataset":"臺北市衛生局食品抽驗不合格清冊","source_url":"https://data.taipei/api/dataset/09a917a0-0fb5-47e1-957c-5f1268fba517/resource/3fc106cb-c8aa-4f74-8dbc-3272c7ffcae0/download","geocoding_address":"臺北市大同區長安西路218之1號旁","location_method":"臺北市門牌位置數值資料","violation_count":1},"geometry":{"type":"Point","coordinates":[121.51475735411103,25.051310789826594]}},{"type":"Feature","properties":{"data_time":"2024-08-01","source_row_no":158,"name":"統康生活事業股份有限公司美麗華分公司(Mia C'bon MARKET)","city":"臺北市","district":"中山區","address":"臺北市中山區敬業三路20號地下1樓之1","sample_date":"2024-08-01","project_name":"蔬果","product_category":"根莖菜類","sample_item":"日本北海道大根(白蘿蔔)","inspection_result":"不符合規定","violation_reason":"殺線蟲劑Fosthiazate 福賽絕0.02ppm(標準：不得檢出)","postal_code":"104","source_type":"食品抽驗不合格","source_dataset":"臺北市衛生局食品抽驗不合格清冊","source_url":"https://data.taipei/api/dataset/09a917a0-0fb5-47e1-957c-5f1268fba517/resource/3fc106cb-c8aa-4f74-8dbc-3272c7ffcae0/download","geocoding_address":"臺北市中山區敬業三路20號地下1樓之1","location_method":"臺北市門牌位置數值資料","violation_count":1},"geometry":{"type":"Point","coordinates":[121.55669866517573,25.083374665653366]}},{"type":"Feature","properties":{"data_time":"2024-08-02","source_row_no":159,"name":"秋香蔬菜商行","city":"臺北市","district":"大安區","address":"臺北市大安區臨江街29-1號","sample_date":"2024-08-02","project_name":"蔬果","product_category":"豆菜類","sample_item":"菜豆","inspection_result":"不符合規定","violation_reason":"殺草劑Ametryn 草殺淨0.02ppm(標準：不得檢出)","postal_code":"106","source_type":"食品抽驗不合格","source_dataset":"臺北市衛生局食品抽驗不合格清冊","source_url":"https://data.taipei/api/dataset/09a917a0-0fb5-47e1-957c-5f1268fba517/resource/3fc106cb-c8aa-4f74-8dbc-3272c7ffcae0/download","geocoding_address":"臺北市大安區臨江街29-1號","location_method":"臺北市門牌位置數值資料","violation_count":1},"geometry":{"type":"Point","coordinates":[121.55632871767871,25.029756636471927]}},{"type":"Feature","properties":{"data_time":"2024-08-07","source_row_no":160,"name":"日鮮蔬果專賣店","city":"臺北市","district":"萬華區","address":"臺北市萬華區貴陽街2段137號","sample_date":"2024-08-07","project_name":"蔬果","product_category":"大漿果類","sample_item":"網室栽培特選台農二號紅肉木瓜","inspection_result":"不符合規定","violation_reason":"殺蟎劑Fenbutatin-oxide 芬佈賜0.02ppm(標準：不得檢出)","postal_code":"108","source_type":"食品抽驗不合格","source_dataset":"臺北市衛生局食品抽驗不合格清冊","source_url":"https://data.taipei/api/dataset/09a917a0-0fb5-47e1-957c-5f1268fba517/resource/3fc106cb-c8aa-4f74-8dbc-3272c7ffcae0/download","geocoding_address":"臺北市萬華區貴陽街2段137號","location_method":"OpenStreetMap道路/地名定位","violation_count":1},"geometry":{"type":"Point","coordinates":[121.5063921,25.0393921]}},{"type":"Feature","properties":{"data_time":"2024-08-01","source_row_no":161,"name":"臺北市第二果菜批發市場蔬菜零批場21-08號攤","city":"臺北市","district":"中山區","address":"臺北市中山區民族東路336號","sample_date":"2024-08-01","project_name":"蔬果","product_category":"小葉菜類","sample_item":"芹菜","inspection_result":"不符合規定","violation_reason":"殺草劑Thiobencarb 殺丹0.08ppm(標準：0.01ppm以下)","postal_code":"104","source_type":"食品抽驗不合格","source_dataset":"臺北市衛生局食品抽驗不合格清冊","source_url":"https://data.taipei/api/dataset/09a917a0-0fb5-47e1-957c-5f1268fba517/resource/3fc106cb-c8aa-4f74-8dbc-3272c7ffcae0/download","geocoding_address":"臺北市中山區民族東路336號","location_method":"臺北市門牌位置數值資料","violation_count":1},"geometry":{"type":"Point","coordinates":[121.53734126764245,25.0679233527595]}},{"type":"Feature","properties":{"data_time":"2024-08-05","source_row_no":162,"name":"為福樓餐廳有限公司","city":"臺北市","district":"南港區","address":"臺北市南港區忠孝東路5段996號1樓","sample_date":"2024-08-05","project_name":"蔬果","product_category":"果菜類","sample_item":"大紅辣(辣椒)","inspection_result":"不符合規定","violation_reason":"殺蟲劑Flonicamid 氟尼胺0.02ppm(標準：0.01ppm以下)","postal_code":"115","source_type":"食品抽驗不合格","source_dataset":"臺北市衛生局食品抽驗不合格清冊","source_url":"https://data.taipei/api/dataset/09a917a0-0fb5-47e1-957c-5f1268fba517/resource/3fc106cb-c8aa-4f74-8dbc-3272c7ffcae0/download","geocoding_address":"臺北市南港區忠孝東路5段996號1樓","location_method":"OpenStreetMap道路/地名定位","violation_count":1},"geometry":{"type":"Point","coordinates":[121.5816073,25.0436679]}},{"type":"Feature","properties":{"data_time":"2024-08-02","source_row_no":163,"name":"優市大安店","city":"臺北市","district":"大安區","address":"臺北市大安區敦化南路2段11巷38弄15號","sample_date":"2024-08-02","project_name":"蔬果","product_category":"根莖菜類","sample_item":"白蘿蔔","inspection_result":"不符合規定","violation_reason":"殺蟲劑Thiamethoxam 賽速安0.46ppm(標準：0.25ppm以下)","postal_code":"106","source_type":"食品抽驗不合格","source_dataset":"臺北市衛生局食品抽驗不合格清冊","source_url":"https://data.taipei/api/dataset/09a917a0-0fb5-47e1-957c-5f1268fba517/resource/3fc106cb-c8aa-4f74-8dbc-3272c7ffcae0/download","geocoding_address":"臺北市大安區敦化南路2段11巷38弄15號","location_method":"OpenStreetMap道路/地名定位","violation_count":1},"geometry":{"type":"Point","coordinates":[121.548763,25.0290432]}},{"type":"Feature","properties":{"data_time":"2024-08-01","source_row_no":164,"name":"順豐蔬果行","city":"臺北市","district":"北投區","address":"臺北市北投區清江路22號","sample_date":"2024-08-01","project_name":"蔬果","product_category":"根莖菜類","sample_item":"白蘿蔔","inspection_result":"不符合規定","violation_reason":"殺蟲劑Thiamethoxam 賽速安0.38ppm(標準：0.25ppm以下)","postal_code":"112","source_type":"食品抽驗不合格","source_dataset":"臺北市衛生局食品抽驗不合格清冊","source_url":"https://data.taipei/api/dataset/09a917a0-0fb5-47e1-957c-5f1268fba517/resource/3fc106cb-c8aa-4f74-8dbc-3272c7ffcae0/download","geocoding_address":"臺北市北投區清江路22號","location_method":"臺北市門牌位置數值資料","violation_count":1},"geometry":{"type":"Point","coordinates":[121.50170719095712,25.1314141934568]}},{"type":"Feature","properties":{"data_time":"2024-08-20","source_row_no":165,"name":"心元蔘藥行","city":"臺北市","district":"松山區","address":"臺北市松山區南京東路5段291巷20弄6號","sample_date":"2024-08-20","project_name":"可供食品使用中藥材","product_category":"菊花","sample_item":"生機菊花（有效日期：20260620）","inspection_result":"不符合規定","violation_reason":"1.殺蟲劑Cypermethrin賽滅寧0.14ppm（標準：0.03ppm以下）、殺草劑Pendimethalin施得圃0.07ppm（ 標準： 0.05ppm 以下）、殺菌劑Pydiflumetofen派滅芬0.10ppm（標準：不得檢出）\n2.產品外包裝標示「檢驗合格」字樣及附有農藥殘留檢驗合格之檢驗報告，標示不實且易生誤解","postal_code":"105","source_type":"食品抽驗不合格","source_dataset":"臺北市衛生局食品抽驗不合格清冊","source_url":"https://data.taipei/api/dataset/09a917a0-0fb5-47e1-957c-5f1268fba517/resource/3fc106cb-c8aa-4f74-8dbc-3272c7ffcae0/download","geocoding_address":"臺北市松山區南京東路5段291巷20弄6號","location_method":"OpenStreetMap道路/地名定位","violation_count":1},"geometry":{"type":"Point","coordinates":[121.562368,25.0513869]}},{"type":"Feature","properties":{"data_time":"2024-08-20","source_row_no":166,"name":"利隆貿易有限公司(利隆行)","city":"臺北市","district":"大同區","address":"臺北市大同區迪化街1段46巷18弄6號","sample_date":"2024-08-20","project_name":"可供食品使用中藥材","product_category":"菊花","sample_item":"台灣菊花（有效日期：1160722）","inspection_result":"不符合規定","violation_reason":"1.殺蟲劑Chlorfenapyr\t克凡派11.0ppm(標準：2.0ppm以下)、Methomyl\t納乃得1.5ppm(標準：1.0ppm以下)\t\n2.產品內附有未檢出農藥殘留之檢驗報告與外包裝標示「安心使用」字樣，標示不實且易生誤解","postal_code":"103","source_type":"食品抽驗不合格","source_dataset":"臺北市衛生局食品抽驗不合格清冊","source_url":"https://data.taipei/api/dataset/09a917a0-0fb5-47e1-957c-5f1268fba517/resource/3fc106cb-c8aa-4f74-8dbc-3272c7ffcae0/download","geocoding_address":"臺北市大同區迪化街1段46巷18弄6號","location_method":"OpenStreetMap道路/地名定位","violation_count":1},"geometry":{"type":"Point","coordinates":[121.509465,25.0593569]}},{"type":"Feature","properties":{"data_time":"2024-08-20","source_row_no":167,"name":"迪隆蔘藥行","city":"臺北市","district":"大同區","address":"臺北市大同區歸綏街220號1樓","sample_date":"2024-08-20","project_name":"可供食品使用中藥材","product_category":"白木耳","sample_item":"乾白木耳（干白木耳）（有效日期：20261115）","inspection_result":"不符合規定","violation_reason":"生長調節劑Chlormequat\t克美素0.08ppm(標準：不得檢出)","postal_code":"103","source_type":"食品抽驗不合格","source_dataset":"臺北市衛生局食品抽驗不合格清冊","source_url":"https://data.taipei/api/dataset/09a917a0-0fb5-47e1-957c-5f1268fba517/resource/3fc106cb-c8aa-4f74-8dbc-3272c7ffcae0/download","geocoding_address":"臺北市大同區歸綏街220號1樓","location_method":"臺北市門牌位置數值資料","violation_count":1},"geometry":{"type":"Point","coordinates":[121.51008317966485,25.0581643107169]}},{"type":"Feature","properties":{"data_time":"2024-08-20","source_row_no":168,"name":"慶峰參藥行","city":"臺北市","district":"北投區","address":"臺北市北投區懷德街6-6號","sample_date":"2024-08-20","project_name":"可供食品使用中藥材","product_category":"菊花","sample_item":"台灣菊花（有效日期：20261123）","inspection_result":"不符合規定","violation_reason":"1.殺蟲劑Acetamiprid亞滅培3.9ppm（標準：2.0ppm以下）\n2.產品外包裝標示「天然生機」字樣及產品內附有未檢出農藥殘留之檢驗報告，標示不實且易生誤解","postal_code":"112","source_type":"食品抽驗不合格","source_dataset":"臺北市衛生局食品抽驗不合格清冊","source_url":"https://data.taipei/api/dataset/09a917a0-0fb5-47e1-957c-5f1268fba517/resource/3fc106cb-c8aa-4f74-8dbc-3272c7ffcae0/download","geocoding_address":"臺北市北投區懷德街6-6號","location_method":"臺北市門牌位置數值資料","violation_count":1},"geometry":{"type":"Point","coordinates":[121.5198234646027,25.110688708565984]}},{"type":"Feature","properties":{"data_time":"2024-09-03","source_row_no":169,"name":"全興蔬菜行","city":"臺北市","district":"萬華區","address":"臺北市萬華區環河南路2段245號環南市場33號攤","sample_date":"2024-09-03","project_name":"蔬果","product_category":"香辛植物及其他草木本植物","sample_item":"香菜(芫荽)","inspection_result":"不符合規定","violation_reason":"殺菌劑Dimethomorph 達滅芬0.03ppm(標準：0.01ppm以下) \n殺菌劑Diniconazole 達克利0.05ppm(標準：不得檢出)\n殺菌劑Fluopicolide 氟比來0.05ppm(標準：0.01ppm以下) \n殺菌劑Flusilazole 護矽得0.05ppm(標準：不得檢出) \n殺菌劑Prochloraz 撲克拉0.27ppm(標準：0.01ppm以下) \n殺草劑Prometryn 佈滅淨0.04ppm(標準：不得檢出) \n殺菌劑Propiconazole 普克利4.54ppm(標準：0.01ppm以下) \n殺菌劑Pydiflumetofen 派滅芬0.12ppm(標準：不得檢出) \n殺蟲劑Thiamethoxam 賽速安0.36ppm(標準：0.01ppm以下)","postal_code":"108","source_type":"食品抽驗不合格","source_dataset":"臺北市衛生局食品抽驗不合格清冊","source_url":"https://data.taipei/api/dataset/09a917a0-0fb5-47e1-957c-5f1268fba517/resource/3fc106cb-c8aa-4f74-8dbc-3272c7ffcae0/download","geocoding_address":"臺北市萬華區環河南路2段245號環南市場33號攤","location_method":"OpenStreetMap道路/地名定位","violation_count":1},"geometry":{"type":"Point","coordinates":[121.4895544,25.0300926]}},{"type":"Feature","properties":{"data_time":"2024-09-04","source_row_no":170,"name":"遠東都會股份有限公司復興店（city super復興店）","city":"臺北市","district":"大安區","address":"臺北市大安區忠孝東路3段300號B3樓","sample_date":"2024-09-04","project_name":"蔬果","product_category":"香辛植物及其他草木本植物","sample_item":"芫荽(香菜)","inspection_result":"不符合規定","violation_reason":"殺菌劑Dimethomorph 達滅芬0.07ppm(標準：0.01ppm以下) \n殺菌劑Diniconazole 達克利0.02ppm(標準：不得檢出) \n殺菌劑Fluopicolide 氟比來0.02ppm(標準：0.01ppm以下) \n殺菌劑Flusilazole 護矽得0.09ppm(標準：不得檢出)\n殺菌劑Prochloraz 撲克拉0.10ppm(標準：0.01ppm以下) \n殺菌劑Procymidone 撲滅寧0.02ppm(標準：0.01ppm以下) \n殺菌劑Propiconazole 普克利1.98ppm(標準：0.01ppm以下) \n殺菌劑Pydiflumetofen 派滅芬0.03ppm(標準：不得檢出) \n殺蟲劑Thiamethoxam 賽速安0.11ppm(標準：0.01ppm以下)","postal_code":"106","source_type":"食品抽驗不合格","source_dataset":"臺北市衛生局食品抽驗不合格清冊","source_url":"https://data.taipei/api/dataset/09a917a0-0fb5-47e1-957c-5f1268fba517/resource/3fc106cb-c8aa-4f74-8dbc-3272c7ffcae0/download","geocoding_address":"臺北市大安區忠孝東路3段300號B3樓","location_method":"OpenStreetMap道路/地名定位","violation_count":1},"geometry":{"type":"Point","coordinates":[121.5341297,25.0422049]}},{"type":"Feature","properties":{"data_time":"2024-09-03","source_row_no":171,"name":"無市招菜攤(李O立)","city":"臺北市","district":"士林區","address":"臺北市士林區文林路101巷26號前攤販","sample_date":"2024-09-03","project_name":"蔬果","product_category":"小葉菜類","sample_item":"青江菜","inspection_result":"不符合規定","violation_reason":"殺蟲劑Chlorfenapyr 克凡派1.1ppm(標準：1.0ppm以下) \n殺蟲劑Cyantraniliprole 賽安勃0.13ppm(標準：不得檢出) \n殺蟲劑Fipronil 芬普尼0.237ppm、Fipronil-sulfone芬普尼代謝物0.070ppm(標準：0.001ppm以下) \n殺蟲劑Pyriproxyfen 百利普芬0.59ppm(標準：0.01ppm以下)","postal_code":"111","source_type":"食品抽驗不合格","source_dataset":"臺北市衛生局食品抽驗不合格清冊","source_url":"https://data.taipei/api/dataset/09a917a0-0fb5-47e1-957c-5f1268fba517/resource/3fc106cb-c8aa-4f74-8dbc-3272c7ffcae0/download","geocoding_address":"臺北市士林區文林路101巷26號前攤販","location_method":"臺北市門牌位置數值資料","violation_count":1},"geometry":{"type":"Point","coordinates":[121.52554902896692,25.087823130139213]}},{"type":"Feature","properties":{"data_time":"2024-09-06","source_row_no":172,"name":"第二果菜批發市場第23-13號攤(張O淳)","city":"臺北市","district":"中山區","address":"臺北市中山區民族東路336號","sample_date":"2024-09-06","project_name":"蔬果","product_category":"小葉菜類","sample_item":"芹菜","inspection_result":"不符合規定","violation_reason":"除草劑Metolachlor 莫多草0.04ppm(標準：0.01ppm以下) \n殺草劑Pendimethalin 施得圃0.2ppm(標準：0.1ppm以下) \n殺菌劑Pyraclostrobin 百克敏2.5ppm(標準：2.0ppm以下) \n殺蟲劑Terbufos 托福松0.07ppm(標準：0.05ppm以下)","postal_code":"104","source_type":"食品抽驗不合格","source_dataset":"臺北市衛生局食品抽驗不合格清冊","source_url":"https://data.taipei/api/dataset/09a917a0-0fb5-47e1-957c-5f1268fba517/resource/3fc106cb-c8aa-4f74-8dbc-3272c7ffcae0/download","geocoding_address":"臺北市中山區民族東路336號","location_method":"臺北市門牌位置數值資料","violation_count":1},"geometry":{"type":"Point","coordinates":[121.53734126764245,25.0679233527595]}},{"type":"Feature","properties":{"data_time":"2024-09-02","source_row_no":173,"name":"易長泓有限公司石牌營業所（旺佳佳越法新麵包石牌店）","city":"臺北市","district":"北投區","address":"臺北市北投區石牌路2段72號","sample_date":"2024-09-02","project_name":"蔬果","product_category":"香辛植物及其他草木本植物","sample_item":"香菜(芫荽)","inspection_result":"不符合規定","violation_reason":"殺蟲劑3-OH Carbofuran3羥基加保扶0.01ppm、Carbofuran 加保扶0.01ppm(標準：不得檢出) \n殺蟲劑Chlorpyrifos 陶斯松0.01ppm(標準：不得檢出) \n殺菌劑Pencycuron 賓克隆0.02ppm(標準：0.01ppm以下)","postal_code":"112","source_type":"食品抽驗不合格","source_dataset":"臺北市衛生局食品抽驗不合格清冊","source_url":"https://data.taipei/api/dataset/09a917a0-0fb5-47e1-957c-5f1268fba517/resource/3fc106cb-c8aa-4f74-8dbc-3272c7ffcae0/download","geocoding_address":"臺北市北投區石牌路2段72號","location_method":"OpenStreetMap道路/地名定位","violation_count":1},"geometry":{"type":"Point","coordinates":[121.525636,25.1236382]}},{"type":"Feature","properties":{"data_time":"2024-09-04","source_row_no":174,"name":"第二果菜批發市場第17-11號攤(莊O逸)","city":"臺北市","district":"中山區","address":"臺北市中山區民族東路336號","sample_date":"2024-09-04","project_name":"蔬果","product_category":"香辛植物及其他草木本植物","sample_item":"香菜(芫荽)","inspection_result":"不符合規定","violation_reason":"殺草劑Ametryn 草殺淨0.04ppm(標準：不得檢出) \n殺菌劑Hexaconazole 菲克利0.02ppm(標準：0.01ppm以下)","postal_code":"104","source_type":"食品抽驗不合格","source_dataset":"臺北市衛生局食品抽驗不合格清冊","source_url":"https://data.taipei/api/dataset/09a917a0-0fb5-47e1-957c-5f1268fba517/resource/3fc106cb-c8aa-4f74-8dbc-3272c7ffcae0/download","geocoding_address":"臺北市中山區民族東路336號","location_method":"臺北市門牌位置數值資料","violation_count":1},"geometry":{"type":"Point","coordinates":[121.53734126764245,25.0679233527595]}},{"type":"Feature","properties":{"data_time":"2024-09-03","source_row_no":175,"name":"22號蔬果園","city":"臺北市","district":"萬華區","address":"臺北市萬華區西藏路125巷22號1樓","sample_date":"2024-09-03","project_name":"蔬果","product_category":"小葉菜類","sample_item":"青蔥","inspection_result":"不符合規定","violation_reason":"殺蟲劑Fipronil-sulfone芬普尼代謝物0.007ppm(標準：0.001ppm以下) \n殺菌劑Fluxapyroxad 氟克殺0.7ppm(標準：0.6ppm以下)","postal_code":"108","source_type":"食品抽驗不合格","source_dataset":"臺北市衛生局食品抽驗不合格清冊","source_url":"https://data.taipei/api/dataset/09a917a0-0fb5-47e1-957c-5f1268fba517/resource/3fc106cb-c8aa-4f74-8dbc-3272c7ffcae0/download","geocoding_address":"臺北市萬華區西藏路125巷22號1樓","location_method":"臺北市門牌位置數值資料","violation_count":1},"geometry":{"type":"Point","coordinates":[121.50315018126994,25.027010083628095]}},{"type":"Feature","properties":{"data_time":"2024-09-03","source_row_no":176,"name":"兄弟大飯店股份有限公司(兄弟大飯店)","city":"臺北市","district":"松山區","address":"臺北市松山區南京東路3段255號","sample_date":"2024-09-03","project_name":"蔬果","product_category":"小葉菜類","sample_item":"青江菜","inspection_result":"不符合規定","violation_reason":"殺蟲劑Cyantraniliprole 賽安勃0.34ppm(標準：不得檢出)","postal_code":"105","source_type":"食品抽驗不合格","source_dataset":"臺北市衛生局食品抽驗不合格清冊","source_url":"https://data.taipei/api/dataset/09a917a0-0fb5-47e1-957c-5f1268fba517/resource/3fc106cb-c8aa-4f74-8dbc-3272c7ffcae0/download","geocoding_address":"臺北市松山區南京東路3段255號","location_method":"OpenStreetMap道路/地名定位","violation_count":1},"geometry":{"type":"Point","coordinates":[121.5476333,25.0518444]}},{"type":"Feature","properties":{"data_time":"2024-09-02","source_row_no":177,"name":"蘇杭企業股份有限公司天母分公司(蘇杭365)","city":"臺北市","district":"北投區","address":"臺北市北投區明德路365號","sample_date":"2024-09-02","project_name":"蔬果","product_category":"小葉菜類","sample_item":"青蔥","inspection_result":"不符合規定","violation_reason":"殺菌劑Thifluzamide 賽氟滅0.16ppm(標準：不得檢出)","postal_code":"112","source_type":"食品抽驗不合格","source_dataset":"臺北市衛生局食品抽驗不合格清冊","source_url":"https://data.taipei/api/dataset/09a917a0-0fb5-47e1-957c-5f1268fba517/resource/3fc106cb-c8aa-4f74-8dbc-3272c7ffcae0/download","geocoding_address":"臺北市北投區明德路365號","location_method":"臺北市門牌位置數值資料","violation_count":1},"geometry":{"type":"Point","coordinates":[121.52134673159091,25.117549014697733]}},{"type":"Feature","properties":{"data_time":"2024-09-06","source_row_no":178,"name":"第二果菜批發市場第19-13號攤(胡O傑)","city":"臺北市","district":"中山區","address":"臺北市中山區民族東路336號","sample_date":"2024-09-06","project_name":"蔬果","product_category":"小葉菜類","sample_item":"青蔥","inspection_result":"不符合規定","violation_reason":"殺蟎劑Ethion 愛殺松0.04ppm(標準：不得檢出)","postal_code":"104","source_type":"食品抽驗不合格","source_dataset":"臺北市衛生局食品抽驗不合格清冊","source_url":"https://data.taipei/api/dataset/09a917a0-0fb5-47e1-957c-5f1268fba517/resource/3fc106cb-c8aa-4f74-8dbc-3272c7ffcae0/download","geocoding_address":"臺北市中山區民族東路336號","location_method":"臺北市門牌位置數值資料","violation_count":1},"geometry":{"type":"Point","coordinates":[121.53734126764245,25.0679233527595]}},{"type":"Feature","properties":{"data_time":"2024-09-04","source_row_no":179,"name":"遠百企業股份有限公司忠孝分公司(愛買忠孝店)","city":"臺北市","district":"信義區","address":"臺北市信義區忠孝東路5段297號地下3樓","sample_date":"2024-09-04","project_name":"蔬果","product_category":"小葉菜類","sample_item":"進口西洋芹","inspection_result":"不符合規定","violation_reason":"殺蟲劑Cyantraniliprole 賽安勃0.02ppm(標準：不得檢出)","postal_code":"110","source_type":"食品抽驗不合格","source_dataset":"臺北市衛生局食品抽驗不合格清冊","source_url":"https://data.taipei/api/dataset/09a917a0-0fb5-47e1-957c-5f1268fba517/resource/3fc106cb-c8aa-4f74-8dbc-3272c7ffcae0/download","geocoding_address":"臺北市信義區忠孝東路5段297號地下3樓","location_method":"OpenStreetMap道路/地名定位","violation_count":1},"geometry":{"type":"Point","coordinates":[121.5728413,25.0410057]}},{"type":"Feature","properties":{"data_time":"2024-09-03","source_row_no":180,"name":"士林素食館(士林健康素食)","city":"臺北市","district":"士林區","address":"臺北市士林區中正路281號","sample_date":"2024-09-03","project_name":"蔬果","product_category":"小葉菜類","sample_item":"九層塔(羅勒)","inspection_result":"不符合規定","violation_reason":"殺菌劑Pyraclostrobin 百克敏0.48ppm(標準：0.01ppm以下)","postal_code":"111","source_type":"食品抽驗不合格","source_dataset":"臺北市衛生局食品抽驗不合格清冊","source_url":"https://data.taipei/api/dataset/09a917a0-0fb5-47e1-957c-5f1268fba517/resource/3fc106cb-c8aa-4f74-8dbc-3272c7ffcae0/download","geocoding_address":"臺北市士林區中正路281號","location_method":"臺北市門牌位置數值資料","violation_count":1},"geometry":{"type":"Point","coordinates":[121.52422899523731,25.09477888793335]}},{"type":"Feature","properties":{"data_time":"2024-09-03","source_row_no":181,"name":"阿一蔬果有限公司(阿一蔬果)","city":"臺北市","district":"南港區","address":"臺北市南港區忠孝東路6段85號1樓","sample_date":"2024-09-03","project_name":"蔬果","product_category":"小葉菜類","sample_item":"油菜","inspection_result":"不符合規定","violation_reason":"殺草劑Oxadiazon 樂滅草0.03ppm(標準：0.01ppm以下)","postal_code":"115","source_type":"食品抽驗不合格","source_dataset":"臺北市衛生局食品抽驗不合格清冊","source_url":"https://data.taipei/api/dataset/09a917a0-0fb5-47e1-957c-5f1268fba517/resource/3fc106cb-c8aa-4f74-8dbc-3272c7ffcae0/download","geocoding_address":"臺北市南港區忠孝東路6段85號1樓","location_method":"OpenStreetMap道路/地名定位","violation_count":1},"geometry":{"type":"Point","coordinates":[121.5881605,25.0489915]}},{"type":"Feature","properties":{"data_time":"2024-09-02","source_row_no":182,"name":"全聯實業股份有限公司北投吉利分公司","city":"臺北市","district":"北投區","address":"臺北市北投區吉利街125號1樓","sample_date":"2024-09-02","project_name":"蔬果","product_category":"根莖菜類","sample_item":"進口蘿蔔600公克","inspection_result":"不符合規定","violation_reason":"殺蟲劑Lufenuron 祿芬隆0.02ppm(標準：0.01ppm以下)","postal_code":"112","source_type":"食品抽驗不合格","source_dataset":"臺北市衛生局食品抽驗不合格清冊","source_url":"https://data.taipei/api/dataset/09a917a0-0fb5-47e1-957c-5f1268fba517/resource/3fc106cb-c8aa-4f74-8dbc-3272c7ffcae0/download","geocoding_address":"臺北市北投區吉利街125號1樓","location_method":"臺北市門牌位置數值資料","violation_count":1},"geometry":{"type":"Point","coordinates":[121.50673674308938,25.11871588794285]}},{"type":"Feature","properties":{"data_time":"2024-09-03","source_row_no":183,"name":"第一果菜批發市場","city":"臺北市","district":"萬華區","address":"臺北市萬華區萬大路533號地號919","sample_date":"2024-09-03","project_name":"蔬果","product_category":"果菜類","sample_item":"朝天椒(辣椒)","inspection_result":"不符合規定","violation_reason":"殺蟲劑Flonicamid 氟尼胺0.02ppm(標準：0.01ppm以下)","postal_code":"108","source_type":"食品抽驗不合格","source_dataset":"臺北市衛生局食品抽驗不合格清冊","source_url":"https://data.taipei/api/dataset/09a917a0-0fb5-47e1-957c-5f1268fba517/resource/3fc106cb-c8aa-4f74-8dbc-3272c7ffcae0/download","geocoding_address":"臺北市萬華區萬大路533號地號919","location_method":"臺北市門牌位置數值資料","violation_count":1},"geometry":{"type":"Point","coordinates":[121.49713199522044,25.018499829728977]}},{"type":"Feature","properties":{"data_time":"2024-09-04","source_row_no":184,"name":"遠東都會股份有限公司復興店（city super復興店）","city":"臺北市","district":"大安區","address":"臺北市大安區忠孝東路3段300號B3樓","sample_date":"2024-09-04","project_name":"蔬果","product_category":"瓜菜類","sample_item":"大黃瓜(胡瓜)","inspection_result":"不符合規定","violation_reason":"殺蟲劑Trichlorfon 三氯松0.02ppm(標準：0.01ppm以下)","postal_code":"106","source_type":"食品抽驗不合格","source_dataset":"臺北市衛生局食品抽驗不合格清冊","source_url":"https://data.taipei/api/dataset/09a917a0-0fb5-47e1-957c-5f1268fba517/resource/3fc106cb-c8aa-4f74-8dbc-3272c7ffcae0/download","geocoding_address":"臺北市大安區忠孝東路3段300號B3樓","location_method":"OpenStreetMap道路/地名定位","violation_count":1},"geometry":{"type":"Point","coordinates":[121.5341297,25.0422049]}},{"type":"Feature","properties":{"data_time":"2024-09-02","source_row_no":185,"name":"大潤發流通事業股份有限公司南湖分公司(大潤發)","city":"臺北市","district":"內湖區","address":"臺北市內湖區舊宗路1段188號","sample_date":"2024-09-02","project_name":"蔬果","product_category":"豆菜類","sample_item":"台灣敏豆","inspection_result":"不符合規定","violation_reason":"殺菌劑Pyraclostrobin百克敏0.8ppm(標準：0.5ppm以下)","postal_code":"114","source_type":"食品抽驗不合格","source_dataset":"臺北市衛生局食品抽驗不合格清冊","source_url":"https://data.taipei/api/dataset/09a917a0-0fb5-47e1-957c-5f1268fba517/resource/3fc106cb-c8aa-4f74-8dbc-3272c7ffcae0/download","geocoding_address":"臺北市內湖區舊宗路1段188號","location_method":"OpenStreetMap道路/地名定位","violation_count":1},"geometry":{"type":"Point","coordinates":[121.5773336,25.0626529]}},{"type":"Feature","properties":{"data_time":"2024-09-03","source_row_no":186,"name":"惠康百貨股份有限公司松山光復公司(家樂福超市)","city":"臺北市","district":"松山區","address":"臺北市松山區光復北路198號","sample_date":"2024-09-03","project_name":"蔬果","product_category":"根莖菜類","sample_item":"中國白蘿蔔600G","inspection_result":"不符合規定","violation_reason":"殺蟲劑Thiamethoxam賽速安0.27ppm(標準：0.25ppm以下)","postal_code":"105","source_type":"食品抽驗不合格","source_dataset":"臺北市衛生局食品抽驗不合格清冊","source_url":"https://data.taipei/api/dataset/09a917a0-0fb5-47e1-957c-5f1268fba517/resource/3fc106cb-c8aa-4f74-8dbc-3272c7ffcae0/download","geocoding_address":"臺北市松山區光復北路198號","location_method":"臺北市門牌位置數值資料","violation_count":1},"geometry":{"type":"Point","coordinates":[121.5556041393137,25.054989356027992]}},{"type":"Feature","properties":{"data_time":"2024-10-18","source_row_no":200,"name":"燈燦食品有限公司","city":"臺北市","district":"大同區","address":"臺北市大同區民樂街125號1樓","sample_date":"2024-10-18","project_name":"油品抽驗計畫","product_category":"鮮奶油","sample_item":"動物性鮮奶油","inspection_result":"不符合規定","violation_reason":"營養標示反式脂肪含量為「每份：0公克/每100公克：0公克」，惟檢出每100公克反式脂肪酸含量0.41公克，依據「包裝食品營養標示應遵行事項」，每100公克固體（半固體）反式脂肪酸含量不超過0.3公克得標示為0，案內產品應依實際數值標示。","postal_code":"103","source_type":"食品抽驗不合格","source_dataset":"臺北市衛生局食品抽驗不合格清冊","source_url":"https://data.taipei/api/dataset/09a917a0-0fb5-47e1-957c-5f1268fba517/resource/3fc106cb-c8aa-4f74-8dbc-3272c7ffcae0/download","geocoding_address":"臺北市大同區民樂街125號1樓","location_method":"臺北市門牌位置數值資料","violation_count":1},"geometry":{"type":"Point","coordinates":[121.51068069196594,25.057813508041285]}},{"type":"Feature","properties":{"data_time":"2024-10-17","source_row_no":201,"name":"喜之坊食品有限公司(光復店)","city":"臺北市","district":"大安區","address":"臺北市大安區光復南路422號","sample_date":"2024-10-17","project_name":"油品抽驗計畫","product_category":"沙拉醬","sample_item":"永新烘焙沙拉醬","inspection_result":"不符合規定","violation_reason":"營養標示反式脂肪含量為「每份：0公克/每100公克：0公克」，惟檢出每100公克反式脂肪酸含量0.40公克，依據「包裝食品營養標示應遵行事項」，每100公克固體（半固體）反式脂肪酸含量不超過0.3公克得標示為0，案內產品應依實際數值標示。","postal_code":"106","source_type":"食品抽驗不合格","source_dataset":"臺北市衛生局食品抽驗不合格清冊","source_url":"https://data.taipei/api/dataset/09a917a0-0fb5-47e1-957c-5f1268fba517/resource/3fc106cb-c8aa-4f74-8dbc-3272c7ffcae0/download","geocoding_address":"臺北市大安區光復南路422號","location_method":"臺北市門牌位置數值資料","violation_count":1},"geometry":{"type":"Point","coordinates":[121.5573831520466,25.036395700489432]}},{"type":"Feature","properties":{"data_time":"2024-10-01","source_row_no":202,"name":"萬日蔬果行","city":"臺北市","district":"內湖區","address":"臺北市內湖區五分街臨16之10號","sample_date":"2024-10-01","project_name":"蔬果","product_category":"香辛植物及其他草木本植物","sample_item":"香菜(芫荽)","inspection_result":"不符合規定","violation_reason":"殺草劑Ametryn 草殺淨0.01ppm(標準：不得檢出)\n殺蟲劑 Chlorpyrifos 陶斯松0.02ppm(標準：不得檢出) \n殺蟲劑Fenitrothion 撲滅松0.02ppm(標準：0.01ppm以下) \n殺草劑Pendimethalin 施得圃0.2ppm(標準：0.1ppm以下)","postal_code":"114","source_type":"食品抽驗不合格","source_dataset":"臺北市衛生局食品抽驗不合格清冊","source_url":"https://data.taipei/api/dataset/09a917a0-0fb5-47e1-957c-5f1268fba517/resource/3fc106cb-c8aa-4f74-8dbc-3272c7ffcae0/download","geocoding_address":"臺北市內湖區五分街臨16之10號","location_method":"OpenStreetMap道路/地名定位","violation_count":1},"geometry":{"type":"Point","coordinates":[121.6127903,25.0676113]}},{"type":"Feature","properties":{"data_time":"2024-10-04","source_row_no":203,"name":"黃O玉","city":"臺北市","district":"萬華區","address":"臺北市萬華區萬大路533號地號928","sample_date":"2024-10-04","project_name":"蔬果","product_category":"香辛植物及其他草木本植物","sample_item":"香菜(芫荽)","inspection_result":"不符合規定","violation_reason":"殺蟲劑Chlorpyrifos 陶斯松0.01ppm(標準：不得檢出)\n殺蟲劑Fenitrothion 撲滅松0.03ppm(標準：0.01ppm以下) \n殺草劑Oxadiazon 樂滅草0.02ppm(標準：0.01ppm以下) \n殺草劑Pendimethalin 施得圃0.2ppm(標準：0.1ppm以下)","postal_code":"108","source_type":"食品抽驗不合格","source_dataset":"臺北市衛生局食品抽驗不合格清冊","source_url":"https://data.taipei/api/dataset/09a917a0-0fb5-47e1-957c-5f1268fba517/resource/3fc106cb-c8aa-4f74-8dbc-3272c7ffcae0/download","geocoding_address":"臺北市萬華區萬大路533號地號928","location_method":"臺北市門牌位置數值資料","violation_count":1},"geometry":{"type":"Point","coordinates":[121.49713199522044,25.018499829728977]}},{"type":"Feature","properties":{"data_time":"2024-10-04","source_row_no":204,"name":"御鼎屋食品股份有限公司","city":"臺北市","district":"士林區","address":"臺北市士林區中山北路6段711號","sample_date":"2024-10-04","project_name":"蔬果","product_category":"小葉菜類","sample_item":"青蔥","inspection_result":"不符合規定","violation_reason":"殺蟲劑Chlorfenapyr 克凡派4.6ppm(標準：1.0ppm以下) \n生長調節劑Paclobutrazol 巴克素0.09ppm(標準：0.01ppm以下) \n殺蟲劑Pyriproxyfen 百利普芬0.05ppm(標準：0.01ppm以下)","postal_code":"111","source_type":"食品抽驗不合格","source_dataset":"臺北市衛生局食品抽驗不合格清冊","source_url":"https://data.taipei/api/dataset/09a917a0-0fb5-47e1-957c-5f1268fba517/resource/3fc106cb-c8aa-4f74-8dbc-3272c7ffcae0/download","geocoding_address":"臺北市士林區中山北路6段711號","location_method":"OpenStreetMap道路/地名定位","violation_count":1},"geometry":{"type":"Point","coordinates":[121.5282473,25.1160553]}},{"type":"Feature","properties":{"data_time":"2024-10-01","source_row_no":205,"name":"菓之鄉水果專賣店","city":"臺北市","district":"南港區","address":"臺北市南港區同德路60號","sample_date":"2024-10-01","project_name":"蔬果","product_category":"大漿果類","sample_item":"特選百香果","inspection_result":"不符合規定","violation_reason":"殺蟲劑Cyromazine 賽滅淨0.48ppm(標準：不得檢出) \n殺蟎劑Pyridaben 畢達本0.04ppm(標準：不得檢出)","postal_code":"115","source_type":"食品抽驗不合格","source_dataset":"臺北市衛生局食品抽驗不合格清冊","source_url":"https://data.taipei/api/dataset/09a917a0-0fb5-47e1-957c-5f1268fba517/resource/3fc106cb-c8aa-4f74-8dbc-3272c7ffcae0/download","geocoding_address":"臺北市南港區同德路60號","location_method":"臺北市門牌位置數值資料","violation_count":1},"geometry":{"type":"Point","coordinates":[121.58491994756332,25.045513276874054]}},{"type":"Feature","properties":{"data_time":"2024-10-04","source_row_no":206,"name":"王O鴻","city":"臺北市","district":"大安區","address":"臺北市大安區臨江街70號前","sample_date":"2024-10-04","project_name":"蔬果","product_category":"香辛植物及其他草木本植物","sample_item":"香菜(芫荽)","inspection_result":"不符合規定","violation_reason":"殺草劑Linuron 理有龍0.02ppm(標準：不得檢出)\n殺菌劑Thifluzamide 賽氟滅0.03ppm(標準：不得檢出)","postal_code":"106","source_type":"食品抽驗不合格","source_dataset":"臺北市衛生局食品抽驗不合格清冊","source_url":"https://data.taipei/api/dataset/09a917a0-0fb5-47e1-957c-5f1268fba517/resource/3fc106cb-c8aa-4f74-8dbc-3272c7ffcae0/download","geocoding_address":"臺北市大安區臨江街70號前","location_method":"臺北市門牌位置數值資料","violation_count":1},"geometry":{"type":"Point","coordinates":[121.5556873435956,25.0297737250216]}},{"type":"Feature","properties":{"data_time":"2024-10-04","source_row_no":207,"name":"輝哥蔬菜批發行","city":"臺北市","district":"萬華區","address":"臺北市萬華區環河南路2段245號環南市場蔬菜區第184號","sample_date":"2024-10-04","project_name":"蔬果","product_category":"小葉菜類","sample_item":"紅鳳菜","inspection_result":"不符合規定","violation_reason":"殺草劑Ametryn 草殺淨0.12ppm(標準：不得檢出) \n殺蟲劑Indoxacarb 因得克0.06ppm(標準：0.01ppm以下)","postal_code":"108","source_type":"食品抽驗不合格","source_dataset":"臺北市衛生局食品抽驗不合格清冊","source_url":"https://data.taipei/api/dataset/09a917a0-0fb5-47e1-957c-5f1268fba517/resource/3fc106cb-c8aa-4f74-8dbc-3272c7ffcae0/download","geocoding_address":"臺北市萬華區環河南路2段245號環南市場蔬菜區第184號","location_method":"OpenStreetMap道路/地名定位","violation_count":1},"geometry":{"type":"Point","coordinates":[121.4895544,25.0300926]}},{"type":"Feature","properties":{"data_time":"2024-10-04","source_row_no":208,"name":"茂盛蔬菜商行","city":"臺北市","district":"萬華區","address":"臺北市萬華區環河南路2段245號環南市場第198號攤","sample_date":"2024-10-04","project_name":"蔬果","product_category":"小葉菜類","sample_item":"紅鳳菜","inspection_result":"不符合規定","violation_reason":"殺草劑Ametryn 草殺淨0.02ppm(標準：不得檢出) \n殺蟲劑Indoxacarb 因得克0.05ppm( 標準：0.01ppm以下)","postal_code":"108","source_type":"食品抽驗不合格","source_dataset":"臺北市衛生局食品抽驗不合格清冊","source_url":"https://data.taipei/api/dataset/09a917a0-0fb5-47e1-957c-5f1268fba517/resource/3fc106cb-c8aa-4f74-8dbc-3272c7ffcae0/download","geocoding_address":"臺北市萬華區環河南路2段245號環南市場第198號攤","location_method":"OpenStreetMap道路/地名定位","violation_count":1},"geometry":{"type":"Point","coordinates":[121.4895544,25.0300926]}},{"type":"Feature","properties":{"data_time":"2024-10-04","source_row_no":209,"name":"台灣產健股份有限公司台北2店(良食生活)","city":"臺北市","district":"大安區","address":"臺北市大安區敦化南路1段233巷68號","sample_date":"2024-10-04","project_name":"蔬果","product_category":"果菜類","sample_item":"茄子","inspection_result":"不符合規定","violation_reason":"殺蟲劑Imidacloprid 益達胺0.9ppm(標準：0.5ppm以下) \n殺菌劑Thifluzamide 賽氟滅0.02ppm(標準：不得檢出)","postal_code":"106","source_type":"食品抽驗不合格","source_dataset":"臺北市衛生局食品抽驗不合格清冊","source_url":"https://data.taipei/api/dataset/09a917a0-0fb5-47e1-957c-5f1268fba517/resource/3fc106cb-c8aa-4f74-8dbc-3272c7ffcae0/download","geocoding_address":"臺北市大安區敦化南路1段233巷68號","location_method":"OpenStreetMap道路/地名定位","violation_count":1},"geometry":{"type":"Point","coordinates":[121.5488609,25.0401263]}},{"type":"Feature","properties":{"data_time":"2024-10-04","source_row_no":210,"name":"御鼎屋食品股份有限公司","city":"臺北市","district":"士林區","address":"臺北市士林區中山北路6段711號","sample_date":"2024-10-04","project_name":"蔬果","product_category":"根莖菜類","sample_item":"白蘿蔔(包)","inspection_result":"不符合規定","violation_reason":"殺蟲劑Clothianidin 可尼丁0.20ppm(標準：0.02ppm以下) \n殺蟲劑Lufenuron 祿芬隆0.02ppm(標準：0.01ppm以下)","postal_code":"111","source_type":"食品抽驗不合格","source_dataset":"臺北市衛生局食品抽驗不合格清冊","source_url":"https://data.taipei/api/dataset/09a917a0-0fb5-47e1-957c-5f1268fba517/resource/3fc106cb-c8aa-4f74-8dbc-3272c7ffcae0/download","geocoding_address":"臺北市士林區中山北路6段711號","location_method":"OpenStreetMap道路/地名定位","violation_count":1},"geometry":{"type":"Point","coordinates":[121.5282473,25.1160553]}},{"type":"Feature","properties":{"data_time":"2024-10-04","source_row_no":211,"name":"果菜俗賣","city":"臺北市","district":"北投區","address":"臺北市北投區自強街119號","sample_date":"2024-10-04","project_name":"蔬果","product_category":"香辛植物及其他草木本植物","sample_item":"芫荽(香菜)","inspection_result":"不符合規定","violation_reason":"殺菌劑Dimethomorph 達滅芬0.02ppm(標準：0.01ppm以下) \n殺菌劑Procymidone 撲滅寧0.09ppm(標準：0.01ppm以下)","postal_code":"112","source_type":"食品抽驗不合格","source_dataset":"臺北市衛生局食品抽驗不合格清冊","source_url":"https://data.taipei/api/dataset/09a917a0-0fb5-47e1-957c-5f1268fba517/resource/3fc106cb-c8aa-4f74-8dbc-3272c7ffcae0/download","geocoding_address":"臺北市北投區自強街119號","location_method":"臺北市門牌位置數值資料","violation_count":1},"geometry":{"type":"Point","coordinates":[121.51560174940943,25.110959260611168]}},{"type":"Feature","properties":{"data_time":"2024-10-01","source_row_no":212,"name":"唐龍國際餐飲股份有限公司(龍軒傳承)","city":"臺北市","district":"中山區","address":"臺北市中山區長春路90號2樓","sample_date":"2024-10-01","project_name":"蔬果","product_category":"果菜類","sample_item":"辣椒條","inspection_result":"不符合規定","violation_reason":"殺菌劑Difenoconazole 待克利2.7ppm(標準：0.5ppm以下) \n殺蟎劑Pyridaben 畢達本0.8ppm(標準：0.5ppm以下)","postal_code":"104","source_type":"食品抽驗不合格","source_dataset":"臺北市衛生局食品抽驗不合格清冊","source_url":"https://data.taipei/api/dataset/09a917a0-0fb5-47e1-957c-5f1268fba517/resource/3fc106cb-c8aa-4f74-8dbc-3272c7ffcae0/download","geocoding_address":"臺北市中山區長春路90號2樓","location_method":"臺北市門牌位置數值資料","violation_count":1},"geometry":{"type":"Point","coordinates":[121.52720488991471,25.054746797627896]}},{"type":"Feature","properties":{"data_time":"2024-10-01","source_row_no":213,"name":"吉晟蔬果行","city":"臺北市","district":"中山區","address":"臺北市中山區錦州街222號松江市場69","sample_date":"2024-10-01","project_name":"蔬果","product_category":"香辛植物及其他草木本植物","sample_item":"香菜(芫荽)","inspection_result":"不符合規定","violation_reason":"殺蟲劑Fenitrothion 撲滅松0.03ppm(標準：0.01ppm以下) \n殺菌劑Procymidone 撲滅寧0.02ppm(標準：0.01ppm以下)","postal_code":"104","source_type":"食品抽驗不合格","source_dataset":"臺北市衛生局食品抽驗不合格清冊","source_url":"https://data.taipei/api/dataset/09a917a0-0fb5-47e1-957c-5f1268fba517/resource/3fc106cb-c8aa-4f74-8dbc-3272c7ffcae0/download","geocoding_address":"臺北市中山區錦州街222號松江市場69","location_method":"臺北市門牌位置數值資料","violation_count":1},"geometry":{"type":"Point","coordinates":[121.53218725801109,25.060291234594956]}},{"type":"Feature","properties":{"data_time":"2024-10-01","source_row_no":214,"name":"菓之鄉水果專賣店","city":"臺北市","district":"南港區","address":"臺北市南港區同德路60號","sample_date":"2024-10-01","project_name":"蔬果","product_category":"大漿果類","sample_item":"網室木瓜台農2號","inspection_result":"不符合規定","violation_reason":"殺蟲劑Pyriproxyfen 百利普芬0.04ppm(標準：0.01ppm以下)","postal_code":"115","source_type":"食品抽驗不合格","source_dataset":"臺北市衛生局食品抽驗不合格清冊","source_url":"https://data.taipei/api/dataset/09a917a0-0fb5-47e1-957c-5f1268fba517/resource/3fc106cb-c8aa-4f74-8dbc-3272c7ffcae0/download","geocoding_address":"臺北市南港區同德路60號","location_method":"臺北市門牌位置數值資料","violation_count":1},"geometry":{"type":"Point","coordinates":[121.58491994756332,25.045513276874054]}},{"type":"Feature","properties":{"data_time":"2024-10-01","source_row_no":215,"name":"全聯實業股份有限公司中山吉林分公司","city":"臺北市","district":"中山區","address":"臺北市中山區吉林路213、215、217、219號1樓","sample_date":"2024-10-01","project_name":"蔬果","product_category":"小葉菜類","sample_item":"青蔥","inspection_result":"不符合規定","violation_reason":"殺蟲劑Fipronil-sulfone芬普尼代謝物0.003ppm(標準：0.001ppm以下)","postal_code":"104","source_type":"食品抽驗不合格","source_dataset":"臺北市衛生局食品抽驗不合格清冊","source_url":"https://data.taipei/api/dataset/09a917a0-0fb5-47e1-957c-5f1268fba517/resource/3fc106cb-c8aa-4f74-8dbc-3272c7ffcae0/download","geocoding_address":"臺北市中山區吉林路213、215、217、219號1樓","location_method":"臺北市門牌位置數值資料","violation_count":1},"geometry":{"type":"Point","coordinates":[121.53040369802225,25.06059863762735]}},{"type":"Feature","properties":{"data_time":"2024-10-04","source_row_no":216,"name":"御鼎屋食品股份有限公司","city":"臺北市","district":"士林區","address":"臺北市士林區中山北路6段711號","sample_date":"2024-10-04","project_name":"蔬果","product_category":"小葉菜類","sample_item":"青江白菜","inspection_result":"不符合規定","violation_reason":"殺蟲劑Tolfenpyrad 脫芬瑞1.2ppm(標準：0.5ppm以下)","postal_code":"111","source_type":"食品抽驗不合格","source_dataset":"臺北市衛生局食品抽驗不合格清冊","source_url":"https://data.taipei/api/dataset/09a917a0-0fb5-47e1-957c-5f1268fba517/resource/3fc106cb-c8aa-4f74-8dbc-3272c7ffcae0/download","geocoding_address":"臺北市士林區中山北路6段711號","location_method":"OpenStreetMap道路/地名定位","violation_count":1},"geometry":{"type":"Point","coordinates":[121.5282473,25.1160553]}},{"type":"Feature","properties":{"data_time":"2024-10-01","source_row_no":217,"name":"東和蔬果行","city":"臺北市","district":"內湖區","address":"臺北市內湖區五分街16號1樓","sample_date":"2024-10-01","project_name":"蔬果","product_category":"大漿果類","sample_item":"木瓜(台農2號)","inspection_result":"不符合規定","violation_reason":"殺菌劑Famoxadone 凡殺同0.02ppm(標準：0.01ppm以下)","postal_code":"114","source_type":"食品抽驗不合格","source_dataset":"臺北市衛生局食品抽驗不合格清冊","source_url":"https://data.taipei/api/dataset/09a917a0-0fb5-47e1-957c-5f1268fba517/resource/3fc106cb-c8aa-4f74-8dbc-3272c7ffcae0/download","geocoding_address":"臺北市內湖區五分街16號1樓","location_method":"臺北市門牌位置數值資料","violation_count":1},"geometry":{"type":"Point","coordinates":[121.61381850730412,25.067408020965505]}},{"type":"Feature","properties":{"data_time":"2024-10-01","source_row_no":218,"name":"統康生活事業股份有限公司台北農安二店分公司（家樂福超市）","city":"臺北市","district":"中山區","address":"臺北市中山區農安街26號、26-1號","sample_date":"2024-10-01","project_name":"蔬果","product_category":"小葉菜類","sample_item":"青江菜","inspection_result":"不符合規定","violation_reason":"殺草劑Oxadiazon 樂滅草0.02ppm(標準：0.01ppm以下)","postal_code":"104","source_type":"食品抽驗不合格","source_dataset":"臺北市衛生局食品抽驗不合格清冊","source_url":"https://data.taipei/api/dataset/09a917a0-0fb5-47e1-957c-5f1268fba517/resource/3fc106cb-c8aa-4f74-8dbc-3272c7ffcae0/download","geocoding_address":"臺北市中山區農安街26號、26-1號","location_method":"臺北市門牌位置數值資料","violation_count":1},"geometry":{"type":"Point","coordinates":[121.52593499846216,25.064829977866346]}},{"type":"Feature","properties":{"data_time":"2024-10-01","source_row_no":219,"name":"臺北市第二果菜批發市場20-14攤","city":"臺北市","district":"中山區","address":"臺北市中山區民族東路336號1樓","sample_date":"2024-10-01","project_name":"蔬果","product_category":"香辛植物及其他草木本植物","sample_item":"香菜(芫荽)","inspection_result":"不符合規定","violation_reason":"殺蟲劑Fenitrothion 撲滅松0.02ppm(標準：0.01ppｍ以下)","postal_code":"104","source_type":"食品抽驗不合格","source_dataset":"臺北市衛生局食品抽驗不合格清冊","source_url":"https://data.taipei/api/dataset/09a917a0-0fb5-47e1-957c-5f1268fba517/resource/3fc106cb-c8aa-4f74-8dbc-3272c7ffcae0/download","geocoding_address":"臺北市中山區民族東路336號1樓","location_method":"臺北市門牌位置數值資料","violation_count":1},"geometry":{"type":"Point","coordinates":[121.53734126764245,25.0679233527595]}},{"type":"Feature","properties":{"data_time":"2024-10-04","source_row_no":220,"name":"茂盛蔬菜商行","city":"臺北市","district":"萬華區","address":"臺北市萬華區環河南路2段245號環南市場第198號攤","sample_date":"2024-10-04","project_name":"蔬果","product_category":"根莖菜類","sample_item":"白蘿蔔","inspection_result":"不符合規定","violation_reason":"殺蟲劑Fipronil-sulfone芬普尼代謝物0.002ppm(標準：0.001ppm以下)","postal_code":"108","source_type":"食品抽驗不合格","source_dataset":"臺北市衛生局食品抽驗不合格清冊","source_url":"https://data.taipei/api/dataset/09a917a0-0fb5-47e1-957c-5f1268fba517/resource/3fc106cb-c8aa-4f74-8dbc-3272c7ffcae0/download","geocoding_address":"臺北市萬華區環河南路2段245號環南市場第198號攤","location_method":"OpenStreetMap道路/地名定位","violation_count":1},"geometry":{"type":"Point","coordinates":[121.4895544,25.0300926]}},{"type":"Feature","properties":{"data_time":"2024-10-14","source_row_no":221,"name":"昕殿有限公司（辛殿麻辣鍋信義店）","city":"臺北市","district":"信義區","address":"臺北市信義區松壽路28號1樓","sample_date":"2024-10-14","project_name":"火鍋料","product_category":"鮮果蔬菜類及其加工品","sample_item":"蔥","inspection_result":"不符合規定","violation_reason":"1.殺蟲劑滅芬諾(Methoxyfenozide)：0.29ppm(標準：0.01ppm) 2.殺菌劑賽氟滅(Thifluzamide)：0.55ppm(標準：不得檢出)","postal_code":"110","source_type":"食品抽驗不合格","source_dataset":"臺北市衛生局食品抽驗不合格清冊","source_url":"https://data.taipei/api/dataset/09a917a0-0fb5-47e1-957c-5f1268fba517/resource/3fc106cb-c8aa-4f74-8dbc-3272c7ffcae0/download","geocoding_address":"臺北市信義區松壽路28號1樓","location_method":"臺北市門牌位置數值資料","violation_count":1},"geometry":{"type":"Point","coordinates":[121.56803417076145,25.035560638708787]}},{"type":"Feature","properties":{"data_time":"2024-10-14","source_row_no":222,"name":"旨王開發有限公司（王鍋屋新京都風味鍋物）","city":"臺北市","district":"信義區","address":"臺北市信義區松壽路12號5樓","sample_date":"2024-10-14","project_name":"火鍋料","product_category":"鮮果蔬菜類及其加工品","sample_item":"青江菜","inspection_result":"不符合規定","violation_reason":"1.殺蟲劑克凡派(Chlorfenapyr)：1.8ppm(標準：1.0ppm)\n2.殺蟲劑賽安勃(Cyantraniliprole)：0.43ppm(標準：不得檢出) 3.殺蟲劑芬普尼（Fipronil）：0.077ppm、芬普尼代謝物（ Fipronil-sulfone）：0.027ppm，共計檢出0.104 ppm（標準： 0.001ppm 以下）","postal_code":"110","source_type":"食品抽驗不合格","source_dataset":"臺北市衛生局食品抽驗不合格清冊","source_url":"https://data.taipei/api/dataset/09a917a0-0fb5-47e1-957c-5f1268fba517/resource/3fc106cb-c8aa-4f74-8dbc-3272c7ffcae0/download","geocoding_address":"臺北市信義區松壽路12號5樓","location_method":"臺北市門牌位置數值資料","violation_count":1},"geometry":{"type":"Point","coordinates":[121.56602091453597,25.03566809663475]}},{"type":"Feature","properties":{"data_time":"2024-10-15","source_row_no":223,"name":"三澧企業股份有限公司（Mo- Mo-Paradise南港潤泰牧場）","city":"臺北市","district":"南港區","address":"臺北市南港區忠孝東路7段369號C棟10樓","sample_date":"2024-10-15","project_name":"火鍋料","product_category":"鮮果蔬菜類及其加工品","sample_item":"青江菜","inspection_result":"不符合規定","violation_reason":"1.殺蟲劑克凡派(Chlorfenapyr)：1.1ppm(標準：1.0ppm)\n2.殺蟲劑賽安勃(Cyantraniliprole)：0.77ppm(標準：不得檢出) 3.殺蟲劑芬普尼（Fipronil）：0.144ppm、芬普尼代謝物（ Fipronil-sulfone）：0.047ppm，共計0.191 ppm（標準：0.001ppm以下）","postal_code":"115","source_type":"食品抽驗不合格","source_dataset":"臺北市衛生局食品抽驗不合格清冊","source_url":"https://data.taipei/api/dataset/09a917a0-0fb5-47e1-957c-5f1268fba517/resource/3fc106cb-c8aa-4f74-8dbc-3272c7ffcae0/download","geocoding_address":"臺北市南港區忠孝東路7段369號C棟10樓","location_method":"OpenStreetMap道路/地名定位","violation_count":1},"geometry":{"type":"Point","coordinates":[121.6072019,25.0521746]}},{"type":"Feature","properties":{"data_time":"2024-10-17","source_row_no":224,"name":"格萊思美國際餐飲股份有限公司(心心麻辣鍋)","city":"臺北市","district":"萬華區","address":"臺北市萬華區成都路141號","sample_date":"2024-10-17","project_name":"火鍋料","product_category":"鮮果蔬菜類及其加工品","sample_item":"青江菜","inspection_result":"不符合規定","violation_reason":"1.殺蟲劑芬普尼(Fipronil)：0.372ppm、芬普尼代謝物(Fipronil- sulfone)：0.039ppm，共計0.411 ppm（標準：0.001ppm以下）\n2.殺蟲劑托福松(Terbufos)：1.42ppm (標準：0.05ppm)","postal_code":"108","source_type":"食品抽驗不合格","source_dataset":"臺北市衛生局食品抽驗不合格清冊","source_url":"https://data.taipei/api/dataset/09a917a0-0fb5-47e1-957c-5f1268fba517/resource/3fc106cb-c8aa-4f74-8dbc-3272c7ffcae0/download","geocoding_address":"臺北市萬華區成都路141號","location_method":"臺北市門牌位置數值資料","violation_count":1},"geometry":{"type":"Point","coordinates":[121.50319426008845,25.04351932400133]}},{"type":"Feature","properties":{"data_time":"2024-10-17","source_row_no":225,"name":"辣之王麻辣火鍋店(夯麻辣火鍋燒肉)","city":"臺北市","district":"萬華區","address":"臺北市萬華區昆明街76號2樓","sample_date":"2024-10-17","project_name":"火鍋料","product_category":"鮮果蔬菜類及其加工品","sample_item":"白蘿蔔","inspection_result":"不符合規定","violation_reason":"1.殺蟲劑賽洛寧(λ-Cyhalothrin)：0.02ppm (標準：0.01ppm)","postal_code":"108","source_type":"食品抽驗不合格","source_dataset":"臺北市衛生局食品抽驗不合格清冊","source_url":"https://data.taipei/api/dataset/09a917a0-0fb5-47e1-957c-5f1268fba517/resource/3fc106cb-c8aa-4f74-8dbc-3272c7ffcae0/download","geocoding_address":"臺北市萬華區昆明街76號2樓","location_method":"臺北市門牌位置數值資料","violation_count":1},"geometry":{"type":"Point","coordinates":[121.5055320118901,25.045765545940778]}},{"type":"Feature","properties":{"data_time":"2024-10-18","source_row_no":226,"name":"明煬四方有限公司（丰明殿）","city":"臺北市","district":"北投區","address":"臺北市北投區東華街1段362號1樓","sample_date":"2024-10-18","project_name":"火鍋料","product_category":"鮮果蔬菜類及其加工品","sample_item":"青蔥","inspection_result":"不符合規定","violation_reason":"1.殺菌劑賽氟滅(Thifluzamide)：0.14ppm(標準：不得檢出)","postal_code":"112","source_type":"食品抽驗不合格","source_dataset":"臺北市衛生局食品抽驗不合格清冊","source_url":"https://data.taipei/api/dataset/09a917a0-0fb5-47e1-957c-5f1268fba517/resource/3fc106cb-c8aa-4f74-8dbc-3272c7ffcae0/download","geocoding_address":"臺北市北投區東華街1段362號1樓","location_method":"OpenStreetMap道路/地名定位","violation_count":1},"geometry":{"type":"Point","coordinates":[121.5198419,25.1086713]}},{"type":"Feature","properties":{"data_time":"2024-10-18","source_row_no":227,"name":"寒順企業社（寒聚精緻鍋物）","city":"臺北市","district":"北投區","address":"臺北市北投區石牌路2段97巷8號1樓","sample_date":"2024-10-18","project_name":"火鍋料","product_category":"花生粉","sample_item":"花生粉","inspection_result":"不符合規定","violation_reason":"1.黃麴毒素B1：19.0 μg/kg（標準：2 μg/kg以下）\n2.總黃麴毒素B1+B2+G1+G2：21.7μg/kg（標準：4 μg/kg以下）","postal_code":"112","source_type":"食品抽驗不合格","source_dataset":"臺北市衛生局食品抽驗不合格清冊","source_url":"https://data.taipei/api/dataset/09a917a0-0fb5-47e1-957c-5f1268fba517/resource/3fc106cb-c8aa-4f74-8dbc-3272c7ffcae0/download","geocoding_address":"臺北市北投區石牌路2段97巷8號1樓","location_method":"OpenStreetMap道路/地名定位","violation_count":1},"geometry":{"type":"Point","coordinates":[121.525636,25.1236382]}},{"type":"Feature","properties":{"data_time":"2024-10-18","source_row_no":228,"name":"百世佳興業有限公司石牌分公司（火鍋世家）","city":"臺北市","district":"北投區","address":"臺北市北投區石牌路2段335號","sample_date":"2024-10-18","project_name":"火鍋料","product_category":"鮮果蔬菜類及其加工品","sample_item":"青蔥","inspection_result":"不符合規定","violation_reason":"1.殺菌劑四克利(Tetraconazole)：0.09ppm(標準：0.01ppm)","postal_code":"112","source_type":"食品抽驗不合格","source_dataset":"臺北市衛生局食品抽驗不合格清冊","source_url":"https://data.taipei/api/dataset/09a917a0-0fb5-47e1-957c-5f1268fba517/resource/3fc106cb-c8aa-4f74-8dbc-3272c7ffcae0/download","geocoding_address":"臺北市北投區石牌路2段335號","location_method":"OpenStreetMap道路/地名定位","violation_count":1},"geometry":{"type":"Point","coordinates":[121.525636,25.1236382]}},{"type":"Feature","properties":{"data_time":"2024-10-18","source_row_no":229,"name":"富樂台式有限公司(富樂台式涮涮鍋)","city":"臺北市","district":"士林區","address":"臺北市士林區承德路4段 75-1號","sample_date":"2024-10-18","project_name":"火鍋料","product_category":"鮮果蔬菜類及其加工品","sample_item":"三星青蔥 SE1","inspection_result":"不符合規定","violation_reason":"1.殺蟲劑克凡派(Chlorfenapyr)：2.2ppm(標準：1.0ppm)","postal_code":"111","source_type":"食品抽驗不合格","source_dataset":"臺北市衛生局食品抽驗不合格清冊","source_url":"https://data.taipei/api/dataset/09a917a0-0fb5-47e1-957c-5f1268fba517/resource/3fc106cb-c8aa-4f74-8dbc-3272c7ffcae0/download","geocoding_address":"臺北市士林區承德路4段 75-1號","location_method":"OpenStreetMap道路/地名定位","violation_count":1},"geometry":{"type":"Point","coordinates":[121.5218112,25.0798948]}},{"type":"Feature","properties":{"data_time":"2024-10-18","source_row_no":230,"name":"富樂台式有限公司(富樂台式涮涮鍋)","city":"臺北市","district":"士林區","address":"臺北市士林區承德路4段 75-1號","sample_date":"2024-10-18","project_name":"火鍋料","product_category":"豆腐","sample_item":"豆腐","inspection_result":"不符合規定","violation_reason":"1.苯甲酸：0.5 g/kg(標準：不得檢出)","postal_code":"111","source_type":"食品抽驗不合格","source_dataset":"臺北市衛生局食品抽驗不合格清冊","source_url":"https://data.taipei/api/dataset/09a917a0-0fb5-47e1-957c-5f1268fba517/resource/3fc106cb-c8aa-4f74-8dbc-3272c7ffcae0/download","geocoding_address":"臺北市士林區承德路4段 75-1號","location_method":"OpenStreetMap道路/地名定位","violation_count":1},"geometry":{"type":"Point","coordinates":[121.5218112,25.0798948]}},{"type":"Feature","properties":{"data_time":"2024-11-01","source_row_no":231,"name":"同學の店","city":"臺北市","district":"信義區","address":"臺北市信義區仁愛路4段496巷19號","sample_date":"2024-11-01","project_name":"蔬果","product_category":"小葉菜類","sample_item":"芥藍","inspection_result":"不符合規定","violation_reason":"殺蟲劑Emamectin benzoate 因滅汀總量0.13ppm(標準：0.05ppm以下) \n殺蟲劑Fenvalerate 芬化利5.1ppm(標準：2.0ppm以下) \n殺蟲劑Methomyl 納乃得5.1ppm(標準：3.0ppm以下) \n殺蟲劑Profenophos 佈飛松1.3ppm(標準：1.0ppm以下) \n殺菌劑Pyraclostrobin 百克敏3.2ppm(標準：2.0ppm以下) \n殺蟲劑Pyriproxyfen 百利普芬0.98ppm(標準：0.01ppm以下) \n殺蟲劑Thiodicarb 硫敵克4.4ppm(標準：1.0ppm以下)","postal_code":"110","source_type":"食品抽驗不合格","source_dataset":"臺北市衛生局食品抽驗不合格清冊","source_url":"https://data.taipei/api/dataset/09a917a0-0fb5-47e1-957c-5f1268fba517/resource/3fc106cb-c8aa-4f74-8dbc-3272c7ffcae0/download","geocoding_address":"臺北市信義區仁愛路4段496巷19號","location_method":"OpenStreetMap道路/地名定位","violation_count":1},"geometry":{"type":"Point","coordinates":[121.562009,25.0384808]}},{"type":"Feature","properties":{"data_time":"2024-11-01","source_row_no":232,"name":"丰明殿涮涮鍋殿堂信義店(丰明殿)","city":"臺北市","district":"信義區","address":"臺北市信義區信義路4段393號","sample_date":"2024-11-01","project_name":"蔬果","product_category":"小葉菜類","sample_item":"油菜","inspection_result":"不符合規定","violation_reason":"殺蟲劑Acetamiprid 亞滅培9.1ppm(標準：2.0ppm以下) \n殺菌劑Carbendazim 貝芬替1.3ppm(標準：1.0ppm以下) \n殺蟲劑Chlorfenapyr 克凡派3.8ppm(標準：1.0ppm以下) \n殺蟲劑Cyantraniliprole 賽安勃0.34ppm(標準：不得檢出) \n殺蟲劑Fipronil 芬普尼0.002ppm及芬普尼代謝物Fipronil-sulfone0.002ppm，合計共0.004ppm(標準0.001ppm以下) \n殺菌劑Propamocarb hydrochloride 普拔克10.9ppm(標準：10.0ppm以下)","postal_code":"110","source_type":"食品抽驗不合格","source_dataset":"臺北市衛生局食品抽驗不合格清冊","source_url":"https://data.taipei/api/dataset/09a917a0-0fb5-47e1-957c-5f1268fba517/resource/3fc106cb-c8aa-4f74-8dbc-3272c7ffcae0/download","geocoding_address":"臺北市信義區信義路4段393號","location_method":"OpenStreetMap道路/地名定位","violation_count":1},"geometry":{"type":"Point","coordinates":[121.5576229,25.0330205]}},{"type":"Feature","properties":{"data_time":"2024-11-06","source_row_no":233,"name":"阿萬青菜號","city":"臺北市","district":"中正區","address":"臺北市中正區羅斯福路1段8號南門市場B1-17、63、64號攤","sample_date":"2024-11-06","project_name":"蔬果","product_category":"香辛植物及其他草木本植物","sample_item":"香菜(芫荽)","inspection_result":"不符合規定","violation_reason":"殺蟲劑Fenitrothion 撲滅松0.02ppm(標準：0.01ppm以下) \n殺蟲劑Imidacloprid 益達胺0.03ppm(標準：0.01ppm以下) \n殺菌劑Iprodione 依普同0.03ppm(標準：0.01ppm以下) \n殺菌劑Mandipropamid 曼普胺0.01ppm(標準：不得檢出)","postal_code":"100","source_type":"食品抽驗不合格","source_dataset":"臺北市衛生局食品抽驗不合格清冊","source_url":"https://data.taipei/api/dataset/09a917a0-0fb5-47e1-957c-5f1268fba517/resource/3fc106cb-c8aa-4f74-8dbc-3272c7ffcae0/download","geocoding_address":"臺北市中正區羅斯福路1段8號南門市場B1-17、63、64號攤","location_method":"OpenStreetMap道路/地名定位","violation_count":1},"geometry":{"type":"Point","coordinates":[121.5182324,25.0323362]}},{"type":"Feature","properties":{"data_time":"2024-11-05","source_row_no":234,"name":"三軍總醫院營養部","city":"臺北市","district":"內湖區","address":"臺北市內湖區成功路2段325號B1","sample_date":"2024-11-05","project_name":"蔬果","product_category":"小葉菜類","sample_item":"油菜","inspection_result":"不符合規定","violation_reason":"殺蟲劑Chlorfenapyr 克凡派2.2ppm(標準：1.0ppm以下) \n殺蟲劑Fipronil 芬普尼0.435ppm及芬普尼代謝物Fipronil-sulfone0.083ppm，合計共0.518ppm(標準：0.001ppm以下) \n殺蟲劑Indoxacarb 因得克3.7ppm(標準：2.0ppm以下) \n殺蟲劑Pyriproxyfen 百利普芬1.53ppm(標準：0.01ppm以下)","postal_code":"114","source_type":"食品抽驗不合格","source_dataset":"臺北市衛生局食品抽驗不合格清冊","source_url":"https://data.taipei/api/dataset/09a917a0-0fb5-47e1-957c-5f1268fba517/resource/3fc106cb-c8aa-4f74-8dbc-3272c7ffcae0/download","geocoding_address":"臺北市內湖區成功路2段325號B1","location_method":"OpenStreetMap道路/地名定位","violation_count":1},"geometry":{"type":"Point","coordinates":[121.5907009,25.0670012]}},{"type":"Feature","properties":{"data_time":"2024-11-05","source_row_no":235,"name":"統康生活事業股份有限公司天母分公司（Mia C'bon）","city":"臺北市","district":"士林區","address":"臺北市士林區天母西路3號2樓","sample_date":"2024-11-05","project_name":"蔬果","product_category":"小葉菜類","sample_item":"青江菜","inspection_result":"不符合規定","violation_reason":"殺蟲劑Chlorfenapyr 克凡派2.0ppm(標準：1.0ppm以下) \n殺蟲劑Indoxacarb 因得克2.4ppm(標準：2.0ppm以下)","postal_code":"111","source_type":"食品抽驗不合格","source_dataset":"臺北市衛生局食品抽驗不合格清冊","source_url":"https://data.taipei/api/dataset/09a917a0-0fb5-47e1-957c-5f1268fba517/resource/3fc106cb-c8aa-4f74-8dbc-3272c7ffcae0/download","geocoding_address":"臺北市士林區天母西路3號2樓","location_method":"臺北市門牌位置數值資料","violation_count":1},"geometry":{"type":"Point","coordinates":[121.52927149473003,25.118980519758665]}},{"type":"Feature","properties":{"data_time":"2024-11-07","source_row_no":236,"name":"灃群物流有限公司","city":"臺北市","district":"萬華區","address":"臺北市萬華區環河南路3段117、119號","sample_date":"2024-11-07","project_name":"蔬果","product_category":"小葉菜類","sample_item":"菠菜","inspection_result":"不符合規定","violation_reason":"殺菌劑Flutolanil福多寧2.9ppm（標準：2.0ppm以下）\n殺蟲劑Methomyl納乃得5.8ppm（標準：3.0ppm以下）","postal_code":"108","source_type":"食品抽驗不合格","source_dataset":"臺北市衛生局食品抽驗不合格清冊","source_url":"https://data.taipei/api/dataset/09a917a0-0fb5-47e1-957c-5f1268fba517/resource/3fc106cb-c8aa-4f74-8dbc-3272c7ffcae0/download","geocoding_address":"臺北市萬華區環河南路3段117、119號","location_method":"OpenStreetMap道路/地名定位","violation_count":1},"geometry":{"type":"Point","coordinates":[121.4920888,25.0217222]}},{"type":"Feature","properties":{"data_time":"2024-11-05","source_row_no":237,"name":"蔬菜攤(程O明)","city":"臺北市","district":"中山區","address":"臺北市中山區錦西街26號","sample_date":"2024-11-05","project_name":"蔬果","product_category":"香辛植物及其他草木本植物","sample_item":"香菜(芫荽)","inspection_result":"不符合規定","violation_reason":"殺草劑Linuron 理有龍0.03ppm(標準：不得檢出)","postal_code":"104","source_type":"食品抽驗不合格","source_dataset":"臺北市衛生局食品抽驗不合格清冊","source_url":"https://data.taipei/api/dataset/09a917a0-0fb5-47e1-957c-5f1268fba517/resource/3fc106cb-c8aa-4f74-8dbc-3272c7ffcae0/download","geocoding_address":"臺北市中山區錦西街26號","location_method":"臺北市門牌位置數值資料","violation_count":1},"geometry":{"type":"Point","coordinates":[121.52098101666367,25.06024120047155]}},{"type":"Feature","properties":{"data_time":"2024-11-01","source_row_no":238,"name":"人杰老四川餐飲管理顧問股份有限公司台北南京東分公司（老四川巴蜀麻辣燙）","city":"臺北市","district":"中山區","address":"臺北市中山區南京東路2段45號1-2樓、47號1-3樓","sample_date":"2024-11-01","project_name":"蔬果","product_category":"小葉菜類","sample_item":"蔥","inspection_result":"不符合規定","violation_reason":"殺菌劑Thifluzamide賽氟滅0.02ppm（標準：不得檢出）","postal_code":"104","source_type":"食品抽驗不合格","source_dataset":"臺北市衛生局食品抽驗不合格清冊","source_url":"https://data.taipei/api/dataset/09a917a0-0fb5-47e1-957c-5f1268fba517/resource/3fc106cb-c8aa-4f74-8dbc-3272c7ffcae0/download","geocoding_address":"臺北市中山區南京東路2段45號1-2樓、47號1-3樓","location_method":"OpenStreetMap道路/地名定位","violation_count":1},"geometry":{"type":"Point","coordinates":[121.5339346,25.0519431]}},{"type":"Feature","properties":{"data_time":"2024-11-05","source_row_no":239,"name":"全聯實業股份有限公司天母天玉分公司(全聯福利中心)","city":"臺北市","district":"士林區","address":"臺北市士林區天母西路3號地下","sample_date":"2024-11-05","project_name":"蔬果","product_category":"香辛植物及其他草木本植物","sample_item":"特選香菜(芫荽)","inspection_result":"不符合規定","violation_reason":"殺草劑Linuron理有龍0.02ppm（標準：不得檢出）","postal_code":"111","source_type":"食品抽驗不合格","source_dataset":"臺北市衛生局食品抽驗不合格清冊","source_url":"https://data.taipei/api/dataset/09a917a0-0fb5-47e1-957c-5f1268fba517/resource/3fc106cb-c8aa-4f74-8dbc-3272c7ffcae0/download","geocoding_address":"臺北市士林區天母西路3號地下","location_method":"臺北市門牌位置數值資料","violation_count":1},"geometry":{"type":"Point","coordinates":[121.52927149473003,25.118980519758665]}},{"type":"Feature","properties":{"data_time":"2024-11-05","source_row_no":240,"name":"尚揚蔬果行","city":"臺北市","district":"松山區","address":"臺北市松山區南京東路5段291巷30號1樓","sample_date":"2024-11-05","project_name":"蔬果","product_category":"香辛植物及其他草木本植物","sample_item":"芫荽(香菜)","inspection_result":"不符合規定","violation_reason":"殺蟲劑Diazinon 大利松0.01ppm(標準：不得檢出)","postal_code":"105","source_type":"食品抽驗不合格","source_dataset":"臺北市衛生局食品抽驗不合格清冊","source_url":"https://data.taipei/api/dataset/09a917a0-0fb5-47e1-957c-5f1268fba517/resource/3fc106cb-c8aa-4f74-8dbc-3272c7ffcae0/download","geocoding_address":"臺北市松山區南京東路5段291巷30號1樓","location_method":"OpenStreetMap道路/地名定位","violation_count":1},"geometry":{"type":"Point","coordinates":[121.562368,25.0513869]}},{"type":"Feature","properties":{"data_time":"2024-11-01","source_row_no":241,"name":"第二果菜批發市場18-08號攤","city":"臺北市","district":"中山區","address":"臺北市中山區民族東路336號","sample_date":"2024-11-01","project_name":"蔬果","product_category":"小葉菜類","sample_item":"蔥","inspection_result":"不符合規定","violation_reason":"殺蟎劑Spirodiclofen 賜派芬0.07ppm(標準：0.01ppm以下)","postal_code":"104","source_type":"食品抽驗不合格","source_dataset":"臺北市衛生局食品抽驗不合格清冊","source_url":"https://data.taipei/api/dataset/09a917a0-0fb5-47e1-957c-5f1268fba517/resource/3fc106cb-c8aa-4f74-8dbc-3272c7ffcae0/download","geocoding_address":"臺北市中山區民族東路336號","location_method":"臺北市門牌位置數值資料","violation_count":1},"geometry":{"type":"Point","coordinates":[121.53734126764245,25.0679233527595]}},{"type":"Feature","properties":{"data_time":"2024-11-06","source_row_no":242,"name":"景O文","city":"臺北市","district":"萬華區","address":"臺北市萬華區環河南路2段245號115號攤","sample_date":"2024-11-06","project_name":"蔬果","product_category":"根莖菜類","sample_item":"白蘿蔔","inspection_result":"不符合規定","violation_reason":"殺蟲劑Fipronil芬普尼0.001ppm、Fipronil-sulfone芬普尼代謝物0.003ppm，合計共0.004ppm（標準：0.001ppm以下）","postal_code":"108","source_type":"食品抽驗不合格","source_dataset":"臺北市衛生局食品抽驗不合格清冊","source_url":"https://data.taipei/api/dataset/09a917a0-0fb5-47e1-957c-5f1268fba517/resource/3fc106cb-c8aa-4f74-8dbc-3272c7ffcae0/download","geocoding_address":"臺北市萬華區環河南路2段245號115號攤","location_method":"OpenStreetMap道路/地名定位","violation_count":1},"geometry":{"type":"Point","coordinates":[121.4895544,25.0300926]}},{"type":"Feature","properties":{"data_time":"2024-11-06","source_row_no":243,"name":"景O文","city":"臺北市","district":"萬華區","address":"臺北市萬華區環河南路2段245號115號攤","sample_date":"2024-11-06","project_name":"蔬果","product_category":"小葉菜類","sample_item":"菠菜","inspection_result":"不符合規定","violation_reason":"殺草劑Oxadiazon 樂滅草0.04ppm(標準：0.01ppm以下)","postal_code":"108","source_type":"食品抽驗不合格","source_dataset":"臺北市衛生局食品抽驗不合格清冊","source_url":"https://data.taipei/api/dataset/09a917a0-0fb5-47e1-957c-5f1268fba517/resource/3fc106cb-c8aa-4f74-8dbc-3272c7ffcae0/download","geocoding_address":"臺北市萬華區環河南路2段245號115號攤","location_method":"OpenStreetMap道路/地名定位","violation_count":1},"geometry":{"type":"Point","coordinates":[121.4895544,25.0300926]}},{"type":"Feature","properties":{"data_time":"2024-11-01","source_row_no":244,"name":"第二果菜批發市場19-09號攤","city":"臺北市","district":"中山區","address":"臺北市中山區民族東路336號1樓","sample_date":"2024-11-01","project_name":"蔬果","product_category":"果菜類","sample_item":"彩色甜椒","inspection_result":"不符合規定","violation_reason":"殺蟲劑Profenophos 佈飛松1.8ppm(標準：1.0ppm以下)","postal_code":"104","source_type":"食品抽驗不合格","source_dataset":"臺北市衛生局食品抽驗不合格清冊","source_url":"https://data.taipei/api/dataset/09a917a0-0fb5-47e1-957c-5f1268fba517/resource/3fc106cb-c8aa-4f74-8dbc-3272c7ffcae0/download","geocoding_address":"臺北市中山區民族東路336號1樓","location_method":"臺北市門牌位置數值資料","violation_count":1},"geometry":{"type":"Point","coordinates":[121.53734126764245,25.0679233527595]}},{"type":"Feature","properties":{"data_time":"2024-11-01","source_row_no":245,"name":"同學の店","city":"臺北市","district":"信義區","address":"臺北市信義區仁愛路4段496巷19號","sample_date":"2024-11-01","project_name":"蔬果","product_category":"小葉菜類","sample_item":"菠菜","inspection_result":"不符合規定","violation_reason":"殺蟲劑Imidacloprid益達胺1.7pm（標準：1.0ppm以下）","postal_code":"110","source_type":"食品抽驗不合格","source_dataset":"臺北市衛生局食品抽驗不合格清冊","source_url":"https://data.taipei/api/dataset/09a917a0-0fb5-47e1-957c-5f1268fba517/resource/3fc106cb-c8aa-4f74-8dbc-3272c7ffcae0/download","geocoding_address":"臺北市信義區仁愛路4段496巷19號","location_method":"OpenStreetMap道路/地名定位","violation_count":1},"geometry":{"type":"Point","coordinates":[121.562009,25.0384808]}},{"type":"Feature","properties":{"data_time":"2024-11-06","source_row_no":246,"name":"三商家購股份有限公司中正汀州分公司（美廉社中正汀州店）","city":"臺北市","district":"中正區","address":"臺北市中正區汀州路1段220號","sample_date":"2024-11-06","project_name":"蔬果","product_category":"小葉菜類","sample_item":"茼蒿","inspection_result":"不符合規定","violation_reason":"殺菌劑Flutolanil 福多寧2.7ppm(標準：2.0ppm以下)","postal_code":"100","source_type":"食品抽驗不合格","source_dataset":"臺北市衛生局食品抽驗不合格清冊","source_url":"https://data.taipei/api/dataset/09a917a0-0fb5-47e1-957c-5f1268fba517/resource/3fc106cb-c8aa-4f74-8dbc-3272c7ffcae0/download","geocoding_address":"臺北市中正區汀州路1段220號","location_method":"OpenStreetMap道路/地名定位","violation_count":1},"geometry":{"type":"Point","coordinates":[121.5109434,25.0270475]}},{"type":"Feature","properties":{"data_time":"2024-11-01","source_row_no":247,"name":"築間餐飲事業股份有限公司信義世貿營業所(築間幸福鍋物)","city":"臺北市","district":"信義區","address":"臺北市信義區基隆路1段426號1樓","sample_date":"2024-11-01","project_name":"蔬果","product_category":"小葉菜類","sample_item":"青江菜","inspection_result":"不符合規定","violation_reason":"殺蟲劑Chlorfenapyr 克凡派1.3ppm(標準：1.0ppm以下)","postal_code":"110","source_type":"食品抽驗不合格","source_dataset":"臺北市衛生局食品抽驗不合格清冊","source_url":"https://data.taipei/api/dataset/09a917a0-0fb5-47e1-957c-5f1268fba517/resource/3fc106cb-c8aa-4f74-8dbc-3272c7ffcae0/download","geocoding_address":"臺北市信義區基隆路1段426號1樓","location_method":"OpenStreetMap道路/地名定位","violation_count":1},"geometry":{"type":"Point","coordinates":[121.566303,25.0443753]}},{"type":"Feature","properties":{"data_time":"2024-11-12","source_row_no":248,"name":"捷達農產企業社","city":"臺北市","district":"萬華區","address":"臺北市萬華區萬大路424巷151號環南市場甲棟1樓第121號攤","sample_date":"2024-11-12","project_name":"年節食品","product_category":"根莖菜類","sample_item":"白蘿蔔(SA9)","inspection_result":"不符合規定","violation_reason":"殺蟲劑Clothianidin可尼丁0.15 ppm（標準：0.02 ppm以下）\n殺蟲劑Thiamethoxam賽速安0.91 ppm（標準：0.25 ppm\n以下）\n殺蟲劑Trichlorfon三氯松0.08 ppm（標準：0.01 ppm以下）\n殺蟲劑Cyhalothrin賽洛寧0.08 ppm（標準：0.01 ppm以下）","postal_code":"108","source_type":"食品抽驗不合格","source_dataset":"臺北市衛生局食品抽驗不合格清冊","source_url":"https://data.taipei/api/dataset/09a917a0-0fb5-47e1-957c-5f1268fba517/resource/3fc106cb-c8aa-4f74-8dbc-3272c7ffcae0/download","geocoding_address":"臺北市萬華區萬大路424巷151號環南市場甲棟1樓第121號攤","location_method":"臺北市門牌位置數值資料","violation_count":1},"geometry":{"type":"Point","coordinates":[121.49415784865204,25.02072607991561]}},{"type":"Feature","properties":{"data_time":"2024-11-15","source_row_no":249,"name":"純香食品行","city":"臺北市","district":"內湖區","address":"臺北市內湖區南京東路6段330巷18弄15號2樓","sample_date":"2024-11-15","project_name":"年節食品","product_category":"根莖菜類","sample_item":"白蘿蔔","inspection_result":"不符合規定","violation_reason":"殺蟲劑Chlorfenapyr克凡派0.08 ppm（標準：0.05 ppm以下）\n殺蟲劑Chlorpyrifos陶斯松0.01 ppm（標準：不得檢出）殺蟲劑Fipronil-sulfone芬普尼代謝物0.004 ppm（標準： 0.001ppm以下）","postal_code":"114","source_type":"食品抽驗不合格","source_dataset":"臺北市衛生局食品抽驗不合格清冊","source_url":"https://data.taipei/api/dataset/09a917a0-0fb5-47e1-957c-5f1268fba517/resource/3fc106cb-c8aa-4f74-8dbc-3272c7ffcae0/download","geocoding_address":"臺北市內湖區南京東路6段330巷18弄15號2樓","location_method":"OpenStreetMap道路/地名定位","violation_count":1},"geometry":{"type":"Point","coordinates":[121.5750804,25.0541623]}},{"type":"Feature","properties":{"data_time":"2024-11-12","source_row_no":250,"name":"吉米蔬果行","city":"臺北市","district":"信義區","address":"臺北市信義區中坡南路257號及261號","sample_date":"2024-11-12","project_name":"年節食品","product_category":"包葉菜類","sample_item":"包心芥菜","inspection_result":"不符合規定","violation_reason":"殺蟲劑Acetamiprid亞滅培2.5 ppm（標準：2.0 ppm以下）\n殺菌劑Dimethomorph達滅芬3.7 ppm（標準：2.5ppm以下）\n殺菌劑Tebuconazole得克利1.47 ppm（標準：0.05ppm以下）","postal_code":"110","source_type":"食品抽驗不合格","source_dataset":"臺北市衛生局食品抽驗不合格清冊","source_url":"https://data.taipei/api/dataset/09a917a0-0fb5-47e1-957c-5f1268fba517/resource/3fc106cb-c8aa-4f74-8dbc-3272c7ffcae0/download","geocoding_address":"臺北市信義區中坡南路257號及261號","location_method":"臺北市門牌位置數值資料","violation_count":1},"geometry":{"type":"Point","coordinates":[121.58451035157766,25.039637093959122]}},{"type":"Feature","properties":{"data_time":"2024-11-12","source_row_no":251,"name":"第一果菜批發市場","city":"臺北市","district":"萬華區","address":"臺北市萬華區萬大路533號地號1209","sample_date":"2024-11-12","project_name":"年節食品","product_category":"包葉菜類","sample_item":"大刈菜","inspection_result":"不符合規定","violation_reason":"殺菌劑Propamocarb hydrochloride普拔克6.6ppm（標準： 5.0ppm以下）\n殺菌劑Tebuconazole得克利0.23ppm（標準：0.05 ppm以下）","postal_code":"108","source_type":"食品抽驗不合格","source_dataset":"臺北市衛生局食品抽驗不合格清冊","source_url":"https://data.taipei/api/dataset/09a917a0-0fb5-47e1-957c-5f1268fba517/resource/3fc106cb-c8aa-4f74-8dbc-3272c7ffcae0/download","geocoding_address":"臺北市萬華區萬大路533號地號1209","location_method":"臺北市門牌位置數值資料","violation_count":1},"geometry":{"type":"Point","coordinates":[121.49713199522044,25.018499829728977]}},{"type":"Feature","properties":{"data_time":"2024-11-12","source_row_no":252,"name":"謝O壹","city":"臺北市","district":"中山區","address":"臺北市中山區民族東路410巷2弄O號前","sample_date":"2024-11-12","project_name":"年節食品","product_category":"小葉菜類","sample_item":"刈菜","inspection_result":"不符合規定","violation_reason":"殺菌劑Propam ocarb hydrochloride普拔克11.6ppm（標準：5.0ppm以下）\n殺菌劑Tebuconazole得克利0.16ppm（標準：0.05ppm以下）","postal_code":"104","source_type":"食品抽驗不合格","source_dataset":"臺北市衛生局食品抽驗不合格清冊","source_url":"https://data.taipei/api/dataset/09a917a0-0fb5-47e1-957c-5f1268fba517/resource/3fc106cb-c8aa-4f74-8dbc-3272c7ffcae0/download","geocoding_address":"臺北市中山區民族東路410巷2弄O號前","location_method":"OpenStreetMap道路/地名定位","violation_count":1},"geometry":{"type":"Point","coordinates":[121.5396775,25.0681925]}},{"type":"Feature","properties":{"data_time":"2024-11-12","source_row_no":253,"name":"台北市農會蔬果舖子","city":"臺北市","district":"大安區","address":"臺北市大安區復興南路1段340巷旁空地","sample_date":"2024-11-12","project_name":"年節食品","product_category":"根莖菜類","sample_item":"農產白蘿蔔","inspection_result":"不符合規定","violation_reason":"殺蟲劑Thiamethoxam賽速安0.52ppm（標準：0.25ppm以下）","postal_code":"106","source_type":"食品抽驗不合格","source_dataset":"臺北市衛生局食品抽驗不合格清冊","source_url":"https://data.taipei/api/dataset/09a917a0-0fb5-47e1-957c-5f1268fba517/resource/3fc106cb-c8aa-4f74-8dbc-3272c7ffcae0/download","geocoding_address":"臺北市大安區復興南路1段340巷旁空地","location_method":"OpenStreetMap道路/地名定位","violation_count":1},"geometry":{"type":"Point","coordinates":[121.5436866,25.0398576]}},{"type":"Feature","properties":{"data_time":"2024-11-12","source_row_no":254,"name":"3499林O鴦","city":"臺北市","district":"萬華區","address":"臺北市萬華區萬大路533號第一果菜批發市場地號2215","sample_date":"2024-11-12","project_name":"年節食品","product_category":"果菜類","sample_item":"辣椒(FV1小紅)","inspection_result":"不符合規定","violation_reason":"殺菌劑Cyprodinil賽普洛0.8ppm（標準：0.5ppm以下）","postal_code":"108","source_type":"食品抽驗不合格","source_dataset":"臺北市衛生局食品抽驗不合格清冊","source_url":"https://data.taipei/api/dataset/09a917a0-0fb5-47e1-957c-5f1268fba517/resource/3fc106cb-c8aa-4f74-8dbc-3272c7ffcae0/download","geocoding_address":"臺北市萬華區萬大路533號第一果菜批發市場地號2215","location_method":"臺北市門牌位置數值資料","violation_count":1},"geometry":{"type":"Point","coordinates":[121.49713199522044,25.018499829728977]}},{"type":"Feature","properties":{"data_time":"2024-11-12","source_row_no":256,"name":"鼎昌雜糧行(易順興雜糧行)","city":"臺北市","district":"信義區","address":"臺北市信義區仁愛路4段452巷21號","sample_date":"2024-11-12","project_name":"年節食品","product_category":"竹笙","sample_item":"竹笙","inspection_result":"不符合規定","violation_reason":"重金屬鎘5mg/kg(標準：2mg/kg以下)","postal_code":"110","source_type":"食品抽驗不合格","source_dataset":"臺北市衛生局食品抽驗不合格清冊","source_url":"https://data.taipei/api/dataset/09a917a0-0fb5-47e1-957c-5f1268fba517/resource/3fc106cb-c8aa-4f74-8dbc-3272c7ffcae0/download","geocoding_address":"臺北市信義區仁愛路4段452巷21號","location_method":"OpenStreetMap道路/地名定位","violation_count":1},"geometry":{"type":"Point","coordinates":[121.562009,25.0384808]}},{"type":"Feature","properties":{"data_time":"2024-11-12","source_row_no":258,"name":"鼎旺麻辣有限公司(鼎旺麻辣鍋)","city":"臺北市","district":"大安區","address":"臺北市大安區大安路1段 251號","sample_date":"2024-11-12","project_name":"年節食品","product_category":"竹笙","sample_item":"竹笙","inspection_result":"不符合規定","violation_reason":"重金屬鎘3mg/kg(標準：2mg/kg以下)","postal_code":"106","source_type":"食品抽驗不合格","source_dataset":"臺北市衛生局食品抽驗不合格清冊","source_url":"https://data.taipei/api/dataset/09a917a0-0fb5-47e1-957c-5f1268fba517/resource/3fc106cb-c8aa-4f74-8dbc-3272c7ffcae0/download","geocoding_address":"臺北市大安區大安路1段 251號","location_method":"OpenStreetMap道路/地名定位","violation_count":1},"geometry":{"type":"Point","coordinates":[121.5461836,25.0432575]}},{"type":"Feature","properties":{"data_time":"2024-11-20","source_row_no":259,"name":"八玖食小食樂趣","city":"臺北市","district":"大同區","address":"臺北市大同區迪化街1段21號永樂市場 1019攤","sample_date":"2024-11-20","project_name":"年節食品","product_category":"豆乾類","sample_item":"大豆干（不辣）","inspection_result":"不符合規定","violation_reason":"1.防腐劑苯甲酸1.0g/kg（標準：0.6g/kg以下）、己二烯酸4.0g/kg（標準：2.0g/kg以下）\n2.產品屬包裝食品惟未依規定以中文標示","postal_code":"103","source_type":"食品抽驗不合格","source_dataset":"臺北市衛生局食品抽驗不合格清冊","source_url":"https://data.taipei/api/dataset/09a917a0-0fb5-47e1-957c-5f1268fba517/resource/3fc106cb-c8aa-4f74-8dbc-3272c7ffcae0/download","geocoding_address":"臺北市大同區迪化街1段21號永樂市場 1019攤","location_method":"OpenStreetMap道路/地名定位","violation_count":1},"geometry":{"type":"Point","coordinates":[121.509465,25.0593569]}},{"type":"Feature","properties":{"data_time":"2024-11-19","source_row_no":260,"name":"正祥食品行（黃日香豆干台北總店）/","city":"臺北市","district":"萬華區","address":"臺北市萬華區中華路2段66號1樓/實際抽驗地址為64號","sample_date":"2024-11-19","project_name":"年節食品","product_category":"豆乾類","sample_item":"休閒片（有效日期：\n20250213）","inspection_result":"不符合規定","violation_reason":"防腐劑己二烯酸2.3g/kg（標準：2.0g/kg以下）","postal_code":"108","source_type":"食品抽驗不合格","source_dataset":"臺北市衛生局食品抽驗不合格清冊","source_url":"https://data.taipei/api/dataset/09a917a0-0fb5-47e1-957c-5f1268fba517/resource/3fc106cb-c8aa-4f74-8dbc-3272c7ffcae0/download","geocoding_address":"臺北市萬華區中華路2段66號1樓/實際抽驗地址為64號","location_method":"OpenStreetMap道路/地名定位","violation_count":1},"geometry":{"type":"Point","coordinates":[121.5061303,25.0352909]}},{"type":"Feature","properties":{"data_time":"2024-11-14","source_row_no":261,"name":"大福慧素食食品商行","city":"臺北市","district":"萬華區","address":"臺北市萬華區西藏路293號1樓","sample_date":"2024-11-14","project_name":"年節食品","product_category":"蕈菜類","sample_item":"猴頭菇","inspection_result":"不符合規定","violation_reason":"生長調節劑Chlormequat克美素0.13ppm（標準：不得檢出）","postal_code":"108","source_type":"食品抽驗不合格","source_dataset":"臺北市衛生局食品抽驗不合格清冊","source_url":"https://data.taipei/api/dataset/09a917a0-0fb5-47e1-957c-5f1268fba517/resource/3fc106cb-c8aa-4f74-8dbc-3272c7ffcae0/download","geocoding_address":"臺北市萬華區西藏路293號1樓","location_method":"臺北市門牌位置數值資料","violation_count":1},"geometry":{"type":"Point","coordinates":[121.49188764245827,25.02851271000575]}},{"type":"Feature","properties":{"data_time":"2024-11-11","source_row_no":262,"name":"勝隆南北雜貨行","city":"臺北市","district":"大同區","address":"臺北市大同區迪化街1段258號1樓","sample_date":"2024-11-11","project_name":"年節食品","product_category":"巴西蘑菇","sample_item":"巴西蘑菇","inspection_result":"不符合規定","violation_reason":"重金屬鎘9mg/kg（標準：2mg/kg以下）","postal_code":"103","source_type":"食品抽驗不合格","source_dataset":"臺北市衛生局食品抽驗不合格清冊","source_url":"https://data.taipei/api/dataset/09a917a0-0fb5-47e1-957c-5f1268fba517/resource/3fc106cb-c8aa-4f74-8dbc-3272c7ffcae0/download","geocoding_address":"臺北市大同區迪化街1段258號1樓","location_method":"OpenStreetMap道路/地名定位","violation_count":1},"geometry":{"type":"Point","coordinates":[121.509465,25.0593569]}},{"type":"Feature","properties":{"data_time":"2024-11-12","source_row_no":263,"name":"興長生蔘藥行","city":"臺北市","district":"信義區","address":"臺北市信義區吳興街197號","sample_date":"2024-11-12","project_name":"年節食品","product_category":"香辛植物類","sample_item":"特花椒粒（有效日期：\n20261019）","inspection_result":"不符合規定","violation_reason":"殺蟲劑Acetamiprid亞滅培1.08ppm（標準：0.05ppm以下）\n殺蟲劑Bifenthrin畢芬寧0.07ppm（標準：0.03ppm以下）\n殺蟲劑Carbofuran加保扶0.82ppm（標準：不得檢出）殺蟲劑Chlorpyrifos陶斯松0.35ppm（標準：不得檢出）殺蟲劑Clothianidin可尼丁0.08ppm（標準：0.03ppm以下）\n殺菌劑Difenoconazole待克利0.32ppm（標準：0.05ppm以下）\n殺蟲劑Imidacloprid益達胺0.27ppm（標準：0.05ppm以下）\n殺菌劑Pyraclostrobin百克敏0.57ppm（標準：0.05ppm以下）\n殺菌劑Tebuconazole得克利0.85ppm（標準：0.05ppm以下\n殺蟲劑Cyhalothrin賽洛寧0.08ppm（標準：0.03ppm以下）","postal_code":"110","source_type":"食品抽驗不合格","source_dataset":"臺北市衛生局食品抽驗不合格清冊","source_url":"https://data.taipei/api/dataset/09a917a0-0fb5-47e1-957c-5f1268fba517/resource/3fc106cb-c8aa-4f74-8dbc-3272c7ffcae0/download","geocoding_address":"臺北市信義區吳興街197號","location_method":"臺北市門牌位置數值資料","violation_count":1},"geometry":{"type":"Point","coordinates":[121.56274480945753,25.028335821107614]}},{"type":"Feature","properties":{"data_time":"2024-11-12","source_row_no":264,"name":"趙不金號(協盛福州商店)","city":"臺北市","district":"中正區","address":"臺北市中正區羅斯福路1段8號 1樓南門市場1F-20","sample_date":"2024-11-12","project_name":"年節食品","product_category":"木耳","sample_item":"白木耳","inspection_result":"不符合規定","violation_reason":"殺蟲劑Imidacloprid益達胺0.50ppm(標準：0.05ppm以下)殺蟲劑Methomyl納乃得0.10ppm(標準：不得檢出)\n殺蟲劑Phoxim巴賽松0.09ppm(標準：不得檢出)","postal_code":"100","source_type":"食品抽驗不合格","source_dataset":"臺北市衛生局食品抽驗不合格清冊","source_url":"https://data.taipei/api/dataset/09a917a0-0fb5-47e1-957c-5f1268fba517/resource/3fc106cb-c8aa-4f74-8dbc-3272c7ffcae0/download","geocoding_address":"臺北市中正區羅斯福路1段8號 1樓南門市場1F-20","location_method":"OpenStreetMap道路/地名定位","violation_count":1},"geometry":{"type":"Point","coordinates":[121.5182324,25.0323362]}},{"type":"Feature","properties":{"data_time":"2024-11-15","source_row_no":266,"name":"萬年興商行","city":"臺北市","district":"內湖區","address":"臺北市內湖區內湖路3段107號1樓","sample_date":"2024-11-15","project_name":"年節食品","product_category":"竹笙","sample_item":"竹笙(有效日期：\n20260616)","inspection_result":"不符合規定","violation_reason":"產品屬包裝食品惟未依規定以中文標示","postal_code":"114","source_type":"食品抽驗不合格","source_dataset":"臺北市衛生局食品抽驗不合格清冊","source_url":"https://data.taipei/api/dataset/09a917a0-0fb5-47e1-957c-5f1268fba517/resource/3fc106cb-c8aa-4f74-8dbc-3272c7ffcae0/download","geocoding_address":"臺北市內湖區內湖路3段107號1樓","location_method":"OpenStreetMap道路/地名定位","violation_count":1},"geometry":{"type":"Point","coordinates":[121.5848315,25.0890857]}},{"type":"Feature","properties":{"data_time":"2024-11-19","source_row_no":268,"name":"三允有限公司(米特肉舖)","city":"臺北市","district":"內湖區","address":"臺北市內湖區成功路4段30巷 10號","sample_date":"2024-11-19","project_name":"年節食品","product_category":"水產及其加工品","sample_item":"樂食鱻香菇虱目魚丸（有效日期： 2025.09.12）","inspection_result":"不符合規定","violation_reason":"檢出防腐劑己二烯酸0.24g/kg（標準：2.0g/kg以下），惟外包裝未標示該食品添加物名稱，及標示「不添加防腐劑」字樣，標示不實","postal_code":"114","source_type":"食品抽驗不合格","source_dataset":"臺北市衛生局食品抽驗不合格清冊","source_url":"https://data.taipei/api/dataset/09a917a0-0fb5-47e1-957c-5f1268fba517/resource/3fc106cb-c8aa-4f74-8dbc-3272c7ffcae0/download","geocoding_address":"臺北市內湖區成功路4段30巷 10號","location_method":"OpenStreetMap道路/地名定位","violation_count":1},"geometry":{"type":"Point","coordinates":[121.597789,25.0847146]}},{"type":"Feature","properties":{"data_time":"2023-01-04","source_row_no":269,"name":"廣誠素食","city":"臺北市","district":"松山區","address":"臺北市松山區八德路3段140號","sample_date":"2023-01-04","project_name":"蔬果","product_category":"豆菜類","sample_item":"菜豆","inspection_result":"不符合規定","violation_reason":"殺蟲劑3-羥基加保扶(3-OH Carbofuran)0.02ppm、加保扶(Carbofuran)0.03ppm(標準：不得檢出)\n殺蟎劑Ethion 愛殺松0.30ppm(標準：不得檢出) \n殺蟲劑Etofenprox 依芬寧0.06ppm(標準：不得檢出) \n殺蟲劑Indoxacarb 因得克0.09ppm(標準：0.01ppm以下) \n殺菌劑Propamocarb hydrochloride 普拔克0.3ppm(標準：0.1ppm以下) \n殺菌劑Thifluzamide 賽氟滅0.05(標準：不得檢出)","postal_code":"105","source_type":"食品抽驗不合格","source_dataset":"臺北市衛生局食品抽驗不合格清冊","source_url":"https://data.taipei/api/dataset/09a917a0-0fb5-47e1-957c-5f1268fba517/resource/bb347e3d-626a-46e5-bb96-9061e8d08c26/download","geocoding_address":"臺北市松山區八德路3段140號","location_method":"OpenStreetMap道路/地名定位","violation_count":1},"geometry":{"type":"Point","coordinates":[121.5501437,25.0481921]}},{"type":"Feature","properties":{"data_time":"2023-01-03","source_row_no":270,"name":"惠康百貨股份有限公司天母分公司(Mia C'bon)","city":"臺北市","district":"士林區","address":"臺北市士林區天母西路3號2樓","sample_date":"2023-01-03","project_name":"蔬果","product_category":"小漿果類","sample_item":"大湖草莓（中）（180g/盒）","inspection_result":"不符合規定","violation_reason":"殺蟲劑Abamectin 阿巴汀0.07ppm(標準：0.02ppm以下) \n殺蟲劑Deltamethrin 第滅寧0.6ppm(標準：0.2ppm以下) \n殺菌劑Fludioxonil 護汰寧3.2ppm(標準：2.0ppm以下) \n殺菌劑Propamocarb hydrochloride 普拔克14.8ppm(標準：9.0ppm以下)\n殺蟲劑Spiromesifen 賜滅芬2.9ppm(標準：1.0ppm以下)","postal_code":"111","source_type":"食品抽驗不合格","source_dataset":"臺北市衛生局食品抽驗不合格清冊","source_url":"https://data.taipei/api/dataset/09a917a0-0fb5-47e1-957c-5f1268fba517/resource/bb347e3d-626a-46e5-bb96-9061e8d08c26/download","geocoding_address":"臺北市士林區天母西路3號2樓","location_method":"臺北市門牌位置數值資料","violation_count":1},"geometry":{"type":"Point","coordinates":[121.52927149473003,25.118980519758665]}},{"type":"Feature","properties":{"data_time":"2023-01-03","source_row_no":271,"name":"全聯實業股份有限公司天母天玉分公司","city":"臺北市","district":"士林區","address":"臺北市士林區天母西路3號地下室","sample_date":"2023-01-03","project_name":"蔬果","product_category":"包葉菜類","sample_item":"結球白菜","inspection_result":"不符合規定","violation_reason":"殺蟲劑3-酮基加保扶（ 3-keto Carbofuran） 0.03ppm、3-羥基加保扶（ 3 -O H C a rb o fu ra n ） 0 .1 3 p p m 、加保扶（C arbofuran ） 0.04ppm （ 標準： 0.1ppm 以下） \n殺蟲劑Diflubenzuron二福隆1.3ppm（標準：1.0ppm以下）\n殺蟲劑Pyriproxyfen百利普芬0.29ppm（標準：0.01ppm以下）\n殺蟲劑Tolfenpyrad脫芬瑞0.7ppm（標準：0.5ppm以下）","postal_code":"111","source_type":"食品抽驗不合格","source_dataset":"臺北市衛生局食品抽驗不合格清冊","source_url":"https://data.taipei/api/dataset/09a917a0-0fb5-47e1-957c-5f1268fba517/resource/bb347e3d-626a-46e5-bb96-9061e8d08c26/download","geocoding_address":"臺北市士林區天母西路3號地下室","location_method":"臺北市門牌位置數值資料","violation_count":1},"geometry":{"type":"Point","coordinates":[121.52927149473003,25.118980519758665]}},{"type":"Feature","properties":{"data_time":"2023-01-05","source_row_no":272,"name":"築間幸福鍋物","city":"臺北市","district":"大安區","address":"臺北市大安區忠孝東路4段120號2樓","sample_date":"2023-01-05","project_name":"蔬果","product_category":"小葉菜類","sample_item":"茼蒿","inspection_result":"不符合規定","violation_reason":"殺菌劑Chlorothalonil 四氯異苯腈13.7ppm(標準：2.0ppm以下) \n殺菌劑Difenoconazole 待克利1.4ppm(標準：1.0ppm以下) \n殺菌劑Propiconazole 普克利0.02ppm(標準：0.01ppm以下)","postal_code":"106","source_type":"食品抽驗不合格","source_dataset":"臺北市衛生局食品抽驗不合格清冊","source_url":"https://data.taipei/api/dataset/09a917a0-0fb5-47e1-957c-5f1268fba517/resource/bb347e3d-626a-46e5-bb96-9061e8d08c26/download","geocoding_address":"臺北市大安區忠孝東路4段120號2樓","location_method":"OpenStreetMap道路/地名定位","violation_count":1},"geometry":{"type":"Point","coordinates":[121.5437759,25.0415569]}},{"type":"Feature","properties":{"data_time":"2023-01-05","source_row_no":273,"name":"一級鮮果商行","city":"臺北市","district":"大安區","address":"臺北市大安區仁愛路4段408號","sample_date":"2023-01-05","project_name":"蔬果","product_category":"小漿果類","sample_item":"紅莓-佐賀紅盒莓桑7玉(草莓)","inspection_result":"不符合規定","violation_reason":"殺蟲劑Cyantraniliprole 賽安勃0.05ppm(標準：不得檢出) \n殺蟲劑Flonicamid 氟尼胺0.06ppm(標準：0.01ppm以下)","postal_code":"106","source_type":"食品抽驗不合格","source_dataset":"臺北市衛生局食品抽驗不合格清冊","source_url":"https://data.taipei/api/dataset/09a917a0-0fb5-47e1-957c-5f1268fba517/resource/bb347e3d-626a-46e5-bb96-9061e8d08c26/download","geocoding_address":"臺北市大安區仁愛路4段408號","location_method":"OpenStreetMap道路/地名定位","violation_count":1},"geometry":{"type":"Point","coordinates":[121.5511194,25.0366083]}},{"type":"Feature","properties":{"data_time":"2023-01-05","source_row_no":274,"name":"築間幸福鍋物","city":"臺北市","district":"大安區","address":"臺北市大安區忠孝東路4段120號2樓","sample_date":"2023-01-05","project_name":"蔬果","product_category":"小葉菜類","sample_item":"青江菜","inspection_result":"不符合規定","violation_reason":"殺線蟲劑Oxamyl 毆殺滅1.4ppm(標準：0.5ppm以下) \n殺蟲劑Profenophos 佈飛松1.8ppm(標準：1.0ppm以下)","postal_code":"106","source_type":"食品抽驗不合格","source_dataset":"臺北市衛生局食品抽驗不合格清冊","source_url":"https://data.taipei/api/dataset/09a917a0-0fb5-47e1-957c-5f1268fba517/resource/bb347e3d-626a-46e5-bb96-9061e8d08c26/download","geocoding_address":"臺北市大安區忠孝東路4段120號2樓","location_method":"OpenStreetMap道路/地名定位","violation_count":1},"geometry":{"type":"Point","coordinates":[121.5437759,25.0415569]}},{"type":"Feature","properties":{"data_time":"2023-01-03","source_row_no":275,"name":"謝O枚","city":"臺北市","district":"萬華區","address":"臺北市萬華區萬大路533號地號812","sample_date":"2023-01-03","project_name":"蔬果","product_category":"包葉菜類","sample_item":"刈菜","inspection_result":"不符合規定","violation_reason":"殺蟲劑Tetraniliprole 特安勃0.59ppm(標準：不得檢出)","postal_code":"108","source_type":"食品抽驗不合格","source_dataset":"臺北市衛生局食品抽驗不合格清冊","source_url":"https://data.taipei/api/dataset/09a917a0-0fb5-47e1-957c-5f1268fba517/resource/bb347e3d-626a-46e5-bb96-9061e8d08c26/download","geocoding_address":"臺北市萬華區萬大路533號地號812","location_method":"臺北市門牌位置數值資料","violation_count":1},"geometry":{"type":"Point","coordinates":[121.49713199522044,25.018499829728977]}},{"type":"Feature","properties":{"data_time":"2023-01-04","source_row_no":276,"name":"微風超市股份有限公司(Breeze Super)","city":"臺北市","district":"松山區","address":"臺北市松山區南京東路3段337號2樓","sample_date":"2023-01-04","project_name":"蔬果","product_category":"小漿果類","sample_item":"日本熊本草莓600g","inspection_result":"不符合規定","violation_reason":"殺蟎劑亞醌蟎代謝物(Acequinocyl-hydroxyl)0.06ppm(標準：不得檢出)","postal_code":"105","source_type":"食品抽驗不合格","source_dataset":"臺北市衛生局食品抽驗不合格清冊","source_url":"https://data.taipei/api/dataset/09a917a0-0fb5-47e1-957c-5f1268fba517/resource/bb347e3d-626a-46e5-bb96-9061e8d08c26/download","geocoding_address":"臺北市松山區南京東路3段337號2樓","location_method":"OpenStreetMap道路/地名定位","violation_count":1},"geometry":{"type":"Point","coordinates":[121.5476333,25.0518444]}},{"type":"Feature","properties":{"data_time":"2023-01-04","source_row_no":277,"name":"天香/","city":"臺北市","district":"松山區","address":"臺北市松山區八德路3段76號/中崙市場24號攤","sample_date":"2023-01-04","project_name":"蔬果","product_category":"包葉菜類","sample_item":"長年菜","inspection_result":"不符合規定","violation_reason":"殺蟲劑Tetraniliprole 特安勃0.04ppm(標準：不得檢出)","postal_code":"105","source_type":"食品抽驗不合格","source_dataset":"臺北市衛生局食品抽驗不合格清冊","source_url":"https://data.taipei/api/dataset/09a917a0-0fb5-47e1-957c-5f1268fba517/resource/bb347e3d-626a-46e5-bb96-9061e8d08c26/download","geocoding_address":"臺北市松山區八德路3段76號/中崙市場24號攤","location_method":"OpenStreetMap道路/地名定位","violation_count":1},"geometry":{"type":"Point","coordinates":[121.5501437,25.0481921]}},{"type":"Feature","properties":{"data_time":"2023-01-03","source_row_no":278,"name":"梅林水果行","city":"臺北市","district":"中正區","address":"臺北市中正區開封街1段81、83號1樓","sample_date":"2023-01-03","project_name":"蔬果","product_category":"小漿果類","sample_item":"草莓","inspection_result":"不符合規定","violation_reason":"殺蟎劑Acrinathrin 阿納寧0.03ppm(標準：不得檢出)","postal_code":"100","source_type":"食品抽驗不合格","source_dataset":"臺北市衛生局食品抽驗不合格清冊","source_url":"https://data.taipei/api/dataset/09a917a0-0fb5-47e1-957c-5f1268fba517/resource/bb347e3d-626a-46e5-bb96-9061e8d08c26/download","geocoding_address":"臺北市中正區開封街1段81、83號1樓","location_method":"OpenStreetMap道路/地名定位","violation_count":1},"geometry":{"type":"Point","coordinates":[121.5141362,25.0459823]}},{"type":"Feature","properties":{"data_time":"2023-01-06","source_row_no":279,"name":"延柔商行(七盞茶林森店)","city":"臺北市","district":"中山區","address":"臺北市中山區林森北路302號","sample_date":"2023-01-06","project_name":"蔬果","product_category":"小漿果類","sample_item":"冷凍草莓(製造日期1110923)","inspection_result":"不符合規定","violation_reason":"殺蟲劑Pirimicarb 比加普0.04ppm(標準：0.01ppm以下)","postal_code":"104","source_type":"食品抽驗不合格","source_dataset":"臺北市衛生局食品抽驗不合格清冊","source_url":"https://data.taipei/api/dataset/09a917a0-0fb5-47e1-957c-5f1268fba517/resource/bb347e3d-626a-46e5-bb96-9061e8d08c26/download","geocoding_address":"臺北市中山區林森北路302號","location_method":"臺北市門牌位置數值資料","violation_count":1},"geometry":{"type":"Point","coordinates":[121.52532095658209,25.055918288273162]}},{"type":"Feature","properties":{"data_time":"2023-01-05","source_row_no":280,"name":"築間幸福鍋物","city":"臺北市","district":"大安區","address":"臺北市大安區忠孝東路4段120號2樓","sample_date":"2023-01-05","project_name":"蔬果","product_category":"小葉菜類","sample_item":"青蔥","inspection_result":"不符合規定","violation_reason":"殺蟲劑Metaflumizone 美氟綜0.02ppm(標準：0.01ppm以下)","postal_code":"106","source_type":"食品抽驗不合格","source_dataset":"臺北市衛生局食品抽驗不合格清冊","source_url":"https://data.taipei/api/dataset/09a917a0-0fb5-47e1-957c-5f1268fba517/resource/bb347e3d-626a-46e5-bb96-9061e8d08c26/download","geocoding_address":"臺北市大安區忠孝東路4段120號2樓","location_method":"OpenStreetMap道路/地名定位","violation_count":1},"geometry":{"type":"Point","coordinates":[121.5437759,25.0415569]}},{"type":"Feature","properties":{"data_time":"2023-02-14","source_row_no":281,"name":"北投中繼市場-麗萍豆干美食(72號攤)","city":"臺北市","district":"北投區","address":"臺北市北投區磺港路33號","sample_date":"2023-02-14","project_name":"祭祀食品","product_category":"豆乾類","sample_item":"泰山干絲","inspection_result":"不符合規定","violation_reason":"檢出過氧化氫為陽性(不得檢出)","postal_code":"112","source_type":"食品抽驗不合格","source_dataset":"臺北市衛生局食品抽驗不合格清冊","source_url":"https://data.taipei/api/dataset/09a917a0-0fb5-47e1-957c-5f1268fba517/resource/bb347e3d-626a-46e5-bb96-9061e8d08c26/download","geocoding_address":"臺北市北投區磺港路33號","location_method":"臺北市門牌位置數值資料","violation_count":1},"geometry":{"type":"Point","coordinates":[121.5031491392551,25.132801280510243]}},{"type":"Feature","properties":{"data_time":"2023-02-15","source_row_no":282,"name":"聰明素食批發行(聰明食品總匯)","city":"臺北市","district":"萬華區","address":"臺北市萬華區西藏路552號","sample_date":"2023-02-15","project_name":"祭祀食品","product_category":"豆乾類","sample_item":"特選涼拌干絲","inspection_result":"不符合規定","violation_reason":"檢出過氧化氫為陽性(不得檢出)","postal_code":"108","source_type":"食品抽驗不合格","source_dataset":"臺北市衛生局食品抽驗不合格清冊","source_url":"https://data.taipei/api/dataset/09a917a0-0fb5-47e1-957c-5f1268fba517/resource/bb347e3d-626a-46e5-bb96-9061e8d08c26/download","geocoding_address":"臺北市萬華區西藏路552號","location_method":"臺北市門牌位置數值資料","violation_count":1},"geometry":{"type":"Point","coordinates":[121.49201356417281,25.02880971181429]}},{"type":"Feature","properties":{"data_time":"2023-02-16","source_row_no":283,"name":"阿弘潤餅","city":"臺北市","district":"信義區","address":"臺北市信義區吳興街189號","sample_date":"2023-02-16","project_name":"祭祀食品","product_category":"豆乾類","sample_item":"豆干絲","inspection_result":"不符合規定","violation_reason":"檢出苯甲酸0.71 g/kg(標準：0.6 g/kg以下)","postal_code":"110","source_type":"食品抽驗不合格","source_dataset":"臺北市衛生局食品抽驗不合格清冊","source_url":"https://data.taipei/api/dataset/09a917a0-0fb5-47e1-957c-5f1268fba517/resource/bb347e3d-626a-46e5-bb96-9061e8d08c26/download","geocoding_address":"臺北市信義區吳興街189號","location_method":"臺北市門牌位置數值資料","violation_count":1},"geometry":{"type":"Point","coordinates":[121.56257740690043,25.028516786655644]}},{"type":"Feature","properties":{"data_time":"2023-02-17","source_row_no":284,"name":"豪棧小吃店(潤餅、刈包)","city":"臺北市","district":"內湖區","address":"臺北市內湖區內湖路1段285巷59弄1號","sample_date":"2023-02-17","project_name":"祭祀食品","product_category":"豆乾類","sample_item":"豆干","inspection_result":"不符合規定","violation_reason":"檢出過氧化氫為陽性(不得檢出)","postal_code":"114","source_type":"食品抽驗不合格","source_dataset":"臺北市衛生局食品抽驗不合格清冊","source_url":"https://data.taipei/api/dataset/09a917a0-0fb5-47e1-957c-5f1268fba517/resource/bb347e3d-626a-46e5-bb96-9061e8d08c26/download","geocoding_address":"臺北市內湖區內湖路1段285巷59弄1號","location_method":"OpenStreetMap道路/地名定位","violation_count":1},"geometry":{"type":"Point","coordinates":[121.5611029,25.084396]}},{"type":"Feature","properties":{"data_time":"2023-02-01","source_row_no":285,"name":"美味達人股份有限公司內湖文德分公司(85°C BAKERY CAFÉ)","city":"臺北市","district":"內湖區","address":"臺北市內湖區文德路2號","sample_date":"2023-02-01","project_name":"蔬果","product_category":"小漿果類","sample_item":"台灣新鮮草莓2號","inspection_result":"不符合規定","violation_reason":"殺蟎劑Bifenazate 必芬蟎7.6ppm(標準：2.0ppm以下) \n殺蟲劑Deltamethrin 第滅寧0.4ppm(標準：0.2ppm以下) \n殺蟲劑Spiromesifen 賜滅芬2.1ppm(標準：1.0ppm以下)","postal_code":"114","source_type":"食品抽驗不合格","source_dataset":"臺北市衛生局食品抽驗不合格清冊","source_url":"https://data.taipei/api/dataset/09a917a0-0fb5-47e1-957c-5f1268fba517/resource/bb347e3d-626a-46e5-bb96-9061e8d08c26/download","geocoding_address":"臺北市內湖區文德路2號","location_method":"臺北市門牌位置數值資料","violation_count":1},"geometry":{"type":"Point","coordinates":[121.5788630679175,25.07845857022407]}},{"type":"Feature","properties":{"data_time":"2023-02-01","source_row_no":286,"name":"湖光市場無市招菜攤(葉O雲)","city":"臺北市","district":"內湖區","address":"臺北市內湖區康寧路1段26巷1號旁","sample_date":"2023-02-01","project_name":"蔬果","product_category":"小漿果類","sample_item":"大芥菜(包心芥菜)","inspection_result":"不符合規定","violation_reason":"殺蟲劑Abamectin 阿巴汀0.12ppm(標準：0.05ppm以下) \n殺蟲劑Chlorfenapyr 克凡派1.5ppm(標準：1.0ppm以下) \n殺蟲劑Methomyl 納乃得0.8ppm(標準：0.7以下)","postal_code":"114","source_type":"食品抽驗不合格","source_dataset":"臺北市衛生局食品抽驗不合格清冊","source_url":"https://data.taipei/api/dataset/09a917a0-0fb5-47e1-957c-5f1268fba517/resource/bb347e3d-626a-46e5-bb96-9061e8d08c26/download","geocoding_address":"臺北市內湖區康寧路1段26巷1號旁","location_method":"OpenStreetMap道路/地名定位","violation_count":1},"geometry":{"type":"Point","coordinates":[121.5909481,25.0807589]}},{"type":"Feature","properties":{"data_time":"2023-02-03","source_row_no":287,"name":"吳O玲/承銷號：2601/榮濱市場路邊攤","city":"臺北市","district":"中山區","address":"臺北市中山區民族東路410巷2弄10號前","sample_date":"2023-02-03","project_name":"蔬果","product_category":"包葉菜類","sample_item":"刈菜(包心芥菜)","inspection_result":"不符合規定","violation_reason":"殺蟲劑Dimethoate 大滅松0.07ppm(標準：0.02ppm以下) \n殺蟲劑Omethoate 歐滅松0.10ppm(標準：不得檢出)","postal_code":"104","source_type":"食品抽驗不合格","source_dataset":"臺北市衛生局食品抽驗不合格清冊","source_url":"https://data.taipei/api/dataset/09a917a0-0fb5-47e1-957c-5f1268fba517/resource/bb347e3d-626a-46e5-bb96-9061e8d08c26/download","geocoding_address":"臺北市中山區民族東路410巷2弄10號前","location_method":"臺北市門牌位置數值資料","violation_count":1},"geometry":{"type":"Point","coordinates":[121.5377486721255,25.066752362274723]}},{"type":"Feature","properties":{"data_time":"2023-02-01","source_row_no":288,"name":"湖光市場無市招菜攤(葉O雲)","city":"臺北市","district":"內湖區","address":"臺北市內湖區康寧路1段26巷1號旁","sample_date":"2023-02-01","project_name":"蔬果","product_category":"小葉菜類","sample_item":"菠菜","inspection_result":"不符合規定","violation_reason":"殺蟲劑Indoxacarb 因得克0.28ppm(標準： 0.01ppm以下)","postal_code":"114","source_type":"食品抽驗不合格","source_dataset":"臺北市衛生局食品抽驗不合格清冊","source_url":"https://data.taipei/api/dataset/09a917a0-0fb5-47e1-957c-5f1268fba517/resource/bb347e3d-626a-46e5-bb96-9061e8d08c26/download","geocoding_address":"臺北市內湖區康寧路1段26巷1號旁","location_method":"OpenStreetMap道路/地名定位","violation_count":1},"geometry":{"type":"Point","coordinates":[121.5909481,25.0807589]}},{"type":"Feature","properties":{"data_time":"2023-02-03","source_row_no":289,"name":"台台灣泛亞零售管理顧問股份有限公司西門分公司（DON DON DONKI)","city":"臺北市","district":"萬華區","address":"臺北市萬華區西寧南路123號、123之1號、123號2樓、123號2樓之1、123號3樓、123號3樓之1；武昌街2段50巷2號、2之1號、2之2號、2之3號、2之5號、2之6號、2之7號、2之8號、2之9號、2之10號、2之11號、6號及西寧南路123號2樓、2樓之1、3樓、3樓之1","sample_date":"2023-02-03","project_name":"蔬果","product_category":"小葉菜類","sample_item":"日本福岡 甘王草莓(盒)","inspection_result":"不符合規定","violation_reason":"殺蟲劑Flonicamid 氟尼胺0.14ppm(標準：0.01ppm以下)","postal_code":"108","source_type":"食品抽驗不合格","source_dataset":"臺北市衛生局食品抽驗不合格清冊","source_url":"https://data.taipei/api/dataset/09a917a0-0fb5-47e1-957c-5f1268fba517/resource/bb347e3d-626a-46e5-bb96-9061e8d08c26/download","geocoding_address":"臺北市萬華區西寧南路123號、123之1號、123號2樓、123號2樓之1、123號3樓、123號3樓之1；武昌街2段50巷2號、2之1號、2之2號、2之3號、2之5號、2之6號、2之7號、2之8號、2之9號、2之10號、2之11號、6號及西寧南路123號2樓、2樓之1、3樓、3樓之1","location_method":"臺北市門牌位置數值資料","violation_count":1},"geometry":{"type":"Point","coordinates":[121.50656891030309,25.044574568450056]}},{"type":"Feature","properties":{"data_time":"2023-02-01","source_row_no":290,"name":"好市多股份有限公司內湖分公司(COSTCO)","city":"臺北市","district":"內湖區","address":"臺北市內湖區舊宗路1段268號、民善街255號","sample_date":"2023-02-01","project_name":"蔬果","product_category":"小葉菜類","sample_item":"空運日本草莓","inspection_result":"不符合規定","violation_reason":"殺蟲劑Flonicamid 氟尼胺0.10ppm(標準：0.01ppm以下)","postal_code":"114","source_type":"食品抽驗不合格","source_dataset":"臺北市衛生局食品抽驗不合格清冊","source_url":"https://data.taipei/api/dataset/09a917a0-0fb5-47e1-957c-5f1268fba517/resource/bb347e3d-626a-46e5-bb96-9061e8d08c26/download","geocoding_address":"臺北市內湖區舊宗路1段268號、民善街255號","location_method":"OpenStreetMap道路/地名定位","violation_count":1},"geometry":{"type":"Point","coordinates":[121.5773336,25.0626529]}},{"type":"Feature","properties":{"data_time":"2023-02-02","source_row_no":291,"name":"士林市場-菜攤(曹O良)","city":"臺北市","district":"士林區","address":"臺北市士林區基河路101號(豪大大雞排正對面)","sample_date":"2023-02-02","project_name":"蔬果","product_category":"小葉菜類","sample_item":"菠菜","inspection_result":"不符合規定","violation_reason":"殺菌劑Flutriafol 護汰芬0.02ppm(標準：0.01ppm以下)","postal_code":"111","source_type":"食品抽驗不合格","source_dataset":"臺北市衛生局食品抽驗不合格清冊","source_url":"https://data.taipei/api/dataset/09a917a0-0fb5-47e1-957c-5f1268fba517/resource/bb347e3d-626a-46e5-bb96-9061e8d08c26/download","geocoding_address":"臺北市士林區基河路101號(豪大大雞排正對面)","location_method":"臺北市門牌位置數值資料","violation_count":1},"geometry":{"type":"Point","coordinates":[121.52416589923256,25.08795773333868]}},{"type":"Feature","properties":{"data_time":"2023-02-03","source_row_no":292,"name":"榮濱市場路邊攤","city":"臺北市","district":"中山區","address":"臺北市中山區民族東路410巷55號門口前","sample_date":"2023-02-03","project_name":"蔬果","product_category":"小葉菜類","sample_item":"茼蒿","inspection_result":"不符合規定","violation_reason":"殺菌劑Flutriafol 護汰芬0.02ppm(標準：0.01ppm以下)","postal_code":"104","source_type":"食品抽驗不合格","source_dataset":"臺北市衛生局食品抽驗不合格清冊","source_url":"https://data.taipei/api/dataset/09a917a0-0fb5-47e1-957c-5f1268fba517/resource/bb347e3d-626a-46e5-bb96-9061e8d08c26/download","geocoding_address":"臺北市中山區民族東路410巷55號門口前","location_method":"臺北市門牌位置數值資料","violation_count":1},"geometry":{"type":"Point","coordinates":[121.538407398772,25.065110953366503]}},{"type":"Feature","properties":{"data_time":"2023-02-03","source_row_no":293,"name":"環南市場蔬菜區青果攤0003號","city":"臺北市","district":"萬華區","address":"臺北市萬華區環河南路2段245號","sample_date":"2023-02-03","project_name":"蔬果","product_category":"小漿果類","sample_item":"釋迦","inspection_result":"不符合規定","violation_reason":"殺蟲劑Diflubenzuron 二福隆0.02ppm(標準：0.01ppm以下)","postal_code":"108","source_type":"食品抽驗不合格","source_dataset":"臺北市衛生局食品抽驗不合格清冊","source_url":"https://data.taipei/api/dataset/09a917a0-0fb5-47e1-957c-5f1268fba517/resource/bb347e3d-626a-46e5-bb96-9061e8d08c26/download","geocoding_address":"臺北市萬華區環河南路2段245號","location_method":"OpenStreetMap道路/地名定位","violation_count":1},"geometry":{"type":"Point","coordinates":[121.4895544,25.0300926]}},{"type":"Feature","properties":{"data_time":"2023-02-03","source_row_no":294,"name":"環南坤廷蔬菜/","city":"臺北市","district":"萬華區","address":"臺北市萬華區環河南路2段245號/環南市場蔬菜區150號攤","sample_date":"2023-02-03","project_name":"蔬果","product_category":"小葉菜類","sample_item":"茼蒿","inspection_result":"不符合規定","violation_reason":"殺菌劑Difenoconazole 待克利1.9ppm(標準：1.0ppm以下)","postal_code":"108","source_type":"食品抽驗不合格","source_dataset":"臺北市衛生局食品抽驗不合格清冊","source_url":"https://data.taipei/api/dataset/09a917a0-0fb5-47e1-957c-5f1268fba517/resource/bb347e3d-626a-46e5-bb96-9061e8d08c26/download","geocoding_address":"臺北市萬華區環河南路2段245號/環南市場蔬菜區150號攤","location_method":"OpenStreetMap道路/地名定位","violation_count":1},"geometry":{"type":"Point","coordinates":[121.4895544,25.0300926]}},{"type":"Feature","properties":{"data_time":"2023-02-01","source_row_no":295,"name":"湖光市場無市招菜攤(葉O雲)","city":"臺北市","district":"內湖區","address":"臺北市內湖區康寧路1段26巷1號旁","sample_date":"2023-02-01","project_name":"蔬果","product_category":"小葉菜類","sample_item":"茼蒿","inspection_result":"不符合規定","violation_reason":"殺菌劑Difenoconazole 待克利1.4ppm(標準：1.0ppm以下)","postal_code":"114","source_type":"食品抽驗不合格","source_dataset":"臺北市衛生局食品抽驗不合格清冊","source_url":"https://data.taipei/api/dataset/09a917a0-0fb5-47e1-957c-5f1268fba517/resource/bb347e3d-626a-46e5-bb96-9061e8d08c26/download","geocoding_address":"臺北市內湖區康寧路1段26巷1號旁","location_method":"OpenStreetMap道路/地名定位","violation_count":1},"geometry":{"type":"Point","coordinates":[121.5909481,25.0807589]}},{"type":"Feature","properties":{"data_time":"2023-02-03","source_row_no":296,"name":"我是你的菜","city":"臺北市","district":"萬華區","address":"臺北市萬華區環河南路2段245號環南市場蔬菜區152號攤","sample_date":"2023-02-03","project_name":"蔬果","product_category":"包葉菜類","sample_item":"芥菜(包心芥菜)","inspection_result":"不符合規定","violation_reason":"殺蟲劑Terbufos 托福松0.06ppm(標準：0.05ppm以下)","postal_code":"108","source_type":"食品抽驗不合格","source_dataset":"臺北市衛生局食品抽驗不合格清冊","source_url":"https://data.taipei/api/dataset/09a917a0-0fb5-47e1-957c-5f1268fba517/resource/bb347e3d-626a-46e5-bb96-9061e8d08c26/download","geocoding_address":"臺北市萬華區環河南路2段245號環南市場蔬菜區152號攤","location_method":"OpenStreetMap道路/地名定位","violation_count":1},"geometry":{"type":"Point","coordinates":[121.4895544,25.0300926]}},{"type":"Feature","properties":{"data_time":"2023-02-22","source_row_no":300,"name":"全聯實業股份有限公司台北東門分公司","city":"臺北市","district":"大安區","address":"臺北市大安區金山南路2段12號地下","sample_date":"2023-02-22","project_name":"油品抽驗計畫","product_category":"芥花油","sample_item":"福壽100%純芥花油(有效日期：2024/10/31 )","inspection_result":"不符合規定","violation_reason":"營養標示反式脂肪含量為「每份：0公克」，惟檢出每100公克反式脂肪酸含量0.56公克，依據「包裝食品營養標示應遵行事項」，每100公克固體（半固體）反式脂肪酸含量不超過0.3公克得標示為0，案內產品應依實際數值標示。","postal_code":"106","source_type":"食品抽驗不合格","source_dataset":"臺北市衛生局食品抽驗不合格清冊","source_url":"https://data.taipei/api/dataset/09a917a0-0fb5-47e1-957c-5f1268fba517/resource/bb347e3d-626a-46e5-bb96-9061e8d08c26/download","geocoding_address":"臺北市大安區金山南路2段12號地下","location_method":"OpenStreetMap道路/地名定位","violation_count":1},"geometry":{"type":"Point","coordinates":[121.5262062,25.0285426]}},{"type":"Feature","properties":{"data_time":"2023-01-30","source_row_no":301,"name":"全聯實業股份有限公司大安延吉分公司","city":"臺北市","district":"大安區","address":"臺北市大安區市民大道4段190號1.2樓","sample_date":"2023-01-30","project_name":"速食麵","product_category":"速食麵","sample_item":"檳城阿來白咖哩麵(有效日期：2023/8/25 )","inspection_result":"不符合規定","violation_reason":"麵條檢出環氧乙烷0.065mg/kg(標準：不得檢出)、醬料包檢出環氧乙烷0.084mg/kg(標準：不得檢出)","postal_code":"106","source_type":"食品抽驗不合格","source_dataset":"臺北市衛生局食品抽驗不合格清冊","source_url":"https://data.taipei/api/dataset/09a917a0-0fb5-47e1-957c-5f1268fba517/resource/bb347e3d-626a-46e5-bb96-9061e8d08c26/download","geocoding_address":"臺北市大安區市民大道4段190號1.2樓","location_method":"OpenStreetMap道路/地名定位","violation_count":1},"geometry":{"type":"Point","coordinates":[121.5490337,25.0447284]}},{"type":"Feature","properties":{"data_time":"2023-02-01","source_row_no":302,"name":"宇林興業有限公司台北分公司","city":"臺北市","district":"中山區","address":"臺北市中山區中山北路3段37號","sample_date":"2023-02-01","project_name":"速食麵","product_category":"速食麵","sample_item":"Indomie特色雞肉風味湯麵(有效日期：2023/8/7 )","inspection_result":"不符合規定","violation_reason":"調味粉包檢出環氧乙烷0.187mg/kg\n(標準：不得檢出)","postal_code":"104","source_type":"食品抽驗不合格","source_dataset":"臺北市衛生局食品抽驗不合格清冊","source_url":"https://data.taipei/api/dataset/09a917a0-0fb5-47e1-957c-5f1268fba517/resource/bb347e3d-626a-46e5-bb96-9061e8d08c26/download","geocoding_address":"臺北市中山區中山北路3段37號","location_method":"OpenStreetMap道路/地名定位","violation_count":1},"geometry":{"type":"Point","coordinates":[121.5226437,25.067623]}},{"type":"Feature","properties":{"data_time":"2023-03-01","source_row_no":303,"name":"家福股份有限公司台北錦州分公司","city":"臺北市","district":"中山區","address":"臺北市中山區錦州街276號","sample_date":"2023-03-01","project_name":"生鮮禽畜肉品","product_category":"皮蛋","sample_item":"廣大利松花溏心皮蛋","inspection_result":"不符合規定","violation_reason":"銅6mg/kg (標準:5mg/kg)","postal_code":"104","source_type":"食品抽驗不合格","source_dataset":"臺北市衛生局食品抽驗不合格清冊","source_url":"https://data.taipei/api/dataset/09a917a0-0fb5-47e1-957c-5f1268fba517/resource/bb347e3d-626a-46e5-bb96-9061e8d08c26/download","geocoding_address":"臺北市中山區錦州街276號","location_method":"臺北市門牌位置數值資料","violation_count":1},"geometry":{"type":"Point","coordinates":[121.53498754318574,25.06024362407828]}},{"type":"Feature","properties":{"data_time":"2023-04-12","source_row_no":309,"name":"六廚有限公司(六廚川客料理)","city":"臺北市","district":"大安區","address":"臺北市大安區信義路3段7號2樓","sample_date":"2023-04-12","project_name":"生鮮水產品","product_category":"魚類","sample_item":"黃魚","inspection_result":"不符合規定","violation_reason":"恩氟喹啉羧酸(enrofloxacin)：0.03ppm\n (標準：不得檢出)","postal_code":"106","source_type":"食品抽驗不合格","source_dataset":"臺北市衛生局食品抽驗不合格清冊","source_url":"https://data.taipei/api/dataset/09a917a0-0fb5-47e1-957c-5f1268fba517/resource/bb347e3d-626a-46e5-bb96-9061e8d08c26/download","geocoding_address":"臺北市大安區信義路3段7號2樓","location_method":"OpenStreetMap道路/地名定位","violation_count":1},"geometry":{"type":"Point","coordinates":[121.5406875,25.0333557]}},{"type":"Feature","properties":{"data_time":"2023-04-12","source_row_no":310,"name":"163冷飲店(163 Lane)","city":"臺北市","district":"中正區","address":"臺北市中正區延平南路163巷4號","sample_date":"2023-04-12","project_name":"散裝飲冰品及配料","product_category":"配料","sample_item":"CRISTORY魔力水晶-咖啡風味","inspection_result":"不符合規定","violation_reason":"己二烯酸：0.70g/kg\n(標準：不得檢出)","postal_code":"100","source_type":"食品抽驗不合格","source_dataset":"臺北市衛生局食品抽驗不合格清冊","source_url":"https://data.taipei/api/dataset/09a917a0-0fb5-47e1-957c-5f1268fba517/resource/bb347e3d-626a-46e5-bb96-9061e8d08c26/download","geocoding_address":"臺北市中正區延平南路163巷4號","location_method":"臺北市門牌位置數值資料","violation_count":1},"geometry":{"type":"Point","coordinates":[121.50792077074934,25.03506380337495]}},{"type":"Feature","properties":{"data_time":"2023-03-13","source_row_no":311,"name":"米卡餐坊(燒杯咖啡藝廚)","city":"臺北市","district":"萬華區","address":"臺北市萬華區西園路1段236號1樓","sample_date":"2023-03-13","project_name":"茶葉、花草茶","product_category":"花草茶","sample_item":"粉玫瑰","inspection_result":"不符合規定","violation_reason":"殺菌劑Penconazole 平克座0.08ppm(其他(茶類)*:0.05ppm)","postal_code":"108","source_type":"食品抽驗不合格","source_dataset":"臺北市衛生局食品抽驗不合格清冊","source_url":"https://data.taipei/api/dataset/09a917a0-0fb5-47e1-957c-5f1268fba517/resource/bb347e3d-626a-46e5-bb96-9061e8d08c26/download","geocoding_address":"臺北市萬華區西園路1段236號1樓","location_method":"OpenStreetMap道路/地名定位","violation_count":1},"geometry":{"type":"Point","coordinates":[121.4999238,25.0407092]}},{"type":"Feature","properties":{"data_time":"2023-03-13","source_row_no":312,"name":"時時展餐飲有限公司(泰讚了內湖瑞光店)","city":"臺北市","district":"內湖區","address":"臺北市內湖區瑞光路317號1樓","sample_date":"2023-03-13","project_name":"茶葉、花草茶","product_category":"花草茶","sample_item":"蝶豆花","inspection_result":"不符合規定","violation_reason":"殺蟲劑Flubendiamide 氟大滅0.09ppm(其他(茶類)*:0.05ppm)\n殺蟲劑Thiacloprid 賽果培0.08ppm(其他(茶類)*:0.05ppm)","postal_code":"114","source_type":"食品抽驗不合格","source_dataset":"臺北市衛生局食品抽驗不合格清冊","source_url":"https://data.taipei/api/dataset/09a917a0-0fb5-47e1-957c-5f1268fba517/resource/bb347e3d-626a-46e5-bb96-9061e8d08c26/download","geocoding_address":"臺北市內湖區瑞光路317號1樓","location_method":"臺北市門牌位置數值資料","violation_count":1},"geometry":{"type":"Point","coordinates":[121.57526009576519,25.076338270611842]}},{"type":"Feature","properties":{"data_time":"2023-03-15","source_row_no":313,"name":"享美學國際股份有限公司(享當下)","city":"臺北市","district":"士林區","address":"臺北市士林區德行西路36號","sample_date":"2023-03-15","project_name":"茶葉、花草茶","product_category":"花草茶","sample_item":"玫瑰花瓣","inspection_result":"不符合規定","violation_reason":"殺蟲劑Permethrin 百滅寧0.29ppm(其他(茶類)*:0.05ppm)","postal_code":"111","source_type":"食品抽驗不合格","source_dataset":"臺北市衛生局食品抽驗不合格清冊","source_url":"https://data.taipei/api/dataset/09a917a0-0fb5-47e1-957c-5f1268fba517/resource/bb347e3d-626a-46e5-bb96-9061e8d08c26/download","geocoding_address":"臺北市士林區德行西路36號","location_method":"臺北市門牌位置數值資料","violation_count":1},"geometry":{"type":"Point","coordinates":[121.52318540186351,25.10526806954541]}},{"type":"Feature","properties":{"data_time":"2023-03-15","source_row_no":314,"name":"享美學國際股份有限公司(享當下)","city":"臺北市","district":"士林區","address":"臺北市士林區德行西路36號","sample_date":"2023-03-15","project_name":"茶葉、花草茶","product_category":"花草茶","sample_item":"蝶豆花","inspection_result":"不符合規定","violation_reason":"殺蟲劑Chlorpyrifos 陶斯松0.18ppm(其他(茶類)*:0.05ppm)\n殺菌劑Metalaxyl 滅達樂0.06ppm(其他(茶類)*:0.05ppm)","postal_code":"111","source_type":"食品抽驗不合格","source_dataset":"臺北市衛生局食品抽驗不合格清冊","source_url":"https://data.taipei/api/dataset/09a917a0-0fb5-47e1-957c-5f1268fba517/resource/bb347e3d-626a-46e5-bb96-9061e8d08c26/download","geocoding_address":"臺北市士林區德行西路36號","location_method":"臺北市門牌位置數值資料","violation_count":1},"geometry":{"type":"Point","coordinates":[121.52318540186351,25.10526806954541]}},{"type":"Feature","properties":{"data_time":"2023-03-27","source_row_no":315,"name":"利吉利商行","city":"臺北市","district":"松山區","address":"臺北市松山區復興北路3號","sample_date":"2023-03-27","project_name":"美耐皿","product_category":"塑膠類","sample_item":"美耐加賀筷 黑","inspection_result":"不符合規定","violation_reason":"1.甲醛：43.0ppm\n(標準:不得檢出)\n2.蒸發殘渣：74ppm\n(標準:30ppm以下)\n3.未標示淨重、容量或數量","postal_code":"105","source_type":"食品抽驗不合格","source_dataset":"臺北市衛生局食品抽驗不合格清冊","source_url":"https://data.taipei/api/dataset/09a917a0-0fb5-47e1-957c-5f1268fba517/resource/bb347e3d-626a-46e5-bb96-9061e8d08c26/download","geocoding_address":"臺北市松山區復興北路3號","location_method":"臺北市門牌位置數值資料","violation_count":1},"geometry":{"type":"Point","coordinates":[121.54416082050938,25.04811084205674]}},{"type":"Feature","properties":{"data_time":"2023-03-28","source_row_no":316,"name":"勝越企業社","city":"臺北市","district":"中山區","address":"臺北市中山區吉林路133號1樓","sample_date":"2023-03-28","project_name":"美耐皿","product_category":"塑膠類","sample_item":"日風美耐筷","inspection_result":"不符合規定","violation_reason":"甲醛：24.0ppm\n(標準:不得檢出)","postal_code":"104","source_type":"食品抽驗不合格","source_dataset":"臺北市衛生局食品抽驗不合格清冊","source_url":"https://data.taipei/api/dataset/09a917a0-0fb5-47e1-957c-5f1268fba517/resource/bb347e3d-626a-46e5-bb96-9061e8d08c26/download","geocoding_address":"臺北市中山區吉林路133號1樓","location_method":"臺北市門牌位置數值資料","violation_count":1},"geometry":{"type":"Point","coordinates":[121.53032424409943,25.058163212120107]}},{"type":"Feature","properties":{"data_time":"2023-03-30","source_row_no":317,"name":"豐資生活館有限公司(小北百貨寧夏店)","city":"臺北市","district":"大同區","address":"臺北市大同區寧夏路11號1樓","sample_date":"2023-03-30","project_name":"美耐皿","product_category":"塑膠類","sample_item":"93438美耐皿350ml杯","inspection_result":"不符合規定","violation_reason":"本體未以印刷、打印或壓印方式標示材質名稱及耐熱溫度。","postal_code":"103","source_type":"食品抽驗不合格","source_dataset":"臺北市衛生局食品抽驗不合格清冊","source_url":"https://data.taipei/api/dataset/09a917a0-0fb5-47e1-957c-5f1268fba517/resource/bb347e3d-626a-46e5-bb96-9061e8d08c26/download","geocoding_address":"臺北市大同區寧夏路11號1樓","location_method":"臺北市門牌位置數值資料","violation_count":1},"geometry":{"type":"Point","coordinates":[121.51500373951032,25.0547152819365]}},{"type":"Feature","properties":{"data_time":"2023-04-13","source_row_no":318,"name":"3446何O獅","city":"臺北市","district":"萬華區","address":"臺北市萬華區萬大路533號蔬菜區地號930","sample_date":"2023-04-13","project_name":"蔬果","product_category":"小葉菜類","sample_item":"迷迭香","inspection_result":"不符合規定","violation_reason":"殺菌劑Dimethomorph 達滅芬0.06ppm(標準：0.01ppm以下) \n殺蟲劑Imidacloprid 益達胺0.03ppm(標準：0.01ppm以下) \n殺草劑Oxadiazon 樂滅草0.04ppm(標準：0.01ppm以下) \n殺線蟲劑Oxamyl 毆殺滅0.04ppm(標準：0.01ppm以下) \n殺草劑Pendimethalin 施得圃0.06ppm(標準：0.01ppm以下) \n殺蟲劑Phenthoate 賽達松0.02ppm(標準：0.01ppm以下)","postal_code":"108","source_type":"食品抽驗不合格","source_dataset":"臺北市衛生局食品抽驗不合格清冊","source_url":"https://data.taipei/api/dataset/09a917a0-0fb5-47e1-957c-5f1268fba517/resource/bb347e3d-626a-46e5-bb96-9061e8d08c26/download","geocoding_address":"臺北市萬華區萬大路533號蔬菜區地號930","location_method":"臺北市門牌位置數值資料","violation_count":1},"geometry":{"type":"Point","coordinates":[121.49713199522044,25.018499829728977]}},{"type":"Feature","properties":{"data_time":"2023-04-07","source_row_no":319,"name":"欣盛小吃店(晴光精緻自助餐)","city":"臺北市","district":"士林區","address":"臺北市士林區中正路363號","sample_date":"2023-04-07","project_name":"蔬果","product_category":"小葉菜類","sample_item":"芥蘭菜","inspection_result":"不符合規定","violation_reason":"殺蟲劑Chlorpyrifos 陶斯松0.02ppm(標準：0.01ppm以下) \n殺蟲劑Fipronil 芬普尼0.012ppm、Fipronil-sulfone芬普尼代謝物0.016ppm(標準：0.001ppm以下) \n殺蟲劑Pyriproxyfen 百利普芬0.51ppm(標準：0.01ppm以下) \n殺蟲劑Tolfenpyrad 脫芬瑞0.8ppm(標準：0.5ppm以下)","postal_code":"111","source_type":"食品抽驗不合格","source_dataset":"臺北市衛生局食品抽驗不合格清冊","source_url":"https://data.taipei/api/dataset/09a917a0-0fb5-47e1-957c-5f1268fba517/resource/bb347e3d-626a-46e5-bb96-9061e8d08c26/download","geocoding_address":"臺北市士林區中正路363號","location_method":"臺北市門牌位置數值資料","violation_count":1},"geometry":{"type":"Point","coordinates":[121.52202949013254,25.094280095188253]}},{"type":"Feature","properties":{"data_time":"2023-04-11","source_row_no":320,"name":"王黃O彫","city":"臺北市","district":"萬華區","address":"臺北市萬華區萬大路533號蔬菜中繼零批場地號410","sample_date":"2023-04-11","project_name":"蔬果","product_category":"小葉菜類","sample_item":"韭菜花","inspection_result":"不符合規定","violation_reason":"殺蟲劑3-酮基加保扶(3-keto Carbofuran)0.01ppm、3-羥基加保扶(3-OH Carbofuran)0.18ppm、加保扶(Carbofuran)0.38ppm(標準：0.2ppm以下) \n殺蟲劑Acetamiprid 亞滅培0.08ppm(標準：0.01ppm以下) \n殺蟲劑Chlorpyrifos 陶斯松0.39ppm(標準：0.01ppm以下)","postal_code":"108","source_type":"食品抽驗不合格","source_dataset":"臺北市衛生局食品抽驗不合格清冊","source_url":"https://data.taipei/api/dataset/09a917a0-0fb5-47e1-957c-5f1268fba517/resource/bb347e3d-626a-46e5-bb96-9061e8d08c26/download","geocoding_address":"臺北市萬華區萬大路533號蔬菜中繼零批場地號410","location_method":"臺北市門牌位置數值資料","violation_count":1},"geometry":{"type":"Point","coordinates":[121.49713199522044,25.018499829728977]}},{"type":"Feature","properties":{"data_time":"2023-04-07","source_row_no":321,"name":"全國食養創作全自助餐復興店","city":"臺北市","district":"大安區","address":"臺北市大安區復興南路2段314號","sample_date":"2023-04-07","project_name":"蔬果","product_category":"根莖菜類","sample_item":"白蘿蔔","inspection_result":"不符合規定","violation_reason":"殺蟲劑Dinotefuran 達特南0.09ppm(標準：0.05ppm以下) \n殺蟲劑Fipronil-sulfone芬普尼代謝物0.002ppm(標準：0.001ppm以下)","postal_code":"106","source_type":"食品抽驗不合格","source_dataset":"臺北市衛生局食品抽驗不合格清冊","source_url":"https://data.taipei/api/dataset/09a917a0-0fb5-47e1-957c-5f1268fba517/resource/bb347e3d-626a-46e5-bb96-9061e8d08c26/download","geocoding_address":"臺北市大安區復興南路2段314號","location_method":"OpenStreetMap道路/地名定位","violation_count":1},"geometry":{"type":"Point","coordinates":[121.5434481,25.0231578]}},{"type":"Feature","properties":{"data_time":"2023-04-11","source_row_no":322,"name":"家福股份有限公司台北內湖分公司(家樂福內湖店)","city":"臺北市","district":"內湖區","address":"臺北市內湖區民善街88 號","sample_date":"2023-04-11","project_name":"蔬果","product_category":"大漿果類","sample_item":"百香果","inspection_result":"不符合規定","violation_reason":"殺菌劑Metrafenone 滅芬農0.02ppm(標準：不得檢出)","postal_code":"114","source_type":"食品抽驗不合格","source_dataset":"臺北市衛生局食品抽驗不合格清冊","source_url":"https://data.taipei/api/dataset/09a917a0-0fb5-47e1-957c-5f1268fba517/resource/bb347e3d-626a-46e5-bb96-9061e8d08c26/download","geocoding_address":"臺北市內湖區民善街88 號","location_method":"臺北市門牌位置數值資料","violation_count":1},"geometry":{"type":"Point","coordinates":[121.57536491269865,25.060140703094966]}},{"type":"Feature","properties":{"data_time":"2023-04-11","source_row_no":323,"name":"大潤發流通事業股份有限公司南湖分公司(大潤發內湖二店)","city":"臺北市","district":"內湖區","address":"臺北市內湖區舊宗路1段188號","sample_date":"2023-04-11","project_name":"蔬果","product_category":"小葉菜類","sample_item":"彰化韭菜花","inspection_result":"不符合規定","violation_reason":"殺蟎劑Spirodiclofen 賜派芬0.14ppm(標準： 0.01ppm以下)","postal_code":"114","source_type":"食品抽驗不合格","source_dataset":"臺北市衛生局食品抽驗不合格清冊","source_url":"https://data.taipei/api/dataset/09a917a0-0fb5-47e1-957c-5f1268fba517/resource/bb347e3d-626a-46e5-bb96-9061e8d08c26/download","geocoding_address":"臺北市內湖區舊宗路1段188號","location_method":"OpenStreetMap道路/地名定位","violation_count":1},"geometry":{"type":"Point","coordinates":[121.5773336,25.0626529]}},{"type":"Feature","properties":{"data_time":"2023-04-11","source_row_no":324,"name":"祥和小吃店(祥和蔬食精緻料理)","city":"臺北市","district":"中正區","address":"臺北市中正區鎮江街1巷1號","sample_date":"2023-04-11","project_name":"蔬果","product_category":"果菜類","sample_item":"茄子","inspection_result":"不符合規定","violation_reason":"殺蟎劑Fenazaquin 芬殺蟎0.09ppm(標準：0.01ppm以下)","postal_code":"100","source_type":"食品抽驗不合格","source_dataset":"臺北市衛生局食品抽驗不合格清冊","source_url":"https://data.taipei/api/dataset/09a917a0-0fb5-47e1-957c-5f1268fba517/resource/bb347e3d-626a-46e5-bb96-9061e8d08c26/download","geocoding_address":"臺北市中正區鎮江街1巷1號","location_method":"臺北市門牌位置數值資料","violation_count":1},"geometry":{"type":"Point","coordinates":[121.52177484306527,25.04437587110442]}},{"type":"Feature","properties":{"data_time":"2023-04-07","source_row_no":325,"name":"全國食養創作全自助餐復興店","city":"臺北市","district":"大安區","address":"臺北市大安區復興南路2段314號","sample_date":"2023-04-07","project_name":"蔬果","product_category":"果菜類","sample_item":"茄子","inspection_result":"不符合規定","violation_reason":"殺蟎劑Spirodiclofen 賜派芬0.08ppm(標準：0.01ppm以下)","postal_code":"106","source_type":"食品抽驗不合格","source_dataset":"臺北市衛生局食品抽驗不合格清冊","source_url":"https://data.taipei/api/dataset/09a917a0-0fb5-47e1-957c-5f1268fba517/resource/bb347e3d-626a-46e5-bb96-9061e8d08c26/download","geocoding_address":"臺北市大安區復興南路2段314號","location_method":"OpenStreetMap道路/地名定位","violation_count":1},"geometry":{"type":"Point","coordinates":[121.5434481,25.0231578]}},{"type":"Feature","properties":{"data_time":"2023-04-11","source_row_no":326,"name":"祥和小吃店(祥和蔬食精緻料理)","city":"臺北市","district":"中正區","address":"臺北市中正區鎮江街1巷1號","sample_date":"2023-04-11","project_name":"蔬果","product_category":"豆菜類","sample_item":"敏豆","inspection_result":"不符合規定","violation_reason":"殺蟎劑Etoxazole 依殺蟎0.05ppm(標準：0.01ppm以下)","postal_code":"100","source_type":"食品抽驗不合格","source_dataset":"臺北市衛生局食品抽驗不合格清冊","source_url":"https://data.taipei/api/dataset/09a917a0-0fb5-47e1-957c-5f1268fba517/resource/bb347e3d-626a-46e5-bb96-9061e8d08c26/download","geocoding_address":"臺北市中正區鎮江街1巷1號","location_method":"臺北市門牌位置數值資料","violation_count":1},"geometry":{"type":"Point","coordinates":[121.52177484306527,25.04437587110442]}},{"type":"Feature","properties":{"data_time":"2023-04-07","source_row_no":327,"name":"欣盛小吃店(晴光精緻自助餐)","city":"臺北市","district":"士林區","address":"臺北市士林區中正路363號","sample_date":"2023-04-07","project_name":"蔬果","product_category":"小葉菜類","sample_item":"韭菜","inspection_result":"不符合規定","violation_reason":"殺菌劑Boscalid 白克列0.02ppm(標準：0.01ppm以下)","postal_code":"111","source_type":"食品抽驗不合格","source_dataset":"臺北市衛生局食品抽驗不合格清冊","source_url":"https://data.taipei/api/dataset/09a917a0-0fb5-47e1-957c-5f1268fba517/resource/bb347e3d-626a-46e5-bb96-9061e8d08c26/download","geocoding_address":"臺北市士林區中正路363號","location_method":"臺北市門牌位置數值資料","violation_count":1},"geometry":{"type":"Point","coordinates":[121.52202949013254,25.094280095188253]}},{"type":"Feature","properties":{"data_time":"2023-04-11","source_row_no":328,"name":"家福股份有限公司台北內湖分公司(家樂福內湖店)","city":"臺北市","district":"內湖區","address":"臺北市內湖區民善街88 號","sample_date":"2023-04-11","project_name":"蔬果","product_category":"小葉菜類","sample_item":"小白菜(優植)","inspection_result":"不符合規定","violation_reason":"殺線蟲劑Oxamyl 毆殺滅0.7ppm(標準：0.5ppm以下)","postal_code":"114","source_type":"食品抽驗不合格","source_dataset":"臺北市衛生局食品抽驗不合格清冊","source_url":"https://data.taipei/api/dataset/09a917a0-0fb5-47e1-957c-5f1268fba517/resource/bb347e3d-626a-46e5-bb96-9061e8d08c26/download","geocoding_address":"臺北市內湖區民善街88 號","location_method":"臺北市門牌位置數值資料","violation_count":1},"geometry":{"type":"Point","coordinates":[121.57536491269865,25.060140703094966]}},{"type":"Feature","properties":{"data_time":"2023-05-08","source_row_no":329,"name":"品安甜品店(清原芋圓台北天津店)","city":"臺北市","district":"中山區","address":"臺北市中山區天津街41號1樓","sample_date":"2023-05-08","project_name":"散裝飲冰品及配料","product_category":"飲料","sample_item":"茉香綠茶(不含冰塊)","inspection_result":"不符合規定","violation_reason":"腸桿菌科：8.6x10^2 CFU/mL\n(標準：10 CFU/mL)","postal_code":"104","source_type":"食品抽驗不合格","source_dataset":"臺北市衛生局食品抽驗不合格清冊","source_url":"https://data.taipei/api/dataset/09a917a0-0fb5-47e1-957c-5f1268fba517/resource/bb347e3d-626a-46e5-bb96-9061e8d08c26/download","geocoding_address":"臺北市中山區天津街41號1樓","location_method":"臺北市門牌位置數值資料","violation_count":1},"geometry":{"type":"Point","coordinates":[121.52302948384424,25.049912725459365]}},{"type":"Feature","properties":{"data_time":"2023-05-11","source_row_no":330,"name":"海堂國際股份有限公司(珊瑚橘)","city":"臺北市","district":"信義區","address":"臺北市信義區松高路12號B2","sample_date":"2023-05-11","project_name":"散裝飲冰品及配料","product_category":"飲料","sample_item":"原山青茶(含冰塊)","inspection_result":"不符合規定","violation_reason":"腸桿菌科：2.2x10^3 CFU/mL\n(標準：10 CFU/mL)","postal_code":"110","source_type":"食品抽驗不合格","source_dataset":"臺北市衛生局食品抽驗不合格清冊","source_url":"https://data.taipei/api/dataset/09a917a0-0fb5-47e1-957c-5f1268fba517/resource/bb347e3d-626a-46e5-bb96-9061e8d08c26/download","geocoding_address":"臺北市信義區松高路12號B2","location_method":"臺北市門牌位置數值資料","violation_count":1},"geometry":{"type":"Point","coordinates":[121.5668001554263,25.038813088598662]}},{"type":"Feature","properties":{"data_time":"2023-05-16","source_row_no":331,"name":"樂多多世界股份有限公司肉多多台北重慶南營業所(肉多多)","city":"臺北市","district":"中正區","address":"臺北市中正區重慶南路1段58號3樓","sample_date":"2023-05-16","project_name":"散裝飲冰品及配料","product_category":"冰品","sample_item":"北海道牛奶風味(冰淇淋)","inspection_result":"不符合規定","violation_reason":"腸桿菌科：50 CFU/mL\n(標準：10 CFU/mL)","postal_code":"100","source_type":"食品抽驗不合格","source_dataset":"臺北市衛生局食品抽驗不合格清冊","source_url":"https://data.taipei/api/dataset/09a917a0-0fb5-47e1-957c-5f1268fba517/resource/bb347e3d-626a-46e5-bb96-9061e8d08c26/download","geocoding_address":"臺北市中正區重慶南路1段58號3樓","location_method":"OpenStreetMap道路/地名定位","violation_count":1},"geometry":{"type":"Point","coordinates":[121.512688,25.0375078]}},{"type":"Feature","properties":{"data_time":"2023-05-11","source_row_no":332,"name":"福餐聯餐飲股份有限公司吉龍糖石牌裕民門市","city":"臺北市","district":"北投區","address":"臺北市北投區石牌路2段42號1樓","sample_date":"2023-05-11","project_name":"散裝飲冰品及配料","product_category":"飲料","sample_item":"阿里山青茶(含冰塊)","inspection_result":"不符合規定","violation_reason":"腸桿菌科：1.6x10^5 CFU/mL\n(標準：10 CFU/mL)","postal_code":"112","source_type":"食品抽驗不合格","source_dataset":"臺北市衛生局食品抽驗不合格清冊","source_url":"https://data.taipei/api/dataset/09a917a0-0fb5-47e1-957c-5f1268fba517/resource/bb347e3d-626a-46e5-bb96-9061e8d08c26/download","geocoding_address":"臺北市北投區石牌路2段42號1樓","location_method":"OpenStreetMap道路/地名定位","violation_count":1},"geometry":{"type":"Point","coordinates":[121.525636,25.1236382]}},{"type":"Feature","properties":{"data_time":"2023-05-11","source_row_no":333,"name":"頂呱呱股份有限公司忠孝東路店","city":"臺北市","district":"大安區","address":"臺北市大安區忠孝東路4段175之1號","sample_date":"2023-05-11","project_name":"散裝飲冰品及配料","product_category":"冰品","sample_item":"紅茶雪泥","inspection_result":"不符合規定","violation_reason":"腸桿菌科：7.0x10^2 CFU/mL\n(標準：10 CFU/mL)","postal_code":"106","source_type":"食品抽驗不合格","source_dataset":"臺北市衛生局食品抽驗不合格清冊","source_url":"https://data.taipei/api/dataset/09a917a0-0fb5-47e1-957c-5f1268fba517/resource/bb347e3d-626a-46e5-bb96-9061e8d08c26/download","geocoding_address":"臺北市大安區忠孝東路4段175之1號","location_method":"OpenStreetMap道路/地名定位","violation_count":1},"geometry":{"type":"Point","coordinates":[121.5437759,25.0415569]}},{"type":"Feature","properties":{"data_time":"2023-05-11","source_row_no":334,"name":"覺旅股份有限公司覺旅咖啡陽光分公司","city":"臺北市","district":"內湖區","address":"臺北市內湖區陽光街321巷42號","sample_date":"2023-05-11","project_name":"散裝飲冰品及配料","product_category":"冰品","sample_item":"蘋果野莓冰沙","inspection_result":"不符合規定","violation_reason":"腸桿菌科：1.1x10^4 CFU/mL\n(標準：10 CFU/mL)","postal_code":"114","source_type":"食品抽驗不合格","source_dataset":"臺北市衛生局食品抽驗不合格清冊","source_url":"https://data.taipei/api/dataset/09a917a0-0fb5-47e1-957c-5f1268fba517/resource/bb347e3d-626a-46e5-bb96-9061e8d08c26/download","geocoding_address":"臺北市內湖區陽光街321巷42號","location_method":"臺北市門牌位置數值資料","violation_count":1},"geometry":{"type":"Point","coordinates":[121.57814194145465,25.071772189169504]}},{"type":"Feature","properties":{"data_time":"2023-05-11","source_row_no":335,"name":"覺旅股份有限公司覺旅咖啡陽光分公司","city":"臺北市","district":"內湖區","address":"臺北市內湖區陽光街321巷42號","sample_date":"2023-05-11","project_name":"散裝飲冰品及配料","product_category":"冰品","sample_item":"巧克力香蕉冰沙","inspection_result":"不符合規定","violation_reason":"腸桿菌科：2.2x10^2 CFU/mL\n(標準：10 CFU/mL)","postal_code":"114","source_type":"食品抽驗不合格","source_dataset":"臺北市衛生局食品抽驗不合格清冊","source_url":"https://data.taipei/api/dataset/09a917a0-0fb5-47e1-957c-5f1268fba517/resource/bb347e3d-626a-46e5-bb96-9061e8d08c26/download","geocoding_address":"臺北市內湖區陽光街321巷42號","location_method":"臺北市門牌位置數值資料","violation_count":1},"geometry":{"type":"Point","coordinates":[121.57814194145465,25.071772189169504]}},{"type":"Feature","properties":{"data_time":"2023-05-04","source_row_no":336,"name":"嘉年華小吃店","city":"臺北市","district":"南港區","address":"臺北市南港區同德路72號1樓","sample_date":"2023-05-04","project_name":"蔬果","product_category":"果菜類","sample_item":"麻荸茄茄子","inspection_result":"不符合規定","violation_reason":"殺蟲劑Imidacloprid 益達胺0.6ppm(標準：0.5ppm以下) \n殺蟎劑Spirodiclofen 賜派芬0.20ppm(標準：0.01ppm以下)","postal_code":"115","source_type":"食品抽驗不合格","source_dataset":"臺北市衛生局食品抽驗不合格清冊","source_url":"https://data.taipei/api/dataset/09a917a0-0fb5-47e1-957c-5f1268fba517/resource/bb347e3d-626a-46e5-bb96-9061e8d08c26/download","geocoding_address":"臺北市南港區同德路72號1樓","location_method":"臺北市門牌位置數值資料","violation_count":1},"geometry":{"type":"Point","coordinates":[121.58525275892505,25.045679744046662]}},{"type":"Feature","properties":{"data_time":"2023-05-04","source_row_no":337,"name":"百特蔬果行","city":"臺北市","district":"松山區","address":"臺北市松山區民生東路5段20號1樓","sample_date":"2023-05-04","project_name":"蔬果","product_category":"香辛植物及其他草木本植物","sample_item":"香菜(芫荽)","inspection_result":"不符合規定","violation_reason":"殺蟲劑Fenitrothion 撲滅松0.02ppm(標準：0.01ppm以下) \n殺草劑Pendimethalin 施得圃0.6ppm(標準：0.1ppm以下)","postal_code":"105","source_type":"食品抽驗不合格","source_dataset":"臺北市衛生局食品抽驗不合格清冊","source_url":"https://data.taipei/api/dataset/09a917a0-0fb5-47e1-957c-5f1268fba517/resource/bb347e3d-626a-46e5-bb96-9061e8d08c26/download","geocoding_address":"臺北市松山區民生東路5段20號1樓","location_method":"OpenStreetMap道路/地名定位","violation_count":1},"geometry":{"type":"Point","coordinates":[121.5624309,25.0588611]}},{"type":"Feature","properties":{"data_time":"2023-05-04","source_row_no":338,"name":"瓦城泰統股份有限公司西湖分公司(時時香美麗華店)","city":"臺北市","district":"中山區","address":"臺北市中山區敬業三路20號5樓","sample_date":"2023-05-04","project_name":"蔬果","product_category":"果菜類","sample_item":"紅辣椒","inspection_result":"不符合規定","violation_reason":"殺蟲劑Imidacloprid 益達胺1.6ppm(標準：0.5ppm以下) \n殺菌劑Pyraclostrobin 百克敏0.8ppm(標準：0.5ppm以下)","postal_code":"104","source_type":"食品抽驗不合格","source_dataset":"臺北市衛生局食品抽驗不合格清冊","source_url":"https://data.taipei/api/dataset/09a917a0-0fb5-47e1-957c-5f1268fba517/resource/bb347e3d-626a-46e5-bb96-9061e8d08c26/download","geocoding_address":"臺北市中山區敬業三路20號5樓","location_method":"臺北市門牌位置數值資料","violation_count":1},"geometry":{"type":"Point","coordinates":[121.55669866517573,25.083374665653366]}},{"type":"Feature","properties":{"data_time":"2023-05-03","source_row_no":339,"name":"鼎皇麻辣火鍋店","city":"臺北市","district":"中山區","address":"臺北市中山區民權東路2段1號","sample_date":"2023-05-03","project_name":"蔬果","product_category":"果菜類","sample_item":"紅辣椒","inspection_result":"不符合規定","violation_reason":"殺蟲劑Chlorpyrifos 陶斯松0.02ppm(標準：0.01ppm以下) \n殺菌劑Prochloraz 撲克拉0.03ppm(標準：0.01ppm以下)","postal_code":"104","source_type":"食品抽驗不合格","source_dataset":"臺北市衛生局食品抽驗不合格清冊","source_url":"https://data.taipei/api/dataset/09a917a0-0fb5-47e1-957c-5f1268fba517/resource/bb347e3d-626a-46e5-bb96-9061e8d08c26/download","geocoding_address":"臺北市中山區民權東路2段1號","location_method":"OpenStreetMap道路/地名定位","violation_count":1},"geometry":{"type":"Point","coordinates":[121.5284386,25.0625375]}},{"type":"Feature","properties":{"data_time":"2023-05-02","source_row_no":340,"name":"無市招蔬果行(高O志)","city":"臺北市","district":"士林區","address":"臺北市士林區德行東路109巷4號","sample_date":"2023-05-02","project_name":"蔬果","product_category":"小葉菜類","sample_item":"(久)韭黃","inspection_result":"不符合規定","violation_reason":"殺蟎劑Ethion 愛殺松0.09ppm(標準：不得檢出)","postal_code":"111","source_type":"食品抽驗不合格","source_dataset":"臺北市衛生局食品抽驗不合格清冊","source_url":"https://data.taipei/api/dataset/09a917a0-0fb5-47e1-957c-5f1268fba517/resource/bb347e3d-626a-46e5-bb96-9061e8d08c26/download","geocoding_address":"臺北市士林區德行東路109巷4號","location_method":"臺北市門牌位置數值資料","violation_count":1},"geometry":{"type":"Point","coordinates":[121.52841523923371,25.10803248876879]}},{"type":"Feature","properties":{"data_time":"2023-05-04","source_row_no":341,"name":"幸福品味實業股份有限公司(美福食集)","city":"臺北市","district":"內湖區","address":"臺北市內湖區民善街128號","sample_date":"2023-05-04","project_name":"蔬果","product_category":"小葉菜類","sample_item":"台灣特選韭黃","inspection_result":"不符合規定","violation_reason":"殺菌劑Thifluzamide 賽氟滅0.03ppm(標準：不得檢出)","postal_code":"114","source_type":"食品抽驗不合格","source_dataset":"臺北市衛生局食品抽驗不合格清冊","source_url":"https://data.taipei/api/dataset/09a917a0-0fb5-47e1-957c-5f1268fba517/resource/bb347e3d-626a-46e5-bb96-9061e8d08c26/download","geocoding_address":"臺北市內湖區民善街128號","location_method":"臺北市門牌位置數值資料","violation_count":1},"geometry":{"type":"Point","coordinates":[121.57502773218005,25.061380133624915]}},{"type":"Feature","properties":{"data_time":"2023-05-04","source_row_no":342,"name":"幸幸越南素食館(越南蔬食)","city":"臺北市","district":"南港區","address":"臺北市南港區成福路28號","sample_date":"2023-05-04","project_name":"蔬果","product_category":"瓜菜類","sample_item":"東山絲瓜","inspection_result":"不符合規定","violation_reason":"殺蟲劑3-OH Carbofuran 3-羥基加保扶0.02ppm(標準：不得檢出)","postal_code":"115","source_type":"食品抽驗不合格","source_dataset":"臺北市衛生局食品抽驗不合格清冊","source_url":"https://data.taipei/api/dataset/09a917a0-0fb5-47e1-957c-5f1268fba517/resource/bb347e3d-626a-46e5-bb96-9061e8d08c26/download","geocoding_address":"臺北市南港區成福路28號","location_method":"臺北市門牌位置數值資料","violation_count":1},"geometry":{"type":"Point","coordinates":[121.58614177424,25.045356236526228]}},{"type":"Feature","properties":{"data_time":"2023-05-04","source_row_no":343,"name":"幸福品味實業股份有限公司(美福食集)","city":"臺北市","district":"內湖區","address":"臺北市內湖區民善街128號","sample_date":"2023-05-04","project_name":"蔬果","product_category":"小葉菜類","sample_item":"台灣特選九層塔(羅勒)","inspection_result":"不符合規定","violation_reason":"殺菌劑Pyraclostrobin 百克敏0.92ppm(標準：0.01ppm以下)","postal_code":"114","source_type":"食品抽驗不合格","source_dataset":"臺北市衛生局食品抽驗不合格清冊","source_url":"https://data.taipei/api/dataset/09a917a0-0fb5-47e1-957c-5f1268fba517/resource/bb347e3d-626a-46e5-bb96-9061e8d08c26/download","geocoding_address":"臺北市內湖區民善街128號","location_method":"臺北市門牌位置數值資料","violation_count":1},"geometry":{"type":"Point","coordinates":[121.57502773218005,25.061380133624915]}},{"type":"Feature","properties":{"data_time":"2023-05-04","source_row_no":344,"name":"欣葉台菜信義新天地A9館","city":"臺北市","district":"信義區","address":"臺北市信義區松壽路9號8樓","sample_date":"2023-05-04","project_name":"蔬果","product_category":"小葉菜類","sample_item":"九層塔(羅勒)","inspection_result":"不符合規定","violation_reason":"殺菌劑Pyraclostrobin 百克敏0.73ppm(標準：0.01ppm以下)","postal_code":"110","source_type":"食品抽驗不合格","source_dataset":"臺北市衛生局食品抽驗不合格清冊","source_url":"https://data.taipei/api/dataset/09a917a0-0fb5-47e1-957c-5f1268fba517/resource/bb347e3d-626a-46e5-bb96-9061e8d08c26/download","geocoding_address":"臺北市信義區松壽路9號8樓","location_method":"臺北市門牌位置數值資料","violation_count":1},"geometry":{"type":"Point","coordinates":[121.56666229822983,25.036081591023834]}},{"type":"Feature","properties":{"data_time":"2023-05-04","source_row_no":345,"name":"鼎好小吃店","city":"臺北市","district":"南港區","address":"臺北市南港區同德路56號","sample_date":"2023-05-04","project_name":"蔬果","product_category":"果菜類","sample_item":"麻荸茄","inspection_result":"不符合規定","violation_reason":"殺蟎劑Spirodiclofen 賜派芬0.17ppm(標準：0.01ppm以下)","postal_code":"115","source_type":"食品抽驗不合格","source_dataset":"臺北市衛生局食品抽驗不合格清冊","source_url":"https://data.taipei/api/dataset/09a917a0-0fb5-47e1-957c-5f1268fba517/resource/bb347e3d-626a-46e5-bb96-9061e8d08c26/download","geocoding_address":"臺北市南港區同德路56號","location_method":"臺北市門牌位置數值資料","violation_count":1},"geometry":{"type":"Point","coordinates":[121.58482898026922,25.04546809770313]}},{"type":"Feature","properties":{"data_time":"2023-05-04","source_row_no":346,"name":"永祥蔬果行","city":"臺北市","district":"南港區","address":"臺北市南港區同德路77號","sample_date":"2023-05-04","project_name":"蔬果","product_category":"果菜類","sample_item":"特選辣椒","inspection_result":"不符合規定","violation_reason":"殺蟲劑Clothianidin 可尼丁0.15ppm(標準：0.05ppm以下)","postal_code":"115","source_type":"食品抽驗不合格","source_dataset":"臺北市衛生局食品抽驗不合格清冊","source_url":"https://data.taipei/api/dataset/09a917a0-0fb5-47e1-957c-5f1268fba517/resource/bb347e3d-626a-46e5-bb96-9061e8d08c26/download","geocoding_address":"臺北市南港區同德路77號","location_method":"臺北市門牌位置數值資料","violation_count":1},"geometry":{"type":"Point","coordinates":[121.58528806873564,25.045972426073654]}},{"type":"Feature","properties":{"data_time":"2023-05-04","source_row_no":347,"name":"靚青蔬果行","city":"臺北市","district":"信義區","address":"臺北市信義區吳興街174號1樓","sample_date":"2023-05-04","project_name":"蔬果","product_category":"梨果類","sample_item":"水蜜桃","inspection_result":"不符合規定","violation_reason":"殺蟲劑Fenvalerate 芬化利1.8ppm(標準：1.0ppm以下)","postal_code":"110","source_type":"食品抽驗不合格","source_dataset":"臺北市衛生局食品抽驗不合格清冊","source_url":"https://data.taipei/api/dataset/09a917a0-0fb5-47e1-957c-5f1268fba517/resource/bb347e3d-626a-46e5-bb96-9061e8d08c26/download","geocoding_address":"臺北市信義區吳興街174號1樓","location_method":"臺北市門牌位置數值資料","violation_count":1},"geometry":{"type":"Point","coordinates":[121.56219899110026,25.02870571742502]}},{"type":"Feature","properties":{"data_time":"2023-05-16","source_row_no":348,"name":"思慕昔餐飲有限公司","city":"臺北市","district":"大安區","address":"臺北市大安區永康街15號、15號之1","sample_date":"2023-05-16","project_name":"散裝飲冰品及配料","product_category":"冰品","sample_item":"香脆花生蜜芋雪花冰(不含配料)","inspection_result":"不符合規定","violation_reason":"腸桿菌科：3.4x10^4 CFU/g\n(標準：10 CFU/g)","postal_code":"106","source_type":"食品抽驗不合格","source_dataset":"臺北市衛生局食品抽驗不合格清冊","source_url":"https://data.taipei/api/dataset/09a917a0-0fb5-47e1-957c-5f1268fba517/resource/bb347e3d-626a-46e5-bb96-9061e8d08c26/download","geocoding_address":"臺北市大安區永康街15號、15號之1","location_method":"臺北市門牌位置數值資料","violation_count":1},"geometry":{"type":"Point","coordinates":[121.52981470510817,25.032502388675884]}},{"type":"Feature","properties":{"data_time":"2023-05-16","source_row_no":349,"name":"思慕昔餐飲有限公司","city":"臺北市","district":"大安區","address":"臺北市大安區永康街15號、15號之1","sample_date":"2023-05-16","project_name":"散裝飲冰品及配料","product_category":"冰品","sample_item":"芋頭芋圓牛奶雪花冰(不含配料)","inspection_result":"不符合規定","violation_reason":"腸桿菌科：35 CFU/g\n(標準：10 CFU/g)","postal_code":"106","source_type":"食品抽驗不合格","source_dataset":"臺北市衛生局食品抽驗不合格清冊","source_url":"https://data.taipei/api/dataset/09a917a0-0fb5-47e1-957c-5f1268fba517/resource/bb347e3d-626a-46e5-bb96-9061e8d08c26/download","geocoding_address":"臺北市大安區永康街15號、15號之1","location_method":"臺北市門牌位置數值資料","violation_count":1},"geometry":{"type":"Point","coordinates":[121.52981470510817,25.032502388675884]}},{"type":"Feature","properties":{"data_time":"2023-05-16","source_row_no":350,"name":"玖仰茶食文化有限公司永康分公司","city":"臺北市","district":"大安區","address":"臺北市大安區永康街9-1號1樓","sample_date":"2023-05-16","project_name":"散裝飲冰品及配料","product_category":"飲料","sample_item":"探春(含冰塊)","inspection_result":"不符合規定","violation_reason":"腸桿菌科：1.1x10^5 CFU/mL\n(標準：10 CFU/mL)","postal_code":"106","source_type":"食品抽驗不合格","source_dataset":"臺北市衛生局食品抽驗不合格清冊","source_url":"https://data.taipei/api/dataset/09a917a0-0fb5-47e1-957c-5f1268fba517/resource/bb347e3d-626a-46e5-bb96-9061e8d08c26/download","geocoding_address":"臺北市大安區永康街9-1號1樓","location_method":"臺北市門牌位置數值資料","violation_count":1},"geometry":{"type":"Point","coordinates":[121.52990090301842,25.032926243658103]}},{"type":"Feature","properties":{"data_time":"2023-05-16","source_row_no":351,"name":"玖仰茶食文化有限公司永康分公司","city":"臺北市","district":"大安區","address":"臺北市大安區永康街9-1號1樓","sample_date":"2023-05-16","project_name":"散裝飲冰品及配料","product_category":"飲料","sample_item":"紅烏龍(含冰塊)","inspection_result":"不符合規定","violation_reason":"腸桿菌科：3.3x10^4 CFU/mL\n(標準：10 CFU/mL)","postal_code":"106","source_type":"食品抽驗不合格","source_dataset":"臺北市衛生局食品抽驗不合格清冊","source_url":"https://data.taipei/api/dataset/09a917a0-0fb5-47e1-957c-5f1268fba517/resource/bb347e3d-626a-46e5-bb96-9061e8d08c26/download","geocoding_address":"臺北市大安區永康街9-1號1樓","location_method":"臺北市門牌位置數值資料","violation_count":1},"geometry":{"type":"Point","coordinates":[121.52990090301842,25.032926243658103]}},{"type":"Feature","properties":{"data_time":"2023-05-16","source_row_no":352,"name":"GODIVA巧克力微風南京","city":"臺北市","district":"松山區","address":"臺北市松山區南京東路3段337號1樓","sample_date":"2023-05-16","project_name":"散裝飲冰品及配料","product_category":"冰品","sample_item":"黑巧克力霜淇淋","inspection_result":"不符合規定","violation_reason":"腸桿菌科：1.8x10^3 CFU/g\n(標準：10 CFU/g)","postal_code":"105","source_type":"食品抽驗不合格","source_dataset":"臺北市衛生局食品抽驗不合格清冊","source_url":"https://data.taipei/api/dataset/09a917a0-0fb5-47e1-957c-5f1268fba517/resource/bb347e3d-626a-46e5-bb96-9061e8d08c26/download","geocoding_address":"臺北市松山區南京東路3段337號1樓","location_method":"OpenStreetMap道路/地名定位","violation_count":1},"geometry":{"type":"Point","coordinates":[121.5476333,25.0518444]}},{"type":"Feature","properties":{"data_time":"2023-05-16","source_row_no":353,"name":"百富通股份有限公司慶城店(莫凡彼)","city":"臺北市","district":"松山區","address":"臺北市松山區慶城街12號1樓","sample_date":"2023-05-16","project_name":"散裝飲冰品及配料","product_category":"冰品","sample_item":"歐利歐巧克力冰酷樂","inspection_result":"不符合規定","violation_reason":"腸桿菌科：1.4x10^2 CFU/g\n(標準：10 CFU/g)","postal_code":"105","source_type":"食品抽驗不合格","source_dataset":"臺北市衛生局食品抽驗不合格清冊","source_url":"https://data.taipei/api/dataset/09a917a0-0fb5-47e1-957c-5f1268fba517/resource/bb347e3d-626a-46e5-bb96-9061e8d08c26/download","geocoding_address":"臺北市松山區慶城街12號1樓","location_method":"臺北市門牌位置數值資料","violation_count":1},"geometry":{"type":"Point","coordinates":[121.54506955208385,25.05294692584429]}},{"type":"Feature","properties":{"data_time":"2023-05-16","source_row_no":354,"name":"厚舖牛排館(人从众厚切牛排)","city":"臺北市","district":"松山區","address":"臺北市松山區光復北路146號1樓","sample_date":"2023-05-16","project_name":"散裝飲冰品及配料","product_category":"飲料","sample_item":"麥香紅茶","inspection_result":"不符合規定","violation_reason":"腸桿菌科：1.0x10^3 CFU/mL\n(標準：10 CFU/mL)","postal_code":"105","source_type":"食品抽驗不合格","source_dataset":"臺北市衛生局食品抽驗不合格清冊","source_url":"https://data.taipei/api/dataset/09a917a0-0fb5-47e1-957c-5f1268fba517/resource/bb347e3d-626a-46e5-bb96-9061e8d08c26/download","geocoding_address":"臺北市松山區光復北路146號1樓","location_method":"臺北市門牌位置數值資料","violation_count":1},"geometry":{"type":"Point","coordinates":[121.55693379034223,25.052415179788696]}},{"type":"Feature","properties":{"data_time":"2023-05-22","source_row_no":355,"name":"金好家股份有限公司台北大安分公司(進發家大安店)","city":"臺北市","district":"大安區","address":"臺北市大安區大安路1段53號","sample_date":"2023-05-22","project_name":"散裝飲冰品及配料","product_category":"冰品","sample_item":"祖傳綠豆沙","inspection_result":"不符合規定","violation_reason":"腸桿菌科：4.6x10^2 CFU/g\n(標準：10 CFU/g)","postal_code":"106","source_type":"食品抽驗不合格","source_dataset":"臺北市衛生局食品抽驗不合格清冊","source_url":"https://data.taipei/api/dataset/09a917a0-0fb5-47e1-957c-5f1268fba517/resource/bb347e3d-626a-46e5-bb96-9061e8d08c26/download","geocoding_address":"臺北市大安區大安路1段53號","location_method":"OpenStreetMap道路/地名定位","violation_count":1},"geometry":{"type":"Point","coordinates":[121.5461836,25.0432575]}},{"type":"Feature","properties":{"data_time":"2023-05-22","source_row_no":356,"name":"金好家股份有限公司台北大安分公司(進發家大安店)","city":"臺北市","district":"大安區","address":"臺北市大安區大安路1段53號","sample_date":"2023-05-22","project_name":"散裝飲冰品及配料","product_category":"冰品","sample_item":"萬丹紅豆沙","inspection_result":"不符合規定","violation_reason":"腸桿菌科：1.5x10^2 CFU/g\n(標準：10 CFU/g)","postal_code":"106","source_type":"食品抽驗不合格","source_dataset":"臺北市衛生局食品抽驗不合格清冊","source_url":"https://data.taipei/api/dataset/09a917a0-0fb5-47e1-957c-5f1268fba517/resource/bb347e3d-626a-46e5-bb96-9061e8d08c26/download","geocoding_address":"臺北市大安區大安路1段53號","location_method":"OpenStreetMap道路/地名定位","violation_count":1},"geometry":{"type":"Point","coordinates":[121.5461836,25.0432575]}},{"type":"Feature","properties":{"data_time":"2023-05-22","source_row_no":357,"name":"三良品茶","city":"臺北市","district":"信義區","address":"臺北市信義區永吉路263號","sample_date":"2023-05-22","project_name":"散裝飲冰品及配料","product_category":"冰品","sample_item":"100%綠豆沙沙(不含配料)","inspection_result":"不符合規定","violation_reason":"腸桿菌科：58 CFU/mL\n(標準：10 CFU/mL)","postal_code":"110","source_type":"食品抽驗不合格","source_dataset":"臺北市衛生局食品抽驗不合格清冊","source_url":"https://data.taipei/api/dataset/09a917a0-0fb5-47e1-957c-5f1268fba517/resource/bb347e3d-626a-46e5-bb96-9061e8d08c26/download","geocoding_address":"臺北市信義區永吉路263號","location_method":"臺北市門牌位置數值資料","violation_count":1},"geometry":{"type":"Point","coordinates":[121.57523371573103,25.045673921831927]}},{"type":"Feature","properties":{"data_time":"2023-05-24","source_row_no":358,"name":"錢都火鍋","city":"臺北市","district":"內湖區","address":"臺北市內湖區成功路4段147號","sample_date":"2023-05-24","project_name":"散裝飲冰品及配料","product_category":"冰品","sample_item":"霜淇淋","inspection_result":"不符合規定","violation_reason":"腸桿菌科：1.3x10^2 CFU/g\n(標準：10 CFU/g)","postal_code":"114","source_type":"食品抽驗不合格","source_dataset":"臺北市衛生局食品抽驗不合格清冊","source_url":"https://data.taipei/api/dataset/09a917a0-0fb5-47e1-957c-5f1268fba517/resource/bb347e3d-626a-46e5-bb96-9061e8d08c26/download","geocoding_address":"臺北市內湖區成功路4段147號","location_method":"OpenStreetMap道路/地名定位","violation_count":1},"geometry":{"type":"Point","coordinates":[121.597789,25.0847146]}},{"type":"Feature","properties":{"data_time":"2023-06-05","source_row_no":359,"name":"甯臻恩飲料店(黑丸嫩仙草古亭店)","city":"臺北市","district":"中正區","address":"臺北市中正區同安街65號1樓","sample_date":"2023-06-05","project_name":"散裝飲冰品及配料","product_category":"飲料","sample_item":"四季青茶(含冰塊)","inspection_result":"不符合規定","violation_reason":"腸桿菌科：5.8x10^3 CFU/g\n(標準：10 CFU/g)","postal_code":"100","source_type":"食品抽驗不合格","source_dataset":"臺北市衛生局食品抽驗不合格清冊","source_url":"https://data.taipei/api/dataset/09a917a0-0fb5-47e1-957c-5f1268fba517/resource/bb347e3d-626a-46e5-bb96-9061e8d08c26/download","geocoding_address":"臺北市中正區同安街65號1樓","location_method":"臺北市門牌位置數值資料","violation_count":1},"geometry":{"type":"Point","coordinates":[121.5215623288425,25.02381289257593]}},{"type":"Feature","properties":{"data_time":"2023-05-30","source_row_no":360,"name":"怡樂國際有限公司(EEC GLOBAL TK)","city":"臺北市","district":"中山區","address":"臺北市中山區中山北路3段39號1樓","sample_date":"2023-05-30","project_name":"調味料(醬油、沾醬)","product_category":"水解醬油","sample_item":"天鵝醬油","inspection_result":"不符合規定","violation_reason":"營養標示未如實標示","postal_code":"104","source_type":"食品抽驗不合格","source_dataset":"臺北市衛生局食品抽驗不合格清冊","source_url":"https://data.taipei/api/dataset/09a917a0-0fb5-47e1-957c-5f1268fba517/resource/bb347e3d-626a-46e5-bb96-9061e8d08c26/download","geocoding_address":"臺北市中山區中山北路3段39號1樓","location_method":"OpenStreetMap道路/地名定位","violation_count":1},"geometry":{"type":"Point","coordinates":[121.5226437,25.067623]}},{"type":"Feature","properties":{"data_time":"2023-05-02","source_row_no":361,"name":"老翁家","city":"臺北市","district":"松山區","address":"臺北市松山區新東街19號","sample_date":"2023-05-02","project_name":"真菌毒素","product_category":"花生製品","sample_item":"花生粉","inspection_result":"不符合規定","violation_reason":"黃麴毒素B1：4.8μg/kg(2μg/kg以下)\n總黃麴毒素B1+B2+G1+G2：5.5μg/kg(4μg/kg以下)","postal_code":"105","source_type":"食品抽驗不合格","source_dataset":"臺北市衛生局食品抽驗不合格清冊","source_url":"https://data.taipei/api/dataset/09a917a0-0fb5-47e1-957c-5f1268fba517/resource/bb347e3d-626a-46e5-bb96-9061e8d08c26/download","geocoding_address":"臺北市松山區新東街19號","location_method":"臺北市門牌位置數值資料","violation_count":1},"geometry":{"type":"Point","coordinates":[121.56585697384482,25.05867178778195]}},{"type":"Feature","properties":{"data_time":"2023-01-30","source_row_no":362,"name":"遠東都會股份有限公司天母店(市招: City super)","city":"臺北市","district":"士林區","address":"臺北市士林區中山北路6段77號B1","sample_date":"2023-01-30","project_name":"檢測食品中輻射殘留含量","product_category":"日本進口食品","sample_item":"JA高知土佐番茶PET500ML","inspection_result":"不符合規定","violation_reason":"原產地標示不實","postal_code":"111","source_type":"食品抽驗不合格","source_dataset":"臺北市衛生局食品抽驗不合格清冊","source_url":"https://data.taipei/api/dataset/09a917a0-0fb5-47e1-957c-5f1268fba517/resource/bb347e3d-626a-46e5-bb96-9061e8d08c26/download","geocoding_address":"臺北市士林區中山北路6段77號B1","location_method":"OpenStreetMap道路/地名定位","violation_count":1},"geometry":{"type":"Point","coordinates":[121.5282473,25.1160553]}},{"type":"Feature","properties":{"data_time":"2023-06-01","source_row_no":363,"name":"果粉水果行","city":"臺北市","district":"中正區","address":"臺北市中正區汀州路2段335號","sample_date":"2023-06-01","project_name":"蔬果","product_category":"豆菜類","sample_item":"甜豆(豌豆)","inspection_result":"不符合規定","violation_reason":"殺菌劑Diniconazole 達克利0.21ppm(標準：不得檢出) \n殺菌劑Fluopicolide 氟比來0.06ppm(標準：0.01ppm以下) \n殺菌劑Prochloraz 撲克拉0.08ppm(標準：0.01ppm以下) \n殺菌劑Propamocarb hydrochloride 普拔克0.42ppm(標準：0.1ppm以下)","postal_code":"100","source_type":"食品抽驗不合格","source_dataset":"臺北市衛生局食品抽驗不合格清冊","source_url":"https://data.taipei/api/dataset/09a917a0-0fb5-47e1-957c-5f1268fba517/resource/bb347e3d-626a-46e5-bb96-9061e8d08c26/download","geocoding_address":"臺北市中正區汀州路2段335號","location_method":"OpenStreetMap道路/地名定位","violation_count":1},"geometry":{"type":"Point","coordinates":[121.5187973,25.0250891]}},{"type":"Feature","properties":{"data_time":"2023-06-01","source_row_no":364,"name":"詠鑽蔬果專賣店(新天地蔬果量販店)","city":"臺北市","district":"士林區","address":"臺北市士林區美崙街18號1樓","sample_date":"2023-06-01","project_name":"蔬果","product_category":"豆菜類","sample_item":"豌豆","inspection_result":"不符合規定","violation_reason":"殺蟲劑Clothianidin 可尼丁0.23ppm(標準：0.02ppm以下) \n殺菌劑Dimethomorph 達滅芬2.4ppm(標準：2.0ppm以下) \n殺菌劑Tebuconazole 得克利1.8ppm(標準：1.0ppm以下) \n殺蟲劑Tolfenpyrad 脫芬瑞0.62ppm(標準：0.01ppm以下)","postal_code":"111","source_type":"食品抽驗不合格","source_dataset":"臺北市衛生局食品抽驗不合格清冊","source_url":"https://data.taipei/api/dataset/09a917a0-0fb5-47e1-957c-5f1268fba517/resource/bb347e3d-626a-46e5-bb96-9061e8d08c26/download","geocoding_address":"臺北市士林區美崙街18號1樓","location_method":"臺北市門牌位置數值資料","violation_count":1},"geometry":{"type":"Point","coordinates":[121.52325924803156,25.097293393413896]}},{"type":"Feature","properties":{"data_time":"2023-06-02","source_row_no":365,"name":"幸福品味實業股份有限公司(美福食集)","city":"臺北市","district":"內湖區","address":"臺北市內湖區民善街128號","sample_date":"2023-06-02","project_name":"蔬果","product_category":"核果類","sample_item":"台灣特選玉荷包800g(荔枝)","inspection_result":"不符合規定","violation_reason":"殺蟲劑Chlorpyrifos 陶斯松0.02ppm(標準：0.01ppm以下) \n殺蟲劑Phosmet 益滅松0.8ppm(標準：0.2ppm以下)","postal_code":"114","source_type":"食品抽驗不合格","source_dataset":"臺北市衛生局食品抽驗不合格清冊","source_url":"https://data.taipei/api/dataset/09a917a0-0fb5-47e1-957c-5f1268fba517/resource/bb347e3d-626a-46e5-bb96-9061e8d08c26/download","geocoding_address":"臺北市內湖區民善街128號","location_method":"臺北市門牌位置數值資料","violation_count":1},"geometry":{"type":"Point","coordinates":[121.57502773218005,25.061380133624915]}},{"type":"Feature","properties":{"data_time":"2023-06-01","source_row_no":366,"name":"詠鑽蔬果專賣店(新天地蔬果量販店)","city":"臺北市","district":"士林區","address":"臺北市士林區美崙街18號1樓","sample_date":"2023-06-01","project_name":"蔬果","product_category":"大漿果類","sample_item":"百香果","inspection_result":"不符合規定","violation_reason":"殺蟲劑Cyromazine 賽滅淨0.03ppm(標準：不得檢出)","postal_code":"111","source_type":"食品抽驗不合格","source_dataset":"臺北市衛生局食品抽驗不合格清冊","source_url":"https://data.taipei/api/dataset/09a917a0-0fb5-47e1-957c-5f1268fba517/resource/bb347e3d-626a-46e5-bb96-9061e8d08c26/download","geocoding_address":"臺北市士林區美崙街18號1樓","location_method":"臺北市門牌位置數值資料","violation_count":1},"geometry":{"type":"Point","coordinates":[121.52325924803156,25.097293393413896]}},{"type":"Feature","properties":{"data_time":"2023-06-01","source_row_no":367,"name":"Mia C'bon超市台北大葉店","city":"臺北市","district":"士林區","address":"臺北市士林區忠誠路2段55號B1","sample_date":"2023-06-01","project_name":"蔬果","product_category":"包葉菜類","sample_item":"進口青花菜","inspection_result":"不符合規定","violation_reason":"殺線蟲劑Fosthiazate 福賽絕0.02ppm(標準：不得檢出)","postal_code":"111","source_type":"食品抽驗不合格","source_dataset":"臺北市衛生局食品抽驗不合格清冊","source_url":"https://data.taipei/api/dataset/09a917a0-0fb5-47e1-957c-5f1268fba517/resource/bb347e3d-626a-46e5-bb96-9061e8d08c26/download","geocoding_address":"臺北市士林區忠誠路2段55號B1","location_method":"OpenStreetMap道路/地名定位","violation_count":1},"geometry":{"type":"Point","coordinates":[121.5341003,25.1163267]}},{"type":"Feature","properties":{"data_time":"2023-06-02","source_row_no":368,"name":"双喜臨門水果行(双囍臨門水果行)","city":"臺北市","district":"大安區","address":"臺北市大安區和平東路3段228巷35號","sample_date":"2023-06-02","project_name":"蔬果","product_category":"核果類","sample_item":"玉荷包(荔枝)","inspection_result":"不符合規定","violation_reason":"殺蟲劑Chlorpyrifos 陶斯松 0.30ppm(標準：0.01ppm以下)","postal_code":"106","source_type":"食品抽驗不合格","source_dataset":"臺北市衛生局食品抽驗不合格清冊","source_url":"https://data.taipei/api/dataset/09a917a0-0fb5-47e1-957c-5f1268fba517/resource/bb347e3d-626a-46e5-bb96-9061e8d08c26/download","geocoding_address":"臺北市大安區和平東路3段228巷35號","location_method":"OpenStreetMap道路/地名定位","violation_count":1},"geometry":{"type":"Point","coordinates":[121.5513679,25.0243753]}},{"type":"Feature","properties":{"data_time":"2023-06-01","source_row_no":369,"name":"翡翠綠水果專賣店","city":"臺北市","district":"士林區","address":"臺北市士林區美崙街14號1樓","sample_date":"2023-06-01","project_name":"蔬果","product_category":"大漿果類","sample_item":"百香果","inspection_result":"不符合規定","violation_reason":"殺蟲劑Fluvalinate 福化利0.06ppm(標準：0.01ppm以下)","postal_code":"111","source_type":"食品抽驗不合格","source_dataset":"臺北市衛生局食品抽驗不合格清冊","source_url":"https://data.taipei/api/dataset/09a917a0-0fb5-47e1-957c-5f1268fba517/resource/bb347e3d-626a-46e5-bb96-9061e8d08c26/download","geocoding_address":"臺北市士林區美崙街14號1樓","location_method":"臺北市門牌位置數值資料","violation_count":1},"geometry":{"type":"Point","coordinates":[121.52337311666147,25.097271225055326]}},{"type":"Feature","properties":{"data_time":"2023-06-02","source_row_no":370,"name":"辣十九國際開發股份有限公司(馬辣)","city":"臺北市","district":"信義區","address":"臺北市信義區松壽路22號3樓","sample_date":"2023-06-02","project_name":"蔬果","product_category":"小漿果類","sample_item":"綠無籽葡萄","inspection_result":"不符合規定","violation_reason":"殺蟲劑Fipronil 芬普尼0.002ppm、Fipronil-sulfone芬普尼代謝物0.001ppm(標準：0.001ppm以下)","postal_code":"110","source_type":"食品抽驗不合格","source_dataset":"臺北市衛生局食品抽驗不合格清冊","source_url":"https://data.taipei/api/dataset/09a917a0-0fb5-47e1-957c-5f1268fba517/resource/bb347e3d-626a-46e5-bb96-9061e8d08c26/download","geocoding_address":"臺北市信義區松壽路22號3樓","location_method":"臺北市門牌位置數值資料","violation_count":1},"geometry":{"type":"Point","coordinates":[121.56773427118668,25.035565434417773]}},{"type":"Feature","properties":{"data_time":"2023-06-02","source_row_no":371,"name":"双喜臨門水果行(双囍臨門水果行)","city":"臺北市","district":"大安區","address":"臺北市大安區和平東路3段228巷35號","sample_date":"2023-06-02","project_name":"蔬果","product_category":"豆菜類","sample_item":"醜豆(菜豆)","inspection_result":"不符合規定","violation_reason":"殺蟲劑Clothianidin 可尼丁0.06ppm(標準：0.02ppm以下)","postal_code":"106","source_type":"食品抽驗不合格","source_dataset":"臺北市衛生局食品抽驗不合格清冊","source_url":"https://data.taipei/api/dataset/09a917a0-0fb5-47e1-957c-5f1268fba517/resource/bb347e3d-626a-46e5-bb96-9061e8d08c26/download","geocoding_address":"臺北市大安區和平東路3段228巷35號","location_method":"OpenStreetMap道路/地名定位","violation_count":1},"geometry":{"type":"Point","coordinates":[121.5513679,25.0243753]}},{"type":"Feature","properties":{"data_time":"2023-06-02","source_row_no":372,"name":"安星水果行","city":"臺北市","district":"松山區","address":"臺北市松山區南京東路291巷32之3號","sample_date":"2023-06-02","project_name":"蔬果","product_category":"大漿果類","sample_item":"紅龍果-履歷紅龍果","inspection_result":"不符合規定","violation_reason":"殺蟎劑Spirodiclofen 賜派芬0.02ppm(標準：0.01ppm以下)","postal_code":"105","source_type":"食品抽驗不合格","source_dataset":"臺北市衛生局食品抽驗不合格清冊","source_url":"https://data.taipei/api/dataset/09a917a0-0fb5-47e1-957c-5f1268fba517/resource/bb347e3d-626a-46e5-bb96-9061e8d08c26/download","geocoding_address":"臺北市松山區南京東路291巷32之3號","location_method":"OpenStreetMap道路/地名定位","violation_count":1},"geometry":{"type":"Point","coordinates":[121.5439651,25.051836]}},{"type":"Feature","properties":{"data_time":"2023-06-27","source_row_no":373,"name":"益成蔬果行","city":"臺北市","district":"士林區","address":"臺北市士林區德行東路109巷110號","sample_date":"2023-06-27","project_name":"中元祭祀食品","product_category":"生鮮水果","sample_item":"芒果","inspection_result":"不符合規定","violation_reason":"殺蟲劑陶斯松(Chlorpyrifos)：0.23 ppm（0.01 ppm）","postal_code":"111","source_type":"食品抽驗不合格","source_dataset":"臺北市衛生局食品抽驗不合格清冊","source_url":"https://data.taipei/api/dataset/09a917a0-0fb5-47e1-957c-5f1268fba517/resource/bb347e3d-626a-46e5-bb96-9061e8d08c26/download","geocoding_address":"臺北市士林區德行東路109巷110號","location_method":"臺北市門牌位置數值資料","violation_count":1},"geometry":{"type":"Point","coordinates":[121.52892337444504,25.111335497148378]}},{"type":"Feature","properties":{"data_time":"2023-06-29","source_row_no":374,"name":"中山手工麻糬（紅豆湯）(中山市場第28號攤)","city":"臺北市","district":"中山區","address":"臺北市中山區長安西路3號","sample_date":"2023-06-29","project_name":"中元祭祀食品","product_category":"糕粿糬類製品","sample_item":"草仔粿","inspection_result":"不符合規定","violation_reason":"防腐劑己二烯酸：1.3 g/kg(1.0 g/kg)","postal_code":"104","source_type":"食品抽驗不合格","source_dataset":"臺北市衛生局食品抽驗不合格清冊","source_url":"https://data.taipei/api/dataset/09a917a0-0fb5-47e1-957c-5f1268fba517/resource/bb347e3d-626a-46e5-bb96-9061e8d08c26/download","geocoding_address":"臺北市中山區長安西路3號","location_method":"臺北市門牌位置數值資料","violation_count":1},"geometry":{"type":"Point","coordinates":[121.52120121190676,25.050163052750108]}},{"type":"Feature","properties":{"data_time":"2023-05-30","source_row_no":375,"name":"遠東都會股份有限公司復興店(city super復興SOGO店)","city":"臺北市","district":"大安區","address":"臺北市大安區忠孝東路3段300號B3樓","sample_date":"2023-05-30","project_name":"生鮮水產品","product_category":"深海魚類","sample_item":"黑鮪魚腹肉排","inspection_result":"不符合規定","violation_reason":"檢出一氧化碳","postal_code":"106","source_type":"食品抽驗不合格","source_dataset":"臺北市衛生局食品抽驗不合格清冊","source_url":"https://data.taipei/api/dataset/09a917a0-0fb5-47e1-957c-5f1268fba517/resource/bb347e3d-626a-46e5-bb96-9061e8d08c26/download","geocoding_address":"臺北市大安區忠孝東路3段300號B3樓","location_method":"OpenStreetMap道路/地名定位","violation_count":1},"geometry":{"type":"Point","coordinates":[121.5341297,25.0422049]}},{"type":"Feature","properties":{"data_time":"2023-07-10","source_row_no":376,"name":"艋舺夜市-男哥現削水果(無市招)","city":"臺北市","district":"萬華區","address":"臺北市萬華區廣州街182號前","sample_date":"2023-07-10","project_name":"截切水果","product_category":"梨果類","sample_item":"水梨","inspection_result":"不符合規定","violation_reason":"甜味劑糖精(Saccharin)：0.02 g/kg","postal_code":"108","source_type":"食品抽驗不合格","source_dataset":"臺北市衛生局食品抽驗不合格清冊","source_url":"https://data.taipei/api/dataset/09a917a0-0fb5-47e1-957c-5f1268fba517/resource/bb347e3d-626a-46e5-bb96-9061e8d08c26/download","geocoding_address":"臺北市萬華區廣州街182號前","location_method":"臺北市門牌位置數值資料","violation_count":1},"geometry":{"type":"Point","coordinates":[121.49862121377362,25.036645033656598]}},{"type":"Feature","properties":{"data_time":"2023-06-16","source_row_no":377,"name":"遠百企業股份有限公司忠孝分公司","city":"臺北市","district":"信義區","address":"臺北市信義區忠孝東路5段297號地下1、2、3樓","sample_date":"2023-06-16","project_name":"穀豆類","product_category":"乾豆類","sample_item":"毛綠豆","inspection_result":"不符合規定","violation_reason":"芬普尼(Fipronil)0.001ppm (標準:0.001ppm)\n賽速安(Thiamethoxam)0.03(標準:0.02ppm)","postal_code":"110","source_type":"食品抽驗不合格","source_dataset":"臺北市衛生局食品抽驗不合格清冊","source_url":"https://data.taipei/api/dataset/09a917a0-0fb5-47e1-957c-5f1268fba517/resource/bb347e3d-626a-46e5-bb96-9061e8d08c26/download","geocoding_address":"臺北市信義區忠孝東路5段297號地下1、2、3樓","location_method":"OpenStreetMap道路/地名定位","violation_count":1},"geometry":{"type":"Point","coordinates":[121.5728413,25.0410057]}},{"type":"Feature","properties":{"data_time":"2023-06-16","source_row_no":378,"name":"太平洋崇光百貨股份有限公司","city":"臺北市","district":"大安區","address":"臺北市大安區忠孝東路4段45號地下2樓","sample_date":"2023-06-16","project_name":"穀豆類","product_category":"乾豆類","sample_item":"黑芝麻(特級品)","inspection_result":"不符合規定","violation_reason":"芬化利(Fenvalerate)0.04 ppm (標準:0.1ppm)\n環氧乙烷(Ethylene Oxide)1.34mg/kg (標準:不得檢出)","postal_code":"106","source_type":"食品抽驗不合格","source_dataset":"臺北市衛生局食品抽驗不合格清冊","source_url":"https://data.taipei/api/dataset/09a917a0-0fb5-47e1-957c-5f1268fba517/resource/bb347e3d-626a-46e5-bb96-9061e8d08c26/download","geocoding_address":"臺北市大安區忠孝東路4段45號地下2樓","location_method":"OpenStreetMap道路/地名定位","violation_count":1},"geometry":{"type":"Point","coordinates":[121.5437759,25.0415569]}},{"type":"Feature","properties":{"data_time":"2023-07-03","source_row_no":379,"name":"四季甜工作坊","city":"臺北市","district":"松山區","address":"臺北市松山區三民路101巷2之1號(新東市場外）","sample_date":"2023-07-03","project_name":"蔬果","product_category":"大漿果類","sample_item":"百香果","inspection_result":"不符合規定","violation_reason":"殺蟲劑Cyromazine 賽滅淨0.01ppm(標準：不得檢出) \n殺蟲劑Pyrimidifen 畢汰芬0.02ppm(標準：不得檢出) \n殺蟲劑Pyriproxyfen 百利普芬0.4ppm(標準：0.2ppm以下)","postal_code":"105","source_type":"食品抽驗不合格","source_dataset":"臺北市衛生局食品抽驗不合格清冊","source_url":"https://data.taipei/api/dataset/09a917a0-0fb5-47e1-957c-5f1268fba517/resource/bb347e3d-626a-46e5-bb96-9061e8d08c26/download","geocoding_address":"臺北市松山區三民路101巷2之1號(新東市場外）","location_method":"臺北市門牌位置數值資料","violation_count":1},"geometry":{"type":"Point","coordinates":[121.56338733494236,25.05753000063808]}},{"type":"Feature","properties":{"data_time":"2023-07-04","source_row_no":380,"name":"蔬菜攤","city":"臺北市","district":"萬華區","address":"臺北市萬華區環河南路2段245號蔬菜攤0068號(環南市場)","sample_date":"2023-07-04","project_name":"蔬果","product_category":"根莖菜類","sample_item":"白蘿蔔","inspection_result":"不符合規定","violation_reason":"殺蟲劑Clothianidin 可尼丁0.04ppm(標準：0.02ppm以下) \n殺蟎劑Pyridaben 畢達本0.07ppm(標準：不得檢出)","postal_code":"108","source_type":"食品抽驗不合格","source_dataset":"臺北市衛生局食品抽驗不合格清冊","source_url":"https://data.taipei/api/dataset/09a917a0-0fb5-47e1-957c-5f1268fba517/resource/bb347e3d-626a-46e5-bb96-9061e8d08c26/download","geocoding_address":"臺北市萬華區環河南路2段245號蔬菜攤0068號(環南市場)","location_method":"OpenStreetMap道路/地名定位","violation_count":1},"geometry":{"type":"Point","coordinates":[121.4895544,25.0300926]}},{"type":"Feature","properties":{"data_time":"2023-07-07","source_row_no":381,"name":"當季平價快餐店","city":"臺北市","district":"大安區","address":"臺北市大安區忠孝東路4段216巷19弄10號1樓","sample_date":"2023-07-07","project_name":"蔬果","product_category":"果菜類","sample_item":"辣椒","inspection_result":"不符合規定","violation_reason":"殺菌劑Difenoconazole 待克利1.5ppm(標準：0.5ppm以下) \n殺菌劑Pydiflumetofen 派滅芬0.05ppm(標準：不得檢出)","postal_code":"106","source_type":"食品抽驗不合格","source_dataset":"臺北市衛生局食品抽驗不合格清冊","source_url":"https://data.taipei/api/dataset/09a917a0-0fb5-47e1-957c-5f1268fba517/resource/bb347e3d-626a-46e5-bb96-9061e8d08c26/download","geocoding_address":"臺北市大安區忠孝東路4段216巷19弄10號1樓","location_method":"OpenStreetMap道路/地名定位","violation_count":1},"geometry":{"type":"Point","coordinates":[121.5437759,25.0415569]}},{"type":"Feature","properties":{"data_time":"2023-07-07","source_row_no":382,"name":"全聯實業股份有限公司敦南分公司(全聯福利中心敦南分公司)","city":"臺北市","district":"大安區","address":"臺北市大安區忠孝東路4段126之1號房屋地下1層","sample_date":"2023-07-07","project_name":"蔬果","product_category":"小漿果類","sample_item":"高海拔套袋葡萄","inspection_result":"不符合規定","violation_reason":"生長調節劑Chlormequat 克美素0.04ppm(標準：不得檢出) \n殺菌劑Boscalid 白克列1.4ppm(標準：1.0ppm以下)","postal_code":"106","source_type":"食品抽驗不合格","source_dataset":"臺北市衛生局食品抽驗不合格清冊","source_url":"https://data.taipei/api/dataset/09a917a0-0fb5-47e1-957c-5f1268fba517/resource/bb347e3d-626a-46e5-bb96-9061e8d08c26/download","geocoding_address":"臺北市大安區忠孝東路4段126之1號房屋地下1層","location_method":"OpenStreetMap道路/地名定位","violation_count":1},"geometry":{"type":"Point","coordinates":[121.5437759,25.0415569]}},{"type":"Feature","properties":{"data_time":"2023-07-20","source_row_no":383,"name":"卿卿鮮果","city":"臺北市","district":"北投區","address":"臺北市北投區磺港路33號(北投中繼市場A27.A28.A29號攤)","sample_date":"2023-07-20","project_name":"蔬果","product_category":"小葉菜類","sample_item":"芥藍菜","inspection_result":"不符合規定","violation_reason":"殺蟲劑Emamectin benzoate 因滅汀0.07ppm(標準：0.05ppm以下)\n殺蟲劑 Permethrin 百滅寧2.5ppm(標準：2.0ppm以下)","postal_code":"112","source_type":"食品抽驗不合格","source_dataset":"臺北市衛生局食品抽驗不合格清冊","source_url":"https://data.taipei/api/dataset/09a917a0-0fb5-47e1-957c-5f1268fba517/resource/bb347e3d-626a-46e5-bb96-9061e8d08c26/download","geocoding_address":"臺北市北投區磺港路33號(北投中繼市場A27.A28.A29號攤)","location_method":"臺北市門牌位置數值資料","violation_count":1},"geometry":{"type":"Point","coordinates":[121.5031491392551,25.132801280510243]}},{"type":"Feature","properties":{"data_time":"2023-07-04","source_row_no":384,"name":"青果攤","city":"臺北市","district":"萬華區","address":"臺北市萬華區環河南路2段245號蔬菜攤0005號","sample_date":"2023-07-04","project_name":"蔬果","product_category":"大漿果類","sample_item":"特選百香果","inspection_result":"不符合規定","violation_reason":"殺蟲劑Cyromazine賽滅淨0.11ppm(標準：不得檢出)","postal_code":"108","source_type":"食品抽驗不合格","source_dataset":"臺北市衛生局食品抽驗不合格清冊","source_url":"https://data.taipei/api/dataset/09a917a0-0fb5-47e1-957c-5f1268fba517/resource/bb347e3d-626a-46e5-bb96-9061e8d08c26/download","geocoding_address":"臺北市萬華區環河南路2段245號蔬菜攤0005號","location_method":"OpenStreetMap道路/地名定位","violation_count":1},"geometry":{"type":"Point","coordinates":[121.4895544,25.0300926]}},{"type":"Feature","properties":{"data_time":"2023-07-25","source_row_no":385,"name":"上奕商行(INDEX)","city":"臺北市","district":"萬華區","address":"臺北市萬華區國興路32號","sample_date":"2023-07-25","project_name":"蔬果","product_category":"大漿果類","sample_item":"波蘿蜜","inspection_result":"不符合規定","violation_reason":"生長調節劑Gibberellic acid 勃激素A3 0.07ppm(標準：不得檢出)","postal_code":"108","source_type":"食品抽驗不合格","source_dataset":"臺北市衛生局食品抽驗不合格清冊","source_url":"https://data.taipei/api/dataset/09a917a0-0fb5-47e1-957c-5f1268fba517/resource/bb347e3d-626a-46e5-bb96-9061e8d08c26/download","geocoding_address":"臺北市萬華區國興路32號","location_method":"臺北市門牌位置數值資料","violation_count":1},"geometry":{"type":"Point","coordinates":[121.5081360795103,25.024855224936523]}},{"type":"Feature","properties":{"data_time":"2023-07-04","source_row_no":386,"name":"我家蔬果園","city":"臺北市","district":"萬華區","address":"臺北市萬華區中華路2段416巷56號","sample_date":"2023-07-04","project_name":"蔬果","product_category":"大漿果類","sample_item":"特選百香果","inspection_result":"不符合規定","violation_reason":"殺蟲劑Cyromazine賽滅淨0.03ppm(標準：不得檢出)","postal_code":"108","source_type":"食品抽驗不合格","source_dataset":"臺北市衛生局食品抽驗不合格清冊","source_url":"https://data.taipei/api/dataset/09a917a0-0fb5-47e1-957c-5f1268fba517/resource/bb347e3d-626a-46e5-bb96-9061e8d08c26/download","geocoding_address":"臺北市萬華區中華路2段416巷56號","location_method":"OpenStreetMap道路/地名定位","violation_count":1},"geometry":{"type":"Point","coordinates":[121.5061303,25.0352909]}},{"type":"Feature","properties":{"data_time":"2023-07-04","source_row_no":387,"name":"五常市場第17攤","city":"臺北市","district":"中山區","address":"臺北市中山區民族東路410巷2弄18-20號前","sample_date":"2023-07-04","project_name":"蔬果","product_category":"小葉菜類","sample_item":"九層塔(羅勒)","inspection_result":"不符合規定","violation_reason":"殺菌劑Pyraclostrobin 百克敏0.70ppm(標準：0.01ppm以下)","postal_code":"104","source_type":"食品抽驗不合格","source_dataset":"臺北市衛生局食品抽驗不合格清冊","source_url":"https://data.taipei/api/dataset/09a917a0-0fb5-47e1-957c-5f1268fba517/resource/bb347e3d-626a-46e5-bb96-9061e8d08c26/download","geocoding_address":"臺北市中山區民族東路410巷2弄18-20號前","location_method":"OpenStreetMap道路/地名定位","violation_count":1},"geometry":{"type":"Point","coordinates":[121.5396775,25.0681925]}},{"type":"Feature","properties":{"data_time":"2023-07-04","source_row_no":388,"name":"青果攤","city":"臺北市","district":"萬華區","address":"臺北市萬華區環河南路2段245號蔬菜攤0005號","sample_date":"2023-07-04","project_name":"蔬果","product_category":"核果類","sample_item":"糯米荔枝","inspection_result":"不符合規定","violation_reason":"殺蟲劑Chlorpyrifos陶斯松0.24ppm(標準：0.01ppm以下)","postal_code":"108","source_type":"食品抽驗不合格","source_dataset":"臺北市衛生局食品抽驗不合格清冊","source_url":"https://data.taipei/api/dataset/09a917a0-0fb5-47e1-957c-5f1268fba517/resource/bb347e3d-626a-46e5-bb96-9061e8d08c26/download","geocoding_address":"臺北市萬華區環河南路2段245號蔬菜攤0005號","location_method":"OpenStreetMap道路/地名定位","violation_count":1},"geometry":{"type":"Point","coordinates":[121.4895544,25.0300926]}},{"type":"Feature","properties":{"data_time":"2023-07-07","source_row_no":389,"name":"當季平價快餐店","city":"臺北市","district":"大安區","address":"臺北市大安區忠孝東路4段216巷19弄10號1樓","sample_date":"2023-07-07","project_name":"蔬果","product_category":"香辛植物及其他草木本植物","sample_item":"香菜(芫荽)","inspection_result":"不符合規定","violation_reason":"殺蟲劑Chlorpyrifos 陶斯松0.14ppm(標準：0.01ppm以下)","postal_code":"106","source_type":"食品抽驗不合格","source_dataset":"臺北市衛生局食品抽驗不合格清冊","source_url":"https://data.taipei/api/dataset/09a917a0-0fb5-47e1-957c-5f1268fba517/resource/bb347e3d-626a-46e5-bb96-9061e8d08c26/download","geocoding_address":"臺北市大安區忠孝東路4段216巷19弄10號1樓","location_method":"OpenStreetMap道路/地名定位","violation_count":1},"geometry":{"type":"Point","coordinates":[121.5437759,25.0415569]}},{"type":"Feature","properties":{"data_time":"2023-07-03","source_row_no":390,"name":"家福股份有限公司台北天母分公司","city":"臺北市","district":"士林區","address":"臺北市士林區德行西路47號","sample_date":"2023-07-03","project_name":"蔬果","product_category":"根莖菜類","sample_item":"進口白蘿蔔600G","inspection_result":"不符合規定","violation_reason":"殺蟲劑Thiamethoxam 賽速安0.51ppm(標準：0.25ppm以下)","postal_code":"111","source_type":"食品抽驗不合格","source_dataset":"臺北市衛生局食品抽驗不合格清冊","source_url":"https://data.taipei/api/dataset/09a917a0-0fb5-47e1-957c-5f1268fba517/resource/bb347e3d-626a-46e5-bb96-9061e8d08c26/download","geocoding_address":"臺北市士林區德行西路47號","location_method":"臺北市門牌位置數值資料","violation_count":1},"geometry":{"type":"Point","coordinates":[121.52255326581829,25.10554787380113]}},{"type":"Feature","properties":{"data_time":"2023-07-04","source_row_no":391,"name":"粘O福","city":"臺北市","district":"中山區","address":"臺北市中山區民族東路410巷2弄18-20號前(五常市場)","sample_date":"2023-07-04","project_name":"蔬果","product_category":"核果類","sample_item":"荔枝","inspection_result":"不符合規定","violation_reason":"殺蟲劑Cyhalothrin 賽洛寧0.6ppm(標準：0.5ppm以下)","postal_code":"104","source_type":"食品抽驗不合格","source_dataset":"臺北市衛生局食品抽驗不合格清冊","source_url":"https://data.taipei/api/dataset/09a917a0-0fb5-47e1-957c-5f1268fba517/resource/bb347e3d-626a-46e5-bb96-9061e8d08c26/download","geocoding_address":"臺北市中山區民族東路410巷2弄18-20號前(五常市場)","location_method":"OpenStreetMap道路/地名定位","violation_count":1},"geometry":{"type":"Point","coordinates":[121.5396775,25.0681925]}},{"type":"Feature","properties":{"data_time":"2023-08-01","source_row_no":392,"name":"日鮮蔬果專賣店","city":"臺北市","district":"萬華區","address":"臺北市萬華區貴陽街2段137號","sample_date":"2023-08-01","project_name":"蔬果","product_category":"豆菜類","sample_item":"甜豆豌豆","inspection_result":"不符合規定","violation_reason":"殺菌劑Bupirimate 布瑞莫0.03ppm(標準：0.01ppm以下) \n殺蟲劑Chlorpyrifos 陶斯松0.04ppm(標準：0.01ppm以下) \n殺菌劑Diniconazole 達克利0.30ppm(標準：不得檢出) \n殺線蟲劑Fosthiazate 福賽絕0.01ppm(標準：不得檢出)\n殺菌劑Prochloraz 撲克拉0.10ppm(標準：0.01ppm以下) \n殺蟲劑Thiamethoxam 賽速安0.09ppm(標準：0.02ppm以下)","postal_code":"108","source_type":"食品抽驗不合格","source_dataset":"臺北市衛生局食品抽驗不合格清冊","source_url":"https://data.taipei/api/dataset/09a917a0-0fb5-47e1-957c-5f1268fba517/resource/bb347e3d-626a-46e5-bb96-9061e8d08c26/download","geocoding_address":"臺北市萬華區貴陽街2段137號","location_method":"OpenStreetMap道路/地名定位","violation_count":1},"geometry":{"type":"Point","coordinates":[121.5063921,25.0393921]}},{"type":"Feature","properties":{"data_time":"2023-08-02","source_row_no":393,"name":"永祥蔬果行","city":"臺北市","district":"南港區","address":"臺北市南港區同德路77號","sample_date":"2023-08-02","project_name":"蔬果","product_category":"豆菜類","sample_item":"荷仁豆(豌豆)","inspection_result":"不符合規定","violation_reason":"殺蟲劑Chlorpyrifos 陶斯松0.19ppm(標準：0.01ppm以下) \n殺蟲劑Thiamethoxam 賽速安0.11ppm(標準：0.02ppm以下)","postal_code":"115","source_type":"食品抽驗不合格","source_dataset":"臺北市衛生局食品抽驗不合格清冊","source_url":"https://data.taipei/api/dataset/09a917a0-0fb5-47e1-957c-5f1268fba517/resource/bb347e3d-626a-46e5-bb96-9061e8d08c26/download","geocoding_address":"臺北市南港區同德路77號","location_method":"臺北市門牌位置數值資料","violation_count":1},"geometry":{"type":"Point","coordinates":[121.58528806873564,25.045972426073654]}},{"type":"Feature","properties":{"data_time":"2023-08-02","source_row_no":394,"name":"為福樓餐廳有限公司","city":"臺北市","district":"南港區","address":"臺北市南港區忠孝東路5段996號","sample_date":"2023-08-02","project_name":"蔬果","product_category":"小葉菜類","sample_item":"芹菜","inspection_result":"不符合規定","violation_reason":"殺蟲劑Chlorfenapyr 克凡派1.6ppm(標準：1.0ppm以下) \n殺草劑Thiobencarb 殺丹0.14ppm(標準：0.01ppm以下)","postal_code":"115","source_type":"食品抽驗不合格","source_dataset":"臺北市衛生局食品抽驗不合格清冊","source_url":"https://data.taipei/api/dataset/09a917a0-0fb5-47e1-957c-5f1268fba517/resource/bb347e3d-626a-46e5-bb96-9061e8d08c26/download","geocoding_address":"臺北市南港區忠孝東路5段996號","location_method":"OpenStreetMap道路/地名定位","violation_count":1},"geometry":{"type":"Point","coordinates":[121.5816073,25.0436679]}},{"type":"Feature","properties":{"data_time":"2023-08-04","source_row_no":395,"name":"富安蔬果行","city":"臺北市","district":"信義區","address":"臺北市信義區吳興街208號1樓","sample_date":"2023-08-04","project_name":"蔬果","product_category":"大漿果類","sample_item":"百香果","inspection_result":"不符合規定","violation_reason":"殺蟲劑Cyromazine 賽滅淨0.48ppm(標準：不得檢出)","postal_code":"110","source_type":"食品抽驗不合格","source_dataset":"臺北市衛生局食品抽驗不合格清冊","source_url":"https://data.taipei/api/dataset/09a917a0-0fb5-47e1-957c-5f1268fba517/resource/bb347e3d-626a-46e5-bb96-9061e8d08c26/download","geocoding_address":"臺北市信義區吳興街208號1樓","location_method":"臺北市門牌位置數值資料","violation_count":1},"geometry":{"type":"Point","coordinates":[121.56278736462438,25.028014727754307]}},{"type":"Feature","properties":{"data_time":"2023-08-01","source_row_no":396,"name":"昌虹","city":"臺北市","district":"萬華區","address":"臺北市萬華區環河南路2段245號環南市場蔬菜區89號攤","sample_date":"2023-08-01","project_name":"蔬果","product_category":"果菜類","sample_item":"紅辣椒","inspection_result":"不符合規定","violation_reason":"殺菌劑Difenoconazole 待克利6.3ppm(標準：0.5ppm以下)","postal_code":"108","source_type":"食品抽驗不合格","source_dataset":"臺北市衛生局食品抽驗不合格清冊","source_url":"https://data.taipei/api/dataset/09a917a0-0fb5-47e1-957c-5f1268fba517/resource/bb347e3d-626a-46e5-bb96-9061e8d08c26/download","geocoding_address":"臺北市萬華區環河南路2段245號環南市場蔬菜區89號攤","location_method":"OpenStreetMap道路/地名定位","violation_count":1},"geometry":{"type":"Point","coordinates":[121.4895544,25.0300926]}},{"type":"Feature","properties":{"data_time":"2023-08-04","source_row_no":397,"name":"小吳蔬菜行（","city":"臺北市","district":"士林區","address":"臺北市士林區士東路100號1樓/士東市場第72號攤）","sample_date":"2023-08-04","project_name":"蔬果","product_category":"小葉菜類","sample_item":"青蔥","inspection_result":"不符合規定","violation_reason":"殺菌劑Mepronil 滅普寧0.10ppm(標準：0.01ppm以下)","postal_code":"111","source_type":"食品抽驗不合格","source_dataset":"臺北市衛生局食品抽驗不合格清冊","source_url":"https://data.taipei/api/dataset/09a917a0-0fb5-47e1-957c-5f1268fba517/resource/bb347e3d-626a-46e5-bb96-9061e8d08c26/download","geocoding_address":"臺北市士林區士東路100號1樓/士東市場第72號攤）","location_method":"臺北市門牌位置數值資料","violation_count":1},"geometry":{"type":"Point","coordinates":[121.52927687197763,25.111925473339873]}},{"type":"Feature","properties":{"data_time":"2023-08-01","source_row_no":398,"name":"日鮮蔬果專賣店","city":"臺北市","district":"萬華區","address":"臺北市萬華區貴陽街2段137號","sample_date":"2023-08-01","project_name":"蔬果","product_category":"小葉菜類","sample_item":"紅鳳菜","inspection_result":"不符合規定","violation_reason":"殺草劑Oxadiazon 樂滅草0.05ppm(標準：0.01ppm以下)","postal_code":"108","source_type":"食品抽驗不合格","source_dataset":"臺北市衛生局食品抽驗不合格清冊","source_url":"https://data.taipei/api/dataset/09a917a0-0fb5-47e1-957c-5f1268fba517/resource/bb347e3d-626a-46e5-bb96-9061e8d08c26/download","geocoding_address":"臺北市萬華區貴陽街2段137號","location_method":"OpenStreetMap道路/地名定位","violation_count":1},"geometry":{"type":"Point","coordinates":[121.5063921,25.0393921]}},{"type":"Feature","properties":{"data_time":"2023-08-07","source_row_no":399,"name":"惠康百貨股份有限公司美麗華分公司（Mia C'bon","city":"臺北市","district":"中山區","address":"臺北市中山區敬業三路20號地下1樓之1）","sample_date":"2023-08-07","project_name":"蔬果","product_category":"根莖菜類","sample_item":"中國白蘿蔔600g(M)","inspection_result":"不符合規定","violation_reason":"殺蟲劑Thiamethoxam 賽速安0.84ppm(標準：0.25ppm以下)","postal_code":"104","source_type":"食品抽驗不合格","source_dataset":"臺北市衛生局食品抽驗不合格清冊","source_url":"https://data.taipei/api/dataset/09a917a0-0fb5-47e1-957c-5f1268fba517/resource/bb347e3d-626a-46e5-bb96-9061e8d08c26/download","geocoding_address":"臺北市中山區敬業三路20號地下1樓之1）","location_method":"臺北市門牌位置數值資料","violation_count":1},"geometry":{"type":"Point","coordinates":[121.55669866517573,25.083374665653366]}},{"type":"Feature","properties":{"data_time":"2023-08-07","source_row_no":400,"name":"大苑子開發股份有限公司士林文林分公司(大苑子士林文林店)","city":"臺北市","district":"士林區","address":"臺北市士林區文林路20號","sample_date":"2023-08-07","project_name":"蔬果","product_category":"柑桔類","sample_item":"檸檬","inspection_result":"不符合規定","violation_reason":"殺蟲劑Chlorpyrifos 陶斯松0.02ppm(標準：0.01ppm以下)","postal_code":"111","source_type":"食品抽驗不合格","source_dataset":"臺北市衛生局食品抽驗不合格清冊","source_url":"https://data.taipei/api/dataset/09a917a0-0fb5-47e1-957c-5f1268fba517/resource/bb347e3d-626a-46e5-bb96-9061e8d08c26/download","geocoding_address":"臺北市士林區文林路20號","location_method":"臺北市門牌位置數值資料","violation_count":1},"geometry":{"type":"Point","coordinates":[121.5255609220577,25.0864577514071]}},{"type":"Feature","properties":{"data_time":"2023-08-04","source_row_no":401,"name":"王邱月紅（","city":"臺北市","district":"中山區","address":"臺北市中山區民族東路336號/第二果菜批發市場蔬菜零批場/濱江市場19-08攤）","sample_date":"2023-08-04","project_name":"蔬果","product_category":"小葉菜類","sample_item":"芥蘭花","inspection_result":"不符合規定","violation_reason":"殺蟲劑Deltamethrin 第滅寧0.3ppm(標準：0.2ppm以下)","postal_code":"104","source_type":"食品抽驗不合格","source_dataset":"臺北市衛生局食品抽驗不合格清冊","source_url":"https://data.taipei/api/dataset/09a917a0-0fb5-47e1-957c-5f1268fba517/resource/bb347e3d-626a-46e5-bb96-9061e8d08c26/download","geocoding_address":"臺北市中山區民族東路336號/第二果菜批發市場蔬菜零批場/濱江市場19-08攤）","location_method":"臺北市門牌位置數值資料","violation_count":1},"geometry":{"type":"Point","coordinates":[121.53734126764245,25.0679233527595]}},{"type":"Feature","properties":{"data_time":"2023-08-01","source_row_no":402,"name":"我是你的菜","city":"臺北市","district":"萬華區","address":"臺北市萬華區環河南路2段245號152號攤","sample_date":"2023-08-01","project_name":"蔬果","product_category":"瓜菜類","sample_item":"絲瓜","inspection_result":"不符合規定","violation_reason":"殺蟲劑Emamectin benzoate 因滅汀0.010ppm(標準：0.007ppm以下)","postal_code":"108","source_type":"食品抽驗不合格","source_dataset":"臺北市衛生局食品抽驗不合格清冊","source_url":"https://data.taipei/api/dataset/09a917a0-0fb5-47e1-957c-5f1268fba517/resource/bb347e3d-626a-46e5-bb96-9061e8d08c26/download","geocoding_address":"臺北市萬華區環河南路2段245號152號攤","location_method":"OpenStreetMap道路/地名定位","violation_count":1},"geometry":{"type":"Point","coordinates":[121.4895544,25.0300926]}},{"type":"Feature","properties":{"data_time":"2023-07-12","source_row_no":403,"name":"甜蜜家族國際企業有限公司(甜蜜家族婦嬰用品連鎖門市)","city":"臺北市","district":"松山區","address":"臺北市松山區八德路2段354號1樓","sample_date":"2023-07-12","project_name":"食品容器具","product_category":"食品容器具","sample_item":"加拿大3 sprouts水壺\n（2023/1/1）","inspection_result":"不符合規定","violation_reason":"1.「Tritan」為商標名稱，無法正確指稱材質名稱。\n2.未依規定以印刷、打印或壓印方式標示材質及耐熱溫度於主要本體","postal_code":"105","source_type":"食品抽驗不合格","source_dataset":"臺北市衛生局食品抽驗不合格清冊","source_url":"https://data.taipei/api/dataset/09a917a0-0fb5-47e1-957c-5f1268fba517/resource/bb347e3d-626a-46e5-bb96-9061e8d08c26/download","geocoding_address":"臺北市松山區八德路2段354號1樓","location_method":"OpenStreetMap道路/地名定位","violation_count":1},"geometry":{"type":"Point","coordinates":[121.5486068,25.0482063]}},{"type":"Feature","properties":{"data_time":"2023-07-13","source_row_no":404,"name":"達旺商行","city":"臺北市","district":"大安區","address":"臺北市大安區忠孝東路4段216巷40弄3號","sample_date":"2023-07-13","project_name":"食品容器具","product_category":"食品容器具","sample_item":"日本NAKAYA輕便方形保鮮盒380ml三入\n（2022/11/6）","inspection_result":"不符合規定","violation_reason":"未依規定以印刷、打印或壓印方式標示材質於主要本體","postal_code":"106","source_type":"食品抽驗不合格","source_dataset":"臺北市衛生局食品抽驗不合格清冊","source_url":"https://data.taipei/api/dataset/09a917a0-0fb5-47e1-957c-5f1268fba517/resource/bb347e3d-626a-46e5-bb96-9061e8d08c26/download","geocoding_address":"臺北市大安區忠孝東路4段216巷40弄3號","location_method":"OpenStreetMap道路/地名定位","violation_count":1},"geometry":{"type":"Point","coordinates":[121.5437759,25.0415569]}},{"type":"Feature","properties":{"data_time":"2023-07-14","source_row_no":405,"name":"士東企業社(士東免洗餐具總匯)","city":"臺北市","district":"士林區","address":"臺北市士林區士東路120巷20弄7號","sample_date":"2023-07-14","project_name":"食品容器具","product_category":"食品容器具","sample_item":"401L左右四格","inspection_result":"不符合規定","violation_reason":"未標示製造日期","postal_code":"111","source_type":"食品抽驗不合格","source_dataset":"臺北市衛生局食品抽驗不合格清冊","source_url":"https://data.taipei/api/dataset/09a917a0-0fb5-47e1-957c-5f1268fba517/resource/bb347e3d-626a-46e5-bb96-9061e8d08c26/download","geocoding_address":"臺北市士林區士東路120巷20弄7號","location_method":"臺北市門牌位置數值資料","violation_count":1},"geometry":{"type":"Point","coordinates":[121.52944884655531,25.111431233361056]}},{"type":"Feature","properties":{"data_time":"2023-08-28","source_row_no":406,"name":"信泰股份有限公司(麵屋一燈)","city":"臺北市","district":"中山區","address":"臺北市中山區南京東路1段29號","sample_date":"2023-08-28","project_name":"包裝飲用水","product_category":"盛裝飲用水","sample_item":"飲用水","inspection_result":"不符合規定","violation_reason":"大腸桿菌群：57CFU/100mL\n(標準：陰性)","postal_code":"104","source_type":"食品抽驗不合格","source_dataset":"臺北市衛生局食品抽驗不合格清冊","source_url":"https://data.taipei/api/dataset/09a917a0-0fb5-47e1-957c-5f1268fba517/resource/bb347e3d-626a-46e5-bb96-9061e8d08c26/download","geocoding_address":"臺北市中山區南京東路1段29號","location_method":"OpenStreetMap道路/地名定位","violation_count":1},"geometry":{"type":"Point","coordinates":[121.5245385,25.0522286]}},{"type":"Feature","properties":{"data_time":"2023-08-21","source_row_no":407,"name":"心元蔘藥行","city":"臺北市","district":"松山區","address":"臺北市松山區南京東路5段291巷20弄6號1樓","sample_date":"2023-08-21","project_name":"可供食品使用中藥材","product_category":"百合","sample_item":"生機龍牙百合（有效日期：20250302）","inspection_result":"不符合規定","violation_reason":"(1)公告禁用農藥五氯苯胺（Pentachloroaniline）0.04ppm、五氯硝苯（Quintozene（PCNB））0.04ppm\n(2)產品外包裝標示「嚴選安心產品合格」、「通過多項農殘檢驗合格」等字樣，涉標示不實","postal_code":"105","source_type":"食品抽驗不合格","source_dataset":"臺北市衛生局食品抽驗不合格清冊","source_url":"https://data.taipei/api/dataset/09a917a0-0fb5-47e1-957c-5f1268fba517/resource/bb347e3d-626a-46e5-bb96-9061e8d08c26/download","geocoding_address":"臺北市松山區南京東路5段291巷20弄6號1樓","location_method":"OpenStreetMap道路/地名定位","violation_count":1},"geometry":{"type":"Point","coordinates":[121.562368,25.0513869]}},{"type":"Feature","properties":{"data_time":"2023-08-21","source_row_no":408,"name":"育仁藥行","city":"臺北市","district":"松山區","address":"臺北市松山區八德路3段152號1樓","sample_date":"2023-08-21","project_name":"可供食品使用中藥材","product_category":"白木耳","sample_item":"白木耳（有效日期：20250301）","inspection_result":"不符合規定","violation_reason":"殺蟲劑Methomyl\t納乃得0.12ppm(標準：不得檢出)\t\n殺蟎劑Propargite\t毆蟎多0.05ppm(標準：不得檢出)","postal_code":"105","source_type":"食品抽驗不合格","source_dataset":"臺北市衛生局食品抽驗不合格清冊","source_url":"https://data.taipei/api/dataset/09a917a0-0fb5-47e1-957c-5f1268fba517/resource/bb347e3d-626a-46e5-bb96-9061e8d08c26/download","geocoding_address":"臺北市松山區八德路3段152號1樓","location_method":"OpenStreetMap道路/地名定位","violation_count":1},"geometry":{"type":"Point","coordinates":[121.5501437,25.0481921]}},{"type":"Feature","properties":{"data_time":"2023-08-24","source_row_no":409,"name":"萬安堂蔘藥行","city":"臺北市","district":"大同區","address":"臺北市大同區迪化街1段84號","sample_date":"2023-08-24","project_name":"可供食品使用中藥材","product_category":"白木耳","sample_item":"白木耳（有效日期：20260218）","inspection_result":"不符合規定","violation_reason":"(1)生長調節劑Chlormequat克美素0.58 ppm（標準：不得檢出）\n(2)產品外包裝標示「多項農藥殘留檢驗合格」、「國家多項農殘檢驗合格」等字樣，涉標示不實","postal_code":"103","source_type":"食品抽驗不合格","source_dataset":"臺北市衛生局食品抽驗不合格清冊","source_url":"https://data.taipei/api/dataset/09a917a0-0fb5-47e1-957c-5f1268fba517/resource/bb347e3d-626a-46e5-bb96-9061e8d08c26/download","geocoding_address":"臺北市大同區迪化街1段84號","location_method":"OpenStreetMap道路/地名定位","violation_count":1},"geometry":{"type":"Point","coordinates":[121.509465,25.0593569]}},{"type":"Feature","properties":{"data_time":"2023-08-24","source_row_no":410,"name":"迪隆蔘藥行","city":"臺北市","district":"大同區","address":"臺北市大同區歸綏街220號1樓","sample_date":"2023-08-24","project_name":"可供食品使用中藥材","product_category":"白木耳","sample_item":"太陽農場生機銀耳(有效日期：20240330)","inspection_result":"不符合規定","violation_reason":"(1)生長調節劑Chlormequat克美素0.34ppm(標準:不得檢出)\n(2)產品外包裝標示「通過SGS農藥殘留檢驗符合國家標準」字樣，涉標示不實","postal_code":"103","source_type":"食品抽驗不合格","source_dataset":"臺北市衛生局食品抽驗不合格清冊","source_url":"https://data.taipei/api/dataset/09a917a0-0fb5-47e1-957c-5f1268fba517/resource/bb347e3d-626a-46e5-bb96-9061e8d08c26/download","geocoding_address":"臺北市大同區歸綏街220號1樓","location_method":"臺北市門牌位置數值資料","violation_count":1},"geometry":{"type":"Point","coordinates":[121.51008317966485,25.0581643107169]}},{"type":"Feature","properties":{"data_time":"2023-08-23","source_row_no":411,"name":"家福股份有限公司台北天母分公司","city":"臺北市","district":"士林區","address":"臺北市士林區德行西路47號","sample_date":"2023-08-23","project_name":"可供食品使用中藥材","product_category":"白木耳","sample_item":"銀耳（有效日期：20240806）","inspection_result":"不符合規定","violation_reason":"生長調節劑Chlormequat克美素0.24 ppm（標準：不得檢出）","postal_code":"111","source_type":"食品抽驗不合格","source_dataset":"臺北市衛生局食品抽驗不合格清冊","source_url":"https://data.taipei/api/dataset/09a917a0-0fb5-47e1-957c-5f1268fba517/resource/bb347e3d-626a-46e5-bb96-9061e8d08c26/download","geocoding_address":"臺北市士林區德行西路47號","location_method":"臺北市門牌位置數值資料","violation_count":1},"geometry":{"type":"Point","coordinates":[121.52255326581829,25.10554787380113]}},{"type":"Feature","properties":{"data_time":"2023-08-23","source_row_no":412,"name":"旭和藥行","city":"臺北市","district":"北投區","address":"臺北市北投區明德路111號","sample_date":"2023-08-23","project_name":"可供食品使用中藥材","product_category":"白木耳","sample_item":"白木耳（有效日期：20250301）","inspection_result":"不符合規定","violation_reason":"殺蟲劑Methomyl納乃得0.10ppm（標準：不得檢出）","postal_code":"112","source_type":"食品抽驗不合格","source_dataset":"臺北市衛生局食品抽驗不合格清冊","source_url":"https://data.taipei/api/dataset/09a917a0-0fb5-47e1-957c-5f1268fba517/resource/bb347e3d-626a-46e5-bb96-9061e8d08c26/download","geocoding_address":"臺北市北投區明德路111號","location_method":"臺北市門牌位置數值資料","violation_count":1},"geometry":{"type":"Point","coordinates":[121.51976128312829,25.109772977259794]}},{"type":"Feature","properties":{"data_time":"2023-08-24","source_row_no":413,"name":"龍源中藥行","city":"臺北市","district":"大同區","address":"臺北市大同區迪化街1段172號1樓","sample_date":"2023-08-24","project_name":"可供食品使用中藥材","product_category":"黑棗","sample_item":"生機烏棗（馬牙棗）（有效日期：20260202）","inspection_result":"不符合規定","violation_reason":"(1)殺菌劑2-Phenylphenol 0.07 ppm（標準：不得檢出）\n(2)產品外包裝標示「合格 安心使用」字樣，涉標示不實","postal_code":"103","source_type":"食品抽驗不合格","source_dataset":"臺北市衛生局食品抽驗不合格清冊","source_url":"https://data.taipei/api/dataset/09a917a0-0fb5-47e1-957c-5f1268fba517/resource/bb347e3d-626a-46e5-bb96-9061e8d08c26/download","geocoding_address":"臺北市大同區迪化街1段172號1樓","location_method":"OpenStreetMap道路/地名定位","violation_count":1},"geometry":{"type":"Point","coordinates":[121.509465,25.0593569]}},{"type":"Feature","properties":{"data_time":"2023-09-11","source_row_no":414,"name":"臺北市成淵高級中學(寬盈國際企業股份有限公司)","city":"臺北市","district":"大同區","address":"臺北市大同區承德路2段235號","sample_date":"2023-09-11","project_name":"供應校園午餐之盒餐(臺北市)","product_category":"半成品(豆製品)","sample_item":"手工板豆腐","inspection_result":"不符合規定","violation_reason":"防腐劑苯甲酸：1.42 g/kg（標準：不得添加）","postal_code":"103","source_type":"食品抽驗不合格","source_dataset":"臺北市衛生局食品抽驗不合格清冊","source_url":"https://data.taipei/api/dataset/09a917a0-0fb5-47e1-957c-5f1268fba517/resource/bb347e3d-626a-46e5-bb96-9061e8d08c26/download","geocoding_address":"臺北市大同區承德路2段235號","location_method":"OpenStreetMap道路/地名定位","violation_count":1},"geometry":{"type":"Point","coordinates":[121.5183019,25.0600848]}},{"type":"Feature","properties":{"data_time":"2023-10-02","source_row_no":415,"name":"明煬四方有限公司(丰明殿)","city":"臺北市","district":"北投區","address":"臺北市北投區東華街1段362號1樓","sample_date":"2023-10-02","project_name":"火鍋料","product_category":"蔬果","sample_item":"青蔥","inspection_result":"不符合規定","violation_reason":"殺蟲劑賽安勃(Cyantraniliprole)：0.07ppm(標準：不得檢出)","postal_code":"112","source_type":"食品抽驗不合格","source_dataset":"臺北市衛生局食品抽驗不合格清冊","source_url":"https://data.taipei/api/dataset/09a917a0-0fb5-47e1-957c-5f1268fba517/resource/bb347e3d-626a-46e5-bb96-9061e8d08c26/download","geocoding_address":"臺北市北投區東華街1段362號1樓","location_method":"OpenStreetMap道路/地名定位","violation_count":1},"geometry":{"type":"Point","coordinates":[121.5198419,25.1086713]}},{"type":"Feature","properties":{"data_time":"2023-10-02","source_row_no":416,"name":"寒順企業社(寒聚精緻鍋物)","city":"臺北市","district":"北投區","address":"臺北市北投區石牌路2段97巷8號1樓","sample_date":"2023-10-02","project_name":"火鍋料","product_category":"蔬果","sample_item":"蔥","inspection_result":"不符合規定","violation_reason":"殺菌劑腐絕(Thiabendazole)：\n0.13ppm (標準：0.01ppm)","postal_code":"112","source_type":"食品抽驗不合格","source_dataset":"臺北市衛生局食品抽驗不合格清冊","source_url":"https://data.taipei/api/dataset/09a917a0-0fb5-47e1-957c-5f1268fba517/resource/bb347e3d-626a-46e5-bb96-9061e8d08c26/download","geocoding_address":"臺北市北投區石牌路2段97巷8號1樓","location_method":"OpenStreetMap道路/地名定位","violation_count":1},"geometry":{"type":"Point","coordinates":[121.525636,25.1236382]}},{"type":"Feature","properties":{"data_time":"2023-10-02","source_row_no":417,"name":"百世佳興業有限公司石牌分公司","city":"臺北市","district":"北投區","address":"臺北市北投區石牌路2段335號","sample_date":"2023-10-02","project_name":"火鍋料","product_category":"花生粉","sample_item":"花生粉","inspection_result":"不符合規定","violation_reason":"黃麴毒素B1：5.0μg/kg(標準：2μg/kg)","postal_code":"112","source_type":"食品抽驗不合格","source_dataset":"臺北市衛生局食品抽驗不合格清冊","source_url":"https://data.taipei/api/dataset/09a917a0-0fb5-47e1-957c-5f1268fba517/resource/bb347e3d-626a-46e5-bb96-9061e8d08c26/download","geocoding_address":"臺北市北投區石牌路2段335號","location_method":"OpenStreetMap道路/地名定位","violation_count":1},"geometry":{"type":"Point","coordinates":[121.525636,25.1236382]}},{"type":"Feature","properties":{"data_time":"2023-10-03","source_row_no":418,"name":"天椒小吃店(天辣麻辣火鍋)","city":"臺北市","district":"大安區","address":"臺北市大安區復興南路2段84號","sample_date":"2023-10-03","project_name":"火鍋料","product_category":"花生粉","sample_item":"花生粉","inspection_result":"不符合規定","violation_reason":"黃麴毒素B1：6.5μg/kg(標準：2μg/kg)","postal_code":"106","source_type":"食品抽驗不合格","source_dataset":"臺北市衛生局食品抽驗不合格清冊","source_url":"https://data.taipei/api/dataset/09a917a0-0fb5-47e1-957c-5f1268fba517/resource/bb347e3d-626a-46e5-bb96-9061e8d08c26/download","geocoding_address":"臺北市大安區復興南路2段84號","location_method":"OpenStreetMap道路/地名定位","violation_count":1},"geometry":{"type":"Point","coordinates":[121.5434481,25.0231578]}},{"type":"Feature","properties":{"data_time":"2023-10-03","source_row_no":419,"name":"昕殿有限公司(辛殿麻辣鍋)","city":"臺北市","district":"信義區","address":"臺北市信義區松壽路12號1樓","sample_date":"2023-10-03","project_name":"火鍋料","product_category":"豆腐","sample_item":"豆腐","inspection_result":"不符合規定","violation_reason":"苯甲酸：1.94g/kg(標準：不得檢出)","postal_code":"110","source_type":"食品抽驗不合格","source_dataset":"臺北市衛生局食品抽驗不合格清冊","source_url":"https://data.taipei/api/dataset/09a917a0-0fb5-47e1-957c-5f1268fba517/resource/bb347e3d-626a-46e5-bb96-9061e8d08c26/download","geocoding_address":"臺北市信義區松壽路12號1樓","location_method":"臺北市門牌位置數值資料","violation_count":1},"geometry":{"type":"Point","coordinates":[121.56602091453597,25.03566809663475]}},{"type":"Feature","properties":{"data_time":"2023-10-04","source_row_no":420,"name":"三澧企業股份有限公司(MoMo Paradise南港潤泰牧場)","city":"臺北市","district":"南港區","address":"臺北市南港區忠孝東路7段369號10樓","sample_date":"2023-10-04","project_name":"火鍋料","product_category":"鮮果蔬菜類及其加工品","sample_item":"青江菜","inspection_result":"不符合規定","violation_reason":"1.殺菌劑芬普尼(Fipronil)：0.472ppm(標準：0.001ppm)\n2.殺菌劑芬普尼代謝物(Fipronil-sulfone)：0.06ppm(標準：0.001ppm)\n3.殺蟲劑百利普芬(Pyriproxyfen)：1.81ppm(標準：0.01ppm)","postal_code":"115","source_type":"食品抽驗不合格","source_dataset":"臺北市衛生局食品抽驗不合格清冊","source_url":"https://data.taipei/api/dataset/09a917a0-0fb5-47e1-957c-5f1268fba517/resource/bb347e3d-626a-46e5-bb96-9061e8d08c26/download","geocoding_address":"臺北市南港區忠孝東路7段369號10樓","location_method":"OpenStreetMap道路/地名定位","violation_count":1},"geometry":{"type":"Point","coordinates":[121.6072019,25.0521746]}},{"type":"Feature","properties":{"data_time":"2023-10-05","source_row_no":421,"name":"錦德錩餐飲股份有限公司(土狗樂市)","city":"臺北市","district":"中山區","address":"臺北市中山區建國北路2段3巷17號","sample_date":"2023-10-05","project_name":"火鍋料","product_category":"豆腐","sample_item":"豆腐","inspection_result":"不符合規定","violation_reason":"苯甲酸：0.91g/kg(標準：不得檢出)","postal_code":"104","source_type":"食品抽驗不合格","source_dataset":"臺北市衛生局食品抽驗不合格清冊","source_url":"https://data.taipei/api/dataset/09a917a0-0fb5-47e1-957c-5f1268fba517/resource/bb347e3d-626a-46e5-bb96-9061e8d08c26/download","geocoding_address":"臺北市中山區建國北路2段3巷17號","location_method":"OpenStreetMap道路/地名定位","violation_count":1},"geometry":{"type":"Point","coordinates":[121.5367952,25.0620364]}},{"type":"Feature","properties":{"data_time":"2023-10-06","source_row_no":422,"name":"八海國際餐飲股份有限公司(八海食潮當代鍋物)","city":"臺北市","district":"中正區","address":"臺北市中正區北平西路3號2樓","sample_date":"2023-10-06","project_name":"火鍋料","product_category":"豆腐","sample_item":"手工板豆腐","inspection_result":"不符合規定","violation_reason":"苯甲酸：0.75g/kg(標準：不得檢出)","postal_code":"100","source_type":"食品抽驗不合格","source_dataset":"臺北市衛生局食品抽驗不合格清冊","source_url":"https://data.taipei/api/dataset/09a917a0-0fb5-47e1-957c-5f1268fba517/resource/bb347e3d-626a-46e5-bb96-9061e8d08c26/download","geocoding_address":"臺北市中正區北平西路3號2樓","location_method":"臺北市門牌位置數值資料","violation_count":1},"geometry":{"type":"Point","coordinates":[121.51705766108695,25.04717593423849]}},{"type":"Feature","properties":{"data_time":"2023-10-06","source_row_no":423,"name":"格萊思美國際餐飲股份有限公司(心心麻辣鍋)","city":"臺北市","district":"萬華區","address":"臺北市萬華區成都路141號","sample_date":"2023-10-06","project_name":"火鍋料","product_category":"鮮果蔬菜類及其加工品","sample_item":"青江菜","inspection_result":"不符合規定","violation_reason":"殺菌劑四氯異苯腈(Chlorothalonil)：16.1ppm(標準：5ppm)","postal_code":"108","source_type":"食品抽驗不合格","source_dataset":"臺北市衛生局食品抽驗不合格清冊","source_url":"https://data.taipei/api/dataset/09a917a0-0fb5-47e1-957c-5f1268fba517/resource/bb347e3d-626a-46e5-bb96-9061e8d08c26/download","geocoding_address":"臺北市萬華區成都路141號","location_method":"臺北市門牌位置數值資料","violation_count":1},"geometry":{"type":"Point","coordinates":[121.50319426008845,25.04351932400133]}},{"type":"Feature","properties":{"data_time":"2023-10-06","source_row_no":424,"name":"欣鍋園小吃店(欣鍋園涮涮鍋)","city":"臺北市","district":"中正區","address":"臺北市中正區和平西路1段34號1樓","sample_date":"2023-10-06","project_name":"火鍋料","product_category":"鮮果蔬菜類及其加工品","sample_item":"青江菜","inspection_result":"不符合規定","violation_reason":"1.殺蟲劑賽滅寧(Cypermethrin)：2.9ppm(標準：2ppm)\n2.殺蟲劑芬普尼(Fipronil)：0.013ppm(標準：0.001ppm)\n3.殺蟲劑芬普尼代謝物(Fipronil-sulfone)：0.049ppm(標準：0.001ppm)","postal_code":"100","source_type":"食品抽驗不合格","source_dataset":"臺北市衛生局食品抽驗不合格清冊","source_url":"https://data.taipei/api/dataset/09a917a0-0fb5-47e1-957c-5f1268fba517/resource/bb347e3d-626a-46e5-bb96-9061e8d08c26/download","geocoding_address":"臺北市中正區和平西路1段34號1樓","location_method":"OpenStreetMap道路/地名定位","violation_count":1},"geometry":{"type":"Point","coordinates":[121.515264,25.0275193]}},{"type":"Feature","properties":{"data_time":"2023-08-22","source_row_no":425,"name":"俊華豆腐店","city":"臺北市","district":"中山區","address":"臺北市中山區安東街5之6號","sample_date":"2023-08-22","project_name":"豆製品(含非基改食品)","product_category":"豆製品(豆干)","sample_item":"豆乾\n(進貨日期：2023/8/22)","inspection_result":"不符合規定","violation_reason":"殺菌劑過氧化氫：陽性（不得檢出）","postal_code":"104","source_type":"食品抽驗不合格","source_dataset":"臺北市衛生局食品抽驗不合格清冊","source_url":"https://data.taipei/api/dataset/09a917a0-0fb5-47e1-957c-5f1268fba517/resource/bb347e3d-626a-46e5-bb96-9061e8d08c26/download","geocoding_address":"臺北市中山區安東街5之6號","location_method":"OpenStreetMap道路/地名定位","violation_count":1},"geometry":{"type":"Point","coordinates":[121.5420089,25.045905]}},{"type":"Feature","properties":{"data_time":"2023-08-22","source_row_no":426,"name":"國鴻蔬菜號","city":"臺北市","district":"中山區","address":"臺北市中山區長春路299號1樓長春市場37號攤","sample_date":"2023-08-22","project_name":"豆製品(含非基改食品)","product_category":"豆製品(豆干絲)","sample_item":"豆干絲(非基因改造)\n(進貨日期：2023/8/19)","inspection_result":"不符合規定","violation_reason":"殺菌劑過氧化氫：陽性（不得檢出）","postal_code":"104","source_type":"食品抽驗不合格","source_dataset":"臺北市衛生局食品抽驗不合格清冊","source_url":"https://data.taipei/api/dataset/09a917a0-0fb5-47e1-957c-5f1268fba517/resource/bb347e3d-626a-46e5-bb96-9061e8d08c26/download","geocoding_address":"臺北市中山區長春路299號1樓長春市場37號攤","location_method":"臺北市門牌位置數值資料","violation_count":1},"geometry":{"type":"Point","coordinates":[121.54226533475898,25.05473506893448]}},{"type":"Feature","properties":{"data_time":"2023-08-22","source_row_no":427,"name":"環南素食大批發(環南素食行)","city":"臺北市","district":"萬華區","address":"臺北市萬華區西藏路295號1樓","sample_date":"2023-08-22","project_name":"豆製品(含非基改食品)","product_category":"豆製品(豆干絲)","sample_item":"泰山白干絲\n(進貨日期：2023/8/22)","inspection_result":"不符合規定","violation_reason":"殺菌劑過氧化氫：陽性（不得檢出）","postal_code":"108","source_type":"食品抽驗不合格","source_dataset":"臺北市衛生局食品抽驗不合格清冊","source_url":"https://data.taipei/api/dataset/09a917a0-0fb5-47e1-957c-5f1268fba517/resource/bb347e3d-626a-46e5-bb96-9061e8d08c26/download","geocoding_address":"臺北市萬華區西藏路295號1樓","location_method":"臺北市門牌位置數值資料","violation_count":1},"geometry":{"type":"Point","coordinates":[121.49184852370941,25.02854727863301]}},{"type":"Feature","properties":{"data_time":"2023-08-22","source_row_no":428,"name":"環南素食大批發(環南素食行)","city":"臺北市","district":"萬華區","address":"臺北市萬華區西藏路295號1樓","sample_date":"2023-08-22","project_name":"豆製品(含非基改食品)","product_category":"豆製品(豆干絲)","sample_item":"泰山五香干絲\n(進貨日期：2023/8/22)","inspection_result":"不符合規定","violation_reason":"殺菌劑過氧化氫：陽性（不得檢出）","postal_code":"108","source_type":"食品抽驗不合格","source_dataset":"臺北市衛生局食品抽驗不合格清冊","source_url":"https://data.taipei/api/dataset/09a917a0-0fb5-47e1-957c-5f1268fba517/resource/bb347e3d-626a-46e5-bb96-9061e8d08c26/download","geocoding_address":"臺北市萬華區西藏路295號1樓","location_method":"臺北市門牌位置數值資料","violation_count":1},"geometry":{"type":"Point","coordinates":[121.49184852370941,25.02854727863301]}},{"type":"Feature","properties":{"data_time":"2023-08-22","source_row_no":429,"name":"木柵市場-素食專賣","city":"臺北市","district":"文山區","address":"臺北市文山區保儀路13巷3號1樓59號攤","sample_date":"2023-08-22","project_name":"豆製品(含非基改食品)","product_category":"豆製品(豆干絲)","sample_item":"泰山干絲(白絲)\n(進貨日期：2023/8/20)","inspection_result":"不符合規定","violation_reason":"殺菌劑過氧化氫：陽性（不得檢出）","postal_code":"116","source_type":"食品抽驗不合格","source_dataset":"臺北市衛生局食品抽驗不合格清冊","source_url":"https://data.taipei/api/dataset/09a917a0-0fb5-47e1-957c-5f1268fba517/resource/bb347e3d-626a-46e5-bb96-9061e8d08c26/download","geocoding_address":"臺北市文山區保儀路13巷3號1樓59號攤","location_method":"臺北市門牌位置數值資料","violation_count":1},"geometry":{"type":"Point","coordinates":[121.56918571351592,24.988496030954185]}},{"type":"Feature","properties":{"data_time":"2023-08-22","source_row_no":430,"name":"木柵市場-阿貞豆腐店","city":"臺北市","district":"文山區","address":"臺北市文山區保儀路13巷3號1樓54號攤","sample_date":"2023-08-22","project_name":"豆製品(含非基改食品)","product_category":"豆製品(豆干)","sample_item":"豆干\n(進貨日期：2023/8/20)","inspection_result":"不符合規定","violation_reason":"殺菌劑過氧化氫：陽性（不得檢出）","postal_code":"116","source_type":"食品抽驗不合格","source_dataset":"臺北市衛生局食品抽驗不合格清冊","source_url":"https://data.taipei/api/dataset/09a917a0-0fb5-47e1-957c-5f1268fba517/resource/bb347e3d-626a-46e5-bb96-9061e8d08c26/download","geocoding_address":"臺北市文山區保儀路13巷3號1樓54號攤","location_method":"臺北市門牌位置數值資料","violation_count":1},"geometry":{"type":"Point","coordinates":[121.56918571351592,24.988496030954185]}},{"type":"Feature","properties":{"data_time":"2023-08-22","source_row_no":431,"name":"成德市場-佳家用品","city":"臺北市","district":"南港區","address":"臺北市南港區同德路100號144號攤","sample_date":"2023-08-22","project_name":"豆製品(含非基改食品)","product_category":"豆製品(豆干絲)","sample_item":"白干絲\n(進貨日期：2023/8/22)","inspection_result":"不符合規定","violation_reason":"殺菌劑過氧化氫：陽性（不得檢出）","postal_code":"115","source_type":"食品抽驗不合格","source_dataset":"臺北市衛生局食品抽驗不合格清冊","source_url":"https://data.taipei/api/dataset/09a917a0-0fb5-47e1-957c-5f1268fba517/resource/bb347e3d-626a-46e5-bb96-9061e8d08c26/download","geocoding_address":"臺北市南港區同德路100號144號攤","location_method":"臺北市門牌位置數值資料","violation_count":1},"geometry":{"type":"Point","coordinates":[121.58675518403736,25.046147199286924]}},{"type":"Feature","properties":{"data_time":"2023-08-22","source_row_no":432,"name":"泰和素食豆干","city":"臺北市","district":"內湖區","address":"臺北市內湖區康寧路1段33巷15號","sample_date":"2023-08-22","project_name":"豆製品(含非基改食品)","product_category":"豆製品(豆干)","sample_item":"四分豆干\n(進貨日期：2023/8/22)","inspection_result":"不符合規定","violation_reason":"殺菌劑過氧化氫：陽性（不得檢出）","postal_code":"114","source_type":"食品抽驗不合格","source_dataset":"臺北市衛生局食品抽驗不合格清冊","source_url":"https://data.taipei/api/dataset/09a917a0-0fb5-47e1-957c-5f1268fba517/resource/bb347e3d-626a-46e5-bb96-9061e8d08c26/download","geocoding_address":"臺北市內湖區康寧路1段33巷15號","location_method":"OpenStreetMap道路/地名定位","violation_count":1},"geometry":{"type":"Point","coordinates":[121.5909481,25.0807589]}},{"type":"Feature","properties":{"data_time":"2023-08-23","source_row_no":433,"name":"裕民便當店(老師傅精緻餐盒)","city":"臺北市","district":"大安區","address":"臺北市大安區復興南路2段151巷53號1樓","sample_date":"2023-08-23","project_name":"豆製品(含非基改食品)","product_category":"豆製品(豆干絲)","sample_item":"豆干絲\n(進貨日期：2023/8/23)","inspection_result":"不符合規定","violation_reason":"殺菌劑過氧化氫：陽性（不得檢出）","postal_code":"106","source_type":"食品抽驗不合格","source_dataset":"臺北市衛生局食品抽驗不合格清冊","source_url":"https://data.taipei/api/dataset/09a917a0-0fb5-47e1-957c-5f1268fba517/resource/bb347e3d-626a-46e5-bb96-9061e8d08c26/download","geocoding_address":"臺北市大安區復興南路2段151巷53號1樓","location_method":"OpenStreetMap道路/地名定位","violation_count":1},"geometry":{"type":"Point","coordinates":[121.5434481,25.0231578]}},{"type":"Feature","properties":{"data_time":"2023-08-24","source_row_no":434,"name":"尚揚蔬果行","city":"臺北市","district":"松山區","address":"臺北市松山區南京東路5段291巷30號1樓","sample_date":"2023-08-24","project_name":"豆製品(含非基改食品)","product_category":"豆製品(豆干絲)","sample_item":"泰山干絲\n(進貨日期：2023/8/24)","inspection_result":"不符合規定","violation_reason":"殺菌劑過氧化氫：陽性（不得檢出）","postal_code":"105","source_type":"食品抽驗不合格","source_dataset":"臺北市衛生局食品抽驗不合格清冊","source_url":"https://data.taipei/api/dataset/09a917a0-0fb5-47e1-957c-5f1268fba517/resource/bb347e3d-626a-46e5-bb96-9061e8d08c26/download","geocoding_address":"臺北市松山區南京東路5段291巷30號1樓","location_method":"OpenStreetMap道路/地名定位","violation_count":1},"geometry":{"type":"Point","coordinates":[121.562368,25.0513869]}},{"type":"Feature","properties":{"data_time":"2023-08-24","source_row_no":435,"name":"中崙市場-元味素食","city":"臺北市","district":"松山區","address":"臺北市松山區八德路3段76號1號攤","sample_date":"2023-08-24","project_name":"豆製品(含非基改食品)","product_category":"豆製品(豆干絲)","sample_item":"干絲\n(進貨日期：2023/8/24)","inspection_result":"不符合規定","violation_reason":"殺菌劑過氧化氫：陽性（不得檢出）","postal_code":"105","source_type":"食品抽驗不合格","source_dataset":"臺北市衛生局食品抽驗不合格清冊","source_url":"https://data.taipei/api/dataset/09a917a0-0fb5-47e1-957c-5f1268fba517/resource/bb347e3d-626a-46e5-bb96-9061e8d08c26/download","geocoding_address":"臺北市松山區八德路3段76號1號攤","location_method":"OpenStreetMap道路/地名定位","violation_count":1},"geometry":{"type":"Point","coordinates":[121.5501437,25.0481921]}},{"type":"Feature","properties":{"data_time":"2023-08-24","source_row_no":436,"name":"中崙市場-元味素食","city":"臺北市","district":"松山區","address":"臺北市松山區八德路3段76號1號攤","sample_date":"2023-08-24","project_name":"豆製品(含非基改食品)","product_category":"豆製品(豆干)","sample_item":"豆干\n(進貨日期：2023/8/24)","inspection_result":"不符合規定","violation_reason":"殺菌劑過氧化氫：陽性（不得檢出）","postal_code":"105","source_type":"食品抽驗不合格","source_dataset":"臺北市衛生局食品抽驗不合格清冊","source_url":"https://data.taipei/api/dataset/09a917a0-0fb5-47e1-957c-5f1268fba517/resource/bb347e3d-626a-46e5-bb96-9061e8d08c26/download","geocoding_address":"臺北市松山區八德路3段76號1號攤","location_method":"OpenStreetMap道路/地名定位","violation_count":1},"geometry":{"type":"Point","coordinates":[121.5501437,25.0481921]}},{"type":"Feature","properties":{"data_time":"2023-08-25","source_row_no":437,"name":"莊綉華攤","city":"臺北市","district":"中山區","address":"臺北市中山區龍江路412巷61號","sample_date":"2023-08-25","project_name":"豆製品(含非基改食品)","product_category":"豆製品(豆干絲)","sample_item":"泰山干絲\n(進貨日期：2023/8/25)","inspection_result":"不符合規定","violation_reason":"殺菌劑過氧化氫：陽性（不得檢出）","postal_code":"104","source_type":"食品抽驗不合格","source_dataset":"臺北市衛生局食品抽驗不合格清冊","source_url":"https://data.taipei/api/dataset/09a917a0-0fb5-47e1-957c-5f1268fba517/resource/bb347e3d-626a-46e5-bb96-9061e8d08c26/download","geocoding_address":"臺北市中山區龍江路412巷61號","location_method":"臺北市門牌位置數值資料","violation_count":1},"geometry":{"type":"Point","coordinates":[121.53852244253646,25.067725814905543]}},{"type":"Feature","properties":{"data_time":"2023-09-06","source_row_no":438,"name":"茄子餐飲事業股份有限公司(茄子咖哩)","city":"臺北市","district":"南港區","address":"臺北市南港區忠孝東路7段369號9樓C棟","sample_date":"2023-09-06","project_name":"即食食品2\n(一般機關構)","product_category":"自製飲品","sample_item":"冰紅茶","inspection_result":"不符合規定","violation_reason":"初抽：腸桿菌科:43(標準:10 CFU/mL)\n複抽：腸桿菌科:5.7×10^2(標準:10 CFU/mL)","postal_code":"115","source_type":"食品抽驗不合格","source_dataset":"臺北市衛生局食品抽驗不合格清冊","source_url":"https://data.taipei/api/dataset/09a917a0-0fb5-47e1-957c-5f1268fba517/resource/bb347e3d-626a-46e5-bb96-9061e8d08c26/download","geocoding_address":"臺北市南港區忠孝東路7段369號9樓C棟","location_method":"OpenStreetMap道路/地名定位","violation_count":1},"geometry":{"type":"Point","coordinates":[121.6072019,25.0521746]}},{"type":"Feature","properties":{"data_time":"2023-09-07","source_row_no":439,"name":"道緣小吃店(寶飽煲)","city":"臺北市","district":"士林區","address":"臺北市士林區福壽街3、5、7號1樓","sample_date":"2023-09-07","project_name":"蔬果","product_category":"小葉菜類","sample_item":"青蒜","inspection_result":"不符合規定","violation_reason":"殺菌劑Azoxystrobin亞托敏0.5ppm（標準：0.1ppm以下）\n殺菌劑Famoxadone凡殺同0.04ppm（標準：0.01ppm以下）\n殺菌劑Flutolanil福多寧2.4ppm（標準：2.0ppm以下）","postal_code":"111","source_type":"食品抽驗不合格","source_dataset":"臺北市衛生局食品抽驗不合格清冊","source_url":"https://data.taipei/api/dataset/09a917a0-0fb5-47e1-957c-5f1268fba517/resource/bb347e3d-626a-46e5-bb96-9061e8d08c26/download","geocoding_address":"臺北市士林區福壽街3、5、7號1樓","location_method":"臺北市門牌位置數值資料","violation_count":1},"geometry":{"type":"Point","coordinates":[121.52562457976603,25.095787878818438]}},{"type":"Feature","properties":{"data_time":"2023-09-05","source_row_no":440,"name":"陳O訓(承銷號：2159)","city":"臺北市","district":"中山區","address":"臺北市中山區民族東路336號(濱江果菜市場第21-09攤)","sample_date":"2023-09-05","project_name":"蔬果","product_category":"香辛植物及其他草木本植物","sample_item":"香菜(芫荽)","inspection_result":"不符合規定","violation_reason":"殺草劑Atrazine草脫淨0.01 ppm（標準：不得檢出）\n殺草劑Linuron理有龍0.01 ppm（標準：不得檢出）","postal_code":"104","source_type":"食品抽驗不合格","source_dataset":"臺北市衛生局食品抽驗不合格清冊","source_url":"https://data.taipei/api/dataset/09a917a0-0fb5-47e1-957c-5f1268fba517/resource/bb347e3d-626a-46e5-bb96-9061e8d08c26/download","geocoding_address":"臺北市中山區民族東路336號(濱江果菜市場第21-09攤)","location_method":"臺北市門牌位置數值資料","violation_count":1},"geometry":{"type":"Point","coordinates":[121.53734126764245,25.0679233527595]}},{"type":"Feature","properties":{"data_time":"2023-09-06","source_row_no":441,"name":"遠東都會股份有限公司復興店(city'super復興店)","city":"臺北市","district":"大安區","address":"臺北市大安區忠孝東路3段300號B3樓(遠東SOGO)","sample_date":"2023-09-06","project_name":"蔬果","product_category":"根莖菜類","sample_item":"白蘿蔔","inspection_result":"不符合規定","violation_reason":"殺蟲劑Fipronil 芬普尼0.007、Fipronil-sulfone芬普尼代謝物0.007 ppm（標準：0.001 ppm以下）","postal_code":"106","source_type":"食品抽驗不合格","source_dataset":"臺北市衛生局食品抽驗不合格清冊","source_url":"https://data.taipei/api/dataset/09a917a0-0fb5-47e1-957c-5f1268fba517/resource/bb347e3d-626a-46e5-bb96-9061e8d08c26/download","geocoding_address":"臺北市大安區忠孝東路3段300號B3樓(遠東SOGO)","location_method":"OpenStreetMap道路/地名定位","violation_count":1},"geometry":{"type":"Point","coordinates":[121.5341297,25.0422049]}},{"type":"Feature","properties":{"data_time":"2023-09-07","source_row_no":442,"name":"全國健康素食(士林素食館)","city":"臺北市","district":"士林區","address":"臺北市士林區中正路281號","sample_date":"2023-09-07","project_name":"蔬果","product_category":"小葉菜類","sample_item":"九層塔(羅勒)","inspection_result":"不符合規定","violation_reason":"殺菌劑Azoxystrobin亞托敏3.8 ppm（標準：1.0 ppm以下）\n殺菌劑Dimethomorph達滅芬4.8 ppm（標準：2.5 ppm以下）","postal_code":"111","source_type":"食品抽驗不合格","source_dataset":"臺北市衛生局食品抽驗不合格清冊","source_url":"https://data.taipei/api/dataset/09a917a0-0fb5-47e1-957c-5f1268fba517/resource/bb347e3d-626a-46e5-bb96-9061e8d08c26/download","geocoding_address":"臺北市士林區中正路281號","location_method":"臺北市門牌位置數值資料","violation_count":1},"geometry":{"type":"Point","coordinates":[121.52422899523731,25.09477888793335]}},{"type":"Feature","properties":{"data_time":"2023-09-05","source_row_no":443,"name":"楊O嵐（臺北農產運銷股份有限公司第一果菜批發市場零批場地號1017","city":"臺北市","district":"萬華區","address":"臺北市萬華區萬大路533號）","sample_date":"2023-09-05","project_name":"蔬果","product_category":"果菜類","sample_item":"朝天椒","inspection_result":"不符合規定","violation_reason":"殺菌劑Difenoconazole待克利0.8 ppm（標準：0.5ppm以下）\n殺蟲劑Profenophos佈飛松1.1 ppm（標準：1.0 ppm以下）","postal_code":"108","source_type":"食品抽驗不合格","source_dataset":"臺北市衛生局食品抽驗不合格清冊","source_url":"https://data.taipei/api/dataset/09a917a0-0fb5-47e1-957c-5f1268fba517/resource/bb347e3d-626a-46e5-bb96-9061e8d08c26/download","geocoding_address":"臺北市萬華區萬大路533號）","location_method":"臺北市門牌位置數值資料","violation_count":1},"geometry":{"type":"Point","coordinates":[121.49713199522044,25.018499829728977]}},{"type":"Feature","properties":{"data_time":"2023-09-07","source_row_no":444,"name":"全聯實業股份有限公司北投吉利分公司","city":"臺北市","district":"北投區","address":"臺北市北投區吉利街125號1樓","sample_date":"2023-09-07","project_name":"蔬果","product_category":"大漿果類","sample_item":"紅寶蜜露百香果","inspection_result":"不符合規定","violation_reason":"殺蟲劑Cyromazine賽滅淨0.15 ppm（標準：不得檢出）","postal_code":"112","source_type":"食品抽驗不合格","source_dataset":"臺北市衛生局食品抽驗不合格清冊","source_url":"https://data.taipei/api/dataset/09a917a0-0fb5-47e1-957c-5f1268fba517/resource/bb347e3d-626a-46e5-bb96-9061e8d08c26/download","geocoding_address":"臺北市北投區吉利街125號1樓","location_method":"臺北市門牌位置數值資料","violation_count":1},"geometry":{"type":"Point","coordinates":[121.50673674308938,25.11871588794285]}},{"type":"Feature","properties":{"data_time":"2023-09-05","source_row_no":445,"name":"大潤發流通事業股份有限公司南湖分公司(大潤發)","city":"臺北市","district":"內湖區","address":"臺北市內湖區舊宗路1段188號1至4樓","sample_date":"2023-09-05","project_name":"蔬果","product_category":"豆菜類","sample_item":"越南甜豌豆","inspection_result":"不符合規定","violation_reason":"殺菌劑Diniconazole達克利0.03ppm（標準：不得檢出）","postal_code":"114","source_type":"食品抽驗不合格","source_dataset":"臺北市衛生局食品抽驗不合格清冊","source_url":"https://data.taipei/api/dataset/09a917a0-0fb5-47e1-957c-5f1268fba517/resource/bb347e3d-626a-46e5-bb96-9061e8d08c26/download","geocoding_address":"臺北市內湖區舊宗路1段188號1至4樓","location_method":"OpenStreetMap道路/地名定位","violation_count":1},"geometry":{"type":"Point","coordinates":[121.5773336,25.0626529]}},{"type":"Feature","properties":{"data_time":"2023-09-06","source_row_no":446,"name":"果然匯明曜店","city":"臺北市","district":"大安區","address":"臺北市大安區忠孝東路4段200號12樓","sample_date":"2023-09-06","project_name":"蔬果","product_category":"香辛植物及其他草木本植物","sample_item":"香菜(芫荽)","inspection_result":"不符合規定","violation_reason":"殺草劑Atrazine草脫淨0.01 ppm（標準：不得檢出）","postal_code":"106","source_type":"食品抽驗不合格","source_dataset":"臺北市衛生局食品抽驗不合格清冊","source_url":"https://data.taipei/api/dataset/09a917a0-0fb5-47e1-957c-5f1268fba517/resource/bb347e3d-626a-46e5-bb96-9061e8d08c26/download","geocoding_address":"臺北市大安區忠孝東路4段200號12樓","location_method":"OpenStreetMap道路/地名定位","violation_count":1},"geometry":{"type":"Point","coordinates":[121.5437759,25.0415569]}},{"type":"Feature","properties":{"data_time":"2023-09-05","source_row_no":447,"name":"濱江果菜市場第17-08攤（承銷號：2054","city":"臺北市","district":"中山區","address":"臺北市中山區民族東路336號）","sample_date":"2023-09-05","project_name":"蔬果","product_category":"小葉菜類","sample_item":"杏菜","inspection_result":"不符合規定","violation_reason":"殺菌劑Pyraclostrobin 百克敏0.32 ppm（標準：0.01 ppm以下）","postal_code":"104","source_type":"食品抽驗不合格","source_dataset":"臺北市衛生局食品抽驗不合格清冊","source_url":"https://data.taipei/api/dataset/09a917a0-0fb5-47e1-957c-5f1268fba517/resource/bb347e3d-626a-46e5-bb96-9061e8d08c26/download","geocoding_address":"臺北市中山區民族東路336號）","location_method":"臺北市門牌位置數值資料","violation_count":1},"geometry":{"type":"Point","coordinates":[121.53734126764245,25.0679233527595]}},{"type":"Feature","properties":{"data_time":"2023-09-05","source_row_no":448,"name":"22號蔬果園","city":"臺北市","district":"萬華區","address":"臺北市萬華區西藏路125巷22號1樓","sample_date":"2023-09-05","project_name":"蔬果","product_category":"小葉菜類","sample_item":"青蔥","inspection_result":"不符合規定","violation_reason":"殺蟲劑Fipronil-sulfone芬普尼代謝物0.016 ppm（標準：0.001 ppm以下）","postal_code":"108","source_type":"食品抽驗不合格","source_dataset":"臺北市衛生局食品抽驗不合格清冊","source_url":"https://data.taipei/api/dataset/09a917a0-0fb5-47e1-957c-5f1268fba517/resource/bb347e3d-626a-46e5-bb96-9061e8d08c26/download","geocoding_address":"臺北市萬華區西藏路125巷22號1樓","location_method":"臺北市門牌位置數值資料","violation_count":1},"geometry":{"type":"Point","coordinates":[121.50315018126994,25.027010083628095]}},{"type":"Feature","properties":{"data_time":"2023-09-01","source_row_no":449,"name":"惠康百貨股份有限公司松山光復分公司(家樂福)","city":"臺北市","district":"松山區","address":"臺北市松山區光復北路198號","sample_date":"2023-09-01","project_name":"蔬果","product_category":"根莖菜類","sample_item":"進口白蘿蔔","inspection_result":"不符合規定","violation_reason":"殺蟲劑Clothianidin可尼丁0.11 ppm（標準：0.02 ppm以下）","postal_code":"105","source_type":"食品抽驗不合格","source_dataset":"臺北市衛生局食品抽驗不合格清冊","source_url":"https://data.taipei/api/dataset/09a917a0-0fb5-47e1-957c-5f1268fba517/resource/bb347e3d-626a-46e5-bb96-9061e8d08c26/download","geocoding_address":"臺北市松山區光復北路198號","location_method":"臺北市門牌位置數值資料","violation_count":1},"geometry":{"type":"Point","coordinates":[121.5556041393137,25.054989356027992]}},{"type":"Feature","properties":{"data_time":"2023-09-05","source_row_no":450,"name":"阿郎蔬菜產通門市部(濱江果菜市場第20-03攤)","city":"臺北市","district":"中山區","address":"臺北市中山區民族東路336號","sample_date":"2023-09-05","project_name":"蔬果","product_category":"根莖菜類","sample_item":"白蘿蔔","inspection_result":"不符合規定","violation_reason":"殺蟲劑Trichlorfon三氯松0.03ppm（標準：0.01ppm以下）","postal_code":"104","source_type":"食品抽驗不合格","source_dataset":"臺北市衛生局食品抽驗不合格清冊","source_url":"https://data.taipei/api/dataset/09a917a0-0fb5-47e1-957c-5f1268fba517/resource/bb347e3d-626a-46e5-bb96-9061e8d08c26/download","geocoding_address":"臺北市中山區民族東路336號","location_method":"臺北市門牌位置數值資料","violation_count":1},"geometry":{"type":"Point","coordinates":[121.53734126764245,25.0679233527595]}},{"type":"Feature","properties":{"data_time":"2023-09-06","source_row_no":451,"name":"濱江果菜市場第21-06號攤（承銷號：2030","city":"臺北市","district":"中山區","address":"臺北市中山區民族東路336號）","sample_date":"2023-09-06","project_name":"蔬果","product_category":"小葉菜類","sample_item":"芥藍芽","inspection_result":"不符合規定","violation_reason":"殺線蟲劑Oxamyl毆殺滅1.1 ppm（標準：0.5 ppm以下）","postal_code":"104","source_type":"食品抽驗不合格","source_dataset":"臺北市衛生局食品抽驗不合格清冊","source_url":"https://data.taipei/api/dataset/09a917a0-0fb5-47e1-957c-5f1268fba517/resource/bb347e3d-626a-46e5-bb96-9061e8d08c26/download","geocoding_address":"臺北市中山區民族東路336號）","location_method":"臺北市門牌位置數值資料","violation_count":1},"geometry":{"type":"Point","coordinates":[121.53734126764245,25.0679233527595]}},{"type":"Feature","properties":{"data_time":"2023-09-06","source_row_no":452,"name":"唯椿企業股份有限公司(miacucina信義店)","city":"臺北市","district":"信義區","address":"臺北市信義區松壽路11號2樓(新光三越)","sample_date":"2023-09-06","project_name":"蔬果","product_category":"豆菜類","sample_item":"四季豆(菜豆)","inspection_result":"不符合規定","violation_reason":"殺蟲劑Fenvalerate芬化利0.2 ppm（標準：0.1 ppm 以下）","postal_code":"110","source_type":"食品抽驗不合格","source_dataset":"臺北市衛生局食品抽驗不合格清冊","source_url":"https://data.taipei/api/dataset/09a917a0-0fb5-47e1-957c-5f1268fba517/resource/bb347e3d-626a-46e5-bb96-9061e8d08c26/download","geocoding_address":"臺北市信義區松壽路11號2樓(新光三越)","location_method":"臺北市門牌位置數值資料","violation_count":1},"geometry":{"type":"Point","coordinates":[121.56728011279125,25.036073365883347]}},{"type":"Feature","properties":{"data_time":"2023-09-06","source_row_no":453,"name":"遠東都會股份有限公司復興店(city'super復興店)","city":"臺北市","district":"大安區","address":"臺北市大安區忠孝東路3段300號B3樓(遠東SOGO)","sample_date":"2023-09-06","project_name":"蔬果","product_category":"香辛植物及其他草木本植物","sample_item":"芫荽(香菜)","inspection_result":"不符合規定","violation_reason":"殺蟲劑Fenitrothion 撲滅松0.02 ppm（標準：0.01 ppm以下）","postal_code":"106","source_type":"食品抽驗不合格","source_dataset":"臺北市衛生局食品抽驗不合格清冊","source_url":"https://data.taipei/api/dataset/09a917a0-0fb5-47e1-957c-5f1268fba517/resource/bb347e3d-626a-46e5-bb96-9061e8d08c26/download","geocoding_address":"臺北市大安區忠孝東路3段300號B3樓(遠東SOGO)","location_method":"OpenStreetMap道路/地名定位","violation_count":1},"geometry":{"type":"Point","coordinates":[121.5341297,25.0422049]}},{"type":"Feature","properties":{"data_time":"2023-09-06","source_row_no":454,"name":"遠百企業股份有限公司忠孝分公司(愛買忠孝店)","city":"臺北市","district":"信義區","address":"臺北市信義區忠孝東路5段297號地下1.2.3樓","sample_date":"2023-09-06","project_name":"蔬果","product_category":"果菜類","sample_item":"台灣茄子400 g","inspection_result":"不符合規定","violation_reason":"殺蟎劑Spirodiclofen 賜派芬0.02 ppm（標準：0.01ppm以下）","postal_code":"110","source_type":"食品抽驗不合格","source_dataset":"臺北市衛生局食品抽驗不合格清冊","source_url":"https://data.taipei/api/dataset/09a917a0-0fb5-47e1-957c-5f1268fba517/resource/bb347e3d-626a-46e5-bb96-9061e8d08c26/download","geocoding_address":"臺北市信義區忠孝東路5段297號地下1.2.3樓","location_method":"OpenStreetMap道路/地名定位","violation_count":1},"geometry":{"type":"Point","coordinates":[121.5728413,25.0410057]}},{"type":"Feature","properties":{"data_time":"2023-09-07","source_row_no":455,"name":"全聯實業股份有限公司北投吉利分公司","city":"臺北市","district":"北投區","address":"臺北市北投區吉利街125號1樓","sample_date":"2023-09-07","project_name":"蔬果","product_category":"根莖菜類","sample_item":"進口蘿蔔600公克","inspection_result":"不符合規定","violation_reason":"殺蟲劑Chlorfenapyr克凡派0.07 ppm（標準：0.05 ppm以下）","postal_code":"112","source_type":"食品抽驗不合格","source_dataset":"臺北市衛生局食品抽驗不合格清冊","source_url":"https://data.taipei/api/dataset/09a917a0-0fb5-47e1-957c-5f1268fba517/resource/bb347e3d-626a-46e5-bb96-9061e8d08c26/download","geocoding_address":"臺北市北投區吉利街125號1樓","location_method":"臺北市門牌位置數值資料","violation_count":1},"geometry":{"type":"Point","coordinates":[121.50673674308938,25.11871588794285]}},{"type":"Feature","properties":{"data_time":"2023-09-01","source_row_no":456,"name":"兄弟大飯店股份有限公司(兄弟大飯店)","city":"臺北市","district":"松山區","address":"臺北市松山區南京東路3段255號","sample_date":"2023-09-01","project_name":"蔬果","product_category":"小葉菜類","sample_item":"青江菜","inspection_result":"不符合規定","violation_reason":"殺蟲劑Chlorfenapyr\t克凡派1.3ppm(標準：1.0ppm以下)","postal_code":"105","source_type":"食品抽驗不合格","source_dataset":"臺北市衛生局食品抽驗不合格清冊","source_url":"https://data.taipei/api/dataset/09a917a0-0fb5-47e1-957c-5f1268fba517/resource/bb347e3d-626a-46e5-bb96-9061e8d08c26/download","geocoding_address":"臺北市松山區南京東路3段255號","location_method":"OpenStreetMap道路/地名定位","violation_count":1},"geometry":{"type":"Point","coordinates":[121.5476333,25.0518444]}},{"type":"Feature","properties":{"data_time":"2023-09-06","source_row_no":457,"name":"遠百企業股份有限公司忠孝分公司(愛買忠孝店)","city":"臺北市","district":"信義區","address":"臺北市信義區忠孝東路5段297號地下1.2.3樓","sample_date":"2023-09-06","project_name":"蔬果","product_category":"大漿果類","sample_item":"百香果","inspection_result":"不符合規定","violation_reason":"殺蟲劑Triazophos三落松0.6 ppm（標準：0.5 ppm以下）","postal_code":"110","source_type":"食品抽驗不合格","source_dataset":"臺北市衛生局食品抽驗不合格清冊","source_url":"https://data.taipei/api/dataset/09a917a0-0fb5-47e1-957c-5f1268fba517/resource/bb347e3d-626a-46e5-bb96-9061e8d08c26/download","geocoding_address":"臺北市信義區忠孝東路5段297號地下1.2.3樓","location_method":"OpenStreetMap道路/地名定位","violation_count":1},"geometry":{"type":"Point","coordinates":[121.5728413,25.0410057]}},{"type":"Feature","properties":{"data_time":"2023-09-20","source_row_no":458,"name":"GREEN&SAFE 公館店","city":"臺北市","district":"大安區","address":"臺北市大安區羅斯福路3段297號","sample_date":"2023-09-20","project_name":"生鮮禽畜肉品","product_category":"牛肉","sample_item":"冷凍澳洲穀飼雪花火鍋肉片(有效日期：2024年1月24日)","inspection_result":"不符合規定","violation_reason":"檢出殘留Ractopamine (未超過標準)，惟產品外包裝標示「定期檢驗無動物用藥殘留」，且業者無法確認該產品確切原產地。","postal_code":"106","source_type":"食品抽驗不合格","source_dataset":"臺北市衛生局食品抽驗不合格清冊","source_url":"https://data.taipei/api/dataset/09a917a0-0fb5-47e1-957c-5f1268fba517/resource/bb347e3d-626a-46e5-bb96-9061e8d08c26/download","geocoding_address":"臺北市大安區羅斯福路3段297號","location_method":"OpenStreetMap道路/地名定位","violation_count":1},"geometry":{"type":"Point","coordinates":[121.5293258,25.0210343]}},{"type":"Feature","properties":{"data_time":"2023-10-12","source_row_no":464,"name":"六福開發股份有限公司南港分公司","city":"臺北市","district":"南港區","address":"臺北市南港區忠孝東路7段359號7樓","sample_date":"2023-10-12","project_name":"生鮮水產品","product_category":"蟹類","sample_item":"冷凍三點蟹","inspection_result":"不符合規定","violation_reason":"鎘：1.3 mg/kg(標準：0.5 mg/kg)","postal_code":"115","source_type":"食品抽驗不合格","source_dataset":"臺北市衛生局食品抽驗不合格清冊","source_url":"https://data.taipei/api/dataset/09a917a0-0fb5-47e1-957c-5f1268fba517/resource/bb347e3d-626a-46e5-bb96-9061e8d08c26/download","geocoding_address":"臺北市南港區忠孝東路7段359號7樓","location_method":"OpenStreetMap道路/地名定位","violation_count":1},"geometry":{"type":"Point","coordinates":[121.6072019,25.0521746]}},{"type":"Feature","properties":{"data_time":"2023-10-16","source_row_no":465,"name":"意欽早餐店（早安美芝城圓山捷運概念店）","city":"臺北市","district":"大同區","address":"臺北市大同區酒泉街22號","sample_date":"2023-10-16","project_name":"市售食品反式脂肪酸含量","product_category":"沙拉","sample_item":"美奶滋沙拉","inspection_result":"不符合規定","violation_reason":"營養標示反式脂肪含量為「0.5公克/每100公克」，惟檢出每100公克反式脂肪酸含量0.71公克，依據「包裝食品營養標示應遵行事項」，反式脂肪含量標示值誤差允許範圍為「小於或等於標示值之120%」（經換算為0.6公克/每100公克），案內產品應依實際數值標示。","postal_code":"103","source_type":"食品抽驗不合格","source_dataset":"臺北市衛生局食品抽驗不合格清冊","source_url":"https://data.taipei/api/dataset/09a917a0-0fb5-47e1-957c-5f1268fba517/resource/bb347e3d-626a-46e5-bb96-9061e8d08c26/download","geocoding_address":"臺北市大同區酒泉街22號","location_method":"臺北市門牌位置數值資料","violation_count":1},"geometry":{"type":"Point","coordinates":[121.51958916932324,25.07057773406686]}},{"type":"Feature","properties":{"data_time":"2023-10-18","source_row_no":466,"name":"弘如小吃店（弘爺漢堡如意店）","city":"臺北市","district":"松山區","address":"臺北市松山區南京東路5段123巷41號","sample_date":"2023-10-18","project_name":"市售食品反式脂肪酸含量","product_category":"奶精","sample_item":"厚奶精(非乳為主)","inspection_result":"不符合規定","violation_reason":"產品包裝標示宣稱「本產品不含反式脂肪酸」，惟檢驗結果檢出每100毫升之飽和脂肪酸含量11.82公克及反式脂肪酸含量0.05公克，每100毫升之液體所含飽和脂肪及反式脂肪合計超過0.75公克，依據「包裝食品營養宣稱應遵行事項」該產品不得宣稱不含反式脂肪。","postal_code":"105","source_type":"食品抽驗不合格","source_dataset":"臺北市衛生局食品抽驗不合格清冊","source_url":"https://data.taipei/api/dataset/09a917a0-0fb5-47e1-957c-5f1268fba517/resource/bb347e3d-626a-46e5-bb96-9061e8d08c26/download","geocoding_address":"臺北市松山區南京東路5段123巷41號","location_method":"OpenStreetMap道路/地名定位","violation_count":1},"geometry":{"type":"Point","coordinates":[121.562368,25.0513869]}},{"type":"Feature","properties":{"data_time":"2023-10-20","source_row_no":467,"name":"叁拾捌號朝食所","city":"臺北市","district":"大安區","address":"臺北市大安區和平東路2段311巷38號","sample_date":"2023-10-20","project_name":"市售食品反式脂肪酸含量","product_category":"沙拉","sample_item":"白沙拉","inspection_result":"不符合規定","violation_reason":"營養標示反式脂肪含量為「0.11公克/每100公克」，惟檢出每100公克反式脂肪酸含量0.44公克，依據「包裝食品營養標示應遵行事項」，反式脂肪含量標示值誤差允許範圍為「小於或等於標示值之120%」（經換算為0.132公克/每100公克），案內產品應依實際數值標示。","postal_code":"106","source_type":"食品抽驗不合格","source_dataset":"臺北市衛生局食品抽驗不合格清冊","source_url":"https://data.taipei/api/dataset/09a917a0-0fb5-47e1-957c-5f1268fba517/resource/bb347e3d-626a-46e5-bb96-9061e8d08c26/download","geocoding_address":"臺北市大安區和平東路2段311巷38號","location_method":"OpenStreetMap道路/地名定位","violation_count":1},"geometry":{"type":"Point","coordinates":[121.5376931,25.0257298]}},{"type":"Feature","properties":{"data_time":"2023-10-05","source_row_no":468,"name":"東和蔬果行","city":"臺北市","district":"內湖區","address":"臺北市內湖區五分街16號1樓","sample_date":"2023-10-05","project_name":"蔬果","product_category":"果菜類","sample_item":"辣椒","inspection_result":"不符合規定","violation_reason":"殺菌劑Difenoconazole待克利\n1.6ppm（ 標準：0.5ppm以下）\n殺蟲劑Imidacloprid益達胺 1.2ppm（標準：0.5ppm以下）殺菌劑Pyraclostrobin百克敏 0.8ppm（標準：0.5ppm以下）","postal_code":"114","source_type":"食品抽驗不合格","source_dataset":"臺北市衛生局食品抽驗不合格清冊","source_url":"https://data.taipei/api/dataset/09a917a0-0fb5-47e1-957c-5f1268fba517/resource/bb347e3d-626a-46e5-bb96-9061e8d08c26/download","geocoding_address":"臺北市內湖區五分街16號1樓","location_method":"臺北市門牌位置數值資料","violation_count":1},"geometry":{"type":"Point","coordinates":[121.61381850730412,25.067408020965505]}},{"type":"Feature","properties":{"data_time":"2023-10-05","source_row_no":469,"name":"東和蔬果行","city":"臺北市","district":"內湖區","address":"臺北市內湖區五分街16號1樓","sample_date":"2023-10-05","project_name":"蔬果","product_category":"小葉菜類","sample_item":"芥藍芽","inspection_result":"不符合規定","violation_reason":"殺菌劑Isoprothiolane亞賜圃\n0.09 ppm（標準：0.01 ppm以下）\n殺菌劑Thifluzamide賽氟滅0.07 ppm（標準：不得檢出）","postal_code":"114","source_type":"食品抽驗不合格","source_dataset":"臺北市衛生局食品抽驗不合格清冊","source_url":"https://data.taipei/api/dataset/09a917a0-0fb5-47e1-957c-5f1268fba517/resource/bb347e3d-626a-46e5-bb96-9061e8d08c26/download","geocoding_address":"臺北市內湖區五分街16號1樓","location_method":"臺北市門牌位置數值資料","violation_count":1},"geometry":{"type":"Point","coordinates":[121.61381850730412,25.067408020965505]}},{"type":"Feature","properties":{"data_time":"2023-10-03","source_row_no":470,"name":"三商家購股份有限公司萬華環河南分公司(美廉社萬華環河南路店)","city":"臺北市","district":"萬華區","address":"臺北市萬華區環河南路2段250巷28弄4號1樓","sample_date":"2023-10-03","project_name":"蔬果","product_category":"果菜類","sample_item":"茄子","inspection_result":"不符合規定","violation_reason":"殺菌劑 Pencycuron 賓克隆 0.09ppm(標準：0.05ppm以下)殺菌劑Zoxamide座賽胺 0.02ppm(標準：不得檢出)","postal_code":"108","source_type":"食品抽驗不合格","source_dataset":"臺北市衛生局食品抽驗不合格清冊","source_url":"https://data.taipei/api/dataset/09a917a0-0fb5-47e1-957c-5f1268fba517/resource/bb347e3d-626a-46e5-bb96-9061e8d08c26/download","geocoding_address":"臺北市萬華區環河南路2段250巷28弄4號1樓","location_method":"OpenStreetMap道路/地名定位","violation_count":1},"geometry":{"type":"Point","coordinates":[121.4895544,25.0300926]}},{"type":"Feature","properties":{"data_time":"2023-10-04","source_row_no":471,"name":"陳O溪(蔬菜承銷號2031)/臺北市第二果菜批發市場","city":"臺北市","district":"中山區","address":"臺北市中山區民族東路336號1樓 18-02號攤","sample_date":"2023-10-04","project_name":"蔬果","product_category":"小葉菜類","sample_item":"皇宮菜(落葵)","inspection_result":"不符合規定","violation_reason":"殺菌劑Dimethomorph達滅芬\n0.21 ppm（標準：0.01 ppm以下）","postal_code":"104","source_type":"食品抽驗不合格","source_dataset":"臺北市衛生局食品抽驗不合格清冊","source_url":"https://data.taipei/api/dataset/09a917a0-0fb5-47e1-957c-5f1268fba517/resource/bb347e3d-626a-46e5-bb96-9061e8d08c26/download","geocoding_address":"臺北市中山區民族東路336號1樓 18-02號攤","location_method":"臺北市門牌位置數值資料","violation_count":1},"geometry":{"type":"Point","coordinates":[121.53734126764245,25.0679233527595]}},{"type":"Feature","properties":{"data_time":"2023-10-04","source_row_no":472,"name":"誠果蔬果店","city":"臺北市","district":"大安區","address":"臺北市大安區敦化南路1段233巷65號","sample_date":"2023-10-04","project_name":"蔬果","product_category":"根莖菜類","sample_item":"嚴選白蘿蔔","inspection_result":"不符合規定","violation_reason":"殺蟲劑Trichlorfon三氯松 0.06ppm（標準：0.01ppm以下）","postal_code":"106","source_type":"食品抽驗不合格","source_dataset":"臺北市衛生局食品抽驗不合格清冊","source_url":"https://data.taipei/api/dataset/09a917a0-0fb5-47e1-957c-5f1268fba517/resource/bb347e3d-626a-46e5-bb96-9061e8d08c26/download","geocoding_address":"臺北市大安區敦化南路1段233巷65號","location_method":"OpenStreetMap道路/地名定位","violation_count":1},"geometry":{"type":"Point","coordinates":[121.5488609,25.0401263]}},{"type":"Feature","properties":{"data_time":"2023-10-04","source_row_no":473,"name":"唐龍國際餐飲股份有限公司 (龍軒傳承)","city":"臺北市","district":"中山區","address":"臺北市中山區長春路90號2樓","sample_date":"2023-10-04","project_name":"蔬果","product_category":"根莖菜類","sample_item":"進口白蘿蔔","inspection_result":"不符合規定","violation_reason":"殺蟲劑Clothianidin 可尼丁0.11 ppm（標準：0.02 ppm以下）","postal_code":"104","source_type":"食品抽驗不合格","source_dataset":"臺北市衛生局食品抽驗不合格清冊","source_url":"https://data.taipei/api/dataset/09a917a0-0fb5-47e1-957c-5f1268fba517/resource/bb347e3d-626a-46e5-bb96-9061e8d08c26/download","geocoding_address":"臺北市中山區長春路90號2樓","location_method":"臺北市門牌位置數值資料","violation_count":1},"geometry":{"type":"Point","coordinates":[121.52720488991471,25.054746797627896]}},{"type":"Feature","properties":{"data_time":"2023-10-31","source_row_no":474,"name":"統康生活事業股份有限公司農安二分公司(家樂福超市)","city":"臺北市","district":"中山區","address":"臺北市中山區農安街26號、 26-1號","sample_date":"2023-10-31","project_name":"蔬果","product_category":"根莖菜類","sample_item":"台灣水洗白蘿蔔","inspection_result":"不符合規定","violation_reason":"殺蟲劑Dinotefuran 達特南0.21 ppm（標準：0.05 ppm以下）","postal_code":"104","source_type":"食品抽驗不合格","source_dataset":"臺北市衛生局食品抽驗不合格清冊","source_url":"https://data.taipei/api/dataset/09a917a0-0fb5-47e1-957c-5f1268fba517/resource/bb347e3d-626a-46e5-bb96-9061e8d08c26/download","geocoding_address":"臺北市中山區農安街26號、 26-1號","location_method":"臺北市門牌位置數值資料","violation_count":1},"geometry":{"type":"Point","coordinates":[121.52593499846216,25.064829977866346]}},{"type":"Feature","properties":{"data_time":"2023-10-04","source_row_no":475,"name":"全國食養創作全自助餐復興店","city":"臺北市","district":"大安區","address":"臺北市大安區復興南路2段314號","sample_date":"2023-10-04","project_name":"蔬果","product_category":"果菜類","sample_item":"茄子","inspection_result":"不符合規定","violation_reason":"殺蟲劑Cyazofamid賽座滅0.03 ppm（標準：0.01ppm以下）","postal_code":"106","source_type":"食品抽驗不合格","source_dataset":"臺北市衛生局食品抽驗不合格清冊","source_url":"https://data.taipei/api/dataset/09a917a0-0fb5-47e1-957c-5f1268fba517/resource/bb347e3d-626a-46e5-bb96-9061e8d08c26/download","geocoding_address":"臺北市大安區復興南路2段314號","location_method":"OpenStreetMap道路/地名定位","violation_count":1},"geometry":{"type":"Point","coordinates":[121.5434481,25.0231578]}},{"type":"Feature","properties":{"data_time":"2023-10-05","source_row_no":476,"name":"菜攤/","city":"臺北市","district":"北投區","address":"臺北市北投區西安街1段281巷11號前/自強市場外","sample_date":"2023-10-05","project_name":"蔬果","product_category":"小葉菜類","sample_item":"紅鳳菜","inspection_result":"不符合規定","violation_reason":"殺蟲劑Chlorfenapyr克凡派2.8 ppm（標準：1.0 ppm以下）","postal_code":"112","source_type":"食品抽驗不合格","source_dataset":"臺北市衛生局食品抽驗不合格清冊","source_url":"https://data.taipei/api/dataset/09a917a0-0fb5-47e1-957c-5f1268fba517/resource/bb347e3d-626a-46e5-bb96-9061e8d08c26/download","geocoding_address":"臺北市北投區西安街1段281巷11號前/自強市場外","location_method":"OpenStreetMap道路/地名定位","violation_count":1},"geometry":{"type":"Point","coordinates":[121.5194751,25.1084266]}},{"type":"Feature","properties":{"data_time":"2023-10-04","source_row_no":477,"name":"森豪蔬果行","city":"臺北市","district":"中山區","address":"臺北市中山區遼寧街257號","sample_date":"2023-10-04","project_name":"蔬果","product_category":"瓜果類","sample_item":"美濃香瓜","inspection_result":"不符合規定","violation_reason":"殺菌劑Pencycuron賓克隆0.02 ppm（標準：0.01ppm以下）","postal_code":"104","source_type":"食品抽驗不合格","source_dataset":"臺北市衛生局食品抽驗不合格清冊","source_url":"https://data.taipei/api/dataset/09a917a0-0fb5-47e1-957c-5f1268fba517/resource/bb347e3d-626a-46e5-bb96-9061e8d08c26/download","geocoding_address":"臺北市中山區遼寧街257號","location_method":"臺北市門牌位置數值資料","violation_count":1},"geometry":{"type":"Point","coordinates":[121.5422514247169,25.05642071746508]}},{"type":"Feature","properties":{"data_time":"2023-10-04","source_row_no":478,"name":"唐龍國際餐飲股份有限公司 (龍軒傳承)","city":"臺北市","district":"中山區","address":"臺北市中山區長春路90號2樓","sample_date":"2023-10-04","project_name":"蔬果","product_category":"果菜類","sample_item":"紅辣椒","inspection_result":"不符合規定","violation_reason":"殺蟲劑Flonicamid 氟尼胺0.02 ppm（標準：0.01 ppm以下）","postal_code":"104","source_type":"食品抽驗不合格","source_dataset":"臺北市衛生局食品抽驗不合格清冊","source_url":"https://data.taipei/api/dataset/09a917a0-0fb5-47e1-957c-5f1268fba517/resource/bb347e3d-626a-46e5-bb96-9061e8d08c26/download","geocoding_address":"臺北市中山區長春路90號2樓","location_method":"臺北市門牌位置數值資料","violation_count":1},"geometry":{"type":"Point","coordinates":[121.52720488991471,25.054746797627896]}},{"type":"Feature","properties":{"data_time":"2023-10-04","source_row_no":479,"name":"錢都市民大道店","city":"臺北市","district":"大安區","address":"臺北市大安區市民大道4段196號","sample_date":"2023-10-04","project_name":"蔬果","product_category":"根莖菜類","sample_item":"白蘿蔔","inspection_result":"不符合規定","violation_reason":"殺蟲劑Lufenuron祿芬隆0.02 ppm（標準：0.01 ppm以下）","postal_code":"106","source_type":"食品抽驗不合格","source_dataset":"臺北市衛生局食品抽驗不合格清冊","source_url":"https://data.taipei/api/dataset/09a917a0-0fb5-47e1-957c-5f1268fba517/resource/bb347e3d-626a-46e5-bb96-9061e8d08c26/download","geocoding_address":"臺北市大安區市民大道4段196號","location_method":"OpenStreetMap道路/地名定位","violation_count":1},"geometry":{"type":"Point","coordinates":[121.5490337,25.0447284]}},{"type":"Feature","properties":{"data_time":"2023-11-02","source_row_no":480,"name":"好膳企業股份有限公司(PRESERVE．FOR OUR FUTURE)","city":"臺北市","district":"士林區","address":"臺北市士林區天母東路43巷3號","sample_date":"2023-11-02","project_name":"蔬果","product_category":"根莖菜類","sample_item":"白蘿蔔-長條型本產","inspection_result":"不符合規定","violation_reason":"殺蟲劑Dinotefuran達特南0.06 ppm（標準：0.05 ppm以下）\n殺蟲劑Emamectin benzoate因滅汀0.011 ppm（標準：不得檢出）\n殺蟲劑Profenophos佈飛松0.48 ppm（標準：0.05 ppm以下）\n殺蟲劑Terbufos托福松0.51 ppm（標準：不得檢出）","postal_code":"111","source_type":"食品抽驗不合格","source_dataset":"臺北市衛生局食品抽驗不合格清冊","source_url":"https://data.taipei/api/dataset/09a917a0-0fb5-47e1-957c-5f1268fba517/resource/bb347e3d-626a-46e5-bb96-9061e8d08c26/download","geocoding_address":"臺北市士林區天母東路43巷3號","location_method":"臺北市門牌位置數值資料","violation_count":1},"geometry":{"type":"Point","coordinates":[121.53228334257054,25.11845717427767]}},{"type":"Feature","properties":{"data_time":"2023-11-02","source_row_no":481,"name":"好鍋有限公司","city":"臺北市","district":"士林區","address":"臺北市士林區天母西路43號1樓","sample_date":"2023-11-02","project_name":"蔬果","product_category":"小葉菜類","sample_item":"大陸妹","inspection_result":"不符合規定","violation_reason":"殺菌劑Boscalid白克列5.6 ppm（標準：4.0 ppm以下）\n殺蟲劑Emamectin benzoate因滅汀0.06 ppm（標準：0.05 ppm以下）\n殺菌劑Pyraclostrobin百克敏2.2ppm（標準：2.0 ppm以下）","postal_code":"111","source_type":"食品抽驗不合格","source_dataset":"臺北市衛生局食品抽驗不合格清冊","source_url":"https://data.taipei/api/dataset/09a917a0-0fb5-47e1-957c-5f1268fba517/resource/bb347e3d-626a-46e5-bb96-9061e8d08c26/download","geocoding_address":"臺北市士林區天母西路43號1樓","location_method":"臺北市門牌位置數值資料","violation_count":1},"geometry":{"type":"Point","coordinates":[121.52725288574148,25.118561779953247]}},{"type":"Feature","properties":{"data_time":"2023-11-02","source_row_no":482,"name":"呂O越","city":"臺北市","district":"萬華區","address":"臺北市萬華區萬大路533號中繼蔬菜零批場地號2002","sample_date":"2023-11-02","project_name":"蔬果","product_category":"果菜類","sample_item":"紅辣椒","inspection_result":"不符合規定","violation_reason":"殺菌劑 Difenoconazole待克利1.2 ppm（標準：0.5 ppm以下） \n殺蟎劑Fenazaquin芬殺蟎0.4 ppm（標準：0.1ppm以下 ）","postal_code":"108","source_type":"食品抽驗不合格","source_dataset":"臺北市衛生局食品抽驗不合格清冊","source_url":"https://data.taipei/api/dataset/09a917a0-0fb5-47e1-957c-5f1268fba517/resource/bb347e3d-626a-46e5-bb96-9061e8d08c26/download","geocoding_address":"臺北市萬華區萬大路533號中繼蔬菜零批場地號2002","location_method":"臺北市門牌位置數值資料","violation_count":1},"geometry":{"type":"Point","coordinates":[121.49713199522044,25.018499829728977]}},{"type":"Feature","properties":{"data_time":"2023-11-03","source_row_no":483,"name":"老李港式扒飯(優米自助餐)","city":"臺北市","district":"內湖區","address":"臺北市內湖區成功路2段325號B1","sample_date":"2023-11-03","project_name":"蔬果","product_category":"小葉菜類","sample_item":"蔥","inspection_result":"不符合規定","violation_reason":"殺菌劑Fluopyram\t氟派瑞0.04ppm(標準：不得檢出)","postal_code":"114","source_type":"食品抽驗不合格","source_dataset":"臺北市衛生局食品抽驗不合格清冊","source_url":"https://data.taipei/api/dataset/09a917a0-0fb5-47e1-957c-5f1268fba517/resource/bb347e3d-626a-46e5-bb96-9061e8d08c26/download","geocoding_address":"臺北市內湖區成功路2段325號B1","location_method":"OpenStreetMap道路/地名定位","violation_count":1},"geometry":{"type":"Point","coordinates":[121.5907009,25.0670012]}},{"type":"Feature","properties":{"data_time":"2023-11-02","source_row_no":484,"name":"謝O寶","city":"臺北市","district":"萬華區","address":"臺北市萬華區萬大路533號中繼蔬菜零批場地號2004","sample_date":"2023-11-02","project_name":"蔬果","product_category":"小葉菜類","sample_item":"格藍芽","inspection_result":"不符合規定","violation_reason":"殺菌劑Fluopyram氟派瑞0.02 ppm（標準：不得檢出）","postal_code":"108","source_type":"食品抽驗不合格","source_dataset":"臺北市衛生局食品抽驗不合格清冊","source_url":"https://data.taipei/api/dataset/09a917a0-0fb5-47e1-957c-5f1268fba517/resource/bb347e3d-626a-46e5-bb96-9061e8d08c26/download","geocoding_address":"臺北市萬華區萬大路533號中繼蔬菜零批場地號2004","location_method":"臺北市門牌位置數值資料","violation_count":1},"geometry":{"type":"Point","coordinates":[121.49713199522044,25.018499829728977]}},{"type":"Feature","properties":{"data_time":"2023-11-02","source_row_no":485,"name":"世界城水果店","city":"臺北市","district":"北投區","address":"臺北市北投區石牌路1段166巷117號1樓","sample_date":"2023-11-02","project_name":"蔬果","product_category":"大漿果類","sample_item":"木瓜","inspection_result":"不符合規定","violation_reason":"殺蟲劑Methomyl納乃得0.01 ppm（標準：不得檢出）","postal_code":"112","source_type":"食品抽驗不合格","source_dataset":"臺北市衛生局食品抽驗不合格清冊","source_url":"https://data.taipei/api/dataset/09a917a0-0fb5-47e1-957c-5f1268fba517/resource/bb347e3d-626a-46e5-bb96-9061e8d08c26/download","geocoding_address":"臺北市北投區石牌路1段166巷117號1樓","location_method":"OpenStreetMap道路/地名定位","violation_count":1},"geometry":{"type":"Point","coordinates":[121.5097852,25.1127594]}},{"type":"Feature","properties":{"data_time":"2023-11-03","source_row_no":486,"name":"明德素食園","city":"臺北市","district":"內湖區","address":"臺北市內湖區成功路2段325號B1","sample_date":"2023-11-03","project_name":"蔬果","product_category":"根莖菜類","sample_item":"白蘿蔔","inspection_result":"不符合規定","violation_reason":"殺蟎劑Pyridaben畢達本0.01 ppm（標準：不得檢出）","postal_code":"114","source_type":"食品抽驗不合格","source_dataset":"臺北市衛生局食品抽驗不合格清冊","source_url":"https://data.taipei/api/dataset/09a917a0-0fb5-47e1-957c-5f1268fba517/resource/bb347e3d-626a-46e5-bb96-9061e8d08c26/download","geocoding_address":"臺北市內湖區成功路2段325號B1","location_method":"OpenStreetMap道路/地名定位","violation_count":1},"geometry":{"type":"Point","coordinates":[121.5907009,25.0670012]}},{"type":"Feature","properties":{"data_time":"2023-11-03","source_row_no":487,"name":"三軍總醫院營養部","city":"臺北市","district":"內湖區","address":"臺北市內湖區成功路2段325號B1","sample_date":"2023-11-03","project_name":"蔬果","product_category":"小葉菜類","sample_item":"菠菜","inspection_result":"不符合規定","violation_reason":"殺蟲劑Indoxacarb因得克0.11 ppm（標準：0.01ppm以下）","postal_code":"114","source_type":"食品抽驗不合格","source_dataset":"臺北市衛生局食品抽驗不合格清冊","source_url":"https://data.taipei/api/dataset/09a917a0-0fb5-47e1-957c-5f1268fba517/resource/bb347e3d-626a-46e5-bb96-9061e8d08c26/download","geocoding_address":"臺北市內湖區成功路2段325號B1","location_method":"OpenStreetMap道路/地名定位","violation_count":1},"geometry":{"type":"Point","coordinates":[121.5907009,25.0670012]}},{"type":"Feature","properties":{"data_time":"2023-11-01","source_row_no":488,"name":"董O興蔬菜攤","city":"臺北市","district":"大同區","address":"臺北市大同區錦西街38巷18號","sample_date":"2023-11-01","project_name":"蔬果","product_category":"香辛植物及其他草木本植物","sample_item":"香菜(芫荽)","inspection_result":"不符合規定","violation_reason":"殺菌劑Hexaconazole菲克利0.03 ppm（標準：0.01 ppm以下）","postal_code":"103","source_type":"食品抽驗不合格","source_dataset":"臺北市衛生局食品抽驗不合格清冊","source_url":"https://data.taipei/api/dataset/09a917a0-0fb5-47e1-957c-5f1268fba517/resource/bb347e3d-626a-46e5-bb96-9061e8d08c26/download","geocoding_address":"臺北市大同區錦西街38巷18號","location_method":"臺北市門牌位置數值資料","violation_count":1},"geometry":{"type":"Point","coordinates":[121.5203328612415,25.059667825365384]}},{"type":"Feature","properties":{"data_time":"2023-11-01","source_row_no":489,"name":"全聯實業股份有限公司朱崙分公司","city":"臺北市","district":"中山區","address":"臺北市中山區龍江路15號1-2樓","sample_date":"2023-11-01","project_name":"蔬果","product_category":"小葉菜類","sample_item":"青蔥","inspection_result":"不符合規定","violation_reason":"殺蟲劑芬普尼代謝物（ Fipronil-sulfone） 0.002ppm（標準：0.001 ppm以下）","postal_code":"104","source_type":"食品抽驗不合格","source_dataset":"臺北市衛生局食品抽驗不合格清冊","source_url":"https://data.taipei/api/dataset/09a917a0-0fb5-47e1-957c-5f1268fba517/resource/bb347e3d-626a-46e5-bb96-9061e8d08c26/download","geocoding_address":"臺北市中山區龍江路15號1-2樓","location_method":"臺北市門牌位置數值資料","violation_count":1},"geometry":{"type":"Point","coordinates":[121.54054944362512,25.047417182314817]}},{"type":"Feature","properties":{"data_time":"2023-11-02","source_row_no":490,"name":"白毫素食天地","city":"臺北市","district":"士林區","address":"臺北市士林區天母西路13巷10號1樓","sample_date":"2023-11-02","project_name":"蔬果","product_category":"小葉菜類","sample_item":"芥藍","inspection_result":"不符合規定","violation_reason":"殺草劑Pendimethalin施得圃0.2 ppm（標準：0.1ppm以下）","postal_code":"111","source_type":"食品抽驗不合格","source_dataset":"臺北市衛生局食品抽驗不合格清冊","source_url":"https://data.taipei/api/dataset/09a917a0-0fb5-47e1-957c-5f1268fba517/resource/bb347e3d-626a-46e5-bb96-9061e8d08c26/download","geocoding_address":"臺北市士林區天母西路13巷10號1樓","location_method":"臺北市門牌位置數值資料","violation_count":1},"geometry":{"type":"Point","coordinates":[121.52838412610016,25.118855856078575]}},{"type":"Feature","properties":{"data_time":"2023-11-06","source_row_no":491,"name":"吟興商行(吟興雜糧行)","city":"臺北市","district":"萬華區","address":"臺北市萬華區桂林路74號1樓","sample_date":"2023-11-06","project_name":"醃製及脫水蔬果(含蜜餞)","product_category":"非即食\n醃漬蔬菜","sample_item":"酸菜\n(2024/3/10)","inspection_result":"不符合規定","violation_reason":"檢出二氧化硫0.15g/kg (標準：0.030 g/kg以下)","postal_code":"108","source_type":"食品抽驗不合格","source_dataset":"臺北市衛生局食品抽驗不合格清冊","source_url":"https://data.taipei/api/dataset/09a917a0-0fb5-47e1-957c-5f1268fba517/resource/bb347e3d-626a-46e5-bb96-9061e8d08c26/download","geocoding_address":"臺北市萬華區桂林路74號1樓","location_method":"臺北市門牌位置數值資料","violation_count":1},"geometry":{"type":"Point","coordinates":[121.50126706143236,25.03830709461524]}},{"type":"Feature","properties":{"data_time":"2023-11-08","source_row_no":492,"name":"哈林水果專賣店","city":"臺北市","district":"士林區","address":"臺北市士林區士東路100號士東市場80號攤","sample_date":"2023-11-08","project_name":"醃製及脫水蔬果(含蜜餞)","product_category":"醃漬水果","sample_item":"醃漬鳥梨","inspection_result":"不符合規定","violation_reason":"環己基(代)磺醯胺酸鹽1.18g/kg(標準：不得檢出)\n糖精0.06g/kg(標準：不得檢出)","postal_code":"111","source_type":"食品抽驗不合格","source_dataset":"臺北市衛生局食品抽驗不合格清冊","source_url":"https://data.taipei/api/dataset/09a917a0-0fb5-47e1-957c-5f1268fba517/resource/bb347e3d-626a-46e5-bb96-9061e8d08c26/download","geocoding_address":"臺北市士林區士東路100號士東市場80號攤","location_method":"臺北市門牌位置數值資料","violation_count":1},"geometry":{"type":"Point","coordinates":[121.52927687197763,25.111925473339873]}},{"type":"Feature","properties":{"data_time":"2023-11-08","source_row_no":493,"name":"士東南北雜貨店","city":"臺北市","district":"士林區","address":"臺北市士林區士東路100號士東市場35號攤","sample_date":"2023-11-08","project_name":"醃製及脫水蔬果(含蜜餞)","product_category":"非即食\n醃漬蔬菜","sample_item":"漬の菜\n(2024/3/10)","inspection_result":"不符合規定","violation_reason":"二氧化硫0.19g/kg(標準：0.030g/kg以下)","postal_code":"111","source_type":"食品抽驗不合格","source_dataset":"臺北市衛生局食品抽驗不合格清冊","source_url":"https://data.taipei/api/dataset/09a917a0-0fb5-47e1-957c-5f1268fba517/resource/bb347e3d-626a-46e5-bb96-9061e8d08c26/download","geocoding_address":"臺北市士林區士東路100號士東市場35號攤","location_method":"臺北市門牌位置數值資料","violation_count":1},"geometry":{"type":"Point","coordinates":[121.52927687197763,25.111925473339873]}},{"type":"Feature","properties":{"data_time":"2023-11-09","source_row_no":495,"name":"果鮮一品商行","city":"臺北市","district":"中山區","address":"臺北市中山區吉林路176號","sample_date":"2023-11-09","project_name":"醃製及脫水蔬果(含蜜餞)","product_category":"醃漬水果","sample_item":"鳥梨","inspection_result":"不符合規定","violation_reason":"環己基(代)磺醯胺酸鹽 0.90g/kg(標準：不得檢出)\n糖精 0.10  g/kg(標準：不得檢出)","postal_code":"104","source_type":"食品抽驗不合格","source_dataset":"臺北市衛生局食品抽驗不合格清冊","source_url":"https://data.taipei/api/dataset/09a917a0-0fb5-47e1-957c-5f1268fba517/resource/bb347e3d-626a-46e5-bb96-9061e8d08c26/download","geocoding_address":"臺北市中山區吉林路176號","location_method":"臺北市門牌位置數值資料","violation_count":1},"geometry":{"type":"Point","coordinates":[121.53007381398476,25.057231326997464]}},{"type":"Feature","properties":{"data_time":"2023-11-09","source_row_no":496,"name":"石家割包(源石石家刈包)","city":"臺北市","district":"中山區","address":"臺北市中山區中吉里民生東路2段138號1樓","sample_date":"2023-11-09","project_name":"醃製及脫水蔬果(含蜜餞)","product_category":"酸菜類(屬醃漬蔬菜)","sample_item":"酸菜","inspection_result":"不符合規定","violation_reason":"二氧化硫 0.19g/kg(標準：0.030g/kg以下)","postal_code":"104","source_type":"食品抽驗不合格","source_dataset":"臺北市衛生局食品抽驗不合格清冊","source_url":"https://data.taipei/api/dataset/09a917a0-0fb5-47e1-957c-5f1268fba517/resource/bb347e3d-626a-46e5-bb96-9061e8d08c26/download","geocoding_address":"臺北市中山區中吉里民生東路2段138號1樓","location_method":"OpenStreetMap道路/地名定位","violation_count":1},"geometry":{"type":"Point","coordinates":[121.5305117,25.0579771]}},{"type":"Feature","properties":{"data_time":"2023-11-27","source_row_no":498,"name":"興長生蔘藥行","city":"臺北市","district":"信義區","address":"臺北市信義區吳興街197號","sample_date":"2023-11-27","project_name":"年節食品","product_category":"香辛植物類","sample_item":"特花椒粒（有效日期：20251005）（產地：中國大陸）","inspection_result":"不符合規定","violation_reason":"殺蟲劑Acetamiprid亞滅培0.87ppm（標準：0.05ppm以下）\n殺蟲劑Carbofuran加保扶0.37ppm（標準：不得檢出）\n殺蟲劑Chlorpyrifos陶斯松0.26ppm（標準：0.03ppm以下）\n殺蟲劑Clothianidin可尼丁0.06ppm（標準：0.03ppm以下）\n殺菌劑Difenoconazole待克利0.10ppm（標準：0.05ppm以下）\n殺蟲劑Imidacloprid益達胺0.23ppm（標準：0.05ppm以下）\n殺菌劑Pyraclostrobin百克敏0.13ppm（標準：0.05ppm以下）\n殺菌劑Tebuconazole得克利0.34ppm（標準：0.05ppm以下）","postal_code":"110","source_type":"食品抽驗不合格","source_dataset":"臺北市衛生局食品抽驗不合格清冊","source_url":"https://data.taipei/api/dataset/09a917a0-0fb5-47e1-957c-5f1268fba517/resource/bb347e3d-626a-46e5-bb96-9061e8d08c26/download","geocoding_address":"臺北市信義區吳興街197號","location_method":"臺北市門牌位置數值資料","violation_count":1},"geometry":{"type":"Point","coordinates":[121.56274480945753,25.028335821107614]}},{"type":"Feature","properties":{"data_time":"2023-11-28","source_row_no":499,"name":"康鮮食品股份有限公司","city":"臺北市","district":"南港區","address":"臺北市南港區重陽路263巷3號4樓","sample_date":"2023-11-28","project_name":"年節食品","product_category":"香辛植物類","sample_item":"花椒（有效日期： 20260202）（產地：中國大陸）","inspection_result":"不符合規定","violation_reason":"殺蟲劑Acetamiprid亞滅培0.31 ppm（標準：0.05 ppm以下）\n殺蟲劑Carbofuran加保扶0.11 ppm（標準：不得檢出）\n殺蟲劑Imidacloprid益達胺0.10 ppm（標準：0.05ppm以下）\n殺菌劑Tebuconazole得克利0.20ppm（標準：0.05 ppm以下）\n產品外包裝標示「嚴選安心產品 合格 敬請民眾安心使用」等字樣，涉易生誤解","postal_code":"115","source_type":"食品抽驗不合格","source_dataset":"臺北市衛生局食品抽驗不合格清冊","source_url":"https://data.taipei/api/dataset/09a917a0-0fb5-47e1-957c-5f1268fba517/resource/bb347e3d-626a-46e5-bb96-9061e8d08c26/download","geocoding_address":"臺北市南港區重陽路263巷3號4樓","location_method":"臺北市門牌位置數值資料","violation_count":1},"geometry":{"type":"Point","coordinates":[121.6032756743304,25.05816395028074]}},{"type":"Feature","properties":{"data_time":"2023-11-29","source_row_no":500,"name":"泰生堂參藥行","city":"臺北市","district":"中正區","address":"臺北市中正區開封街1段100號","sample_date":"2023-11-29","project_name":"年節食品","product_category":"香辛植物類","sample_item":"陝西花椒（有效日期：20250202）（產地：中國大陸）","inspection_result":"不符合規定","violation_reason":"殺蟲劑Acetamiprid亞滅培0.18ppm（標準：0.05ppm以下）\n殺蟲劑Chlorpyrifos 陶斯松0.05ppm（標準：0.03ppm以下）\n殺蟲劑Imidacloprid益達胺0.07ppm（標準：0.05ppm以下）\n殺菌劑Tebuconazole 得克利0.06ppm（標準：0.05 ppm以下）\n外包裝標示「合格」、「安心使用」等字樣，涉易生誤解","postal_code":"100","source_type":"食品抽驗不合格","source_dataset":"臺北市衛生局食品抽驗不合格清冊","source_url":"https://data.taipei/api/dataset/09a917a0-0fb5-47e1-957c-5f1268fba517/resource/bb347e3d-626a-46e5-bb96-9061e8d08c26/download","geocoding_address":"臺北市中正區開封街1段100號","location_method":"OpenStreetMap道路/地名定位","violation_count":1},"geometry":{"type":"Point","coordinates":[121.5141362,25.0459823]}},{"type":"Feature","properties":{"data_time":"2023-11-29","source_row_no":501,"name":"振農食品行","city":"臺北市","district":"大同區","address":"臺北市大同區迪化街1段283號","sample_date":"2023-11-29","project_name":"年節食品","product_category":"香辛植物類","sample_item":"B.B.漢源花椒（有效日期：20250415）（產地：中國大陸）","inspection_result":"不符合規定","violation_reason":"殺菌劑Tebuconazole得克利0.06 ppm（標準：0.05ppm以下）","postal_code":"103","source_type":"食品抽驗不合格","source_dataset":"臺北市衛生局食品抽驗不合格清冊","source_url":"https://data.taipei/api/dataset/09a917a0-0fb5-47e1-957c-5f1268fba517/resource/bb347e3d-626a-46e5-bb96-9061e8d08c26/download","geocoding_address":"臺北市大同區迪化街1段283號","location_method":"OpenStreetMap道路/地名定位","violation_count":1},"geometry":{"type":"Point","coordinates":[121.509465,25.0593569]}},{"type":"Feature","properties":{"data_time":"2023-11-28","source_row_no":502,"name":"紀O丞蔬果攤","city":"臺北市","district":"中山區","address":"臺北市中山區民族東路410巷61號","sample_date":"2023-11-28","project_name":"年節食品","product_category":"包葉菜類","sample_item":"刈菜","inspection_result":"不符合規定","violation_reason":"殺蟲劑Cypermethrin賽滅寧1.3ppm（標準:1.0 ppm以下）\n殺菌劑Dimethomorph達滅芬2 .8ppm（ 標準： 2 .5ppm以下）\n殺蟲劑Dinotefuran達特南7.6ppm（標準：2.0ppm以下）","postal_code":"104","source_type":"食品抽驗不合格","source_dataset":"臺北市衛生局食品抽驗不合格清冊","source_url":"https://data.taipei/api/dataset/09a917a0-0fb5-47e1-957c-5f1268fba517/resource/bb347e3d-626a-46e5-bb96-9061e8d08c26/download","geocoding_address":"臺北市中山區民族東路410巷61號","location_method":"臺北市門牌位置數值資料","violation_count":1},"geometry":{"type":"Point","coordinates":[121.53840652949812,25.064915337189515]}},{"type":"Feature","properties":{"data_time":"2023-11-29","source_row_no":503,"name":"葉O雲","city":"臺北市","district":"內湖區","address":"臺北市內湖區康寧路1段26巷1號旁(湖光市場無市招蔬菜攤)","sample_date":"2023-11-29","project_name":"年節食品","product_category":"包葉菜類","sample_item":"大芥菜","inspection_result":"不符合規定","violation_reason":"殺蟎劑Fenpyroximate芬普蟎0.26ppm（標準：0.01ppm 以下）\n殺蟲劑Methoxyfenozide滅芬諾2.06ppm（標準：0.01ppm以下 ）","postal_code":"114","source_type":"食品抽驗不合格","source_dataset":"臺北市衛生局食品抽驗不合格清冊","source_url":"https://data.taipei/api/dataset/09a917a0-0fb5-47e1-957c-5f1268fba517/resource/bb347e3d-626a-46e5-bb96-9061e8d08c26/download","geocoding_address":"臺北市內湖區康寧路1段26巷1號旁(湖光市場無市招蔬菜攤)","location_method":"OpenStreetMap道路/地名定位","violation_count":1},"geometry":{"type":"Point","coordinates":[121.5909481,25.0807589]}},{"type":"Feature","properties":{"data_time":"2023-11-28","source_row_no":504,"name":"純香食品行","city":"臺北市","district":"內湖區","address":"臺北市內湖區南京東路6段330巷18弄15號","sample_date":"2023-11-28","project_name":"年節食品","product_category":"根莖菜類","sample_item":"白蘿蔔","inspection_result":"不符合規定","violation_reason":"殺蟲劑芬普尼(Fipronil)0.012ppm、芬普尼代謝物(Fipronil-sulfone)0.008ppm(標準:0.001ppm以下)","postal_code":"114","source_type":"食品抽驗不合格","source_dataset":"臺北市衛生局食品抽驗不合格清冊","source_url":"https://data.taipei/api/dataset/09a917a0-0fb5-47e1-957c-5f1268fba517/resource/bb347e3d-626a-46e5-bb96-9061e8d08c26/download","geocoding_address":"臺北市內湖區南京東路6段330巷18弄15號","location_method":"OpenStreetMap道路/地名定位","violation_count":1},"geometry":{"type":"Point","coordinates":[121.5750804,25.0541623]}},{"type":"Feature","properties":{"data_time":"2023-11-29","source_row_no":505,"name":"林O鴦3499","city":"臺北市","district":"萬華區","address":"臺北市萬華區萬大路533號(第一果菜批發市場零批場地號2215)","sample_date":"2023-11-29","project_name":"年節食品","product_category":"香辛植物類","sample_item":"大辣椒（FV）","inspection_result":"不符合規定","violation_reason":"殺菌劑Pencycuron賓克隆0.15 ppm（標準：0.05 ppm以下）","postal_code":"108","source_type":"食品抽驗不合格","source_dataset":"臺北市衛生局食品抽驗不合格清冊","source_url":"https://data.taipei/api/dataset/09a917a0-0fb5-47e1-957c-5f1268fba517/resource/bb347e3d-626a-46e5-bb96-9061e8d08c26/download","geocoding_address":"臺北市萬華區萬大路533號(第一果菜批發市場零批場地號2215)","location_method":"臺北市門牌位置數值資料","violation_count":1},"geometry":{"type":"Point","coordinates":[121.49713199522044,25.018499829728977]}},{"type":"Feature","properties":{"data_time":"2023-11-29","source_row_no":506,"name":"台北市農會蔬果舖子","city":"臺北市","district":"大安區","address":"臺北市大安區復興南路1段340巷旁空地","sample_date":"2023-11-29","project_name":"年節食品","product_category":"根莖菜類","sample_item":"農產白蘿蔔","inspection_result":"不符合規定","violation_reason":"殺蟲劑Cyhalothrin賽洛寧 0.02 ppm（標準：0.01 ppm以下）","postal_code":"106","source_type":"食品抽驗不合格","source_dataset":"臺北市衛生局食品抽驗不合格清冊","source_url":"https://data.taipei/api/dataset/09a917a0-0fb5-47e1-957c-5f1268fba517/resource/bb347e3d-626a-46e5-bb96-9061e8d08c26/download","geocoding_address":"臺北市大安區復興南路1段340巷旁空地","location_method":"OpenStreetMap道路/地名定位","violation_count":1},"geometry":{"type":"Point","coordinates":[121.5436866,25.0398576]}},{"type":"Feature","properties":{"data_time":"2023-11-29","source_row_no":507,"name":"第一果菜批發市場零批場地號1610","city":"臺北市","district":"萬華區","address":"臺北市萬華區萬大路533號","sample_date":"2023-11-29","project_name":"年節食品","product_category":"包葉菜類","sample_item":"大刈菜","inspection_result":"不符合規定","violation_reason":"殺蟲劑Dinotefuran達特南2.8ppm（標準：2.0ppm以下）","postal_code":"108","source_type":"食品抽驗不合格","source_dataset":"臺北市衛生局食品抽驗不合格清冊","source_url":"https://data.taipei/api/dataset/09a917a0-0fb5-47e1-957c-5f1268fba517/resource/bb347e3d-626a-46e5-bb96-9061e8d08c26/download","geocoding_address":"臺北市萬華區萬大路533號","location_method":"臺北市門牌位置數值資料","violation_count":1},"geometry":{"type":"Point","coordinates":[121.49713199522044,25.018499829728977]}},{"type":"Feature","properties":{"data_time":"2023-12-05","source_row_no":508,"name":"顏素眞號（上海火腿公司","city":"臺北市","district":"中正區","address":"臺北市中正區南海路2巷16號1樓）","sample_date":"2023-12-05","project_name":"年節食品","product_category":"竹笙","sample_item":"竹笙(有效日期：20250130)","inspection_result":"不符合規定","violation_reason":"漂白劑二氧化硫0.99g/kg（標準：0.50g/kg以下）\n殺蟲劑Acetamiprid亞滅培0.08ppm（標準：0.05ppm以下）\n殺蟲劑Chlorfenapyr克凡派0.14ppm（標準：0.05ppm以下）\n殺蟲劑Chlorpyrifos陶斯松0.06ppm（標準：0.03ppm以下）\n殺蟲劑Clothianidin可尼丁0.16ppm（標準：0.05ppm以下）\n殺菌劑Propiconazole普克利0.12ppm（標準：0.05ppm以下）","postal_code":"100","source_type":"食品抽驗不合格","source_dataset":"臺北市衛生局食品抽驗不合格清冊","source_url":"https://data.taipei/api/dataset/09a917a0-0fb5-47e1-957c-5f1268fba517/resource/bb347e3d-626a-46e5-bb96-9061e8d08c26/download","geocoding_address":"臺北市中正區南海路2巷16號1樓）","location_method":"臺北市門牌位置數值資料","violation_count":1},"geometry":{"type":"Point","coordinates":[121.5180618556767,25.03184705102007]}},{"type":"Feature","properties":{"data_time":"2023-12-05","source_row_no":509,"name":"雅苑粵菜海鮮樓股份有限公司(雅苑粵菜港式飲茶)","city":"臺北市","district":"大安區","address":"臺北市大安區光復南路202號2樓","sample_date":"2023-12-05","project_name":"年節食品","product_category":"竹笙","sample_item":"竹笙","inspection_result":"不符合規定","violation_reason":"鎘5mg/kg（標準：2mg/kg以下）\n殺蟲劑Chlorpyrifos陶斯松0.18ppm（標準：0.03ppm以下）\n殺蟲劑Clothianidin可尼丁0.19pm（標準：0.05ppm以下）","postal_code":"106","source_type":"食品抽驗不合格","source_dataset":"臺北市衛生局食品抽驗不合格清冊","source_url":"https://data.taipei/api/dataset/09a917a0-0fb5-47e1-957c-5f1268fba517/resource/bb347e3d-626a-46e5-bb96-9061e8d08c26/download","geocoding_address":"臺北市大安區光復南路202號2樓","location_method":"臺北市門牌位置數值資料","violation_count":1},"geometry":{"type":"Point","coordinates":[121.55748955299599,25.041949577503882]}},{"type":"Feature","properties":{"data_time":"2023-12-01","source_row_no":510,"name":"京老滿餐飲股份有限公司(餡老滿)","city":"臺北市","district":"內湖區","address":"臺北市內湖區成功路4段188號2樓","sample_date":"2023-12-01","project_name":"年節食品","product_category":"竹笙","sample_item":"竹笙一級(有效日期：20240427)(產地：中國大陸)","inspection_result":"不符合規定","violation_reason":"殺蟲劑Fipronil芬普尼0.012ppm（標準：0.002ppm以下）\n殺蟲劑Propoxur安丹2.56ppm（標準：0.05ppm以下）","postal_code":"114","source_type":"食品抽驗不合格","source_dataset":"臺北市衛生局食品抽驗不合格清冊","source_url":"https://data.taipei/api/dataset/09a917a0-0fb5-47e1-957c-5f1268fba517/resource/bb347e3d-626a-46e5-bb96-9061e8d08c26/download","geocoding_address":"臺北市內湖區成功路4段188號2樓","location_method":"OpenStreetMap道路/地名定位","violation_count":1},"geometry":{"type":"Point","coordinates":[121.597789,25.0847146]}},{"type":"Feature","properties":{"data_time":"2023-11-27","source_row_no":511,"name":"興長生蔘藥行","city":"臺北市","district":"信義區","address":"臺北市信義區吳興街197號","sample_date":"2023-11-27","project_name":"年節食品","product_category":"木耳","sample_item":"白木耳（有效日期20240516）（產地：中國）","inspection_result":"不符合規定","violation_reason":"生長調節劑Chlormequat 克美素0.32 ppm（標準：不得檢出）","postal_code":"110","source_type":"食品抽驗不合格","source_dataset":"臺北市衛生局食品抽驗不合格清冊","source_url":"https://data.taipei/api/dataset/09a917a0-0fb5-47e1-957c-5f1268fba517/resource/bb347e3d-626a-46e5-bb96-9061e8d08c26/download","geocoding_address":"臺北市信義區吳興街197號","location_method":"臺北市門牌位置數值資料","violation_count":1},"geometry":{"type":"Point","coordinates":[121.56274480945753,25.028335821107614]}},{"type":"Feature","properties":{"data_time":"2023-11-29","source_row_no":512,"name":"萬年興商行","city":"臺北市","district":"內湖區","address":"臺北市內湖區內湖路3段107號1樓","sample_date":"2023-11-29","project_name":"年節食品","product_category":"木耳","sample_item":"白木耳（產地：中國大陸）","inspection_result":"不符合規定","violation_reason":"生長調節劑Chlormequat 克美素0.08ppm（標準：不得檢出）","postal_code":"114","source_type":"食品抽驗不合格","source_dataset":"臺北市衛生局食品抽驗不合格清冊","source_url":"https://data.taipei/api/dataset/09a917a0-0fb5-47e1-957c-5f1268fba517/resource/bb347e3d-626a-46e5-bb96-9061e8d08c26/download","geocoding_address":"臺北市內湖區內湖路3段107號1樓","location_method":"OpenStreetMap道路/地名定位","violation_count":1},"geometry":{"type":"Point","coordinates":[121.5848315,25.0890857]}},{"type":"Feature","properties":{"data_time":"2023-11-27","source_row_no":513,"name":"東杰商行","city":"臺北市","district":"士林區","address":"臺北市士林區社中街33巷4號","sample_date":"2023-11-27","project_name":"年節食品","product_category":"蕈菜類","sample_item":"茶樹菇","inspection_result":"不符合規定","violation_reason":"殺蟲劑Chlorpyrifos\t陶斯松0.14ppm(標準：0.03ppm以下)\t\n殺蟲劑Fipronil\t芬普尼0.068ppm、Fipronil-sulfone芬普尼代謝物0.020ppm(標準：0.002ppm以下)","postal_code":"111","source_type":"食品抽驗不合格","source_dataset":"臺北市衛生局食品抽驗不合格清冊","source_url":"https://data.taipei/api/dataset/09a917a0-0fb5-47e1-957c-5f1268fba517/resource/bb347e3d-626a-46e5-bb96-9061e8d08c26/download","geocoding_address":"臺北市士林區社中街33巷4號","location_method":"臺北市門牌位置數值資料","violation_count":1},"geometry":{"type":"Point","coordinates":[121.5099346149882,25.088072920196158]}},{"type":"Feature","properties":{"data_time":"2023-12-01","source_row_no":514,"name":"萬年興商行","city":"臺北市","district":"內湖區","address":"臺北市內湖區內湖路3段107號1樓","sample_date":"2023-12-01","project_name":"年節食品","product_category":"蕈菜類","sample_item":"猴頭菇（產地：中國大陸）","inspection_result":"不符合規定","violation_reason":"生長調節劑Chlormequat 克美素0.33ppm（標準：不得檢出）","postal_code":"114","source_type":"食品抽驗不合格","source_dataset":"臺北市衛生局食品抽驗不合格清冊","source_url":"https://data.taipei/api/dataset/09a917a0-0fb5-47e1-957c-5f1268fba517/resource/bb347e3d-626a-46e5-bb96-9061e8d08c26/download","geocoding_address":"臺北市內湖區內湖路3段107號1樓","location_method":"OpenStreetMap道路/地名定位","violation_count":1},"geometry":{"type":"Point","coordinates":[121.5848315,25.0890857]}},{"type":"Feature","properties":{"data_time":"2023-12-05","source_row_no":515,"name":"八玖食小食樂趣","city":"臺北市","district":"大同區","address":"臺北市大同區迪化街1段21號永樂市場1019攤","sample_date":"2023-12-05","project_name":"年節食品","product_category":"豆乾類","sample_item":"非基改秘製豆干（製造日期：2023年12月3日）","inspection_result":"不符合規定","violation_reason":"防腐劑己二烯酸4.7g/kg（標準：2.0g/kg以下），且該產品為包裝食品，惟未依相關規定標示","postal_code":"103","source_type":"食品抽驗不合格","source_dataset":"臺北市衛生局食品抽驗不合格清冊","source_url":"https://data.taipei/api/dataset/09a917a0-0fb5-47e1-957c-5f1268fba517/resource/bb347e3d-626a-46e5-bb96-9061e8d08c26/download","geocoding_address":"臺北市大同區迪化街1段21號永樂市場1019攤","location_method":"OpenStreetMap道路/地名定位","violation_count":1},"geometry":{"type":"Point","coordinates":[121.509465,25.0593569]}},{"type":"Feature","properties":{"data_time":"2023-12-06","source_row_no":516,"name":"正祥食品行(黃日香豆干台北總店)/","city":"臺北市","district":"萬華區","address":"臺北市萬華區中華路2段66號1樓/實際抽驗地為64號","sample_date":"2023-12-06","project_name":"年節食品","product_category":"豆乾類","sample_item":"黃日香休閒片(有效日期：20240229)","inspection_result":"不符合規定","violation_reason":"防腐劑己二烯酸2.2 g/kg（標準：2.0g/kg以下）","postal_code":"108","source_type":"食品抽驗不合格","source_dataset":"臺北市衛生局食品抽驗不合格清冊","source_url":"https://data.taipei/api/dataset/09a917a0-0fb5-47e1-957c-5f1268fba517/resource/bb347e3d-626a-46e5-bb96-9061e8d08c26/download","geocoding_address":"臺北市萬華區中華路2段66號1樓/實際抽驗地為64號","location_method":"OpenStreetMap道路/地名定位","violation_count":1},"geometry":{"type":"Point","coordinates":[121.5061303,25.0352909]}},{"type":"Feature","properties":{"data_time":"2023-12-05","source_row_no":517,"name":"麗庭莊園有限公司88號樂章婚宴會館","city":"臺北市","district":"內湖區","address":"臺北市內湖區民善街88號5樓","sample_date":"2023-12-05","project_name":"年節食品","product_category":"水產及其加工品","sample_item":"蝦米AAA(有效日期：202506)（產地：中國大陸）","inspection_result":"不符合規定","violation_reason":"檢出漂白劑二氧化硫0.05g/kg，惟外包裝成份未標示","postal_code":"114","source_type":"食品抽驗不合格","source_dataset":"臺北市衛生局食品抽驗不合格清冊","source_url":"https://data.taipei/api/dataset/09a917a0-0fb5-47e1-957c-5f1268fba517/resource/bb347e3d-626a-46e5-bb96-9061e8d08c26/download","geocoding_address":"臺北市內湖區民善街88號5樓","location_method":"臺北市門牌位置數值資料","violation_count":1},"geometry":{"type":"Point","coordinates":[121.57536491269865,25.060140703094966]}},{"type":"Feature","properties":{"data_time":"2022-01-05","source_row_no":518,"name":"全聯實業股份有限公司大直北安分公司(全聯)","city":"臺北市","district":"中山區","address":"臺北市中山區北安路588巷8、10號1樓","sample_date":"2022-01-05","project_name":"蔬果","product_category":"果菜類","sample_item":"青龍椒","inspection_result":"不符合規定","violation_reason":"殺蟎劑Spirodiclofen 賜派芬0.52(標準：0.01ppm以下)","postal_code":"104","source_type":"食品抽驗不合格","source_dataset":"臺北市衛生局食品抽驗不合格清冊","source_url":"https://data.taipei/api/dataset/09a917a0-0fb5-47e1-957c-5f1268fba517/resource/bc24a40f-5687-4338-8f9a-449de248ab93/download","geocoding_address":"臺北市中山區北安路588巷8、10號1樓","location_method":"臺北市門牌位置數值資料","violation_count":1},"geometry":{"type":"Point","coordinates":[121.54923623664635,25.08090923574865]}},{"type":"Feature","properties":{"data_time":"2022-01-04","source_row_no":519,"name":"古意人水果專賣店","city":"臺北市","district":"北投區","address":"臺北市北投區中央南路1段159、161號","sample_date":"2022-01-04","project_name":"蔬果","product_category":"包葉菜類","sample_item":"包心白菜","inspection_result":"不符合規定","violation_reason":"殺蟲劑Abamectin 阿巴汀0.07ppm(標準：0.05ppm以下) \n殺蟲劑Emamectin benzoate 因滅汀1.76ppm(標準：0.05ppm以下)","postal_code":"112","source_type":"食品抽驗不合格","source_dataset":"臺北市衛生局食品抽驗不合格清冊","source_url":"https://data.taipei/api/dataset/09a917a0-0fb5-47e1-957c-5f1268fba517/resource/bc24a40f-5687-4338-8f9a-449de248ab93/download","geocoding_address":"臺北市北投區中央南路1段159、161號","location_method":"OpenStreetMap道路/地名定位","violation_count":1},"geometry":{"type":"Point","coordinates":[121.5012429,25.1312202]}},{"type":"Feature","properties":{"data_time":"2022-01-04","source_row_no":520,"name":"復興市場菜攤","city":"臺北市","district":"北投區","address":"臺北市北投區中和街320巷14號對面","sample_date":"2022-01-04","project_name":"蔬果","product_category":"小葉菜類","sample_item":"格藍芽(芥藍)","inspection_result":"不符合規定","violation_reason":"殺線蟲劑Oxamyl 毆殺滅1.3ppm(標準：0.5ppm以下)","postal_code":"112","source_type":"食品抽驗不合格","source_dataset":"臺北市衛生局食品抽驗不合格清冊","source_url":"https://data.taipei/api/dataset/09a917a0-0fb5-47e1-957c-5f1268fba517/resource/bc24a40f-5687-4338-8f9a-449de248ab93/download","geocoding_address":"臺北市北投區中和街320巷14號對面","location_method":"臺北市門牌位置數值資料","violation_count":1},"geometry":{"type":"Point","coordinates":[121.50017031763711,25.14132307511994]}},{"type":"Feature","properties":{"data_time":"2022-01-04","source_row_no":521,"name":"農果水果行","city":"臺北市","district":"士林區","address":"臺北市士林區士東路95號1樓","sample_date":"2022-01-04","project_name":"蔬果","product_category":"小漿果類","sample_item":"日本熊本草莓","inspection_result":"不符合規定","violation_reason":"殺菌劑Fluopyram 氟派瑞2.5ppm(標準：1.5ppm以下)","postal_code":"111","source_type":"食品抽驗不合格","source_dataset":"臺北市衛生局食品抽驗不合格清冊","source_url":"https://data.taipei/api/dataset/09a917a0-0fb5-47e1-957c-5f1268fba517/resource/bc24a40f-5687-4338-8f9a-449de248ab93/download","geocoding_address":"臺北市士林區士東路95號1樓","location_method":"臺北市門牌位置數值資料","violation_count":1},"geometry":{"type":"Point","coordinates":[121.52928939692023,25.112299567368744]}},{"type":"Feature","properties":{"data_time":"2022-01-04","source_row_no":522,"name":"農果水果行","city":"臺北市","district":"士林區","address":"臺北市士林區士東路95號1樓","sample_date":"2022-01-04","project_name":"蔬果","product_category":"柑桔類","sample_item":"日本排站金桔","inspection_result":"不符合規定","violation_reason":"殺蟎劑Bifenazate 必芬蟎0.08ppm(標準：不得檢出)","postal_code":"111","source_type":"食品抽驗不合格","source_dataset":"臺北市衛生局食品抽驗不合格清冊","source_url":"https://data.taipei/api/dataset/09a917a0-0fb5-47e1-957c-5f1268fba517/resource/bc24a40f-5687-4338-8f9a-449de248ab93/download","geocoding_address":"臺北市士林區士東路95號1樓","location_method":"臺北市門牌位置數值資料","violation_count":1},"geometry":{"type":"Point","coordinates":[121.52928939692023,25.112299567368744]}},{"type":"Feature","properties":{"data_time":"2022-01-05","source_row_no":523,"name":"小農市集/","city":"臺北市","district":"中山區","address":"臺北市中山區北安路458巷41弄3號/大直市場F03號攤","sample_date":"2022-01-05","project_name":"蔬果","product_category":"小葉菜類","sample_item":"茼蒿","inspection_result":"不符合規定","violation_reason":"殺菌劑Difenoconazole 待克利1.2ppm(標準：1.0ppm以下)","postal_code":"104","source_type":"食品抽驗不合格","source_dataset":"臺北市衛生局食品抽驗不合格清冊","source_url":"https://data.taipei/api/dataset/09a917a0-0fb5-47e1-957c-5f1268fba517/resource/bc24a40f-5687-4338-8f9a-449de248ab93/download","geocoding_address":"臺北市中山區北安路458巷41弄3號/大直市場F03號攤","location_method":"臺北市門牌位置數值資料","violation_count":1},"geometry":{"type":"Point","coordinates":[121.54545878069041,25.078664851077725]}},{"type":"Feature","properties":{"data_time":"2022-01-05","source_row_no":524,"name":"小農市集/","city":"臺北市","district":"中山區","address":"臺北市中山區北安路458巷41弄3號/大直市場F03號攤","sample_date":"2022-01-05","project_name":"蔬果","product_category":"小葉菜類","sample_item":"芥藍","inspection_result":"不符合規定","violation_reason":"殺菌劑Carbendazim 貝芬替1.3ppm(標準：1.0ppm以下)","postal_code":"104","source_type":"食品抽驗不合格","source_dataset":"臺北市衛生局食品抽驗不合格清冊","source_url":"https://data.taipei/api/dataset/09a917a0-0fb5-47e1-957c-5f1268fba517/resource/bc24a40f-5687-4338-8f9a-449de248ab93/download","geocoding_address":"臺北市中山區北安路458巷41弄3號/大直市場F03號攤","location_method":"臺北市門牌位置數值資料","violation_count":1},"geometry":{"type":"Point","coordinates":[121.54545878069041,25.078664851077725]}},{"type":"Feature","properties":{"data_time":"2022-01-05","source_row_no":525,"name":"一級鮮果商行","city":"臺北市","district":"大安區","address":"臺北市大安區仁愛路4段408號","sample_date":"2022-01-05","project_name":"蔬果","product_category":"小漿果類","sample_item":"日本草莓","inspection_result":"不符合規定","violation_reason":"殺蟲劑Flonicamid 氟尼胺0.04ppm(標準：0.01ppm以下)","postal_code":"106","source_type":"食品抽驗不合格","source_dataset":"臺北市衛生局食品抽驗不合格清冊","source_url":"https://data.taipei/api/dataset/09a917a0-0fb5-47e1-957c-5f1268fba517/resource/bc24a40f-5687-4338-8f9a-449de248ab93/download","geocoding_address":"臺北市大安區仁愛路4段408號","location_method":"OpenStreetMap道路/地名定位","violation_count":1},"geometry":{"type":"Point","coordinates":[121.5511194,25.0366083]}},{"type":"Feature","properties":{"data_time":"2022-01-05","source_row_no":526,"name":"一級鮮果商行","city":"臺北市","district":"大安區","address":"臺北市大安區仁愛路4段408號","sample_date":"2022-01-05","project_name":"蔬果","product_category":"柑桔類","sample_item":"鹿兒島金桔","inspection_result":"不符合規定","violation_reason":"殺蟲劑Flubendiamide 氟大滅0.02ppm(標準：不得檢出) \n殺菌劑Iprodione 依普同0.04ppm(標準：0.01ppm以下)","postal_code":"106","source_type":"食品抽驗不合格","source_dataset":"臺北市衛生局食品抽驗不合格清冊","source_url":"https://data.taipei/api/dataset/09a917a0-0fb5-47e1-957c-5f1268fba517/resource/bc24a40f-5687-4338-8f9a-449de248ab93/download","geocoding_address":"臺北市大安區仁愛路4段408號","location_method":"OpenStreetMap道路/地名定位","violation_count":1},"geometry":{"type":"Point","coordinates":[121.5511194,25.0366083]}},{"type":"Feature","properties":{"data_time":"2022-01-05","source_row_no":527,"name":"兆洋餐飲事業股份有限公司台北忠孝二分公司(築間幸福鍋物)","city":"臺北市","district":"大安區","address":"臺北市大安區忠孝東路4段120號2樓、120號2樓之1","sample_date":"2022-01-05","project_name":"蔬果","product_category":"小葉菜類","sample_item":"苳萵（茼蒿）","inspection_result":"不符合規定","violation_reason":"殺菌劑Boscalid 白克列14.9ppm(標準：4.0ppm以下) \n殺菌劑Difenoconazole 待克利3.5ppm(標準：1.0ppm以下) \n殺菌劑Dimethomorph 達滅芬4.9ppm(標準：2.5ppm以下)","postal_code":"106","source_type":"食品抽驗不合格","source_dataset":"臺北市衛生局食品抽驗不合格清冊","source_url":"https://data.taipei/api/dataset/09a917a0-0fb5-47e1-957c-5f1268fba517/resource/bc24a40f-5687-4338-8f9a-449de248ab93/download","geocoding_address":"臺北市大安區忠孝東路4段120號2樓、120號2樓之1","location_method":"OpenStreetMap道路/地名定位","violation_count":1},"geometry":{"type":"Point","coordinates":[121.5437759,25.0415569]}},{"type":"Feature","properties":{"data_time":"2022-01-06","source_row_no":528,"name":"第一果菜批發市場蔬菜零批場地號108","city":"臺北市","district":"萬華區","address":"臺北市萬華區萬大路533號","sample_date":"2022-01-06","project_name":"蔬果","product_category":"包葉菜類","sample_item":"包心白菜","inspection_result":"不符合規定","violation_reason":"殺蟲劑Fenvalerate 芬化利0.6ppm(標準：0.5ppm以下)","postal_code":"108","source_type":"食品抽驗不合格","source_dataset":"臺北市衛生局食品抽驗不合格清冊","source_url":"https://data.taipei/api/dataset/09a917a0-0fb5-47e1-957c-5f1268fba517/resource/bc24a40f-5687-4338-8f9a-449de248ab93/download","geocoding_address":"臺北市萬華區萬大路533號","location_method":"臺北市門牌位置數值資料","violation_count":1},"geometry":{"type":"Point","coordinates":[121.49713199522044,25.018499829728977]}},{"type":"Feature","properties":{"data_time":"2022-01-06","source_row_no":529,"name":"梅林水果行","city":"臺北市","district":"中正區","address":"臺北市中正區開封街1段81、83號1樓","sample_date":"2022-01-06","project_name":"蔬果","product_category":"小漿果類","sample_item":"日本櫻桃草莓","inspection_result":"不符合規定","violation_reason":"殺蟲劑Flonicamid 氟尼胺0.16ppm(標準：0.01ppm以下)","postal_code":"100","source_type":"食品抽驗不合格","source_dataset":"臺北市衛生局食品抽驗不合格清冊","source_url":"https://data.taipei/api/dataset/09a917a0-0fb5-47e1-957c-5f1268fba517/resource/bc24a40f-5687-4338-8f9a-449de248ab93/download","geocoding_address":"臺北市中正區開封街1段81、83號1樓","location_method":"OpenStreetMap道路/地名定位","violation_count":1},"geometry":{"type":"Point","coordinates":[121.5141362,25.0459823]}},{"type":"Feature","properties":{"data_time":"2022-02-15","source_row_no":530,"name":"茂億食品行(天然素食批發商)","city":"臺北市","district":"中山區","address":"臺北市中山區民族東路410巷2弄16號1號","sample_date":"2022-02-15","project_name":"祭祀食品","product_category":"豆乾類","sample_item":"豆干絲","inspection_result":"不符合規定","violation_reason":"檢出過氧化氫為陽性(不得檢出)","postal_code":"104","source_type":"食品抽驗不合格","source_dataset":"臺北市衛生局食品抽驗不合格清冊","source_url":"https://data.taipei/api/dataset/09a917a0-0fb5-47e1-957c-5f1268fba517/resource/bc24a40f-5687-4338-8f9a-449de248ab93/download","geocoding_address":"臺北市中山區民族東路410巷2弄16號1號","location_method":"臺北市門牌位置數值資料","violation_count":1},"geometry":{"type":"Point","coordinates":[121.53753868630712,25.066754945429313]}},{"type":"Feature","properties":{"data_time":"2022-02-16","source_row_no":531,"name":"77潤餅刈包","city":"臺北市","district":"內湖區","address":"臺北市內湖區內湖路1段737巷50弄41號","sample_date":"2022-02-16","project_name":"祭祀食品","product_category":"花生粉","sample_item":"花生粉","inspection_result":"不符合規定","violation_reason":"檢出總黃麴毒素(B1+B2+G1+G2) 6.2 μg/kg(4μg/kg以下)、黃麴毒素B1 5.1μg/kg(2μg/kg以下)","postal_code":"114","source_type":"食品抽驗不合格","source_dataset":"臺北市衛生局食品抽驗不合格清冊","source_url":"https://data.taipei/api/dataset/09a917a0-0fb5-47e1-957c-5f1268fba517/resource/bc24a40f-5687-4338-8f9a-449de248ab93/download","geocoding_address":"臺北市內湖區內湖路1段737巷50弄41號","location_method":"OpenStreetMap道路/地名定位","violation_count":1},"geometry":{"type":"Point","coordinates":[121.5611029,25.084396]}},{"type":"Feature","properties":{"data_time":"2022-02-17","source_row_no":532,"name":"正宗現做潤餅","city":"臺北市","district":"信義區","address":"臺北市信義區松山路541巷1號","sample_date":"2022-02-17","project_name":"祭祀食品","product_category":"豆乾類","sample_item":"豆干丁","inspection_result":"不符合規定","violation_reason":"檢出苯甲酸1.68 g/kg(標準：0.6 g/kg)、過氧化氫為陽性(不得檢出)","postal_code":"110","source_type":"食品抽驗不合格","source_dataset":"臺北市衛生局食品抽驗不合格清冊","source_url":"https://data.taipei/api/dataset/09a917a0-0fb5-47e1-957c-5f1268fba517/resource/bc24a40f-5687-4338-8f9a-449de248ab93/download","geocoding_address":"臺北市信義區松山路541巷1號","location_method":"臺北市門牌位置數值資料","violation_count":1},"geometry":{"type":"Point","coordinates":[121.57831330294344,25.037808759326587]}},{"type":"Feature","properties":{"data_time":"2022-02-18","source_row_no":533,"name":"高發豆腐店","city":"臺北市","district":"北投區","address":"臺北市北投區新市街30號(200攤號)","sample_date":"2022-02-18","project_name":"祭祀食品","product_category":"豆乾類","sample_item":"豆干絲(基因改造)","inspection_result":"不符合規定","violation_reason":"檢出過氧化氫為陽性(不得檢出)","postal_code":"112","source_type":"食品抽驗不合格","source_dataset":"臺北市衛生局食品抽驗不合格清冊","source_url":"https://data.taipei/api/dataset/09a917a0-0fb5-47e1-957c-5f1268fba517/resource/bc24a40f-5687-4338-8f9a-449de248ab93/download","geocoding_address":"臺北市北投區新市街30號(200攤號)","location_method":"臺北市門牌位置數值資料","violation_count":1},"geometry":{"type":"Point","coordinates":[121.50273533659512,25.132673436884225]}},{"type":"Feature","properties":{"data_time":"2022-03-01","source_row_no":534,"name":"新光三越百貨股份有限公司台北南西分公司","city":"臺北市","district":"中山區","address":"臺北市中山區南京西路12號地下2層","sample_date":"2022-03-01","project_name":"蔬果","product_category":"小漿果類","sample_item":"PC-福岡草莓s","inspection_result":"不符合規定","violation_reason":"殺菌劑Isopyrazam 亞派占0.50ppm(標準：不得檢出) \n殺蟎劑Spirotetramat 賜派滅0.04ppm(標準：不得檢出) \n殺蟲劑Thiacloprid 賽果培0.11ppm(標準：0.01ppm以下)","postal_code":"104","source_type":"食品抽驗不合格","source_dataset":"臺北市衛生局食品抽驗不合格清冊","source_url":"https://data.taipei/api/dataset/09a917a0-0fb5-47e1-957c-5f1268fba517/resource/bc24a40f-5687-4338-8f9a-449de248ab93/download","geocoding_address":"臺北市中山區南京西路12號地下2層","location_method":"臺北市門牌位置數值資料","violation_count":1},"geometry":{"type":"Point","coordinates":[121.52124488409001,25.052327206200964]}},{"type":"Feature","properties":{"data_time":"2022-03-02","source_row_no":535,"name":"森林森水果行(農林水果)","city":"臺北市","district":"中正區","address":"臺北市中正區衡陽路36號1樓","sample_date":"2022-03-02","project_name":"蔬果","product_category":"柑桔類","sample_item":"金桔","inspection_result":"不符合規定","violation_reason":"殺蟎劑Bifenazate 必芬蟎0.13ppm(標準：不得檢出)","postal_code":"100","source_type":"食品抽驗不合格","source_dataset":"臺北市衛生局食品抽驗不合格清冊","source_url":"https://data.taipei/api/dataset/09a917a0-0fb5-47e1-957c-5f1268fba517/resource/bc24a40f-5687-4338-8f9a-449de248ab93/download","geocoding_address":"臺北市中正區衡陽路36號1樓","location_method":"臺北市門牌位置數值資料","violation_count":1},"geometry":{"type":"Point","coordinates":[121.51249787435947,25.04219830182602]}},{"type":"Feature","properties":{"data_time":"2022-02-14","source_row_no":536,"name":"懷結堂藥行有限公司","city":"臺北市","district":"大同區","address":"臺北市大同區迪化街1段107號","sample_date":"2022-02-14","project_name":"茶葉、花草茶","product_category":"花草茶","sample_item":"粉紅玫瑰","inspection_result":"不符合規定","violation_reason":"殺菌劑Penconazole 平克座0.14ppm(標準:0.05ppm以下)","postal_code":"103","source_type":"食品抽驗不合格","source_dataset":"臺北市衛生局食品抽驗不合格清冊","source_url":"https://data.taipei/api/dataset/09a917a0-0fb5-47e1-957c-5f1268fba517/resource/bc24a40f-5687-4338-8f9a-449de248ab93/download","geocoding_address":"臺北市大同區迪化街1段107號","location_method":"OpenStreetMap道路/地名定位","violation_count":1},"geometry":{"type":"Point","coordinates":[121.509465,25.0593569]}},{"type":"Feature","properties":{"data_time":"2022-02-14","source_row_no":537,"name":"馬東小吃店〈馬辣忠孝店〉","city":"臺北市","district":"大安區","address":"臺北市大安區忠孝東路4段223巷10弄4號","sample_date":"2022-02-14","project_name":"茶葉、花草茶","product_category":"花草茶","sample_item":"粉玫瑰","inspection_result":"不符合規定","violation_reason":"殺蟲劑Phosalone 裕必松0.07ppm(標準:不得檢出)","postal_code":"106","source_type":"食品抽驗不合格","source_dataset":"臺北市衛生局食品抽驗不合格清冊","source_url":"https://data.taipei/api/dataset/09a917a0-0fb5-47e1-957c-5f1268fba517/resource/bc24a40f-5687-4338-8f9a-449de248ab93/download","geocoding_address":"臺北市大安區忠孝東路4段223巷10弄4號","location_method":"OpenStreetMap道路/地名定位","violation_count":1},"geometry":{"type":"Point","coordinates":[121.5437759,25.0415569]}},{"type":"Feature","properties":{"data_time":"2022-02-15","source_row_no":538,"name":"勝元堂參藥行","city":"臺北市","district":"大同區","address":"臺北市大同區民生西路330號1樓","sample_date":"2022-02-15","project_name":"茶葉、花草茶","product_category":"花草茶","sample_item":"玫瑰花(粉紅)","inspection_result":"不符合規定","violation_reason":"殺蟲劑Indoxacarb 因得克0.09ppm(標準:0.01ppm)\t\n殺菌劑Iprodione 依普同0.16ppm(標準:0.05ppm)","postal_code":"103","source_type":"食品抽驗不合格","source_dataset":"臺北市衛生局食品抽驗不合格清冊","source_url":"https://data.taipei/api/dataset/09a917a0-0fb5-47e1-957c-5f1268fba517/resource/bc24a40f-5687-4338-8f9a-449de248ab93/download","geocoding_address":"臺北市大同區民生西路330號1樓","location_method":"臺北市門牌位置數值資料","violation_count":1},"geometry":{"type":"Point","coordinates":[121.51122541100462,25.05686022284647]}},{"type":"Feature","properties":{"data_time":"2022-02-15","source_row_no":539,"name":"崔志光","city":"臺北市","district":"士林區","address":"臺北市士林區菁山路101巷8號","sample_date":"2022-02-15","project_name":"茶葉、花草茶","product_category":"花草茶","sample_item":"薄荷葉","inspection_result":"不符合規定","violation_reason":"殺蟲劑Indoxacarb 因得克0.42ppm(標準:其他蔬果*0.01ppm)\n殺菌劑Metalaxyl 滅達樂0.03ppm(標準:不得檢出)","postal_code":"111","source_type":"食品抽驗不合格","source_dataset":"臺北市衛生局食品抽驗不合格清冊","source_url":"https://data.taipei/api/dataset/09a917a0-0fb5-47e1-957c-5f1268fba517/resource/bc24a40f-5687-4338-8f9a-449de248ab93/download","geocoding_address":"臺北市士林區菁山路101巷8號","location_method":"OpenStreetMap道路/地名定位","violation_count":1},"geometry":{"type":"Point","coordinates":[121.5519124,25.1403605]}},{"type":"Feature","properties":{"data_time":"2022-03-02","source_row_no":540,"name":"台北市農會蔬果舖子","city":"臺北市","district":"大安區","address":"臺北市大安區復興南路1段340巷旁空地","sample_date":"2022-03-02","project_name":"生鮮禽畜肉品","product_category":"雞蛋","sample_item":"牧草酵素蛋","inspection_result":"不符合規定","violation_reason":"磺胺喹啉(sulfaquinoxaline) 0.3ppm (標準:0.1ppm)","postal_code":"106","source_type":"食品抽驗不合格","source_dataset":"臺北市衛生局食品抽驗不合格清冊","source_url":"https://data.taipei/api/dataset/09a917a0-0fb5-47e1-957c-5f1268fba517/resource/bc24a40f-5687-4338-8f9a-449de248ab93/download","geocoding_address":"臺北市大安區復興南路1段340巷旁空地","location_method":"OpenStreetMap道路/地名定位","violation_count":1},"geometry":{"type":"Point","coordinates":[121.5436866,25.0398576]}},{"type":"Feature","properties":{"data_time":"2022-04-08","source_row_no":541,"name":"六六製麵","city":"臺北市","district":"士林區","address":"臺北市士林區德行東路109巷107號(士東市場旁)","sample_date":"2022-04-08","project_name":"米濕製品","product_category":"糕粿糬類製品","sample_item":"港式蘿蔔糕","inspection_result":"不符合規定","violation_reason":"苯甲酸 0.57 g/kg(標準：1.0 /g/kg)","postal_code":"111","source_type":"食品抽驗不合格","source_dataset":"臺北市衛生局食品抽驗不合格清冊","source_url":"https://data.taipei/api/dataset/09a917a0-0fb5-47e1-957c-5f1268fba517/resource/bc24a40f-5687-4338-8f9a-449de248ab93/download","geocoding_address":"臺北市士林區德行東路109巷107號(士東市場旁)","location_method":"臺北市門牌位置數值資料","violation_count":1},"geometry":{"type":"Point","coordinates":[121.52872993700473,25.111233912345156]}},{"type":"Feature","properties":{"data_time":"2022-04-07","source_row_no":542,"name":"太平洋崇光百貨股份有限公司(Fresh Mart)","city":"臺北市","district":"大安區","address":"臺北市大安區忠孝東路4段45號B2樓","sample_date":"2022-04-07","project_name":"生鮮水產品","product_category":"軟體動物","sample_item":"一口小章魚","inspection_result":"不符合規定","violation_reason":"鎘：3 mg/kg\n(標準：1 mg/kg)","postal_code":"106","source_type":"食品抽驗不合格","source_dataset":"臺北市衛生局食品抽驗不合格清冊","source_url":"https://data.taipei/api/dataset/09a917a0-0fb5-47e1-957c-5f1268fba517/resource/bc24a40f-5687-4338-8f9a-449de248ab93/download","geocoding_address":"臺北市大安區忠孝東路4段45號B2樓","location_method":"OpenStreetMap道路/地名定位","violation_count":1},"geometry":{"type":"Point","coordinates":[121.5437759,25.0415569]}},{"type":"Feature","properties":{"data_time":"2022-04-11","source_row_no":543,"name":"壹舍國際股份有限公司(真心台菜餐廳)","city":"臺北市","district":"信義區","address":"臺北市信義區松智路17號4樓","sample_date":"2022-04-11","project_name":"蔬果","product_category":"小葉菜類","sample_item":"九層塔(羅勒)","inspection_result":"不符合規定","violation_reason":"殺蟲劑Chlorpyrifos 陶斯松0.07ppm(標準： 0.01ppm以下)","postal_code":"110","source_type":"食品抽驗不合格","source_dataset":"臺北市衛生局食品抽驗不合格清冊","source_url":"https://data.taipei/api/dataset/09a917a0-0fb5-47e1-957c-5f1268fba517/resource/bc24a40f-5687-4338-8f9a-449de248ab93/download","geocoding_address":"臺北市信義區松智路17號4樓","location_method":"臺北市門牌位置數值資料","violation_count":1},"geometry":{"type":"Point","coordinates":[121.56577446874343,25.034435303788925]}},{"type":"Feature","properties":{"data_time":"2022-04-08","source_row_no":544,"name":"新潔水菓行(新豐水果店)","city":"臺北市","district":"士林區","address":"臺北市士林區天母西路69號","sample_date":"2022-04-08","project_name":"蔬果","product_category":"柑桔類","sample_item":"春姫金柑","inspection_result":"不符合規定","violation_reason":"殺菌劑Iprodione 依普同0.03ppm(標準：0.01ppm以下)","postal_code":"111","source_type":"食品抽驗不合格","source_dataset":"臺北市衛生局食品抽驗不合格清冊","source_url":"https://data.taipei/api/dataset/09a917a0-0fb5-47e1-957c-5f1268fba517/resource/bc24a40f-5687-4338-8f9a-449de248ab93/download","geocoding_address":"臺北市士林區天母西路69號","location_method":"臺北市門牌位置數值資料","violation_count":1},"geometry":{"type":"Point","coordinates":[121.52553540949074,25.118553776312403]}},{"type":"Feature","properties":{"data_time":"2022-05-05","source_row_no":545,"name":"百特蔬果行","city":"臺北市","district":"松山區","address":"臺北市松山區民生東路5段20號","sample_date":"2022-05-05","project_name":"蔬果","product_category":"香辛植物及其他草木本植物","sample_item":"香菜(芫荽)","inspection_result":"不符合規定","violation_reason":"殺蟲劑Phenthoate 賽達松0.05ppm(標準：0.01ppm以下)","postal_code":"105","source_type":"食品抽驗不合格","source_dataset":"臺北市衛生局食品抽驗不合格清冊","source_url":"https://data.taipei/api/dataset/09a917a0-0fb5-47e1-957c-5f1268fba517/resource/bc24a40f-5687-4338-8f9a-449de248ab93/download","geocoding_address":"臺北市松山區民生東路5段20號","location_method":"OpenStreetMap道路/地名定位","violation_count":1},"geometry":{"type":"Point","coordinates":[121.5624309,25.0588611]}},{"type":"Feature","properties":{"data_time":"2022-05-03","source_row_no":546,"name":"惠民蔬果量販店","city":"臺北市","district":"信義區","address":"臺北市信義區吳興街157號","sample_date":"2022-05-03","project_name":"蔬果","product_category":"小葉菜類","sample_item":"九層塔(羅勒)","inspection_result":"不符合規定","violation_reason":"殺蟲劑Chlorfenapyr 克凡派1.4ppm(標準： 1.0ppm以下)","postal_code":"110","source_type":"食品抽驗不合格","source_dataset":"臺北市衛生局食品抽驗不合格清冊","source_url":"https://data.taipei/api/dataset/09a917a0-0fb5-47e1-957c-5f1268fba517/resource/bc24a40f-5687-4338-8f9a-449de248ab93/download","geocoding_address":"臺北市信義區吳興街157號","location_method":"臺北市門牌位置數值資料","violation_count":1},"geometry":{"type":"Point","coordinates":[121.5620810464899,25.029091123873762]}},{"type":"Feature","properties":{"data_time":"2022-05-03","source_row_no":547,"name":"全聯實業股份有限公司台北吉林分公司","city":"臺北市","district":"中山區","address":"臺北市中山區吉林路213、215、217、219號1樓","sample_date":"2022-05-03","project_name":"蔬果","product_category":"瓜菜類","sample_item":"絲瓜","inspection_result":"不符合規定","violation_reason":"殺菌劑Procymidone 撲滅寧3.1ppm(標準：2.0ppm以下)","postal_code":"104","source_type":"食品抽驗不合格","source_dataset":"臺北市衛生局食品抽驗不合格清冊","source_url":"https://data.taipei/api/dataset/09a917a0-0fb5-47e1-957c-5f1268fba517/resource/bc24a40f-5687-4338-8f9a-449de248ab93/download","geocoding_address":"臺北市中山區吉林路213、215、217、219號1樓","location_method":"臺北市門牌位置數值資料","violation_count":1},"geometry":{"type":"Point","coordinates":[121.53040369802225,25.06059863762735]}},{"type":"Feature","properties":{"data_time":"2022-05-04","source_row_no":548,"name":"茂昌菓菜行(茂昌蔬果)","city":"臺北市","district":"萬華區","address":"臺北市萬華區富民路155巷27號1樓","sample_date":"2022-05-04","project_name":"蔬果","product_category":"瓜菜類","sample_item":"栗子南瓜","inspection_result":"不符合規定","violation_reason":"殺菌劑Tebuconazole 得克利0.10ppm(標準：0.01ppm以下)","postal_code":"108","source_type":"食品抽驗不合格","source_dataset":"臺北市衛生局食品抽驗不合格清冊","source_url":"https://data.taipei/api/dataset/09a917a0-0fb5-47e1-957c-5f1268fba517/resource/bc24a40f-5687-4338-8f9a-449de248ab93/download","geocoding_address":"臺北市萬華區富民路155巷27號1樓","location_method":"臺北市門牌位置數值資料","violation_count":1},"geometry":{"type":"Point","coordinates":[121.50074501380375,25.0182916665694]}},{"type":"Feature","properties":{"data_time":"2022-05-05","source_row_no":549,"name":"家福股份有限公司三民分公司","city":"臺北市","district":"松山區","address":"臺北市松山區三民路160號","sample_date":"2022-05-05","project_name":"蔬果","product_category":"乾豆類","sample_item":"家樂福綠豆(有效日期1120426)","inspection_result":"不符合規定","violation_reason":"殺蟲劑Diflubenzuron 二福隆0.03ppm(標準：0.01ppm以下)","postal_code":"105","source_type":"食品抽驗不合格","source_dataset":"臺北市衛生局食品抽驗不合格清冊","source_url":"https://data.taipei/api/dataset/09a917a0-0fb5-47e1-957c-5f1268fba517/resource/bc24a40f-5687-4338-8f9a-449de248ab93/download","geocoding_address":"臺北市松山區三民路160號","location_method":"臺北市門牌位置數值資料","violation_count":1},"geometry":{"type":"Point","coordinates":[121.56353885965517,25.061650665913803]}},{"type":"Feature","properties":{"data_time":"2022-05-09","source_row_no":550,"name":"錫安商行(波囍)","city":"臺北市","district":"中正區","address":"臺北市中正區羅斯福路3段316巷2號1樓","sample_date":"2022-05-09","project_name":"散裝飲冰品及配料","product_category":"飲料","sample_item":"經典紅韻(含冰塊)","inspection_result":"不符合規定","violation_reason":"衛生標準","postal_code":"100","source_type":"食品抽驗不合格","source_dataset":"臺北市衛生局食品抽驗不合格清冊","source_url":"https://data.taipei/api/dataset/09a917a0-0fb5-47e1-957c-5f1268fba517/resource/bc24a40f-5687-4338-8f9a-449de248ab93/download","geocoding_address":"臺北市中正區羅斯福路3段316巷2號1樓","location_method":"OpenStreetMap道路/地名定位","violation_count":1},"geometry":{"type":"Point","coordinates":[121.5293258,25.0210343]}},{"type":"Feature","properties":{"data_time":"2022-05-10","source_row_no":551,"name":"鼎茶飲品店(龜記北投石牌店)","city":"臺北市","district":"北投區","address":"臺北市北投區石牌路2段124號1樓","sample_date":"2022-05-10","project_name":"散裝飲冰品及配料","product_category":"飲料","sample_item":"紅水烏龍(含冰塊)","inspection_result":"不符合規定","violation_reason":"衛生標準","postal_code":"112","source_type":"食品抽驗不合格","source_dataset":"臺北市衛生局食品抽驗不合格清冊","source_url":"https://data.taipei/api/dataset/09a917a0-0fb5-47e1-957c-5f1268fba517/resource/bc24a40f-5687-4338-8f9a-449de248ab93/download","geocoding_address":"臺北市北投區石牌路2段124號1樓","location_method":"OpenStreetMap道路/地名定位","violation_count":1},"geometry":{"type":"Point","coordinates":[121.525636,25.1236382]}},{"type":"Feature","properties":{"data_time":"2022-05-10","source_row_no":552,"name":"鼎茶飲品店(龜記北投石牌店)","city":"臺北市","district":"北投區","address":"臺北市北投區石牌路2段124號1樓","sample_date":"2022-05-10","project_name":"散裝飲冰品及配料","product_category":"飲料","sample_item":"三韻紅萱(含冰塊)","inspection_result":"不符合規定","violation_reason":"衛生標準","postal_code":"112","source_type":"食品抽驗不合格","source_dataset":"臺北市衛生局食品抽驗不合格清冊","source_url":"https://data.taipei/api/dataset/09a917a0-0fb5-47e1-957c-5f1268fba517/resource/bc24a40f-5687-4338-8f9a-449de248ab93/download","geocoding_address":"臺北市北投區石牌路2段124號1樓","location_method":"OpenStreetMap道路/地名定位","violation_count":1},"geometry":{"type":"Point","coordinates":[121.525636,25.1236382]}},{"type":"Feature","properties":{"data_time":"2022-05-03","source_row_no":553,"name":"鵝城餐飲有限公司","city":"臺北市","district":"中山區","address":"臺北市中山區吉林路105號","sample_date":"2022-05-03","project_name":"生鮮禽畜肉品","product_category":"鵝肉","sample_item":"全鵝","inspection_result":"不符合規定","violation_reason":"Doxycycline 1.0 ppm(標準:0.1 ppm)","postal_code":"104","source_type":"食品抽驗不合格","source_dataset":"臺北市衛生局食品抽驗不合格清冊","source_url":"https://data.taipei/api/dataset/09a917a0-0fb5-47e1-957c-5f1268fba517/resource/bc24a40f-5687-4338-8f9a-449de248ab93/download","geocoding_address":"臺北市中山區吉林路105號","location_method":"臺北市門牌位置數值資料","violation_count":1},"geometry":{"type":"Point","coordinates":[121.53028826967233,25.05630819813564]}},{"type":"Feature","properties":{"data_time":"2022-06-21","source_row_no":554,"name":"上海火腿食品(南門市場B57攤)","city":"臺北市","district":"大安區","address":"臺北市大安區杭州南路2段55號","sample_date":"2022-06-21","project_name":"中元祭祀食品","product_category":"臘肉類","sample_item":"台灣臘肉","inspection_result":"不符合規定","violation_reason":"已二烯酸 2.22 g/kg\n(標準2.0 g/kg)","postal_code":"106","source_type":"食品抽驗不合格","source_dataset":"臺北市衛生局食品抽驗不合格清冊","source_url":"https://data.taipei/api/dataset/09a917a0-0fb5-47e1-957c-5f1268fba517/resource/bc24a40f-5687-4338-8f9a-449de248ab93/download","geocoding_address":"臺北市大安區杭州南路2段55號","location_method":"OpenStreetMap道路/地名定位","violation_count":1},"geometry":{"type":"Point","coordinates":[121.5222968,25.0309225]}},{"type":"Feature","properties":{"data_time":"2022-06-21","source_row_no":555,"name":"上海火腿食品(南門市場B57攤)","city":"臺北市","district":"大安區","address":"臺北市大安區杭州南路2段55號","sample_date":"2022-06-21","project_name":"中元祭祀食品","product_category":"臘肉類","sample_item":"台灣臘肉","inspection_result":"不符合規定","violation_reason":"已二烯酸 2.22 g/kg\n(標準2.0 g/kg)","postal_code":"106","source_type":"食品抽驗不合格","source_dataset":"臺北市衛生局食品抽驗不合格清冊","source_url":"https://data.taipei/api/dataset/09a917a0-0fb5-47e1-957c-5f1268fba517/resource/bc24a40f-5687-4338-8f9a-449de248ab93/download","geocoding_address":"臺北市大安區杭州南路2段55號","location_method":"OpenStreetMap道路/地名定位","violation_count":1},"geometry":{"type":"Point","coordinates":[121.5222968,25.0309225]}},{"type":"Feature","properties":{"data_time":"2022-07-05","source_row_no":556,"name":"魚金貿易有限公司民族營業所(上引水產)","city":"臺北市","district":"中山區","address":"臺北市中山區民族東路410巷2弄18號","sample_date":"2022-07-05","project_name":"蔬果","product_category":"果菜類","sample_item":"朝天椒(超市用)(辣椒)","inspection_result":"不符合規定","violation_reason":"殺菌劑Pyraclostrobin 百克敏1.0ppm(標準：0.5ppm以下)","postal_code":"104","source_type":"食品抽驗不合格","source_dataset":"臺北市衛生局食品抽驗不合格清冊","source_url":"https://data.taipei/api/dataset/09a917a0-0fb5-47e1-957c-5f1268fba517/resource/bc24a40f-5687-4338-8f9a-449de248ab93/download","geocoding_address":"臺北市中山區民族東路410巷2弄18號","location_method":"臺北市門牌位置數值資料","violation_count":1},"geometry":{"type":"Point","coordinates":[121.53672025249058,25.066713829954953]}},{"type":"Feature","properties":{"data_time":"2022-07-06","source_row_no":557,"name":"宜新蔬果行","city":"臺北市","district":"萬華區","address":"臺北市萬華區富民路155巷49之3號","sample_date":"2022-07-06","project_name":"蔬果","product_category":"小葉菜類","sample_item":"青江","inspection_result":"不符合規定","violation_reason":"殺蟲劑Chlorfenapyr 克凡派1.7ppm(標準：1.0ppm以下)","postal_code":"108","source_type":"食品抽驗不合格","source_dataset":"臺北市衛生局食品抽驗不合格清冊","source_url":"https://data.taipei/api/dataset/09a917a0-0fb5-47e1-957c-5f1268fba517/resource/bc24a40f-5687-4338-8f9a-449de248ab93/download","geocoding_address":"臺北市萬華區富民路155巷49之3號","location_method":"OpenStreetMap道路/地名定位","violation_count":1},"geometry":{"type":"Point","coordinates":[121.4987478,25.018616]}},{"type":"Feature","properties":{"data_time":"2022-06-08","source_row_no":558,"name":"萬泰醬園","city":"臺北市","district":"中正區","address":"台北市中正區永春街292、294號","sample_date":"2022-06-08","project_name":"市售醬油","product_category":"醬油","sample_item":"亞洲甲等醬油","inspection_result":"不符合規定","violation_reason":"總氮量1.26g/100ml(CNS423：甲等醬油總氮量需1.4g/100ml以上)","postal_code":"100","source_type":"食品抽驗不合格","source_dataset":"臺北市衛生局食品抽驗不合格清冊","source_url":"https://data.taipei/api/dataset/09a917a0-0fb5-47e1-957c-5f1268fba517/resource/bc24a40f-5687-4338-8f9a-449de248ab93/download","geocoding_address":"台北市中正區永春街292、294號","location_method":"臺北市門牌位置數值資料","violation_count":1},"geometry":{"type":"Point","coordinates":[121.52817160525889,25.012402890853963]}},{"type":"Feature","properties":{"data_time":"2022-07-19","source_row_no":559,"name":"全聯實業股份有限公司西門町分公司(萬華長沙店)","city":"臺北市","district":"萬華區","address":"臺北市萬華區長沙街2段110.112號1樓","sample_date":"2022-07-19","project_name":"中秋食品、烤肉食品、烤肉用容器具","product_category":"烤肉用蔬菜","sample_item":"甜椒-履歷彩色甜椒","inspection_result":"不符合規定","violation_reason":"扶吉胺Fluazinam 0.07ppm(標準：不得檢出)","postal_code":"108","source_type":"食品抽驗不合格","source_dataset":"臺北市衛生局食品抽驗不合格清冊","source_url":"https://data.taipei/api/dataset/09a917a0-0fb5-47e1-957c-5f1268fba517/resource/bc24a40f-5687-4338-8f9a-449de248ab93/download","geocoding_address":"臺北市萬華區長沙街2段110.112號1樓","location_method":"OpenStreetMap道路/地名定位","violation_count":1},"geometry":{"type":"Point","coordinates":[121.5009386,25.0408792]}},{"type":"Feature","properties":{"data_time":"2022-08-02","source_row_no":560,"name":"全聯實業股份有限公司台北北投分公司(全聯福利中心)","city":"臺北市","district":"北投區","address":"臺北市北投區北投路2段11號","sample_date":"2022-08-02","project_name":"中秋食品、烤肉食品、烤肉用容器具","product_category":"烤肉用蔬菜","sample_item":"進口蘿蔔(白蘿蔔)","inspection_result":"不符合規定","violation_reason":"殺蟲劑Thiamethoxam 賽速安0.37ppm(標準：0.25ppm以下)","postal_code":"112","source_type":"食品抽驗不合格","source_dataset":"臺北市衛生局食品抽驗不合格清冊","source_url":"https://data.taipei/api/dataset/09a917a0-0fb5-47e1-957c-5f1268fba517/resource/bc24a40f-5687-4338-8f9a-449de248ab93/download","geocoding_address":"臺北市北投區北投路2段11號","location_method":"OpenStreetMap道路/地名定位","violation_count":1},"geometry":{"type":"Point","coordinates":[121.4976364,25.1317489]}},{"type":"Feature","properties":{"data_time":"2022-08-02","source_row_no":561,"name":"全聯實業股份有限公司台北北投分公司(全聯福利中心)","city":"臺北市","district":"北投區","address":"臺北市北投區北投路2段11號","sample_date":"2022-08-02","project_name":"中秋食品、烤肉食品、烤肉用容器具","product_category":"烤肉用蔬菜","sample_item":"百香果-產銷履歷百香果","inspection_result":"不符合規定","violation_reason":"殺蟲劑Cyromazine 賽滅淨0.25ppm(標準：不得檢出)","postal_code":"112","source_type":"食品抽驗不合格","source_dataset":"臺北市衛生局食品抽驗不合格清冊","source_url":"https://data.taipei/api/dataset/09a917a0-0fb5-47e1-957c-5f1268fba517/resource/bc24a40f-5687-4338-8f9a-449de248ab93/download","geocoding_address":"臺北市北投區北投路2段11號","location_method":"OpenStreetMap道路/地名定位","violation_count":1},"geometry":{"type":"Point","coordinates":[121.4976364,25.1317489]}},{"type":"Feature","properties":{"data_time":"2022-08-02","source_row_no":562,"name":"為福樓餐廳有限公司","city":"臺北市","district":"南港區","address":"臺北市南港區忠孝東路5段996號","sample_date":"2022-08-02","project_name":"中秋食品、烤肉食品、烤肉用容器具","product_category":"烤肉用蔬菜","sample_item":"芹菜","inspection_result":"不符合規定","violation_reason":"殺菌劑Procymidone 撲滅寧5.6ppm(標準：5.0ppm以下)","postal_code":"115","source_type":"食品抽驗不合格","source_dataset":"臺北市衛生局食品抽驗不合格清冊","source_url":"https://data.taipei/api/dataset/09a917a0-0fb5-47e1-957c-5f1268fba517/resource/bc24a40f-5687-4338-8f9a-449de248ab93/download","geocoding_address":"臺北市南港區忠孝東路5段996號","location_method":"OpenStreetMap道路/地名定位","violation_count":1},"geometry":{"type":"Point","coordinates":[121.5816073,25.0436679]}},{"type":"Feature","properties":{"data_time":"2022-08-02","source_row_no":563,"name":"永祥蔬果行","city":"臺北市","district":"南港區","address":"臺北市南港區同德路77號","sample_date":"2022-08-02","project_name":"中秋食品、烤肉食品、烤肉用容器具","product_category":"烤肉用蔬菜","sample_item":"青江菜","inspection_result":"不符合規定","violation_reason":"殺蟲劑Chlorfenapyr 克凡派1.4ppm(標準：1.0ppm以下)","postal_code":"115","source_type":"食品抽驗不合格","source_dataset":"臺北市衛生局食品抽驗不合格清冊","source_url":"https://data.taipei/api/dataset/09a917a0-0fb5-47e1-957c-5f1268fba517/resource/bc24a40f-5687-4338-8f9a-449de248ab93/download","geocoding_address":"臺北市南港區同德路77號","location_method":"臺北市門牌位置數值資料","violation_count":1},"geometry":{"type":"Point","coordinates":[121.58528806873564,25.045972426073654]}},{"type":"Feature","properties":{"data_time":"2022-08-01","source_row_no":564,"name":"八方行食品股份有限公司(八方行)","city":"臺北市","district":"中山區","address":"臺北市中山區民族東路410巷23弄1號1樓","sample_date":"2022-08-01","project_name":"中秋食品、烤肉食品、烤肉用容器具","product_category":"烤肉用蔬菜","sample_item":"冷凍青花菜（有效日期：20231201）","inspection_result":"不符合規定","violation_reason":"生長調節劑Chlormequat 克美素0.04ppm(標準：不得檢出)","postal_code":"104","source_type":"食品抽驗不合格","source_dataset":"臺北市衛生局食品抽驗不合格清冊","source_url":"https://data.taipei/api/dataset/09a917a0-0fb5-47e1-957c-5f1268fba517/resource/bc24a40f-5687-4338-8f9a-449de248ab93/download","geocoding_address":"臺北市中山區民族東路410巷23弄1號1樓","location_method":"臺北市門牌位置數值資料","violation_count":1},"geometry":{"type":"Point","coordinates":[121.5386261128448,25.066905495151858]}},{"type":"Feature","properties":{"data_time":"2022-08-02","source_row_no":565,"name":"暢記蔬果行(蔬果行)","city":"臺北市","district":"中山區","address":"臺北市中山區德惠街112號1樓","sample_date":"2022-08-02","project_name":"中秋食品、烤肉食品、烤肉用容器具","product_category":"烤肉用蔬菜","sample_item":"芥藍芽","inspection_result":"不符合規定","violation_reason":"殺蟲劑Emamectin benzoate 因滅汀0.10ppm(標準：0.05ppm以下)","postal_code":"104","source_type":"食品抽驗不合格","source_dataset":"臺北市衛生局食品抽驗不合格清冊","source_url":"https://data.taipei/api/dataset/09a917a0-0fb5-47e1-957c-5f1268fba517/resource/bc24a40f-5687-4338-8f9a-449de248ab93/download","geocoding_address":"臺北市中山區德惠街112號1樓","location_method":"臺北市門牌位置數值資料","violation_count":1},"geometry":{"type":"Point","coordinates":[121.5295648408621,25.066505076140718]}},{"type":"Feature","properties":{"data_time":"2022-08-02","source_row_no":566,"name":"大苑子士林文林店","city":"臺北市","district":"士林區","address":"臺北市士林區文林路20號","sample_date":"2022-08-02","project_name":"中秋食品、烤肉食品、烤肉用容器具","product_category":"烤肉用蔬菜","sample_item":"檸檬","inspection_result":"不符合規定","violation_reason":"殺蟲劑Chlorpyrifos 陶斯松0.02ppm(標準：0.01ppm以下)","postal_code":"111","source_type":"食品抽驗不合格","source_dataset":"臺北市衛生局食品抽驗不合格清冊","source_url":"https://data.taipei/api/dataset/09a917a0-0fb5-47e1-957c-5f1268fba517/resource/bc24a40f-5687-4338-8f9a-449de248ab93/download","geocoding_address":"臺北市士林區文林路20號","location_method":"臺北市門牌位置數值資料","violation_count":1},"geometry":{"type":"Point","coordinates":[121.5255609220577,25.0864577514071]}},{"type":"Feature","properties":{"data_time":"2022-08-03","source_row_no":567,"name":"日鮮蔬果專賣店","city":"臺北市","district":"萬華區","address":"臺北市萬華區貴陽街2段137號","sample_date":"2022-08-03","project_name":"中秋食品、烤肉食品、烤肉用容器具","product_category":"烤肉用蔬菜","sample_item":"敏豆(菜豆)","inspection_result":"不符合規定","violation_reason":"殺蟲劑Metaflumizone 美氟綜0.13ppm(標準：0.01ppm以下)","postal_code":"108","source_type":"食品抽驗不合格","source_dataset":"臺北市衛生局食品抽驗不合格清冊","source_url":"https://data.taipei/api/dataset/09a917a0-0fb5-47e1-957c-5f1268fba517/resource/bc24a40f-5687-4338-8f9a-449de248ab93/download","geocoding_address":"臺北市萬華區貴陽街2段137號","location_method":"OpenStreetMap道路/地名定位","violation_count":1},"geometry":{"type":"Point","coordinates":[121.5063921,25.0393921]}},{"type":"Feature","properties":{"data_time":"2022-08-03","source_row_no":568,"name":"涮乃葉統一時代市府店","city":"臺北市","district":"信義區","address":"臺北市信義區忠孝東路5段8號3樓","sample_date":"2022-08-03","project_name":"中秋食品、烤肉食品、烤肉用容器具","product_category":"烤肉用蔬菜","sample_item":"青江菜","inspection_result":"不符合規定","violation_reason":"殺蟲劑Abamectin 阿巴汀0.16ppm(標準：0.05ppm以下)","postal_code":"110","source_type":"食品抽驗不合格","source_dataset":"臺北市衛生局食品抽驗不合格清冊","source_url":"https://data.taipei/api/dataset/09a917a0-0fb5-47e1-957c-5f1268fba517/resource/bc24a40f-5687-4338-8f9a-449de248ab93/download","geocoding_address":"臺北市信義區忠孝東路5段8號3樓","location_method":"OpenStreetMap道路/地名定位","violation_count":1},"geometry":{"type":"Point","coordinates":[121.5728413,25.0410057]}},{"type":"Feature","properties":{"data_time":"2022-08-03","source_row_no":569,"name":"鎮饌股份有限公司(台北彭園會館)","city":"臺北市","district":"信義區","address":"臺北市信義區忠孝東路5段297號5樓","sample_date":"2022-08-03","project_name":"中秋食品、烤肉食品、烤肉用容器具","product_category":"烤肉用蔬菜","sample_item":"芹菜","inspection_result":"不符合規定","violation_reason":"殺蟲劑Chlorpyrifos 陶斯松0.03ppm(標準：0.01ppm以下)","postal_code":"110","source_type":"食品抽驗不合格","source_dataset":"臺北市衛生局食品抽驗不合格清冊","source_url":"https://data.taipei/api/dataset/09a917a0-0fb5-47e1-957c-5f1268fba517/resource/bc24a40f-5687-4338-8f9a-449de248ab93/download","geocoding_address":"臺北市信義區忠孝東路5段297號5樓","location_method":"OpenStreetMap道路/地名定位","violation_count":1},"geometry":{"type":"Point","coordinates":[121.5728413,25.0410057]}},{"type":"Feature","properties":{"data_time":"2022-08-02","source_row_no":570,"name":"阿一蔬果有限公司","city":"臺北市","district":"南港區","address":"臺北市南港區忠孝東路6段85號","sample_date":"2022-08-02","project_name":"蔬果","product_category":"核果類","sample_item":"龍眼","inspection_result":"不符合規定","violation_reason":"殺蟲劑Pyriproxyfen 百利普芬0.09ppm(標準：0.01ppm以下)","postal_code":"115","source_type":"食品抽驗不合格","source_dataset":"臺北市衛生局食品抽驗不合格清冊","source_url":"https://data.taipei/api/dataset/09a917a0-0fb5-47e1-957c-5f1268fba517/resource/bc24a40f-5687-4338-8f9a-449de248ab93/download","geocoding_address":"臺北市南港區忠孝東路6段85號","location_method":"OpenStreetMap道路/地名定位","violation_count":1},"geometry":{"type":"Point","coordinates":[121.5881605,25.0489915]}},{"type":"Feature","properties":{"data_time":"2022-08-01","source_row_no":571,"name":"美麗華城市發展股份有限公司(時時香美麗華店)","city":"臺北市","district":"中山區","address":"臺北市中山區敬業三路20號5樓","sample_date":"2022-08-01","project_name":"蔬果","product_category":"果菜類","sample_item":"大辣椒","inspection_result":"不符合規定","violation_reason":"殺蟲劑Chlorfenapyr 克凡派0.6ppm(標準：0.5ppm以下)","postal_code":"104","source_type":"食品抽驗不合格","source_dataset":"臺北市衛生局食品抽驗不合格清冊","source_url":"https://data.taipei/api/dataset/09a917a0-0fb5-47e1-957c-5f1268fba517/resource/bc24a40f-5687-4338-8f9a-449de248ab93/download","geocoding_address":"臺北市中山區敬業三路20號5樓","location_method":"臺北市門牌位置數值資料","violation_count":1},"geometry":{"type":"Point","coordinates":[121.55669866517573,25.083374665653366]}},{"type":"Feature","properties":{"data_time":"2022-08-03","source_row_no":572,"name":"富安蔬果行","city":"臺北市","district":"信義區","address":"臺北市信義區吳興街208號1樓","sample_date":"2022-08-03","project_name":"蔬果","product_category":"大漿果類","sample_item":"埔里百香果","inspection_result":"不符合規定","violation_reason":"殺菌劑Difenoconazole 待克利0.6ppm(標準：0.5ppm以下)","postal_code":"110","source_type":"食品抽驗不合格","source_dataset":"臺北市衛生局食品抽驗不合格清冊","source_url":"https://data.taipei/api/dataset/09a917a0-0fb5-47e1-957c-5f1268fba517/resource/bc24a40f-5687-4338-8f9a-449de248ab93/download","geocoding_address":"臺北市信義區吳興街208號1樓","location_method":"臺北市門牌位置數值資料","violation_count":1},"geometry":{"type":"Point","coordinates":[121.56278736462438,25.028014727754307]}},{"type":"Feature","properties":{"data_time":"2022-08-03","source_row_no":573,"name":"富安蔬果行","city":"臺北市","district":"信義區","address":"臺北市信義區吳興街208號1樓","sample_date":"2022-08-03","project_name":"蔬果","product_category":"核果類","sample_item":"龍眼","inspection_result":"不符合規定","violation_reason":"殺蟲劑Chlorpyrifos 陶斯松0.03ppm(標準：0.01ppm以下)","postal_code":"110","source_type":"食品抽驗不合格","source_dataset":"臺北市衛生局食品抽驗不合格清冊","source_url":"https://data.taipei/api/dataset/09a917a0-0fb5-47e1-957c-5f1268fba517/resource/bc24a40f-5687-4338-8f9a-449de248ab93/download","geocoding_address":"臺北市信義區吳興街208號1樓","location_method":"臺北市門牌位置數值資料","violation_count":1},"geometry":{"type":"Point","coordinates":[121.56278736462438,25.028014727754307]}},{"type":"Feature","properties":{"data_time":"2022-08-03","source_row_no":574,"name":"東京牛角股份有限公司(溫野菜日本涮涮鍋誠品信義店)","city":"臺北市","district":"信義區","address":"臺北市信義區松高路11號4樓","sample_date":"2022-08-03","project_name":"蔬果","product_category":"小葉菜類","sample_item":"青江菜","inspection_result":"不符合規定","violation_reason":"殺蟲劑Chlorfenapyr 克凡派1.6ppm(標準：1.0ppm以下)","postal_code":"110","source_type":"食品抽驗不合格","source_dataset":"臺北市衛生局食品抽驗不合格清冊","source_url":"https://data.taipei/api/dataset/09a917a0-0fb5-47e1-957c-5f1268fba517/resource/bc24a40f-5687-4338-8f9a-449de248ab93/download","geocoding_address":"臺北市信義區松高路11號4樓","location_method":"臺北市門牌位置數值資料","violation_count":1},"geometry":{"type":"Point","coordinates":[121.56524231328818,25.039515109934815]}},{"type":"Feature","properties":{"data_time":"2022-08-09","source_row_no":575,"name":"六福開發股份有限公司南港分公司(台北六福萬怡酒店)","city":"臺北市","district":"南港區","address":"臺北市南港區忠孝東路7段359號7樓","sample_date":"2022-08-09","project_name":"生鮮水產品","product_category":"蟹類","sample_item":"冷凍三點蟹","inspection_result":"不符合規定","violation_reason":"初抽不符合規定，鎘：2.3mg/kg(標準：0.5mg/kg)","postal_code":"115","source_type":"食品抽驗不合格","source_dataset":"臺北市衛生局食品抽驗不合格清冊","source_url":"https://data.taipei/api/dataset/09a917a0-0fb5-47e1-957c-5f1268fba517/resource/bc24a40f-5687-4338-8f9a-449de248ab93/download","geocoding_address":"臺北市南港區忠孝東路7段359號7樓","location_method":"OpenStreetMap道路/地名定位","violation_count":1},"geometry":{"type":"Point","coordinates":[121.6072019,25.0521746]}},{"type":"Feature","properties":{"data_time":"2022-08-01","source_row_no":576,"name":"宜日和餐飲股份有限公司(糀日和Kouji Cafe)","city":"臺北市","district":"中山區","address":"臺北市中山區中山北路2段27巷14號1樓","sample_date":"2022-08-01","project_name":"包裝飲用水","product_category":"盛裝飲用水","sample_item":"檸檬水\n(註：為盛裝飲用水加檸檬片及葡萄柚片)","inspection_result":"不符合規定","violation_reason":"大腸桿菌群：陽性\n(標準：陰性)","postal_code":"104","source_type":"食品抽驗不合格","source_dataset":"臺北市衛生局食品抽驗不合格清冊","source_url":"https://data.taipei/api/dataset/09a917a0-0fb5-47e1-957c-5f1268fba517/resource/bc24a40f-5687-4338-8f9a-449de248ab93/download","geocoding_address":"臺北市中山區中山北路2段27巷14號1樓","location_method":"OpenStreetMap道路/地名定位","violation_count":1},"geometry":{"type":"Point","coordinates":[121.5226683,25.0564546]}},{"type":"Feature","properties":{"data_time":"2022-07-14","source_row_no":577,"name":"台隆手創館天母店","city":"臺北市","district":"士林區","address":"臺北市士林區中山北路6段77號2樓","sample_date":"2022-07-14","project_name":"食品容器具","product_category":"食品容器具","sample_item":"涼夏俱樂部矽膠製冰器(大圓球)","inspection_result":"不符合規定","violation_reason":"標示","postal_code":"111","source_type":"食品抽驗不合格","source_dataset":"臺北市衛生局食品抽驗不合格清冊","source_url":"https://data.taipei/api/dataset/09a917a0-0fb5-47e1-957c-5f1268fba517/resource/bc24a40f-5687-4338-8f9a-449de248ab93/download","geocoding_address":"臺北市士林區中山北路6段77號2樓","location_method":"OpenStreetMap道路/地名定位","violation_count":1},"geometry":{"type":"Point","coordinates":[121.5282473,25.1160553]}},{"type":"Feature","properties":{"data_time":"2022-07-14","source_row_no":578,"name":"台隆手創館天母店","city":"臺北市","district":"士林區","address":"臺北市士林區中山北路6段77號2樓","sample_date":"2022-07-14","project_name":"食品容器具","product_category":"食品容器具","sample_item":"(OMORY)氣炸鍋圓形烘焙紙20cm-50入","inspection_result":"不符合規定","violation_reason":"標示","postal_code":"111","source_type":"食品抽驗不合格","source_dataset":"臺北市衛生局食品抽驗不合格清冊","source_url":"https://data.taipei/api/dataset/09a917a0-0fb5-47e1-957c-5f1268fba517/resource/bc24a40f-5687-4338-8f9a-449de248ab93/download","geocoding_address":"臺北市士林區中山北路6段77號2樓","location_method":"OpenStreetMap道路/地名定位","violation_count":1},"geometry":{"type":"Point","coordinates":[121.5282473,25.1160553]}},{"type":"Feature","properties":{"data_time":"2022-07-14","source_row_no":579,"name":"亨奇食品器具行","city":"臺北市","district":"北投區","address":"臺北市北投區明德路277號","sample_date":"2022-07-14","project_name":"食品容器具","product_category":"食品容器具","sample_item":"毅典易樂捲食物調理紙","inspection_result":"不符合規定","violation_reason":"標示","postal_code":"112","source_type":"食品抽驗不合格","source_dataset":"臺北市衛生局食品抽驗不合格清冊","source_url":"https://data.taipei/api/dataset/09a917a0-0fb5-47e1-957c-5f1268fba517/resource/bc24a40f-5687-4338-8f9a-449de248ab93/download","geocoding_address":"臺北市北投區明德路277號","location_method":"臺北市門牌位置數值資料","violation_count":1},"geometry":{"type":"Point","coordinates":[121.52233657131355,25.11485682117822]}},{"type":"Feature","properties":{"data_time":"2022-07-14","source_row_no":580,"name":"亨奇食品器具行","city":"臺北市","district":"北投區","address":"臺北市北投區明德路277號","sample_date":"2022-07-14","project_name":"食品容器具","product_category":"食品容器具","sample_item":"焙蒂絲聖誕節12連矽膠模1組","inspection_result":"不符合規定","violation_reason":"標示","postal_code":"112","source_type":"食品抽驗不合格","source_dataset":"臺北市衛生局食品抽驗不合格清冊","source_url":"https://data.taipei/api/dataset/09a917a0-0fb5-47e1-957c-5f1268fba517/resource/bc24a40f-5687-4338-8f9a-449de248ab93/download","geocoding_address":"臺北市北投區明德路277號","location_method":"臺北市門牌位置數值資料","violation_count":1},"geometry":{"type":"Point","coordinates":[121.52233657131355,25.11485682117822]}},{"type":"Feature","properties":{"data_time":"2022-07-15","source_row_no":581,"name":"文山聯股份有限公司","city":"臺北市","district":"文山區","address":"臺北市文山區木柵路2段57號","sample_date":"2022-07-15","project_name":"食品容器具","product_category":"食品容器具","sample_item":"米諾諾氣炸專用紙圓形專用紙圓形8吋有洞50入","inspection_result":"不符合規定","violation_reason":"標示","postal_code":"116","source_type":"食品抽驗不合格","source_dataset":"臺北市衛生局食品抽驗不合格清冊","source_url":"https://data.taipei/api/dataset/09a917a0-0fb5-47e1-957c-5f1268fba517/resource/bc24a40f-5687-4338-8f9a-449de248ab93/download","geocoding_address":"臺北市文山區木柵路2段57號","location_method":"OpenStreetMap道路/地名定位","violation_count":1},"geometry":{"type":"Point","coordinates":[121.5589449,24.9887262]}},{"type":"Feature","properties":{"data_time":"2022-07-21","source_row_no":582,"name":"台灣卡多摩嬰童館股份有限公司木柵分公司","city":"臺北市","district":"文山區","address":"臺北市文山區木柵路2段92號","sample_date":"2022-07-21","project_name":"食品容器具","product_category":"食品容器具","sample_item":"萱之愛矽膠副食品分裝盒/L","inspection_result":"不符合規定","violation_reason":"標示","postal_code":"116","source_type":"食品抽驗不合格","source_dataset":"臺北市衛生局食品抽驗不合格清冊","source_url":"https://data.taipei/api/dataset/09a917a0-0fb5-47e1-957c-5f1268fba517/resource/bc24a40f-5687-4338-8f9a-449de248ab93/download","geocoding_address":"臺北市文山區木柵路2段92號","location_method":"OpenStreetMap道路/地名定位","violation_count":1},"geometry":{"type":"Point","coordinates":[121.5589449,24.9887262]}},{"type":"Feature","properties":{"data_time":"2022-07-18","source_row_no":583,"name":"潤泰創新國際股份有限公司中崙分公司","city":"臺北市","district":"中山區","address":"臺北市中山區八德路2段306號地下3樓地下2樓之3","sample_date":"2022-07-18","project_name":"食品容器具","product_category":"食品容器具","sample_item":"折疊矽膠保鮮盒GY 540ML","inspection_result":"不符合規定","violation_reason":"標示","postal_code":"104","source_type":"食品抽驗不合格","source_dataset":"臺北市衛生局食品抽驗不合格清冊","source_url":"https://data.taipei/api/dataset/09a917a0-0fb5-47e1-957c-5f1268fba517/resource/bc24a40f-5687-4338-8f9a-449de248ab93/download","geocoding_address":"臺北市中山區八德路2段306號地下3樓地下2樓之3","location_method":"OpenStreetMap道路/地名定位","violation_count":1},"geometry":{"type":"Point","coordinates":[121.5383265,25.0463441]}},{"type":"Feature","properties":{"data_time":"2022-07-18","source_row_no":584,"name":"幸福美滿生活館有限公司","city":"臺北市","district":"中山區","address":"臺北市中山區龍江路356號10、12號","sample_date":"2022-07-18","project_name":"食品容器具","product_category":"食品容器具","sample_item":"萬用調理紙","inspection_result":"不符合規定","violation_reason":"標示","postal_code":"104","source_type":"食品抽驗不合格","source_dataset":"臺北市衛生局食品抽驗不合格清冊","source_url":"https://data.taipei/api/dataset/09a917a0-0fb5-47e1-957c-5f1268fba517/resource/bc24a40f-5687-4338-8f9a-449de248ab93/download","geocoding_address":"臺北市中山區龍江路356號10、12號","location_method":"OpenStreetMap道路/地名定位","violation_count":1},"geometry":{"type":"Point","coordinates":[121.5409907,25.0670741]}},{"type":"Feature","properties":{"data_time":"2022-07-18","source_row_no":585,"name":"幸福美滿生活館有限公司","city":"臺北市","district":"中山區","address":"臺北市中山區龍江路356號10、12號","sample_date":"2022-07-18","project_name":"食品容器具","product_category":"食品容器具","sample_item":"摺疊保鮮盒","inspection_result":"不符合規定","violation_reason":"標示","postal_code":"104","source_type":"食品抽驗不合格","source_dataset":"臺北市衛生局食品抽驗不合格清冊","source_url":"https://data.taipei/api/dataset/09a917a0-0fb5-47e1-957c-5f1268fba517/resource/bc24a40f-5687-4338-8f9a-449de248ab93/download","geocoding_address":"臺北市中山區龍江路356號10、12號","location_method":"OpenStreetMap道路/地名定位","violation_count":1},"geometry":{"type":"Point","coordinates":[121.5409907,25.0670741]}},{"type":"Feature","properties":{"data_time":"2022-07-19","source_row_no":586,"name":"特力屋股份有限公司和樂內湖分公司","city":"臺北市","district":"內湖區","address":"臺北市內湖區新湖三路23號1樓","sample_date":"2022-07-19","project_name":"食品容器具","product_category":"食品容器具","sample_item":"Reynolds萬用烘焙調理紙30SF","inspection_result":"不符合規定","violation_reason":"標示","postal_code":"114","source_type":"食品抽驗不合格","source_dataset":"臺北市衛生局食品抽驗不合格清冊","source_url":"https://data.taipei/api/dataset/09a917a0-0fb5-47e1-957c-5f1268fba517/resource/bc24a40f-5687-4338-8f9a-449de248ab93/download","geocoding_address":"臺北市內湖區新湖三路23號1樓","location_method":"臺北市門牌位置數值資料","violation_count":1},"geometry":{"type":"Point","coordinates":[121.57420332027539,25.06218672503617]}},{"type":"Feature","properties":{"data_time":"2022-07-20","source_row_no":587,"name":"勝立生活百貨","city":"臺北市","district":"大安區","address":"臺北市大安區復興南路2段291號","sample_date":"2022-07-20","project_name":"食品容器具","product_category":"食品容器具","sample_item":"美味關係/氣炸鍋用紙/7吋/50枚","inspection_result":"不符合規定","violation_reason":"標示","postal_code":"106","source_type":"食品抽驗不合格","source_dataset":"臺北市衛生局食品抽驗不合格清冊","source_url":"https://data.taipei/api/dataset/09a917a0-0fb5-47e1-957c-5f1268fba517/resource/bc24a40f-5687-4338-8f9a-449de248ab93/download","geocoding_address":"臺北市大安區復興南路2段291號","location_method":"OpenStreetMap道路/地名定位","violation_count":1},"geometry":{"type":"Point","coordinates":[121.5434481,25.0231578]}},{"type":"Feature","properties":{"data_time":"2022-07-20","source_row_no":588,"name":"City's Super 復興店","city":"臺北市","district":"大安區","address":"臺北市大安區忠孝東路3段300號B3","sample_date":"2022-07-20","project_name":"食品容器具","product_category":"食品容器具","sample_item":"K-537 BK/Y耐熱矽膠平鏟","inspection_result":"不符合規定","violation_reason":"標示","postal_code":"106","source_type":"食品抽驗不合格","source_dataset":"臺北市衛生局食品抽驗不合格清冊","source_url":"https://data.taipei/api/dataset/09a917a0-0fb5-47e1-957c-5f1268fba517/resource/bc24a40f-5687-4338-8f9a-449de248ab93/download","geocoding_address":"臺北市大安區忠孝東路3段300號B3","location_method":"OpenStreetMap道路/地名定位","violation_count":1},"geometry":{"type":"Point","coordinates":[121.5341297,25.0422049]}},{"type":"Feature","properties":{"data_time":"2022-07-20","source_row_no":589,"name":"棋軒實業有限公司","city":"臺北市","district":"大安區","address":"臺北市大安區復興南路2段292號1樓","sample_date":"2022-07-20","project_name":"食品容器具","product_category":"食品容器具","sample_item":"多功能料理紙(捲式)","inspection_result":"不符合規定","violation_reason":"標示","postal_code":"106","source_type":"食品抽驗不合格","source_dataset":"臺北市衛生局食品抽驗不合格清冊","source_url":"https://data.taipei/api/dataset/09a917a0-0fb5-47e1-957c-5f1268fba517/resource/bc24a40f-5687-4338-8f9a-449de248ab93/download","geocoding_address":"臺北市大安區復興南路2段292號1樓","location_method":"OpenStreetMap道路/地名定位","violation_count":1},"geometry":{"type":"Point","coordinates":[121.5434481,25.0231578]}},{"type":"Feature","properties":{"data_time":"2022-08-22","source_row_no":590,"name":"正大蔘藥行","city":"臺北市","district":"大安區","address":"臺北市大安區忠孝東路4段216巷51號1樓","sample_date":"2022-08-22","project_name":"可供食品使用中藥材","product_category":"白木耳","sample_item":"白木耳(有效日期：20231210)","inspection_result":"不符合規定","violation_reason":"生長調節劑Chlormequat克美素0.18ppm(標準：不得檢出) \n產品外包裝標示「符合國家檢驗標準」字樣","postal_code":"106","source_type":"食品抽驗不合格","source_dataset":"臺北市衛生局食品抽驗不合格清冊","source_url":"https://data.taipei/api/dataset/09a917a0-0fb5-47e1-957c-5f1268fba517/resource/bc24a40f-5687-4338-8f9a-449de248ab93/download","geocoding_address":"臺北市大安區忠孝東路4段216巷51號1樓","location_method":"OpenStreetMap道路/地名定位","violation_count":1},"geometry":{"type":"Point","coordinates":[121.5437759,25.0415569]}},{"type":"Feature","properties":{"data_time":"2022-08-23","source_row_no":591,"name":"育仁藥行","city":"臺北市","district":"松山區","address":"臺北市松山區八德路3段152號1樓","sample_date":"2022-08-23","project_name":"可供食品使用中藥材","product_category":"白木耳","sample_item":"白木耳(有效日期：20240510)","inspection_result":"不符合規定","violation_reason":"生長調節劑Chlormequat 克美素0.26ppm(標準：不得檢出)","postal_code":"105","source_type":"食品抽驗不合格","source_dataset":"臺北市衛生局食品抽驗不合格清冊","source_url":"https://data.taipei/api/dataset/09a917a0-0fb5-47e1-957c-5f1268fba517/resource/bc24a40f-5687-4338-8f9a-449de248ab93/download","geocoding_address":"臺北市松山區八德路3段152號1樓","location_method":"OpenStreetMap道路/地名定位","violation_count":1},"geometry":{"type":"Point","coordinates":[121.5501437,25.0481921]}},{"type":"Feature","properties":{"data_time":"2022-08-24","source_row_no":592,"name":"德展蔘藥行","city":"臺北市","district":"士林區","address":"臺北市士林區大東路113號","sample_date":"2022-08-24","project_name":"可供食品使用中藥材","product_category":"菊花","sample_item":"台灣菊花(有效日期：20250425)","inspection_result":"不符合規定","violation_reason":"檢出殘留農藥殺蟲劑Chlorpyrifos陶斯松0.05ppm，惟與產品所附加110年11月23日農藥殘留檢驗報告之檢驗結果「未檢出」不符；產品標示「包裝日期：2022.04.25」、「有效期限：3年」，與所附檢驗報告之「採收日期：110/11/20」、「採樣日期：110/11/12」推算明顯不符；另案內產品是否屬具啟封辨識性之包裝食品，如屬包裝食品，該產品標示已涉違反食品安全衛生管理法第22條規定","postal_code":"111","source_type":"食品抽驗不合格","source_dataset":"臺北市衛生局食品抽驗不合格清冊","source_url":"https://data.taipei/api/dataset/09a917a0-0fb5-47e1-957c-5f1268fba517/resource/bc24a40f-5687-4338-8f9a-449de248ab93/download","geocoding_address":"臺北市士林區大東路113號","location_method":"臺北市門牌位置數值資料","violation_count":1},"geometry":{"type":"Point","coordinates":[121.5255219834644,25.09137794880627]}},{"type":"Feature","properties":{"data_time":"2022-08-24","source_row_no":593,"name":"家福股份有限公司台北天母分公司","city":"臺北市","district":"士林區","address":"臺北市士林區德行西路47號","sample_date":"2022-08-24","project_name":"可供食品使用中藥材","product_category":"白木耳","sample_item":"白木耳(有效日期：20230808)","inspection_result":"不符合規定","violation_reason":"生長調節劑Chlormequat克美素0.23ppm(標準：不得檢出)","postal_code":"111","source_type":"食品抽驗不合格","source_dataset":"臺北市衛生局食品抽驗不合格清冊","source_url":"https://data.taipei/api/dataset/09a917a0-0fb5-47e1-957c-5f1268fba517/resource/bc24a40f-5687-4338-8f9a-449de248ab93/download","geocoding_address":"臺北市士林區德行西路47號","location_method":"臺北市門牌位置數值資料","violation_count":1},"geometry":{"type":"Point","coordinates":[121.52255326581829,25.10554787380113]}},{"type":"Feature","properties":{"data_time":"2022-08-26","source_row_no":594,"name":"旺泰藥材貿易股份有限公司(旺泰蔘藥公司)","city":"臺北市","district":"大同區","address":"臺北市大同區迪化街1段137號","sample_date":"2022-08-26","project_name":"可供食品使用中藥材","product_category":"白木耳","sample_item":"白木耳(有效日期：1140810)","inspection_result":"不符合規定","violation_reason":"殺蟎劑Propargite 毆蟎多0.16ppm(標準：不得檢出) \n生長調節劑Chlormequat 克美素0.48ppm(標準：不得檢出) \n外包裝標示「通過SGS檢驗無農藥殘留」、「安心使用」等字樣","postal_code":"103","source_type":"食品抽驗不合格","source_dataset":"臺北市衛生局食品抽驗不合格清冊","source_url":"https://data.taipei/api/dataset/09a917a0-0fb5-47e1-957c-5f1268fba517/resource/bc24a40f-5687-4338-8f9a-449de248ab93/download","geocoding_address":"臺北市大同區迪化街1段137號","location_method":"OpenStreetMap道路/地名定位","violation_count":1},"geometry":{"type":"Point","coordinates":[121.509465,25.0593569]}},{"type":"Feature","properties":{"data_time":"2022-08-26","source_row_no":595,"name":"龍源中藥行","city":"臺北市","district":"大同區","address":"臺北市大同區迪化街1段172號1樓","sample_date":"2022-08-26","project_name":"可供食品使用中藥材","product_category":"黑棗","sample_item":"馬牙棗（有效日期：20240430）","inspection_result":"不符合規定","violation_reason":"殺菌劑2-Phenylphenol 0.06ppm（標準：不得檢出）\n產品外包裝標示「通過農藥殘留檢驗合格」、「合格養生食品合格安心」、「符合國家檢測標準敬請安心使用」等字樣","postal_code":"103","source_type":"食品抽驗不合格","source_dataset":"臺北市衛生局食品抽驗不合格清冊","source_url":"https://data.taipei/api/dataset/09a917a0-0fb5-47e1-957c-5f1268fba517/resource/bc24a40f-5687-4338-8f9a-449de248ab93/download","geocoding_address":"臺北市大同區迪化街1段172號1樓","location_method":"OpenStreetMap道路/地名定位","violation_count":1},"geometry":{"type":"Point","coordinates":[121.509465,25.0593569]}},{"type":"Feature","properties":{"data_time":"2022-09-01","source_row_no":596,"name":"遠東都會股份有限公司復興店(city’super復興店)","city":"臺北市","district":"大安區","address":"臺北市大安區忠孝東路3段300號B3","sample_date":"2022-09-01","project_name":"蔬果","product_category":"香辛植物及其他草木本植物","sample_item":"芫荽(香菜)","inspection_result":"不符合規定","violation_reason":"殺菌劑Flutolanil福多寧1.12ppm（標準：0.01ppm以下）","postal_code":"106","source_type":"食品抽驗不合格","source_dataset":"臺北市衛生局食品抽驗不合格清冊","source_url":"https://data.taipei/api/dataset/09a917a0-0fb5-47e1-957c-5f1268fba517/resource/bc24a40f-5687-4338-8f9a-449de248ab93/download","geocoding_address":"臺北市大安區忠孝東路3段300號B3","location_method":"OpenStreetMap道路/地名定位","violation_count":1},"geometry":{"type":"Point","coordinates":[121.5341297,25.0422049]}},{"type":"Feature","properties":{"data_time":"2022-09-01","source_row_no":597,"name":"唯椿企業股份有限公司(miacucina信義店)","city":"臺北市","district":"信義區","address":"臺北市信義區松壽路11號2樓","sample_date":"2022-09-01","project_name":"蔬果","product_category":"豆菜類","sample_item":"帶蒂甜豆(豌豆)","inspection_result":"不符合規定","violation_reason":"殺菌劑Flusilazole護矽得0.07ppm（標準：不得檢出）","postal_code":"110","source_type":"食品抽驗不合格","source_dataset":"臺北市衛生局食品抽驗不合格清冊","source_url":"https://data.taipei/api/dataset/09a917a0-0fb5-47e1-957c-5f1268fba517/resource/bc24a40f-5687-4338-8f9a-449de248ab93/download","geocoding_address":"臺北市信義區松壽路11號2樓","location_method":"臺北市門牌位置數值資料","violation_count":1},"geometry":{"type":"Point","coordinates":[121.56728011279125,25.036073365883347]}},{"type":"Feature","properties":{"data_time":"2022-09-01","source_row_no":598,"name":"遠百企業股份有限公司忠孝分公司(愛買忠孝店)","city":"臺北市","district":"信義區","address":"臺北市信義區忠孝東路5段297號地下1、2、3樓","sample_date":"2022-09-01","project_name":"蔬果","product_category":"大漿果類","sample_item":"百香果","inspection_result":"不符合規定","violation_reason":"殺蟲劑Cyromazine賽滅淨0.26ppm（標準：不得檢出）","postal_code":"110","source_type":"食品抽驗不合格","source_dataset":"臺北市衛生局食品抽驗不合格清冊","source_url":"https://data.taipei/api/dataset/09a917a0-0fb5-47e1-957c-5f1268fba517/resource/bc24a40f-5687-4338-8f9a-449de248ab93/download","geocoding_address":"臺北市信義區忠孝東路5段297號地下1、2、3樓","location_method":"OpenStreetMap道路/地名定位","violation_count":1},"geometry":{"type":"Point","coordinates":[121.5728413,25.0410057]}},{"type":"Feature","properties":{"data_time":"2022-09-01","source_row_no":599,"name":"兄弟大飯店股份有限公司","city":"臺北市","district":"松山區","address":"臺北市松山區南京東路3段255號","sample_date":"2022-09-01","project_name":"蔬果","product_category":"小葉菜類","sample_item":"青江菜/中","inspection_result":"不符合規定","violation_reason":"殺蟲劑Fipronil 芬普尼0.004ppm、 芬普尼代謝物Fipronil-sulfone 0.011ppm(標準：0.001ppm以下) \n殺蟲劑Pyriproxyfen 百利普芬0.36ppm(標準：0.01ppm以下)","postal_code":"105","source_type":"食品抽驗不合格","source_dataset":"臺北市衛生局食品抽驗不合格清冊","source_url":"https://data.taipei/api/dataset/09a917a0-0fb5-47e1-957c-5f1268fba517/resource/bc24a40f-5687-4338-8f9a-449de248ab93/download","geocoding_address":"臺北市松山區南京東路3段255號","location_method":"OpenStreetMap道路/地名定位","violation_count":1},"geometry":{"type":"Point","coordinates":[121.5476333,25.0518444]}},{"type":"Feature","properties":{"data_time":"2022-09-06","source_row_no":600,"name":"長鑫水果行/承銷號1165","city":"臺北市","district":"中山區","address":"臺北市中山區\n民族東路336號（6-13）","sample_date":"2022-09-06","project_name":"蔬果","product_category":"梨果類","sample_item":"蘋果","inspection_result":"不符合規定","violation_reason":"生長調節劑2,6-DIPN 0.05ppm(標準：不得檢出)","postal_code":"104","source_type":"食品抽驗不合格","source_dataset":"臺北市衛生局食品抽驗不合格清冊","source_url":"https://data.taipei/api/dataset/09a917a0-0fb5-47e1-957c-5f1268fba517/resource/bc24a40f-5687-4338-8f9a-449de248ab93/download","geocoding_address":"臺北市中山區\n民族東路336號（6-13）","location_method":"臺北市門牌位置數值資料","violation_count":1},"geometry":{"type":"Point","coordinates":[121.53734126764245,25.0679233527595]}},{"type":"Feature","properties":{"data_time":"2022-09-06","source_row_no":601,"name":"吳哲維/濱江果菜市場18-07攤","city":"臺北市","district":"中山區","address":"臺北市中山區民族東路336號","sample_date":"2022-09-06","project_name":"蔬果","product_category":"小葉菜類","sample_item":"青蒜","inspection_result":"不符合規定","violation_reason":"殺菌劑Boscalid 白克列0.12ppm(標準：0.01ppm以下) \n殺菌劑Fluxapyroxad 氟克殺0.02ppm(標準：不得檢出)","postal_code":"104","source_type":"食品抽驗不合格","source_dataset":"臺北市衛生局食品抽驗不合格清冊","source_url":"https://data.taipei/api/dataset/09a917a0-0fb5-47e1-957c-5f1268fba517/resource/bc24a40f-5687-4338-8f9a-449de248ab93/download","geocoding_address":"臺北市中山區民族東路336號","location_method":"臺北市門牌位置數值資料","violation_count":1},"geometry":{"type":"Point","coordinates":[121.53734126764245,25.0679233527595]}},{"type":"Feature","properties":{"data_time":"2022-08-24","source_row_no":602,"name":"俊華豆腐店","city":"臺北市","district":"中山區","address":"臺北市中山區安東街5之6號","sample_date":"2022-08-24","project_name":"豆製品(含非基改食品)","product_category":"其他豆製品-豆干","sample_item":"豆干\n(進貨日期：2022/8/24)","inspection_result":"不符合規定","violation_reason":"防腐劑苯甲酸：0.74 g/kg(標準：0.6 g/kg以下)","postal_code":"104","source_type":"食品抽驗不合格","source_dataset":"臺北市衛生局食品抽驗不合格清冊","source_url":"https://data.taipei/api/dataset/09a917a0-0fb5-47e1-957c-5f1268fba517/resource/bc24a40f-5687-4338-8f9a-449de248ab93/download","geocoding_address":"臺北市中山區安東街5之6號","location_method":"OpenStreetMap道路/地名定位","violation_count":1},"geometry":{"type":"Point","coordinates":[121.5420089,25.045905]}},{"type":"Feature","properties":{"data_time":"2022-08-24","source_row_no":603,"name":"佳家用品(成德市場第144攤)","city":"臺北市","district":"南港區","address":"臺北市南港區同德路100號","sample_date":"2022-08-24","project_name":"豆製品(含非基改食品)","product_category":"其他豆製品-干絲","sample_item":"泰山干絲(白)\n(進貨日期：2022/8/24)","inspection_result":"不符合規定","violation_reason":"殺菌劑過氧化氫：陽性(標準：不得殘留)","postal_code":"115","source_type":"食品抽驗不合格","source_dataset":"臺北市衛生局食品抽驗不合格清冊","source_url":"https://data.taipei/api/dataset/09a917a0-0fb5-47e1-957c-5f1268fba517/resource/bc24a40f-5687-4338-8f9a-449de248ab93/download","geocoding_address":"臺北市南港區同德路100號","location_method":"臺北市門牌位置數值資料","violation_count":1},"geometry":{"type":"Point","coordinates":[121.58675518403736,25.046147199286924]}},{"type":"Feature","properties":{"data_time":"2022-08-24","source_row_no":604,"name":"無市招豆干攤(曹O麗)","city":"臺北市","district":"松山區","address":"臺北市松山區八德路3段106巷17號旁","sample_date":"2022-08-24","project_name":"豆製品(含非基改食品)","product_category":"其他豆製品-干絲","sample_item":"泰山干絲(白)\n(進貨日期：2022/8/24)","inspection_result":"不符合規定","violation_reason":"殺菌劑過氧化氫：陽性(標準：不得殘留)","postal_code":"105","source_type":"食品抽驗不合格","source_dataset":"臺北市衛生局食品抽驗不合格清冊","source_url":"https://data.taipei/api/dataset/09a917a0-0fb5-47e1-957c-5f1268fba517/resource/bc24a40f-5687-4338-8f9a-449de248ab93/download","geocoding_address":"臺北市松山區八德路3段106巷17號旁","location_method":"OpenStreetMap道路/地名定位","violation_count":1},"geometry":{"type":"Point","coordinates":[121.5501437,25.0481921]}},{"type":"Feature","properties":{"data_time":"2022-08-24","source_row_no":605,"name":"阿貞豆腐店(木柵市場第54攤)","city":"臺北市","district":"文山區","address":"臺北市文山區保儀路13巷3號","sample_date":"2022-08-24","project_name":"豆製品(含非基改食品)","product_category":"其他豆製品-干絲","sample_item":"豆干絲(基因改造)(黃)\n(進貨日期：2022/8/19)","inspection_result":"不符合規定","violation_reason":"殺菌劑過氧化氫：陽性(標準：不得殘留)","postal_code":"116","source_type":"食品抽驗不合格","source_dataset":"臺北市衛生局食品抽驗不合格清冊","source_url":"https://data.taipei/api/dataset/09a917a0-0fb5-47e1-957c-5f1268fba517/resource/bc24a40f-5687-4338-8f9a-449de248ab93/download","geocoding_address":"臺北市文山區保儀路13巷3號","location_method":"臺北市門牌位置數值資料","violation_count":1},"geometry":{"type":"Point","coordinates":[121.56918571351592,24.988496030954185]}},{"type":"Feature","properties":{"data_time":"2022-08-26","source_row_no":606,"name":"環南市場調理加工食品類第58號攤","city":"臺北市","district":"萬華區","address":"臺北市萬華區環河南路2段245號","sample_date":"2022-08-26","project_name":"豆製品(含非基改食品)","product_category":"其他豆製品-干絲","sample_item":"白干絲\n(進貨日期：2022/8/26)","inspection_result":"不符合規定","violation_reason":"殺菌劑過氧化氫：陽性(標準：不得殘留)\n防腐劑苯甲酸：1.81 g/kg(標準：0.6 g/kg以下)","postal_code":"108","source_type":"食品抽驗不合格","source_dataset":"臺北市衛生局食品抽驗不合格清冊","source_url":"https://data.taipei/api/dataset/09a917a0-0fb5-47e1-957c-5f1268fba517/resource/bc24a40f-5687-4338-8f9a-449de248ab93/download","geocoding_address":"臺北市萬華區環河南路2段245號","location_method":"OpenStreetMap道路/地名定位","violation_count":1},"geometry":{"type":"Point","coordinates":[121.4895544,25.0300926]}},{"type":"Feature","properties":{"data_time":"2022-09-13","source_row_no":607,"name":"艋舺夜市-男哥現削水果","city":"臺北市","district":"萬華區","address":"臺北市萬華區廣州街182號前","sample_date":"2022-09-13","project_name":"截切水果","product_category":"梨果類","sample_item":"水梨","inspection_result":"不符合規定","violation_reason":"甜味劑糖精：0.03 g/kg\n(標準：不得添加)","postal_code":"108","source_type":"食品抽驗不合格","source_dataset":"臺北市衛生局食品抽驗不合格清冊","source_url":"https://data.taipei/api/dataset/09a917a0-0fb5-47e1-957c-5f1268fba517/resource/bc24a40f-5687-4338-8f9a-449de248ab93/download","geocoding_address":"臺北市萬華區廣州街182號前","location_method":"臺北市門牌位置數值資料","violation_count":1},"geometry":{"type":"Point","coordinates":[121.49862121377362,25.036645033656598]}},{"type":"Feature","properties":{"data_time":"2022-09-19","source_row_no":608,"name":"樂恩仕國際有限公司士林門市部","city":"臺北市","district":"士林區","address":"臺北市士林區中正路235巷33號、35號","sample_date":"2022-09-19","project_name":"美耐皿","product_category":"塑膠類","sample_item":"櫻桃小丸子美耐皿水杯-學校‧藍","inspection_result":"不符合規定","violation_reason":"三聚氰胺:4.6ppm\n(標準:2.5ppm以下)","postal_code":"111","source_type":"食品抽驗不合格","source_dataset":"臺北市衛生局食品抽驗不合格清冊","source_url":"https://data.taipei/api/dataset/09a917a0-0fb5-47e1-957c-5f1268fba517/resource/bc24a40f-5687-4338-8f9a-449de248ab93/download","geocoding_address":"臺北市士林區中正路235巷33號、35號","location_method":"臺北市門牌位置數值資料","violation_count":1},"geometry":{"type":"Point","coordinates":[121.52626298541546,25.094349742970625]}},{"type":"Feature","properties":{"data_time":"2022-10-03","source_row_no":609,"name":"惠康百貨股份有限公司安和分公司(Mia C'bon 台北安和店)","city":"臺北市","district":"大安區","address":"臺北市大安區安和路2段78號地下1樓","sample_date":"2022-10-03","project_name":"食品洗潔劑抽驗","product_category":"食品洗潔劑","sample_item":"Palmolive洗潔精/檸檬香味","inspection_result":"不符合規定","violation_reason":"未標示主要成分化學之名稱","postal_code":"106","source_type":"食品抽驗不合格","source_dataset":"臺北市衛生局食品抽驗不合格清冊","source_url":"https://data.taipei/api/dataset/09a917a0-0fb5-47e1-957c-5f1268fba517/resource/bc24a40f-5687-4338-8f9a-449de248ab93/download","geocoding_address":"臺北市大安區安和路2段78號地下1樓","location_method":"OpenStreetMap道路/地名定位","violation_count":1},"geometry":{"type":"Point","coordinates":[121.5505724,25.0287705]}},{"type":"Feature","properties":{"data_time":"2022-10-06","source_row_no":610,"name":"特力屋股份有限公司士林分公司","city":"臺北市","district":"士林區","address":"臺北市士林區基河路258號","sample_date":"2022-10-06","project_name":"食品洗潔劑抽驗","product_category":"食品洗潔劑","sample_item":"酵速蔬果清洗劑","inspection_result":"不符合規定","violation_reason":"甲醇：4.09 mg/mL \n(標準 : 1 mg/mL)","postal_code":"111","source_type":"食品抽驗不合格","source_dataset":"臺北市衛生局食品抽驗不合格清冊","source_url":"https://data.taipei/api/dataset/09a917a0-0fb5-47e1-957c-5f1268fba517/resource/bc24a40f-5687-4338-8f9a-449de248ab93/download","geocoding_address":"臺北市士林區基河路258號","location_method":"臺北市門牌位置數值資料","violation_count":1},"geometry":{"type":"Point","coordinates":[121.52046135617954,25.092421448354383]}},{"type":"Feature","properties":{"data_time":"2022-10-03","source_row_no":611,"name":"長春素食有限公司(長春食素名人館)","city":"臺北市","district":"中山區","address":"臺北市中山區長春路90號2樓、90號2樓之1至42、90號2樓之68至之69、90號2樓之71至之94、新生北路2段38號1樓、林森北路259巷117號1樓、119號1樓、121號1樓、123號1樓","sample_date":"2022-10-03","project_name":"蔬果","product_category":"根莖菜類","sample_item":"白蘿蔔","inspection_result":"不符合規定","violation_reason":"殺蟲劑Fipronil-sulfone芬普尼代謝物0.002ppm(標準：0.001ppm以下)","postal_code":"104","source_type":"食品抽驗不合格","source_dataset":"臺北市衛生局食品抽驗不合格清冊","source_url":"https://data.taipei/api/dataset/09a917a0-0fb5-47e1-957c-5f1268fba517/resource/bc24a40f-5687-4338-8f9a-449de248ab93/download","geocoding_address":"臺北市中山區長春路90號2樓、90號2樓之1至42、90號2樓之68至之69、90號2樓之71至之94、新生北路2段38號1樓、林森北路259巷117號1樓、119號1樓、121號1樓、123號1樓","location_method":"臺北市門牌位置數值資料","violation_count":1},"geometry":{"type":"Point","coordinates":[121.52720488991471,25.054746797627896]}},{"type":"Feature","properties":{"data_time":"2022-10-04","source_row_no":612,"name":"楊淑美水果攤/","city":"臺北市","district":"中山區","address":"臺北市中山區遼寧街160號/公有長春市場外","sample_date":"2022-10-04","project_name":"蔬果","product_category":"大漿果類","sample_item":"日昇甜木瓜","inspection_result":"不符合規定","violation_reason":"殺蟎劑Bifenazate 必芬蟎0.02ppm(標準：不得檢出)","postal_code":"104","source_type":"食品抽驗不合格","source_dataset":"臺北市衛生局食品抽驗不合格清冊","source_url":"https://data.taipei/api/dataset/09a917a0-0fb5-47e1-957c-5f1268fba517/resource/bc24a40f-5687-4338-8f9a-449de248ab93/download","geocoding_address":"臺北市中山區遼寧街160號/公有長春市場外","location_method":"臺北市門牌位置數值資料","violation_count":1},"geometry":{"type":"Point","coordinates":[121.54203009261558,25.05514176920286]}},{"type":"Feature","properties":{"data_time":"2022-10-05","source_row_no":613,"name":"微風超市股份有限公司(微風超市Breeze Super)","city":"臺北市","district":"松山區","address":"臺北市松山區復興南路1段39號B2","sample_date":"2022-10-05","project_name":"蔬果","product_category":"豆菜類","sample_item":"甜豌莢(豌豆)","inspection_result":"不符合規定","violation_reason":"殺蟲劑Indoxacarb 因得克0.23ppm(標準：0.01ppm以下) \n殺蟲劑Spinetoram 賜諾特0.06ppm(標準：0.05ppm以下)","postal_code":"105","source_type":"食品抽驗不合格","source_dataset":"臺北市衛生局食品抽驗不合格清冊","source_url":"https://data.taipei/api/dataset/09a917a0-0fb5-47e1-957c-5f1268fba517/resource/bc24a40f-5687-4338-8f9a-449de248ab93/download","geocoding_address":"臺北市松山區復興南路1段39號B2","location_method":"OpenStreetMap道路/地名定位","violation_count":1},"geometry":{"type":"Point","coordinates":[121.5438934,25.0433313]}},{"type":"Feature","properties":{"data_time":"2022-10-05","source_row_no":614,"name":"全聯實業股份有限公司南港旗艦分公司(全聯福利中心南港旗艦店)","city":"臺北市","district":"南港區","address":"臺北市南港區南港路2段20巷5號B1","sample_date":"2022-10-05","project_name":"蔬果","product_category":"小葉菜類","sample_item":"青蔥","inspection_result":"不符合規定","violation_reason":"殺蟲劑Fipronil-sulfone芬普尼代謝物0.003ppm(標準：0.001ppm以下)","postal_code":"115","source_type":"食品抽驗不合格","source_dataset":"臺北市衛生局食品抽驗不合格清冊","source_url":"https://data.taipei/api/dataset/09a917a0-0fb5-47e1-957c-5f1268fba517/resource/bc24a40f-5687-4338-8f9a-449de248ab93/download","geocoding_address":"臺北市南港區南港路2段20巷5號B1","location_method":"OpenStreetMap道路/地名定位","violation_count":1},"geometry":{"type":"Point","coordinates":[121.6034943,25.0537828]}},{"type":"Feature","properties":{"data_time":"2022-10-06","source_row_no":615,"name":"大潤發流通事業股份有限公司南湖分公司(大潤發內湖二店)","city":"臺北市","district":"內湖區","address":"臺北市內湖區舊宗路1段188號","sample_date":"2022-10-06","project_name":"蔬果","product_category":"大漿果類","sample_item":"百香果","inspection_result":"不符合規定","violation_reason":"殺菌劑Carbendazim 貝芬替1.2ppm(標準：1.0ppm以下)","postal_code":"114","source_type":"食品抽驗不合格","source_dataset":"臺北市衛生局食品抽驗不合格清冊","source_url":"https://data.taipei/api/dataset/09a917a0-0fb5-47e1-957c-5f1268fba517/resource/bc24a40f-5687-4338-8f9a-449de248ab93/download","geocoding_address":"臺北市內湖區舊宗路1段188號","location_method":"OpenStreetMap道路/地名定位","violation_count":1},"geometry":{"type":"Point","coordinates":[121.5773336,25.0626529]}},{"type":"Feature","properties":{"data_time":"2022-10-04","source_row_no":616,"name":"福家莊小吃店(全國健康素食)","city":"臺北市","district":"北投區","address":"臺北市北投區裕民一路25號","sample_date":"2022-10-04","project_name":"蔬果","product_category":"根莖菜類","sample_item":"白蘿蔔","inspection_result":"不符合規定","violation_reason":"殺蟲劑Fipronil 芬普尼0.002ppm、Fipronil-sulfone芬普尼代謝物0.004ppm(標準：0.001ppm以下)\n殺蟲劑Cyhalothrin 賽洛寧0.02ppm(標準：0.01ppm以下)","postal_code":"112","source_type":"食品抽驗不合格","source_dataset":"臺北市衛生局食品抽驗不合格清冊","source_url":"https://data.taipei/api/dataset/09a917a0-0fb5-47e1-957c-5f1268fba517/resource/bc24a40f-5687-4338-8f9a-449de248ab93/download","geocoding_address":"臺北市北投區裕民一路25號","location_method":"臺北市門牌位置數值資料","violation_count":1},"geometry":{"type":"Point","coordinates":[121.51704404165861,25.116708977613666]}},{"type":"Feature","properties":{"data_time":"2022-10-04","source_row_no":617,"name":"梁炎煌/自強市場無市招菜攤","city":"臺北市","district":"北投區","address":"臺北市北投區西安街1段281巷19號","sample_date":"2022-10-04","project_name":"蔬果","product_category":"小葉菜類","sample_item":"芹菜(LG2)","inspection_result":"不符合規定","violation_reason":"殺蟲劑Chlorpyrifos 陶斯松0.06ppm(標準：0.01ppm以下) \n殺蟲劑Terbufos 托福松0.09ppm(標準：0.05ppm以下)","postal_code":"112","source_type":"食品抽驗不合格","source_dataset":"臺北市衛生局食品抽驗不合格清冊","source_url":"https://data.taipei/api/dataset/09a917a0-0fb5-47e1-957c-5f1268fba517/resource/bc24a40f-5687-4338-8f9a-449de248ab93/download","geocoding_address":"臺北市北投區西安街1段281巷19號","location_method":"OpenStreetMap道路/地名定位","violation_count":1},"geometry":{"type":"Point","coordinates":[121.5194751,25.1084266]}},{"type":"Feature","properties":{"data_time":"2022-10-05","source_row_no":618,"name":"3291洪黃熟(實際營業者：洪嘉茂)/第一果菜批發市場零批場攤號3291","city":"臺北市","district":"萬華區","address":"臺北市萬華區萬大路533號地號：1413","sample_date":"2022-10-05","project_name":"蔬果","product_category":"小葉菜類","sample_item":"LD1(青江菜)","inspection_result":"不符合規定","violation_reason":"殺蟲劑Cyhalothrin 賽洛寧2.3ppm(標準：1.0ppm以下)","postal_code":"108","source_type":"食品抽驗不合格","source_dataset":"臺北市衛生局食品抽驗不合格清冊","source_url":"https://data.taipei/api/dataset/09a917a0-0fb5-47e1-957c-5f1268fba517/resource/bc24a40f-5687-4338-8f9a-449de248ab93/download","geocoding_address":"臺北市萬華區萬大路533號地號：1413","location_method":"臺北市門牌位置數值資料","violation_count":1},"geometry":{"type":"Point","coordinates":[121.49713199522044,25.018499829728977]}},{"type":"Feature","properties":{"data_time":"2022-10-05","source_row_no":619,"name":"延桔行(延桔水果行)","city":"臺北市","district":"中正區","address":"臺北市中正區愛國西路52號1樓","sample_date":"2022-10-05","project_name":"蔬果","product_category":"大漿果類","sample_item":"百香果","inspection_result":"不符合規定","violation_reason":"殺菌劑Fluxapyroxad 氟克殺0.05ppm(標準：不得檢出) \n殺蟲劑Pyriproxyfen 百利普芬0.4ppm(標準：0.2ppm以下) \n殺蟲劑Cyromazine 賽滅淨0.50ppm(標準：不得檢出)","postal_code":"100","source_type":"食品抽驗不合格","source_dataset":"臺北市衛生局食品抽驗不合格清冊","source_url":"https://data.taipei/api/dataset/09a917a0-0fb5-47e1-957c-5f1268fba517/resource/bc24a40f-5687-4338-8f9a-449de248ab93/download","geocoding_address":"臺北市中正區愛國西路52號1樓","location_method":"臺北市門牌位置數值資料","violation_count":1},"geometry":{"type":"Point","coordinates":[121.5072601639521,25.03678617897637]}},{"type":"Feature","properties":{"data_time":"2022-10-05","source_row_no":620,"name":"豐有蔬果行","city":"臺北市","district":"中正區","address":"臺北市中正區杭州南路1段69號","sample_date":"2022-10-05","project_name":"蔬果","product_category":"大漿果類","sample_item":"百香果","inspection_result":"不符合規定","violation_reason":"殺蟲劑Cyromazine 賽滅淨0.05ppm(標準：不得檢出)","postal_code":"100","source_type":"食品抽驗不合格","source_dataset":"臺北市衛生局食品抽驗不合格清冊","source_url":"https://data.taipei/api/dataset/09a917a0-0fb5-47e1-957c-5f1268fba517/resource/bc24a40f-5687-4338-8f9a-449de248ab93/download","geocoding_address":"臺北市中正區杭州南路1段69號","location_method":"OpenStreetMap道路/地名定位","violation_count":1},"geometry":{"type":"Point","coordinates":[121.5262875,25.0420405]}},{"type":"Feature","properties":{"data_time":"2022-10-05","source_row_no":621,"name":"通化水果行","city":"臺北市","district":"大安區","address":"臺北市大安區通化街39巷50弄33號","sample_date":"2022-10-05","project_name":"蔬果","product_category":"核果類","sample_item":"龍眼","inspection_result":"不符合規定","violation_reason":"殺蟲劑Carbaryl 加保利0.9ppm(標準：0.5ppm以下) \n殺菌劑Carbendazim 貝芬替4.9ppm(標準：2.0ppm以下) \n殺蟲劑Chlorpyrifos 陶斯松0.12ppm(標準：0.01ppm以下)","postal_code":"106","source_type":"食品抽驗不合格","source_dataset":"臺北市衛生局食品抽驗不合格清冊","source_url":"https://data.taipei/api/dataset/09a917a0-0fb5-47e1-957c-5f1268fba517/resource/bc24a40f-5687-4338-8f9a-449de248ab93/download","geocoding_address":"臺北市大安區通化街39巷50弄33號","location_method":"臺北市門牌位置數值資料","violation_count":1},"geometry":{"type":"Point","coordinates":[121.55536612551381,25.030201370470852]}},{"type":"Feature","properties":{"data_time":"2022-10-06","source_row_no":622,"name":"全國食養創作全自助餐復興店(復興小吃店/全國健康素食)","city":"臺北市","district":"大安區","address":"臺北市大安區復興南路2段314號","sample_date":"2022-10-06","project_name":"蔬果","product_category":"根莖菜類","sample_item":"白蘿蔔","inspection_result":"不符合規定","violation_reason":"殺蟲劑Fipronil 芬普尼0.001ppm、Fipronil-sulfone芬普尼代謝物0.001ppm(標準：0.001ppm以下)","postal_code":"106","source_type":"食品抽驗不合格","source_dataset":"臺北市衛生局食品抽驗不合格清冊","source_url":"https://data.taipei/api/dataset/09a917a0-0fb5-47e1-957c-5f1268fba517/resource/bc24a40f-5687-4338-8f9a-449de248ab93/download","geocoding_address":"臺北市大安區復興南路2段314號","location_method":"OpenStreetMap道路/地名定位","violation_count":1},"geometry":{"type":"Point","coordinates":[121.5434481,25.0231578]}},{"type":"Feature","properties":{"data_time":"2022-10-11","source_row_no":623,"name":"八海國際餐飲股份有限公司(八海食潮當代鍋物)","city":"臺北市","district":"中正區","address":"臺北市中正區北平西路3號3樓","sample_date":"2022-10-11","project_name":"火鍋料","product_category":"豆腐","sample_item":"豆腐(素)","inspection_result":"不符合規定","violation_reason":"苯甲酸：1.39g/kg(標準：不得檢出)","postal_code":"100","source_type":"食品抽驗不合格","source_dataset":"臺北市衛生局食品抽驗不合格清冊","source_url":"https://data.taipei/api/dataset/09a917a0-0fb5-47e1-957c-5f1268fba517/resource/bc24a40f-5687-4338-8f9a-449de248ab93/download","geocoding_address":"臺北市中正區北平西路3號3樓","location_method":"臺北市門牌位置數值資料","violation_count":1},"geometry":{"type":"Point","coordinates":[121.51705766108695,25.04717593423849]}},{"type":"Feature","properties":{"data_time":"2022-10-13","source_row_no":624,"name":"英屬開曼群島商撈王餐飲國際股份有限公司臺灣分公司信義營業處","city":"臺北市","district":"信義區","address":"臺北市信義區松壽路12號9樓","sample_date":"2022-10-13","project_name":"火鍋料","product_category":"鮮果蔬菜類及其加工品","sample_item":"青江菜","inspection_result":"不符合規定","violation_reason":"1.殺蟲劑芬普尼(Fipronil)：0.046ppm、芬普尼代謝物(Fipronil-sulfone)：0.011ppm(標準：0.001ppm)\n2.殺蟲劑百利普芬(Pyriproxyfen)：0.73ppm(標準：0.01ppm)","postal_code":"110","source_type":"食品抽驗不合格","source_dataset":"臺北市衛生局食品抽驗不合格清冊","source_url":"https://data.taipei/api/dataset/09a917a0-0fb5-47e1-957c-5f1268fba517/resource/bc24a40f-5687-4338-8f9a-449de248ab93/download","geocoding_address":"臺北市信義區松壽路12號9樓","location_method":"臺北市門牌位置數值資料","violation_count":1},"geometry":{"type":"Point","coordinates":[121.56602091453597,25.03566809663475]}},{"type":"Feature","properties":{"data_time":"2022-10-14","source_row_no":625,"name":"小鍋南港店","city":"臺北市","district":"南港區","address":"臺北市南港區忠孝東路7段369號A棟3樓(A4703櫃)","sample_date":"2022-10-14","project_name":"火鍋料","product_category":"鮮果蔬菜類及其加工品","sample_item":"青蔥","inspection_result":"不符合規定","violation_reason":"1.殺蟲劑芬普尼代謝物(Fipronil-sulfone)：0.003ppm(標準：0.001ppm)\n2.殺菌劑賽氟滅(Thifluzamide)：0.04ppm(標準：不得檢出)","postal_code":"115","source_type":"食品抽驗不合格","source_dataset":"臺北市衛生局食品抽驗不合格清冊","source_url":"https://data.taipei/api/dataset/09a917a0-0fb5-47e1-957c-5f1268fba517/resource/bc24a40f-5687-4338-8f9a-449de248ab93/download","geocoding_address":"臺北市南港區忠孝東路7段369號A棟3樓(A4703櫃)","location_method":"OpenStreetMap道路/地名定位","violation_count":1},"geometry":{"type":"Point","coordinates":[121.6072019,25.0521746]}},{"type":"Feature","properties":{"data_time":"2022-10-17","source_row_no":626,"name":"新加坡商海底撈事業股份有限公司臺灣第一分公司(海底撈火鍋京站店)","city":"臺北市","district":"大同區","address":"臺北市大同區承德路一段1號4樓","sample_date":"2022-10-17","project_name":"火鍋料","product_category":"鮮果蔬菜類及其加工品","sample_item":"白蘿蔔","inspection_result":"不符合規定","violation_reason":"殺蟲劑芬普尼(Fipronil)：0.001ppm、芬普尼代謝物(Fipronil-sulfone)：0.001ppm(標準：0.001ppm)","postal_code":"103","source_type":"食品抽驗不合格","source_dataset":"臺北市衛生局食品抽驗不合格清冊","source_url":"https://data.taipei/api/dataset/09a917a0-0fb5-47e1-957c-5f1268fba517/resource/bc24a40f-5687-4338-8f9a-449de248ab93/download","geocoding_address":"臺北市大同區承德路一段1號4樓","location_method":"臺北市門牌位置數值資料","violation_count":1},"geometry":{"type":"Point","coordinates":[121.51678413900862,25.049090081923055]}},{"type":"Feature","properties":{"data_time":"2022-10-17","source_row_no":627,"name":"人杰老四川餐飲管理顧問有限公司臺北南京東分公司(老四川巴蜀麻辣燙)","city":"臺北市","district":"中山區","address":"臺北市中山區南京東路2段45號1、2樓；47號1、2樓","sample_date":"2022-10-17","project_name":"火鍋料","product_category":"鮮果蔬菜類及其加工品","sample_item":"芫荽","inspection_result":"不符合規定","violation_reason":"殺草劑草脫淨(Atrazine)：0.02ppm(標準：不得檢出)","postal_code":"104","source_type":"食品抽驗不合格","source_dataset":"臺北市衛生局食品抽驗不合格清冊","source_url":"https://data.taipei/api/dataset/09a917a0-0fb5-47e1-957c-5f1268fba517/resource/bc24a40f-5687-4338-8f9a-449de248ab93/download","geocoding_address":"臺北市中山區南京東路2段45號1、2樓；47號1、2樓","location_method":"OpenStreetMap道路/地名定位","violation_count":1},"geometry":{"type":"Point","coordinates":[121.5339346,25.0519431]}},{"type":"Feature","properties":{"data_time":"2022-10-18","source_row_no":628,"name":"饗樂餐飲實業股份有限公司中山錦州分公司","city":"臺北市","district":"中山區","address":"臺北市中山區吉林路205號1樓","sample_date":"2022-10-18","project_name":"市售食品反式脂肪酸含量","product_category":"沙拉醬","sample_item":"沙拉醬\n(有效日期：2022/12/8)","inspection_result":"不符合規定","violation_reason":"營養標示反式脂肪含量為「每份：0公克/每100公克：0公克」，惟檢出每100公克反式脂肪酸含量0.40公克，依據「包裝食品營養標示應遵行事項」，每100公克固體（半固體）反式脂肪酸含量不超過0.3公克得標示為0，案內產品應依實際數值標示。","postal_code":"104","source_type":"食品抽驗不合格","source_dataset":"臺北市衛生局食品抽驗不合格清冊","source_url":"https://data.taipei/api/dataset/09a917a0-0fb5-47e1-957c-5f1268fba517/resource/bc24a40f-5687-4338-8f9a-449de248ab93/download","geocoding_address":"臺北市中山區吉林路205號1樓","location_method":"臺北市門牌位置數值資料","violation_count":1},"geometry":{"type":"Point","coordinates":[121.53036377574429,25.060113053182842]}},{"type":"Feature","properties":{"data_time":"2022-10-20","source_row_no":629,"name":"粉紅色的門早午餐坊(品客多Coffee house)","city":"臺北市","district":"松山區","address":"臺北市松山區八德路4段789號1樓","sample_date":"2022-10-20","project_name":"市售食品反式脂肪酸含量","product_category":"沙拉醬","sample_item":"西式千島沙拉醬\n(有效日期：2023/4/6)","inspection_result":"不符合規定","violation_reason":"營養標示反式脂肪含量為「每份：0公克/每100公克：0公克」，惟檢出每100公克反式脂肪酸含量0.49公克，依據「包裝食品營養標示應遵行事項」，每100公克固體（半固體）反式脂肪酸含量不超過0.3公克得標示為0，案內產品應依實際數值標示。","postal_code":"105","source_type":"食品抽驗不合格","source_dataset":"臺北市衛生局食品抽驗不合格清冊","source_url":"https://data.taipei/api/dataset/09a917a0-0fb5-47e1-957c-5f1268fba517/resource/bc24a40f-5687-4338-8f9a-449de248ab93/download","geocoding_address":"臺北市松山區八德路4段789號1樓","location_method":"OpenStreetMap道路/地名定位","violation_count":1},"geometry":{"type":"Point","coordinates":[121.5672489,25.0491324]}},{"type":"Feature","properties":{"data_time":"2022-10-21","source_row_no":630,"name":"惠康百貨股份有限公司雨聲分公司(家樂福)","city":"臺北市","district":"士林區","address":"臺北市士林區雨聲街52號、52之1號、50巷1號","sample_date":"2022-10-21","project_name":"市售食品反式脂肪酸含量","product_category":"人造奶油","sample_item":"乳瑪琳440人造奶油\n(有效日期：2023/8/25)","inspection_result":"不符合規定","violation_reason":"營養標示反式脂肪含量為「每份：0.06公克/每10公克（經換算為0.6公克/每100公克）」，惟檢出每100公克反式脂肪酸含量0.87公克，依據「包裝食品營養標示應遵行事項」，反式脂肪含量標示值誤差允許範圍為「小於或等於標示值之120%」（經換算為0.72公克/每100公克），案內產品應依實際數值標示。","postal_code":"111","source_type":"食品抽驗不合格","source_dataset":"臺北市衛生局食品抽驗不合格清冊","source_url":"https://data.taipei/api/dataset/09a917a0-0fb5-47e1-957c-5f1268fba517/resource/bc24a40f-5687-4338-8f9a-449de248ab93/download","geocoding_address":"臺北市士林區雨聲街52號、52之1號、50巷1號","location_method":"OpenStreetMap道路/地名定位","violation_count":1},"geometry":{"type":"Point","coordinates":[121.528922,25.1040281]}},{"type":"Feature","properties":{"data_time":"2022-10-19","source_row_no":631,"name":"民祥餐飲店(巨林美而美民和店)","city":"臺北市","district":"萬華區","address":"臺北市萬華區民和街2號1樓","sample_date":"2022-10-19","project_name":"市售食品反式脂肪酸含量","product_category":"奶精","sample_item":"日久奶精(非乳為主)\n(有效日期：2022/10/27)","inspection_result":"不符合規定","violation_reason":"未標示原產地（國）及「有效日期」字樣","postal_code":"108","source_type":"食品抽驗不合格","source_dataset":"臺北市衛生局食品抽驗不合格清冊","source_url":"https://data.taipei/api/dataset/09a917a0-0fb5-47e1-957c-5f1268fba517/resource/bc24a40f-5687-4338-8f9a-449de248ab93/download","geocoding_address":"臺北市萬華區民和街2號1樓","location_method":"臺北市門牌位置數值資料","violation_count":1},"geometry":{"type":"Point","coordinates":[121.50011663078841,25.026395611318897]}},{"type":"Feature","properties":{"data_time":"2022-11-02","source_row_no":632,"name":"無市招攤販-謝愛玉","city":"臺北市","district":"內湖區","address":"臺北市內湖區康寧路1段33巷13號","sample_date":"2022-11-02","project_name":"蔬果","product_category":"大漿果類","sample_item":"改良種百香果","inspection_result":"不符合規定","violation_reason":"殺菌劑Procymidone 撲滅寧0.02ppm(標準：0.01ppm以下) \n殺蟲劑Cyromazine 賽滅淨0.12ppm(標準：不得檢出)","postal_code":"114","source_type":"食品抽驗不合格","source_dataset":"臺北市衛生局食品抽驗不合格清冊","source_url":"https://data.taipei/api/dataset/09a917a0-0fb5-47e1-957c-5f1268fba517/resource/bc24a40f-5687-4338-8f9a-449de248ab93/download","geocoding_address":"臺北市內湖區康寧路1段33巷13號","location_method":"OpenStreetMap道路/地名定位","violation_count":1},"geometry":{"type":"Point","coordinates":[121.5909481,25.0807589]}},{"type":"Feature","properties":{"data_time":"2022-11-01","source_row_no":633,"name":"開泰豐國際股份有限公司(台北文華東方酒店)","city":"臺北市","district":"松山區","address":"臺北市松山區敦化北路158號","sample_date":"2022-11-01","project_name":"蔬果","product_category":"小葉菜類","sample_item":"芥藍菜(中)","inspection_result":"不符合規定","violation_reason":"殺菌劑Dimethomorph 達滅芬3.9ppm(標準：2.5ppm以下) \n殺蟲劑Profenophos 佈飛松3.8ppm(標準：1.0ppm以下)","postal_code":"105","source_type":"食品抽驗不合格","source_dataset":"臺北市衛生局食品抽驗不合格清冊","source_url":"https://data.taipei/api/dataset/09a917a0-0fb5-47e1-957c-5f1268fba517/resource/bc24a40f-5687-4338-8f9a-449de248ab93/download","geocoding_address":"臺北市松山區敦化北路158號","location_method":"臺北市門牌位置數值資料","violation_count":1},"geometry":{"type":"Point","coordinates":[121.54839375340855,25.055343509534648]}},{"type":"Feature","properties":{"data_time":"2022-11-01","source_row_no":634,"name":"蔬菜攤","city":"臺北市","district":"大同區","address":"臺北市大同區錦西街38巷18號前","sample_date":"2022-11-01","project_name":"蔬果","product_category":"根莖菜類","sample_item":"白蘿蔔SA3","inspection_result":"不符合規定","violation_reason":"殺蟲劑Cypermethrin 賽滅寧0.02ppm(標準：0.01ppm以下) \n殺蟲劑Fipronil-sulfone芬普尼代謝物0.002ppm(標準：0.001ppm以下)","postal_code":"103","source_type":"食品抽驗不合格","source_dataset":"臺北市衛生局食品抽驗不合格清冊","source_url":"https://data.taipei/api/dataset/09a917a0-0fb5-47e1-957c-5f1268fba517/resource/bc24a40f-5687-4338-8f9a-449de248ab93/download","geocoding_address":"臺北市大同區錦西街38巷18號前","location_method":"臺北市門牌位置數值資料","violation_count":1},"geometry":{"type":"Point","coordinates":[121.5203328612415,25.059667825365384]}},{"type":"Feature","properties":{"data_time":"2022-11-02","source_row_no":635,"name":"樂樂水果","city":"臺北市","district":"內湖區","address":"臺北市內湖區成功路4段20巷6號","sample_date":"2022-11-02","project_name":"蔬果","product_category":"大漿果類","sample_item":"特選百香果","inspection_result":"不符合規定","violation_reason":"殺蟲劑Cyromazine 賽滅淨0.15ppm(標準：不得檢出)","postal_code":"114","source_type":"食品抽驗不合格","source_dataset":"臺北市衛生局食品抽驗不合格清冊","source_url":"https://data.taipei/api/dataset/09a917a0-0fb5-47e1-957c-5f1268fba517/resource/bc24a40f-5687-4338-8f9a-449de248ab93/download","geocoding_address":"臺北市內湖區成功路4段20巷6號","location_method":"OpenStreetMap道路/地名定位","violation_count":1},"geometry":{"type":"Point","coordinates":[121.597789,25.0847146]}},{"type":"Feature","properties":{"data_time":"2022-11-02","source_row_no":636,"name":"白毫素食天地","city":"臺北市","district":"士林區","address":"臺北市士林區天母西路13巷10號1樓","sample_date":"2022-11-02","project_name":"蔬果","product_category":"瓜菜類","sample_item":"絲瓜","inspection_result":"不符合規定","violation_reason":"殺菌劑Tebuconazole 得克利0.09ppm(標準：0.01ppm以下)","postal_code":"111","source_type":"食品抽驗不合格","source_dataset":"臺北市衛生局食品抽驗不合格清冊","source_url":"https://data.taipei/api/dataset/09a917a0-0fb5-47e1-957c-5f1268fba517/resource/bc24a40f-5687-4338-8f9a-449de248ab93/download","geocoding_address":"臺北市士林區天母西路13巷10號1樓","location_method":"臺北市門牌位置數值資料","violation_count":1},"geometry":{"type":"Point","coordinates":[121.52838412610016,25.118855856078575]}},{"type":"Feature","properties":{"data_time":"2022-11-01","source_row_no":637,"name":"好鍋有限公司/","city":"臺北市","district":"士林區","address":"臺北市士林區天母西路43號1樓/28743731","sample_date":"2022-11-01","project_name":"蔬果","product_category":"小葉菜類","sample_item":"大陸妹","inspection_result":"不符合規定","violation_reason":"殺菌劑Propiconazole 普克利0.08ppm(標準：0.01ppm以下)","postal_code":"111","source_type":"食品抽驗不合格","source_dataset":"臺北市衛生局食品抽驗不合格清冊","source_url":"https://data.taipei/api/dataset/09a917a0-0fb5-47e1-957c-5f1268fba517/resource/bc24a40f-5687-4338-8f9a-449de248ab93/download","geocoding_address":"臺北市士林區天母西路43號1樓/28743731","location_method":"臺北市門牌位置數值資料","violation_count":1},"geometry":{"type":"Point","coordinates":[121.52725288574148,25.118561779953247]}},{"type":"Feature","properties":{"data_time":"2022-11-02","source_row_no":638,"name":"無市招攤販-施O樺(承銷號：0615)","city":"臺北市","district":"松山區","address":"臺北市松山區南京東路5段291巷跟健康路400號之巷口","sample_date":"2022-11-02","project_name":"蔬果","product_category":"小葉菜類","sample_item":"茼蒿","inspection_result":"不符合規定","violation_reason":"殺蟲劑Chlorpyrifos 陶斯松0.08ppm(標準：0.01ppm以下)","postal_code":"105","source_type":"食品抽驗不合格","source_dataset":"臺北市衛生局食品抽驗不合格清冊","source_url":"https://data.taipei/api/dataset/09a917a0-0fb5-47e1-957c-5f1268fba517/resource/bc24a40f-5687-4338-8f9a-449de248ab93/download","geocoding_address":"臺北市松山區南京東路5段291巷跟健康路400號之巷口","location_method":"OpenStreetMap道路/地名定位","violation_count":1},"geometry":{"type":"Point","coordinates":[121.562368,25.0513869]}},{"type":"Feature","properties":{"data_time":"2022-11-03","source_row_no":639,"name":"家福股份有限公司台北桂林分公司(家樂福桂林店)","city":"臺北市","district":"萬華區","address":"臺北市萬華區桂林路1號1-4樓","sample_date":"2022-11-03","project_name":"蔬果","product_category":"根莖菜類","sample_item":"水洗白蘿蔔","inspection_result":"不符合規定","violation_reason":"殺蟲劑Fipronil 芬普尼0.001ppm、Fipronil-sulfone芬普尼代謝物0.004ppm(標準：0.001ppm以下)","postal_code":"108","source_type":"食品抽驗不合格","source_dataset":"臺北市衛生局食品抽驗不合格清冊","source_url":"https://data.taipei/api/dataset/09a917a0-0fb5-47e1-957c-5f1268fba517/resource/bc24a40f-5687-4338-8f9a-449de248ab93/download","geocoding_address":"臺北市萬華區桂林路1號1-4樓","location_method":"臺北市門牌位置數值資料","violation_count":1},"geometry":{"type":"Point","coordinates":[121.50630357558084,25.037675441115727]}},{"type":"Feature","properties":{"data_time":"2022-11-02","source_row_no":640,"name":"好膳企業股份有限公司(MIOPANE)","city":"臺北市","district":"士林區","address":"臺北市士林區天母東路43巷3號","sample_date":"2022-11-02","project_name":"蔬果","product_category":"包葉菜類","sample_item":"蘿美生菜-進口","inspection_result":"不符合規定","violation_reason":"殺菌劑Propiconazole 普克利0.03ppm(標準：0.01ppm以下)","postal_code":"111","source_type":"食品抽驗不合格","source_dataset":"臺北市衛生局食品抽驗不合格清冊","source_url":"https://data.taipei/api/dataset/09a917a0-0fb5-47e1-957c-5f1268fba517/resource/bc24a40f-5687-4338-8f9a-449de248ab93/download","geocoding_address":"臺北市士林區天母東路43巷3號","location_method":"臺北市門牌位置數值資料","violation_count":1},"geometry":{"type":"Point","coordinates":[121.53228334257054,25.11845717427767]}},{"type":"Feature","properties":{"data_time":"2022-11-02","source_row_no":641,"name":"遠百企業股份有限公司忠孝分公司(愛買)","city":"臺北市","district":"信義區","address":"臺北市信義區忠孝東路5段297號地下1.2.3樓","sample_date":"2022-11-02","project_name":"蔬果","product_category":"香辛植物及其他草木本植物","sample_item":"香菜","inspection_result":"不符合規定","violation_reason":"殺蟲劑Chlorpyrifos陶斯松0.02ppm（標準：0.01ppm以下）","postal_code":"110","source_type":"食品抽驗不合格","source_dataset":"臺北市衛生局食品抽驗不合格清冊","source_url":"https://data.taipei/api/dataset/09a917a0-0fb5-47e1-957c-5f1268fba517/resource/bc24a40f-5687-4338-8f9a-449de248ab93/download","geocoding_address":"臺北市信義區忠孝東路5段297號地下1.2.3樓","location_method":"OpenStreetMap道路/地名定位","violation_count":1},"geometry":{"type":"Point","coordinates":[121.5728413,25.0410057]}},{"type":"Feature","properties":{"data_time":"2022-11-04","source_row_no":642,"name":"遠東都會股份有限公司復興店(city super復興店)","city":"臺北市","district":"大安區","address":"臺北市大安區忠孝東路3段300號B3","sample_date":"2022-11-04","project_name":"蔬果","product_category":"小葉菜類","sample_item":"青江白菜","inspection_result":"不符合規定","violation_reason":"殺蟲劑Chlorfenapyr 克凡派1.2ppm(標準：1.0ppm以下)","postal_code":"106","source_type":"食品抽驗不合格","source_dataset":"臺北市衛生局食品抽驗不合格清冊","source_url":"https://data.taipei/api/dataset/09a917a0-0fb5-47e1-957c-5f1268fba517/resource/bc24a40f-5687-4338-8f9a-449de248ab93/download","geocoding_address":"臺北市大安區忠孝東路3段300號B3","location_method":"OpenStreetMap道路/地名定位","violation_count":1},"geometry":{"type":"Point","coordinates":[121.5341297,25.0422049]}},{"type":"Feature","properties":{"data_time":"2022-11-03","source_row_no":643,"name":"家福股份有限公司台北桂林分公司(家樂福桂林店)","city":"臺北市","district":"萬華區","address":"臺北市萬華區桂林路1號1-4樓","sample_date":"2022-11-03","project_name":"蔬果","product_category":"乾豆類","sample_item":"良農綠豆(有效日期：20230801)","inspection_result":"不符合規定","violation_reason":"殺草劑Glyphosate嘉磷塞2.1ppm（標準：2.0ppm以下）","postal_code":"108","source_type":"食品抽驗不合格","source_dataset":"臺北市衛生局食品抽驗不合格清冊","source_url":"https://data.taipei/api/dataset/09a917a0-0fb5-47e1-957c-5f1268fba517/resource/bc24a40f-5687-4338-8f9a-449de248ab93/download","geocoding_address":"臺北市萬華區桂林路1號1-4樓","location_method":"臺北市門牌位置數值資料","violation_count":1},"geometry":{"type":"Point","coordinates":[121.50630357558084,25.037675441115727]}},{"type":"Feature","properties":{"data_time":"2022-10-03","source_row_no":644,"name":"佳祈健保藥局","city":"臺北市","district":"北投區","address":"臺北市北投區明德路144號","sample_date":"2022-10-03","project_name":"市售產品塑化劑含量","product_category":"膠囊錠狀食品","sample_item":"碧苜素優視膠囊","inspection_result":"不符合規定","violation_reason":"DBP:1.4ppm\n(指標值:0.6ppm)","postal_code":"112","source_type":"食品抽驗不合格","source_dataset":"臺北市衛生局食品抽驗不合格清冊","source_url":"https://data.taipei/api/dataset/09a917a0-0fb5-47e1-957c-5f1268fba517/resource/bc24a40f-5687-4338-8f9a-449de248ab93/download","geocoding_address":"臺北市北投區明德路144號","location_method":"臺北市門牌位置數值資料","violation_count":1},"geometry":{"type":"Point","coordinates":[121.52076442738138,25.110463712268352]}},{"type":"Feature","properties":{"data_time":"2022-10-07","source_row_no":645,"name":"惠康百貨股份有限公司(Mia C'bon 臺北寶慶店)","city":"臺北市","district":"中正區","address":"臺北市中正區寶慶路32號B1","sample_date":"2022-10-07","project_name":"市售產品塑化劑含量","product_category":"油脂","sample_item":"苦茶油","inspection_result":"不符合規定","violation_reason":"DEHP:6ppm\n(指標值:3ppm)","postal_code":"100","source_type":"食品抽驗不合格","source_dataset":"臺北市衛生局食品抽驗不合格清冊","source_url":"https://data.taipei/api/dataset/09a917a0-0fb5-47e1-957c-5f1268fba517/resource/bc24a40f-5687-4338-8f9a-449de248ab93/download","geocoding_address":"臺北市中正區寶慶路32號B1","location_method":"OpenStreetMap道路/地名定位","violation_count":1},"geometry":{"type":"Point","coordinates":[121.5122294,25.0411308]}},{"type":"Feature","properties":{"data_time":"2022-10-24","source_row_no":646,"name":"臺灣屈臣氏個人用品商店股份有限公司寧波分公司","city":"臺北市","district":"中正區","address":"臺北市中正區寧波西街46號1、2樓","sample_date":"2022-10-24","project_name":"市售產品塑化劑含量","product_category":"膠囊錠狀食品","sample_item":"【達摩本草】90% Omega-3 專利深海魚油膠囊","inspection_result":"不符合規定","violation_reason":"DINP:24ppm\n (指標值:9ppm)","postal_code":"100","source_type":"食品抽驗不合格","source_dataset":"臺北市衛生局食品抽驗不合格清冊","source_url":"https://data.taipei/api/dataset/09a917a0-0fb5-47e1-957c-5f1268fba517/resource/bc24a40f-5687-4338-8f9a-449de248ab93/download","geocoding_address":"臺北市中正區寧波西街46號1、2樓","location_method":"臺北市門牌位置數值資料","violation_count":1},"geometry":{"type":"Point","coordinates":[121.51789525991747,25.030847740218583]}},{"type":"Feature","properties":{"data_time":"2022-11-15","source_row_no":647,"name":"旭日昇雜糧行","city":"臺北市","district":"內湖區","address":"臺北市內湖區內湖路1段285巷65弄15號1樓","sample_date":"2022-11-15","project_name":"年節食品","product_category":"木耳","sample_item":"白木耳","inspection_result":"不符合規定","violation_reason":"殺蟲劑Methomyl納乃得0.08ppm（標準：不得檢出）\n生長調節劑Chlormequat克美素0.29ppm（標準：不得檢出）","postal_code":"114","source_type":"食品抽驗不合格","source_dataset":"臺北市衛生局食品抽驗不合格清冊","source_url":"https://data.taipei/api/dataset/09a917a0-0fb5-47e1-957c-5f1268fba517/resource/bc24a40f-5687-4338-8f9a-449de248ab93/download","geocoding_address":"臺北市內湖區內湖路1段285巷65弄15號1樓","location_method":"OpenStreetMap道路/地名定位","violation_count":1},"geometry":{"type":"Point","coordinates":[121.5611029,25.084396]}},{"type":"Feature","properties":{"data_time":"2022-11-15","source_row_no":648,"name":"偉順蔘藥行","city":"臺北市","district":"信義區","address":"臺北市信義區吳興街202號1樓","sample_date":"2022-11-15","project_name":"年節食品","product_category":"木耳","sample_item":"白木耳(有效日期：1140905)(原產地:中國)","inspection_result":"不符合規定","violation_reason":"殺蟎劑Propargite毆蟎多0.07ppm（標準：不得檢出）\n生長調節劑Chlormequat克美素0.26ppm（標準：不得檢出）\n外包裝標示外包裝標示「通過SGS檢驗無農藥殘留」、「安心使用」等字樣","postal_code":"110","source_type":"食品抽驗不合格","source_dataset":"臺北市衛生局食品抽驗不合格清冊","source_url":"https://data.taipei/api/dataset/09a917a0-0fb5-47e1-957c-5f1268fba517/resource/bc24a40f-5687-4338-8f9a-449de248ab93/download","geocoding_address":"臺北市信義區吳興街202號1樓","location_method":"臺北市門牌位置數值資料","violation_count":1},"geometry":{"type":"Point","coordinates":[121.56272342774051,25.02808819223718]}},{"type":"Feature","properties":{"data_time":"2022-11-15","source_row_no":649,"name":"全聯實業股份有限公司士林中正分公司(全聯福利中心)","city":"臺北市","district":"士林區","address":"臺北市士林區中正路115號1樓","sample_date":"2022-11-15","project_name":"年節食品","product_category":"木耳","sample_item":"白木耳(調理用)(有效日期：20230821)(原產地:中國)","inspection_result":"不符合規定","violation_reason":"生長調節劑Chlormequat 克美素0.37ppm(標準：不得檢出)","postal_code":"111","source_type":"食品抽驗不合格","source_dataset":"臺北市衛生局食品抽驗不合格清冊","source_url":"https://data.taipei/api/dataset/09a917a0-0fb5-47e1-957c-5f1268fba517/resource/bc24a40f-5687-4338-8f9a-449de248ab93/download","geocoding_address":"臺北市士林區中正路115號1樓","location_method":"臺北市門牌位置數值資料","violation_count":1},"geometry":{"type":"Point","coordinates":[121.52855624056936,25.0956688417103]}},{"type":"Feature","properties":{"data_time":"2022-11-16","source_row_no":650,"name":"合泰雜糧行","city":"臺北市","district":"萬華區","address":"臺北市萬華區和平西路3段202號1樓","sample_date":"2022-11-16","project_name":"年節食品","product_category":"木耳","sample_item":"白大花級合格乾銀耳（DRIED JELLY FUNGI）（雪耳）（產地：中國）","inspection_result":"不符合規定","violation_reason":"生長調節劑Chlormequat克美素0.31ppm（標準：不得檢出），另外箱標示「合格」字樣","postal_code":"108","source_type":"食品抽驗不合格","source_dataset":"臺北市衛生局食品抽驗不合格清冊","source_url":"https://data.taipei/api/dataset/09a917a0-0fb5-47e1-957c-5f1268fba517/resource/bc24a40f-5687-4338-8f9a-449de248ab93/download","geocoding_address":"臺北市萬華區和平西路3段202號1樓","location_method":"OpenStreetMap道路/地名定位","violation_count":1},"geometry":{"type":"Point","coordinates":[121.5022869,25.0351473]}},{"type":"Feature","properties":{"data_time":"2022-11-14","source_row_no":651,"name":"宏德雜糧行","city":"臺北市","district":"大安區","address":"臺北市大安區安居街117號1樓","sample_date":"2022-11-14","project_name":"年節食品","product_category":"木耳","sample_item":"白木耳","inspection_result":"不符合規定","violation_reason":"生長調節劑Chlormequat 克美素0.29ppm(標準：不得檢出)","postal_code":"106","source_type":"食品抽驗不合格","source_dataset":"臺北市衛生局食品抽驗不合格清冊","source_url":"https://data.taipei/api/dataset/09a917a0-0fb5-47e1-957c-5f1268fba517/resource/bc24a40f-5687-4338-8f9a-449de248ab93/download","geocoding_address":"臺北市大安區安居街117號1樓","location_method":"臺北市門牌位置數值資料","violation_count":1},"geometry":{"type":"Point","coordinates":[121.5521430164957,25.018262670897453]}},{"type":"Feature","properties":{"data_time":"2022-11-15","source_row_no":652,"name":"全聯實業股份有限公司士林中正分公司(全聯福利中心)","city":"臺北市","district":"士林區","address":"臺北市士林區中正路115號1樓","sample_date":"2022-11-15","project_name":"年節食品","product_category":"木耳","sample_item":"白木耳(有效日期：20231011)（產地：中國）","inspection_result":"不符合規定","violation_reason":"生長調節劑Chlormequat 克美素0.26ppm(標準：不得檢出)","postal_code":"111","source_type":"食品抽驗不合格","source_dataset":"臺北市衛生局食品抽驗不合格清冊","source_url":"https://data.taipei/api/dataset/09a917a0-0fb5-47e1-957c-5f1268fba517/resource/bc24a40f-5687-4338-8f9a-449de248ab93/download","geocoding_address":"臺北市士林區中正路115號1樓","location_method":"臺北市門牌位置數值資料","violation_count":1},"geometry":{"type":"Point","coordinates":[121.52855624056936,25.0956688417103]}},{"type":"Feature","properties":{"data_time":"2022-11-16","source_row_no":653,"name":"無市招業者","city":"臺北市","district":"萬華區","address":"臺北市萬華區富民路145巷44號","sample_date":"2022-11-16","project_name":"年節食品","product_category":"木耳","sample_item":"白木耳（產地：中國）","inspection_result":"不符合規定","violation_reason":"生長調節劑Chlormequat 克美素0.18ppm(標準：不得檢出)","postal_code":"108","source_type":"食品抽驗不合格","source_dataset":"臺北市衛生局食品抽驗不合格清冊","source_url":"https://data.taipei/api/dataset/09a917a0-0fb5-47e1-957c-5f1268fba517/resource/bc24a40f-5687-4338-8f9a-449de248ab93/download","geocoding_address":"臺北市萬華區富民路145巷44號","location_method":"臺北市門牌位置數值資料","violation_count":1},"geometry":{"type":"Point","coordinates":[121.50109352560266,25.018890555136686]}},{"type":"Feature","properties":{"data_time":"2022-11-18","source_row_no":654,"name":"上海鄉村股份有限公司濟南分公司","city":"臺北市","district":"中正區","address":"臺北市中正區濟南路2段37號1樓及37之1號1樓","sample_date":"2022-11-18","project_name":"年節食品","product_category":"竹笙","sample_item":"竹笙","inspection_result":"不符合規定","violation_reason":"殺蟲劑Dinotefuran達特南0.18ppm（標準：不得檢出）\n殺菌劑Propiconazole普克利0.09ppm（標準：0.05ppm以下）","postal_code":"100","source_type":"食品抽驗不合格","source_dataset":"臺北市衛生局食品抽驗不合格清冊","source_url":"https://data.taipei/api/dataset/09a917a0-0fb5-47e1-957c-5f1268fba517/resource/bc24a40f-5687-4338-8f9a-449de248ab93/download","geocoding_address":"臺北市中正區濟南路2段37號1樓及37之1號1樓","location_method":"OpenStreetMap道路/地名定位","violation_count":1},"geometry":{"type":"Point","coordinates":[121.5309804,25.040416]}},{"type":"Feature","properties":{"data_time":"2022-11-21","source_row_no":655,"name":"京老滿餐飲股份有限公司(餡老滿)","city":"臺北市","district":"內湖區","address":"臺北市內湖區成功路4段188號2樓","sample_date":"2022-11-21","project_name":"年節食品","product_category":"竹笙","sample_item":"特級竹笙(有效日期：20230720)（產地：中國）","inspection_result":"不符合規定","violation_reason":"殺蟲劑Fipronil芬普尼0.015ppm(標準:0.002ppm以下)\n殺蟲劑Propoxur安丹2.70ppm(標準:0.05ppm以下)","postal_code":"114","source_type":"食品抽驗不合格","source_dataset":"臺北市衛生局食品抽驗不合格清冊","source_url":"https://data.taipei/api/dataset/09a917a0-0fb5-47e1-957c-5f1268fba517/resource/bc24a40f-5687-4338-8f9a-449de248ab93/download","geocoding_address":"臺北市內湖區成功路4段188號2樓","location_method":"OpenStreetMap道路/地名定位","violation_count":1},"geometry":{"type":"Point","coordinates":[121.597789,25.0847146]}},{"type":"Feature","properties":{"data_time":"2022-11-21","source_row_no":656,"name":"麗庭莊園有限公司(88號樂章婚宴會館)","city":"臺北市","district":"內湖區","address":"臺北市內湖區民善街88號5樓","sample_date":"2022-11-21","project_name":"年節食品","product_category":"竹笙","sample_item":"竹笙","inspection_result":"不符合規定","violation_reason":"殺蟲劑Fipronil 芬普尼0.042ppm(標準：0.002ppm以下)","postal_code":"114","source_type":"食品抽驗不合格","source_dataset":"臺北市衛生局食品抽驗不合格清冊","source_url":"https://data.taipei/api/dataset/09a917a0-0fb5-47e1-957c-5f1268fba517/resource/bc24a40f-5687-4338-8f9a-449de248ab93/download","geocoding_address":"臺北市內湖區民善街88號5樓","location_method":"臺北市門牌位置數值資料","violation_count":1},"geometry":{"type":"Point","coordinates":[121.57536491269865,25.060140703094966]}},{"type":"Feature","properties":{"data_time":"2022-11-18","source_row_no":657,"name":"元忠商店","city":"臺北市","district":"文山區","address":"臺北市文山區集英街30號","sample_date":"2022-11-18","project_name":"年節食品","product_category":"竹笙","sample_item":"竹笙（產地：中國）","inspection_result":"不符合規定","violation_reason":"重金屬鎘5mg/kg（標準：2mg/kg以下）","postal_code":"116","source_type":"食品抽驗不合格","source_dataset":"臺北市衛生局食品抽驗不合格清冊","source_url":"https://data.taipei/api/dataset/09a917a0-0fb5-47e1-957c-5f1268fba517/resource/bc24a40f-5687-4338-8f9a-449de248ab93/download","geocoding_address":"臺北市文山區集英街30號","location_method":"OpenStreetMap道路/地名定位","violation_count":1},"geometry":{"type":"Point","coordinates":[121.569462,24.9880411]}},{"type":"Feature","properties":{"data_time":"2022-11-18","source_row_no":658,"name":"全向雜糧商行","city":"臺北市","district":"內湖區","address":"臺北市內湖區五分街51號","sample_date":"2022-11-18","project_name":"年節食品","product_category":"竹笙","sample_item":"竹笙（有效日期：20231024）（產地：中國）","inspection_result":"不符合規定","violation_reason":"重金屬鎘5mg/kg（標準：2mg/kg以下）","postal_code":"114","source_type":"食品抽驗不合格","source_dataset":"臺北市衛生局食品抽驗不合格清冊","source_url":"https://data.taipei/api/dataset/09a917a0-0fb5-47e1-957c-5f1268fba517/resource/bc24a40f-5687-4338-8f9a-449de248ab93/download","geocoding_address":"臺北市內湖區五分街51號","location_method":"臺北市門牌位置數值資料","violation_count":1},"geometry":{"type":"Point","coordinates":[121.61409575233647,25.06755453088145]}},{"type":"Feature","properties":{"data_time":"2022-11-21","source_row_no":659,"name":"國裕開發股份有限公司（台北凱撤大飯店王朝餐廳)","city":"臺北市","district":"中正區","address":"臺北市中正區忠孝西路1段38號3樓","sample_date":"2022-11-21","project_name":"年節食品","product_category":"脫水蔬果類","sample_item":"巴西蘑菇（有效日期：20231009）（產地：中國）","inspection_result":"不符合規定","violation_reason":"重金屬鎘18mg/kg（標準：2mg/kg以下）","postal_code":"100","source_type":"食品抽驗不合格","source_dataset":"臺北市衛生局食品抽驗不合格清冊","source_url":"https://data.taipei/api/dataset/09a917a0-0fb5-47e1-957c-5f1268fba517/resource/bc24a40f-5687-4338-8f9a-449de248ab93/download","geocoding_address":"臺北市中正區忠孝西路1段38號3樓","location_method":"OpenStreetMap道路/地名定位","violation_count":1},"geometry":{"type":"Point","coordinates":[121.5185425,25.0460275]}},{"type":"Feature","properties":{"data_time":"2022-11-21","source_row_no":660,"name":"有哆創意蔬食洋食館有限公司(有哆創意蔬食洋食館)","city":"臺北市","district":"松山區","address":"臺北市松山區南京東路5段33號","sample_date":"2022-11-21","project_name":"年節食品","product_category":"脫水蔬果類","sample_item":"巴西蘑菇","inspection_result":"不符合規定","violation_reason":"重金屬鎘4mg/kg（標準：2mg/kg以下）","postal_code":"105","source_type":"食品抽驗不合格","source_dataset":"臺北市衛生局食品抽驗不合格清冊","source_url":"https://data.taipei/api/dataset/09a917a0-0fb5-47e1-957c-5f1268fba517/resource/bc24a40f-5687-4338-8f9a-449de248ab93/download","geocoding_address":"臺北市松山區南京東路5段33號","location_method":"OpenStreetMap道路/地名定位","violation_count":1},"geometry":{"type":"Point","coordinates":[121.562368,25.0513869]}},{"type":"Feature","properties":{"data_time":"2022-11-25","source_row_no":661,"name":"正祥食品行(黃日香股份有限公司)/","city":"臺北市","district":"萬華區","address":"臺北市萬華區中華路2段66號1樓/實際抽驗地為64號）","sample_date":"2022-11-25","project_name":"年節食品","product_category":"豆乾類","sample_item":"黃日香沙茶豆乾（有效日期：20230209）","inspection_result":"不符合規定","violation_reason":"防腐劑己二烯酸2.4g/kg（標準：2.0g/kg以下）","postal_code":"108","source_type":"食品抽驗不合格","source_dataset":"臺北市衛生局食品抽驗不合格清冊","source_url":"https://data.taipei/api/dataset/09a917a0-0fb5-47e1-957c-5f1268fba517/resource/bc24a40f-5687-4338-8f9a-449de248ab93/download","geocoding_address":"臺北市萬華區中華路2段66號1樓/實際抽驗地為64號）","location_method":"OpenStreetMap道路/地名定位","violation_count":1},"geometry":{"type":"Point","coordinates":[121.5061303,25.0352909]}},{"type":"Feature","properties":{"data_time":"2022-11-25","source_row_no":662,"name":"正祥食品行(黃日香股份有限公司)/","city":"臺北市","district":"萬華區","address":"臺北市萬華區中華路2段66號1樓/實際抽驗地為64號）","sample_date":"2022-11-25","project_name":"年節食品","product_category":"豆乾類","sample_item":"黃日香休閒片（有效日期：20230216）","inspection_result":"不符合規定","violation_reason":"防腐劑己二烯酸2.1g/kg（標準：2.0g/kg以下）","postal_code":"108","source_type":"食品抽驗不合格","source_dataset":"臺北市衛生局食品抽驗不合格清冊","source_url":"https://data.taipei/api/dataset/09a917a0-0fb5-47e1-957c-5f1268fba517/resource/bc24a40f-5687-4338-8f9a-449de248ab93/download","geocoding_address":"臺北市萬華區中華路2段66號1樓/實際抽驗地為64號）","location_method":"OpenStreetMap道路/地名定位","violation_count":1},"geometry":{"type":"Point","coordinates":[121.5061303,25.0352909]}},{"type":"Feature","properties":{"data_time":"2022-11-18","source_row_no":663,"name":"有限責任台灣主婦聯盟生活消費合作社","city":"臺北市","district":"士林區","address":"臺北市士林區福志路50號","sample_date":"2022-11-18","project_name":"年節食品","product_category":"脫水蔬果類","sample_item":"有機乾姬松茸（有效日期：20230810）","inspection_result":"不符合規定","violation_reason":"檢出重金屬鉛及鎘分別為0.3mg/kg，惟外包裝標示「無重金屬殘留」字樣","postal_code":"111","source_type":"食品抽驗不合格","source_dataset":"臺北市衛生局食品抽驗不合格清冊","source_url":"https://data.taipei/api/dataset/09a917a0-0fb5-47e1-957c-5f1268fba517/resource/bc24a40f-5687-4338-8f9a-449de248ab93/download","geocoding_address":"臺北市士林區福志路50號","location_method":"臺北市門牌位置數值資料","violation_count":1},"geometry":{"type":"Point","coordinates":[121.53053049337699,25.099035368926522]}},{"type":"Feature","properties":{"data_time":"2022-11-07","source_row_no":664,"name":"菓之鄉水果專賣店","city":"臺北市","district":"南港區","address":"臺北市南港區同德路60號","sample_date":"2022-11-07","project_name":"醃製及脫水蔬果(含蜜餞)","product_category":"醃漬蔬果","sample_item":"醃漬烏梨\n(進貨日期2022/11/3)","inspection_result":"不符合規定","violation_reason":"己二烯酸0.76 g/kg(標準：不得檢出)\n醋磺內酯鉀0.09 g/kg(標準：不得檢出)\n環己基(代)磺醯胺酸鹽0.58 g/kg(標準：不得檢出)\n糖精0.08g/kg(標準：不得檢出)","postal_code":"115","source_type":"食品抽驗不合格","source_dataset":"臺北市衛生局食品抽驗不合格清冊","source_url":"https://data.taipei/api/dataset/09a917a0-0fb5-47e1-957c-5f1268fba517/resource/bc24a40f-5687-4338-8f9a-449de248ab93/download","geocoding_address":"臺北市南港區同德路60號","location_method":"臺北市門牌位置數值資料","violation_count":1},"geometry":{"type":"Point","coordinates":[121.58491994756332,25.045513276874054]}},{"type":"Feature","properties":{"data_time":"2022-11-08","source_row_no":665,"name":"元順商行 (小石鍋北投石牌店)","city":"臺北市","district":"北投區","address":"臺北市北投區石牌路1段166巷97號1樓","sample_date":"2022-11-08","project_name":"醃製及脫水蔬果(含蜜餞)","product_category":"醃漬蔬菜","sample_item":"黃金酸白菜\n(2023/4/28 )","inspection_result":"不符合規定","violation_reason":"二氧化硫0.09 g/kg(漂白劑標準：0.030 g/kg以下)\n標示添加物：偏亞硫酸鈉(抗氧化劑)(標準：不得檢出)","postal_code":"112","source_type":"食品抽驗不合格","source_dataset":"臺北市衛生局食品抽驗不合格清冊","source_url":"https://data.taipei/api/dataset/09a917a0-0fb5-47e1-957c-5f1268fba517/resource/bc24a40f-5687-4338-8f9a-449de248ab93/download","geocoding_address":"臺北市北投區石牌路1段166巷97號1樓","location_method":"OpenStreetMap道路/地名定位","violation_count":1},"geometry":{"type":"Point","coordinates":[121.5097852,25.1127594]}},{"type":"Feature","properties":{"data_time":"2022-11-10","source_row_no":666,"name":"臺北市第二果菜批發市場第18-16攤葉爾旺(蔬菜承銷人2154)","city":"臺北市","district":"中山區","address":"臺北市中山區民族東路336號","sample_date":"2022-11-10","project_name":"醃製及脫水蔬果(含蜜餞)","product_category":"醃漬蔬菜","sample_item":"酸菜\n(2023/9/8 )","inspection_result":"不符合規定","violation_reason":"苯甲酸1.33g/kg(標準：0.6 g/kg)\n二氧化硫0.06g/kg(標準：0.030 g/kg以下)","postal_code":"104","source_type":"食品抽驗不合格","source_dataset":"臺北市衛生局食品抽驗不合格清冊","source_url":"https://data.taipei/api/dataset/09a917a0-0fb5-47e1-957c-5f1268fba517/resource/bc24a40f-5687-4338-8f9a-449de248ab93/download","geocoding_address":"臺北市中山區民族東路336號","location_method":"臺北市門牌位置數值資料","violation_count":1},"geometry":{"type":"Point","coordinates":[121.53734126764245,25.0679233527595]}},{"type":"Feature","properties":{"data_time":"2022-11-10","source_row_no":667,"name":"臺北市第二果菜批發市場第18-16攤葉爾旺(蔬菜承銷人2154)","city":"臺北市","district":"中山區","address":"臺北市中山區民族東路336號","sample_date":"2022-11-10","project_name":"醃製及脫水蔬果(含蜜餞)","product_category":"醃漬蔬菜","sample_item":"酸菜葉\n(進貨日期2022/10/31)","inspection_result":"不符合規定","violation_reason":"苯甲酸1.17 g/kg(標準：0.6 g/kg)\n二氧化硫0.48 g/kg(標準：0.030 g/kg以下)","postal_code":"104","source_type":"食品抽驗不合格","source_dataset":"臺北市衛生局食品抽驗不合格清冊","source_url":"https://data.taipei/api/dataset/09a917a0-0fb5-47e1-957c-5f1268fba517/resource/bc24a40f-5687-4338-8f9a-449de248ab93/download","geocoding_address":"臺北市中山區民族東路336號","location_method":"臺北市門牌位置數值資料","violation_count":1},"geometry":{"type":"Point","coordinates":[121.53734126764245,25.0679233527595]}},{"type":"Feature","properties":{"data_time":"2022-11-07","source_row_no":668,"name":"巧群企業有限公司","city":"臺北市","district":"南港區","address":"臺北市南港區永吉路601號","sample_date":"2022-11-07","project_name":"醃製及脫水蔬果(含蜜餞)","product_category":"蜜餞食品(脫水水果)","sample_item":"碳燻清甘化應子\n(2023/8/2)","inspection_result":"不符合規定","violation_reason":"1.檢出蔗糖素0.58 g/kg，內容\n   物未標示。\n2.內容物標示「糖精鈉鹽」及\n  「環己基(代)磺醯胺酸鈉」\n   ，檢驗結果未檢出。","postal_code":"115","source_type":"食品抽驗不合格","source_dataset":"臺北市衛生局食品抽驗不合格清冊","source_url":"https://data.taipei/api/dataset/09a917a0-0fb5-47e1-957c-5f1268fba517/resource/bc24a40f-5687-4338-8f9a-449de248ab93/download","geocoding_address":"臺北市南港區永吉路601號","location_method":"臺北市門牌位置數值資料","violation_count":1},"geometry":{"type":"Point","coordinates":[121.58222988891806,25.045485802473795]}},{"type":"Feature","properties":{"data_time":"2022-11-10","source_row_no":669,"name":"台灣瑞滋國際股份有限公司(牛角次男坊誠品南西店)","city":"臺北市","district":"中山區","address":"臺北市中山區南京西路14號B1","sample_date":"2022-11-10","project_name":"醃製及脫水蔬果(含蜜餞)","product_category":"醃漬蔬菜","sample_item":"牛角泡菜\n(2022/12/2 )","inspection_result":"不符合規定","violation_reason":"1.未有內容物名稱、食品添加\n  物名稱、原產地（國）、製\n 造廠商或國內負責廠商名稱\n 、電話號碼及地址、營養標\n 示。\n2.同時標示最佳賞味期及有效\n   期限。","postal_code":"104","source_type":"食品抽驗不合格","source_dataset":"臺北市衛生局食品抽驗不合格清冊","source_url":"https://data.taipei/api/dataset/09a917a0-0fb5-47e1-957c-5f1268fba517/resource/bc24a40f-5687-4338-8f9a-449de248ab93/download","geocoding_address":"臺北市中山區南京西路14號B1","location_method":"臺北市門牌位置數值資料","violation_count":1},"geometry":{"type":"Point","coordinates":[121.5206635494661,25.05243328062151]}},{"type":"Feature","properties":{"data_time":"2022-11-15","source_row_no":670,"name":"大王軍糰早午餐店(Jans Arabian Bistro 中東人的私房菜)","city":"臺北市","district":"士林區","address":"臺北市士林區忠義街117-3號1樓","sample_date":"2022-11-15","project_name":"肉加工品、農產加工品攙偽假冒鑑別","product_category":"羊肉","sample_item":"法式肩羊排\n(進貨日期2022/11/12)","inspection_result":"不符合規定","violation_reason":"未有中文標示","postal_code":"111","source_type":"食品抽驗不合格","source_dataset":"臺北市衛生局食品抽驗不合格清冊","source_url":"https://data.taipei/api/dataset/09a917a0-0fb5-47e1-957c-5f1268fba517/resource/bc24a40f-5687-4338-8f9a-449de248ab93/download","geocoding_address":"臺北市士林區忠義街117-3號1樓","location_method":"臺北市門牌位置數值資料","violation_count":1},"geometry":{"type":"Point","coordinates":[121.53273883823543,25.107447345697828]}},{"type":"Feature","properties":{"data_time":"2022-11-21","source_row_no":671,"name":"黎凡特國際企業行","city":"臺北市","district":"中山區","address":"臺北市中山區遼寧街209巷25號","sample_date":"2022-11-21","project_name":"肉加工品、農產加工品攙偽假冒鑑別","product_category":"牛肉","sample_item":"帶筋牛肉丸\n(未標示有效日期)","inspection_result":"不符合規定","violation_reason":"1.產品無完整中文標示\n2.動物性成分檢出牛雞成分，惟僅標示牛成分","postal_code":"104","source_type":"食品抽驗不合格","source_dataset":"臺北市衛生局食品抽驗不合格清冊","source_url":"https://data.taipei/api/dataset/09a917a0-0fb5-47e1-957c-5f1268fba517/resource/bc24a40f-5687-4338-8f9a-449de248ab93/download","geocoding_address":"臺北市中山區遼寧街209巷25號","location_method":"臺北市門牌位置數值資料","violation_count":1},"geometry":{"type":"Point","coordinates":[121.54292805285621,25.05507343137498]}},{"type":"Feature","properties":{"data_time":"2022-11-21","source_row_no":672,"name":"黎凡特國際企業行","city":"臺北市","district":"中山區","address":"臺北市中山區遼寧街209巷25號","sample_date":"2022-11-21","project_name":"肉加工品、農產加工品攙偽假冒鑑別","product_category":"雞肉","sample_item":"雞肉水餃\n(未標示有效日期)","inspection_result":"不符合規定","violation_reason":"產品無完整中文標示","postal_code":"104","source_type":"食品抽驗不合格","source_dataset":"臺北市衛生局食品抽驗不合格清冊","source_url":"https://data.taipei/api/dataset/09a917a0-0fb5-47e1-957c-5f1268fba517/resource/bc24a40f-5687-4338-8f9a-449de248ab93/download","geocoding_address":"臺北市中山區遼寧街209巷25號","location_method":"臺北市門牌位置數值資料","violation_count":1},"geometry":{"type":"Point","coordinates":[121.54292805285621,25.05507343137498]}},{"type":"Feature","properties":{"data_time":"2022-12-07","source_row_no":673,"name":"阿玉素食(B136北投阿玉素食)","city":"臺北市","district":"北投區","address":"臺北市北投區磺港路33號(北投中繼市場)","sample_date":"2022-12-07","project_name":"素摻葷","product_category":"無標示\n全素或純素","sample_item":"大豆調理製品 干貝柱","inspection_result":"不符合規定","violation_reason":"檢出動物性成分陽性(魚)","postal_code":"112","source_type":"食品抽驗不合格","source_dataset":"臺北市衛生局食品抽驗不合格清冊","source_url":"https://data.taipei/api/dataset/09a917a0-0fb5-47e1-957c-5f1268fba517/resource/bc24a40f-5687-4338-8f9a-449de248ab93/download","geocoding_address":"臺北市北投區磺港路33號(北投中繼市場)","location_method":"臺北市門牌位置數值資料","violation_count":1},"geometry":{"type":"Point","coordinates":[121.5031491392551,25.132801280510243]}}]}