{"type":"FeatureCollection","features":[{"type":"Feature","geometry":{"type":"Point","coordinates":[121.53333,25.018175]},"properties":{"company_name":"和德昌股份有限公司","brand_name":"麥當勞","product_name":"鬆餅 (3片)","has_allergens":false,"allergens":"","allergen_count":0,"county":"臺北市"}},{"type":"Feature","geometry":{"type":"Point","coordinates":[121.53333,25.018175]},"properties":{"company_name":"和德昌股份有限公司","brand_name":"麥當勞","product_name":"麥香魚","has_allergens":true,"allergens":"乳製品,麩質穀物","allergen_count":2,"county":"臺北市"}},{"type":"Feature","geometry":{"type":"Point","coordinates":[121.53333,25.018175]},"properties":{"company_name":"和德昌股份有限公司","brand_name":"麥當勞","product_name":"麥克鷄塊(10塊)","has_allergens":false,"allergens":"","allergen_count":0,"county":"臺北市"}},{"type":"Feature","geometry":{"type":"Point","coordinates":[121.53333,25.018175]},"properties":{"company_name":"和德昌股份有限公司","brand_name":"麥當勞","product_name":"可口可樂zero(中)","has_allergens":false,"allergens":"","allergen_count":0,"county":"臺北市"}},{"type":"Feature","geometry":{"type":"Point","coordinates":[121.53333,25.018175]},"properties":{"company_name":"和德昌股份有限公司","brand_name":"麥當勞","product_name":"蘋果派","has_allergens":false,"allergens":"","allergen_count":0,"county":"臺北市"}},{"type":"Feature","geometry":{"type":"Point","coordinates":[121.53333,25.018175]},"properties":{"company_name":"和德昌股份有限公司","brand_name":"麥當勞","product_name":"熱紅茶(中)","has_allergens":false,"allergens":"","allergen_count":0,"county":"臺北市"}},{"type":"Feature","geometry":{"type":"Point","coordinates":[121.53333,25.018175]},"properties":{"company_name":"和德昌股份有限公司","brand_name":"麥當勞","product_name":"熱經典那堤","has_allergens":true,"allergens":"乳製品","allergen_count":1,"county":"臺北市"}},{"type":"Feature","geometry":{"type":"Point","coordinates":[121.53333,25.018175]},"properties":{"company_name":"和德昌股份有限公司","brand_name":"麥當勞","product_name":"蜂蜜奶茶(冰)","has_allergens":true,"allergens":"乳製品","allergen_count":1,"county":"臺北市"}},{"type":"Feature","geometry":{"type":"Point","coordinates":[121.53333,25.018175]},"properties":{"company_name":"和德昌股份有限公司","brand_name":"麥當勞","product_name":"無糖冰紅茶(中)","has_allergens":false,"allergens":"","allergen_count":0,"county":"臺北市"}},{"type":"Feature","geometry":{"type":"Point","coordinates":[121.53333,25.018175]},"properties":{"company_name":"和德昌股份有限公司","brand_name":"麥當勞","product_name":"雪碧(小)","has_allergens":false,"allergens":"","allergen_count":0,"county":"臺北市"}},{"type":"Feature","geometry":{"type":"Point","coordinates":[121.53333,25.018175]},"properties":{"company_name":"和德昌股份有限公司","brand_name":"麥當勞","product_name":"無糖冰綠茶(中)","has_allergens":false,"allergens":"","allergen_count":0,"county":"臺北市"}},{"type":"Feature","geometry":{"type":"Point","coordinates":[121.53333,25.018175]},"properties":{"company_name":"和德昌股份有限公司","brand_name":"麥當勞","product_name":"可口可樂zero(小)","has_allergens":false,"allergens":"","allergen_count":0,"county":"臺北市"}},{"type":"Feature","geometry":{"type":"Point","coordinates":[121.53333,25.018175]},"properties":{"company_name":"和德昌股份有限公司","brand_name":"麥當勞","product_name":"熱奶茶","has_allergens":true,"allergens":"乳製品","allergen_count":1,"county":"臺北市"}},{"type":"Feature","geometry":{"type":"Point","coordinates":[121.53333,25.018175]},"properties":{"company_name":"和德昌股份有限公司","brand_name":"麥當勞","product_name":"雙倍OREO冰炫風","has_allergens":true,"allergens":"乳製品,麩質穀物","allergen_count":2,"county":"臺北市"}},{"type":"Feature","geometry":{"type":"Point","coordinates":[121.53333,25.018175]},"properties":{"company_name":"和德昌股份有限公司","brand_name":"麥當勞","product_name":"可口可樂(小)","has_allergens":false,"allergens":"","allergen_count":0,"county":"臺北市"}},{"type":"Feature","geometry":{"type":"Point","coordinates":[121.53333,25.018175]},"properties":{"company_name":"和德昌股份有限公司","brand_name":"麥當勞","product_name":"義式濃縮咖啡","has_allergens":false,"allergens":"","allergen_count":0,"county":"臺北市"}},{"type":"Feature","geometry":{"type":"Point","coordinates":[121.53333,25.018175]},"properties":{"company_name":"和德昌股份有限公司","brand_name":"麥當勞","product_name":"台灣鮮榨柳丁汁(瓶裝)","has_allergens":false,"allergens":"","allergen_count":0,"county":"臺北市"}},{"type":"Feature","geometry":{"type":"Point","coordinates":[121.53333,25.018175]},"properties":{"company_name":"和德昌股份有限公司","brand_name":"麥當勞","product_name":"麥克鷄塊(4塊)","has_allergens":false,"allergens":"","allergen_count":0,"county":"臺北市"}},{"type":"Feature","geometry":{"type":"Point","coordinates":[121.53333,25.018175]},"properties":{"company_name":"和德昌股份有限公司","brand_name":"麥當勞","product_name":"熱經典卡布奇諾","has_allergens":true,"allergens":"乳製品","allergen_count":1,"county":"臺北市"}},{"type":"Feature","geometry":{"type":"Point","coordinates":[121.53333,25.018175]},"properties":{"company_name":"和德昌股份有限公司","brand_name":"麥當勞","product_name":"水果袋(蘋果)","has_allergens":false,"allergens":"","allergen_count":0,"county":"臺北市"}},{"type":"Feature","geometry":{"type":"Point","coordinates":[121.53333,25.018175]},"properties":{"company_name":"和德昌股份有限公司","brand_name":"麥當勞","product_name":"冰紅茶(檸檬風味) (小)","has_allergens":true,"allergens":"乳製品,麩質穀物","allergen_count":2,"county":"臺北市"}},{"type":"Feature","geometry":{"type":"Point","coordinates":[121.53333,25.018175]},"properties":{"company_name":"和德昌股份有限公司","brand_name":"麥當勞","product_name":"豬肉滿福堡","has_allergens":false,"allergens":"","allergen_count":0,"county":"臺北市"}},{"type":"Feature","geometry":{"type":"Point","coordinates":[121.53333,25.018175]},"properties":{"company_name":"和德昌股份有限公司","brand_name":"麥當勞","product_name":"無敵豬肉滿福堡加蛋","has_allergens":false,"allergens":"","allergen_count":0,"county":"臺北市"}},{"type":"Feature","geometry":{"type":"Point","coordinates":[121.53333,25.018175]},"properties":{"company_name":"和德昌股份有限公司","brand_name":"麥當勞","product_name":"豬肉鬆餅","has_allergens":true,"allergens":"乳製品,麩質穀物","allergen_count":2,"county":"臺北市"}},{"type":"Feature","geometry":{"type":"Point","coordinates":[121.53333,25.018175]},"properties":{"company_name":"和德昌股份有限公司","brand_name":"麥當勞","product_name":"玉米湯(大)","has_allergens":true,"allergens":"乳製品,麩質穀物","allergen_count":2,"county":"臺北市"}},{"type":"Feature","geometry":{"type":"Point","coordinates":[121.53333,25.018175]},"properties":{"company_name":"和德昌股份有限公司","brand_name":"麥當勞","product_name":"蜂蜜紅茶(冰)","has_allergens":true,"allergens":"乳製品,麩質穀物","allergen_count":2,"county":"臺北市"}},{"type":"Feature","geometry":{"type":"Point","coordinates":[121.53333,25.018175]},"properties":{"company_name":"和德昌股份有限公司","brand_name":"麥當勞","product_name":"大蛋捲冰淇淋","has_allergens":false,"allergens":"","allergen_count":0,"county":"臺北市"}},{"type":"Feature","geometry":{"type":"Point","coordinates":[121.53333,25.018175]},"properties":{"company_name":"和德昌股份有限公司","brand_name":"麥當勞","product_name":"滿福堡","has_allergens":false,"allergens":"","allergen_count":0,"county":"臺北市"}},{"type":"Feature","geometry":{"type":"Point","coordinates":[121.53333,25.018175]},"properties":{"company_name":"和德昌股份有限公司","brand_name":"麥當勞","product_name":"薯餅","has_allergens":true,"allergens":"乳製品,麩質穀物","allergen_count":2,"county":"臺北市"}},{"type":"Feature","geometry":{"type":"Point","coordinates":[121.53333,25.018175]},"properties":{"company_name":"和德昌股份有限公司","brand_name":"麥當勞","product_name":"豬肉蛋堡","has_allergens":true,"allergens":"乳製品,麩質穀物","allergen_count":2,"county":"臺北市"}},{"type":"Feature","geometry":{"type":"Point","coordinates":[121.52579,25.028894]},"properties":{"company_name":"優鮮堡實業有限公司","brand_name":"鮮堡漢堡","product_name":"薯餅","has_allergens":false,"allergens":"","allergen_count":0,"county":"臺北市"}},{"type":"Feature","geometry":{"type":"Point","coordinates":[121.52579,25.028894]},"properties":{"company_name":"優鮮堡實業有限公司","brand_name":"鮮堡漢堡","product_name":"薯條","has_allergens":false,"allergens":"","allergen_count":0,"county":"臺北市"}},{"type":"Feature","geometry":{"type":"Point","coordinates":[121.52579,25.028894]},"properties":{"company_name":"優鮮堡實業有限公司","brand_name":"鮮堡漢堡","product_name":"蘿蔔糕","has_allergens":true,"allergens":"花生","allergen_count":1,"county":"臺北市"}},{"type":"Feature","geometry":{"type":"Point","coordinates":[121.52579,25.028894]},"properties":{"company_name":"優鮮堡實業有限公司","brand_name":"鮮堡漢堡","product_name":"巧克力厚片","has_allergens":false,"allergens":"","allergen_count":0,"county":"臺北市"}},{"type":"Feature","geometry":{"type":"Point","coordinates":[121.52579,25.028894]},"properties":{"company_name":"優鮮堡實業有限公司","brand_name":"鮮堡漢堡","product_name":"花生厚片","has_allergens":false,"allergens":"","allergen_count":0,"county":"臺北市"}},{"type":"Feature","geometry":{"type":"Point","coordinates":[121.52579,25.028894]},"properties":{"company_name":"優鮮堡實業有限公司","brand_name":"鮮堡漢堡","product_name":"椰香奶酥厚片","has_allergens":true,"allergens":"乳製品","allergen_count":1,"county":"臺北市"}},{"type":"Feature","geometry":{"type":"Point","coordinates":[121.52579,25.028894]},"properties":{"company_name":"優鮮堡實業有限公司","brand_name":"鮮堡漢堡","product_name":"法式田園鮪魚","has_allergens":true,"allergens":"海鮮類,乳製品","allergen_count":2,"county":"臺北市"}},{"type":"Feature","geometry":{"type":"Point","coordinates":[121.52579,25.028894]},"properties":{"company_name":"優鮮堡實業有限公司","brand_name":"鮮堡漢堡","product_name":"培根蛋堡","has_allergens":false,"allergens":"","allergen_count":0,"county":"臺北市"}},{"type":"Feature","geometry":{"type":"Point","coordinates":[121.52579,25.028894]},"properties":{"company_name":"優鮮堡實業有限公司","brand_name":"鮮堡漢堡","product_name":"豬排蛋堡","has_allergens":false,"allergens":"","allergen_count":0,"county":"臺北市"}},{"type":"Feature","geometry":{"type":"Point","coordinates":[121.52579,25.028894]},"properties":{"company_name":"優鮮堡實業有限公司","brand_name":"鮮堡漢堡","product_name":"卡啦雞腿蛋堡","has_allergens":false,"allergens":"","allergen_count":0,"county":"臺北市"}},{"type":"Feature","geometry":{"type":"Point","coordinates":[121.52579,25.028894]},"properties":{"company_name":"優鮮堡實業有限公司","brand_name":"鮮堡漢堡","product_name":"豬排蛋餅","has_allergens":false,"allergens":"","allergen_count":0,"county":"臺北市"}},{"type":"Feature","geometry":{"type":"Point","coordinates":[121.52579,25.028894]},"properties":{"company_name":"優鮮堡實業有限公司","brand_name":"鮮堡漢堡","product_name":"火腿蛋餅","has_allergens":false,"allergens":"","allergen_count":0,"county":"臺北市"}},{"type":"Feature","geometry":{"type":"Point","coordinates":[121.52579,25.028894]},"properties":{"company_name":"優鮮堡實業有限公司","brand_name":"鮮堡漢堡","product_name":"玉米蛋餅","has_allergens":false,"allergens":"","allergen_count":0,"county":"臺北市"}},{"type":"Feature","geometry":{"type":"Point","coordinates":[121.52579,25.028894]},"properties":{"company_name":"優鮮堡實業有限公司","brand_name":"鮮堡漢堡","product_name":"豬排蛋吐司","has_allergens":false,"allergens":"","allergen_count":0,"county":"臺北市"}},{"type":"Feature","geometry":{"type":"Point","coordinates":[121.52579,25.028894]},"properties":{"company_name":"優鮮堡實業有限公司","brand_name":"鮮堡漢堡","product_name":"鮪魚蛋吐司","has_allergens":true,"allergens":"海鮮類","allergen_count":1,"county":"臺北市"}},{"type":"Feature","geometry":{"type":"Point","coordinates":[121.52579,25.028894]},"properties":{"company_name":"優鮮堡實業有限公司","brand_name":"鮮堡漢堡","product_name":"招牌總匯三明治","has_allergens":true,"allergens":"乳製品","allergen_count":1,"county":"臺北市"}},{"type":"Feature","geometry":{"type":"Point","coordinates":[121.52579,25.028894]},"properties":{"company_name":"優鮮堡實業有限公司","brand_name":"鮮堡漢堡","product_name":"培根蛋吐司","has_allergens":false,"allergens":"","allergen_count":0,"county":"臺北市"}},{"type":"Feature","geometry":{"type":"Point","coordinates":[121.52579,25.028894]},"properties":{"company_name":"優鮮堡實業有限公司","brand_name":"鮮堡漢堡","product_name":"錫蘭紅茶","has_allergens":false,"allergens":"","allergen_count":0,"county":"臺北市"}},{"type":"Feature","geometry":{"type":"Point","coordinates":[121.52579,25.028894]},"properties":{"company_name":"優鮮堡實業有限公司","brand_name":"鮮堡漢堡","product_name":"顆粒柳橙汁","has_allergens":false,"allergens":"","allergen_count":0,"county":"臺北市"}},{"type":"Feature","geometry":{"type":"Point","coordinates":[121.52579,25.028894]},"properties":{"company_name":"優鮮堡實業有限公司","brand_name":"鮮堡漢堡","product_name":"芒果果汁","has_allergens":false,"allergens":"","allergen_count":0,"county":"臺北市"}},{"type":"Feature","geometry":{"type":"Point","coordinates":[121.6127,25.070799]},"properties":{"company_name":"齋聖彥有限公司","brand_name":"味亦美","product_name":"培根蛋三明治","has_allergens":true,"allergens":"乳製品","allergen_count":1,"county":"臺北市"}},{"type":"Feature","geometry":{"type":"Point","coordinates":[121.6127,25.070799]},"properties":{"company_name":"齋聖彥有限公司","brand_name":"味亦美","product_name":"起司蛋三明治","has_allergens":true,"allergens":"乳製品","allergen_count":1,"county":"臺北市"}},{"type":"Feature","geometry":{"type":"Point","coordinates":[121.6127,25.070799]},"properties":{"company_name":"齋聖彥有限公司","brand_name":"味亦美","product_name":"咔啦雞腿三明治","has_allergens":false,"allergens":"","allergen_count":0,"county":"臺北市"}},{"type":"Feature","geometry":{"type":"Point","coordinates":[121.6127,25.070799]},"properties":{"company_name":"齋聖彥有限公司","brand_name":"味亦美","product_name":"椰香吐司","has_allergens":false,"allergens":"","allergen_count":0,"county":"臺北市"}},{"type":"Feature","geometry":{"type":"Point","coordinates":[121.6127,25.070799]},"properties":{"company_name":"齋聖彥有限公司","brand_name":"味亦美","product_name":"巧克力吐司","has_allergens":true,"allergens":"乳製品","allergen_count":1,"county":"臺北市"}},{"type":"Feature","geometry":{"type":"Point","coordinates":[121.6127,25.070799]},"properties":{"company_name":"齋聖彥有限公司","brand_name":"味亦美","product_name":"原味蛋餅","has_allergens":true,"allergens":"乳製品","allergen_count":1,"county":"臺北市"}},{"type":"Feature","geometry":{"type":"Point","coordinates":[121.6127,25.070799]},"properties":{"company_name":"齋聖彥有限公司","brand_name":"味亦美","product_name":"起司蛋餅","has_allergens":false,"allergens":"","allergen_count":0,"county":"臺北市"}},{"type":"Feature","geometry":{"type":"Point","coordinates":[121.6127,25.070799]},"properties":{"company_name":"齋聖彥有限公司","brand_name":"味亦美","product_name":"黑胡椒豬排蛋餅","has_allergens":false,"allergens":"","allergen_count":0,"county":"臺北市"}},{"type":"Feature","geometry":{"type":"Point","coordinates":[121.6127,25.070799]},"properties":{"company_name":"齋聖彥有限公司","brand_name":"味亦美","product_name":"無糖豆漿","has_allergens":true,"allergens":"乳製品","allergen_count":1,"county":"臺北市"}},{"type":"Feature","geometry":{"type":"Point","coordinates":[121.6127,25.070799]},"properties":{"company_name":"齋聖彥有限公司","brand_name":"味亦美","product_name":"紅茶","has_allergens":true,"allergens":"海鮮類","allergen_count":1,"county":"臺北市"}},{"type":"Feature","geometry":{"type":"Point","coordinates":[121.6127,25.070799]},"properties":{"company_name":"齋聖彥有限公司","brand_name":"味亦美","product_name":"綠茶","has_allergens":false,"allergens":"","allergen_count":0,"county":"臺北市"}},{"type":"Feature","geometry":{"type":"Point","coordinates":[121.6127,25.070799]},"properties":{"company_name":"齋聖彥有限公司","brand_name":"味亦美","product_name":"辣味咔啦雞腿漢堡","has_allergens":false,"allergens":"","allergen_count":0,"county":"臺北市"}},{"type":"Feature","geometry":{"type":"Point","coordinates":[121.6127,25.070799]},"properties":{"company_name":"齋聖彥有限公司","brand_name":"味亦美","product_name":"黑胡椒豬排漢堡","has_allergens":true,"allergens":"乳製品","allergen_count":1,"county":"臺北市"}},{"type":"Feature","geometry":{"type":"Point","coordinates":[121.6127,25.070799]},"properties":{"company_name":"齋聖彥有限公司","brand_name":"味亦美","product_name":"起司蛋堡","has_allergens":true,"allergens":"乳製品","allergen_count":1,"county":"臺北市"}},{"type":"Feature","geometry":{"type":"Point","coordinates":[121.53434,24.956573]},"properties":{"company_name":"美而美食品實業有限公司","brand_name":"瑞麟美而美","product_name":"魚排吐司","has_allergens":true,"allergens":"海鮮類","allergen_count":1,"county":"新北市"}},{"type":"Feature","geometry":{"type":"Point","coordinates":[121.53434,24.956573]},"properties":{"company_name":"美而美食品實業有限公司","brand_name":"瑞麟美而美","product_name":"香烤雞腿吐司","has_allergens":false,"allergens":"","allergen_count":0,"county":"新北市"}},{"type":"Feature","geometry":{"type":"Point","coordinates":[121.53434,24.956573]},"properties":{"company_name":"美而美食品實業有限公司","brand_name":"瑞麟美而美","product_name":"漢堡肉吐司","has_allergens":false,"allergens":"","allergen_count":0,"county":"新北市"}},{"type":"Feature","geometry":{"type":"Point","coordinates":[121.53434,24.956573]},"properties":{"company_name":"美而美食品實業有限公司","brand_name":"瑞麟美而美","product_name":"玉米蛋餅","has_allergens":false,"allergens":"","allergen_count":0,"county":"新北市"}},{"type":"Feature","geometry":{"type":"Point","coordinates":[121.53434,24.956573]},"properties":{"company_name":"美而美食品實業有限公司","brand_name":"瑞麟美而美","product_name":"火腿蛋餅","has_allergens":false,"allergens":"","allergen_count":0,"county":"新北市"}},{"type":"Feature","geometry":{"type":"Point","coordinates":[121.53434,24.956573]},"properties":{"company_name":"美而美食品實業有限公司","brand_name":"瑞麟美而美","product_name":"鮪魚蛋餅","has_allergens":true,"allergens":"蠶豆","allergen_count":1,"county":"新北市"}},{"type":"Feature","geometry":{"type":"Point","coordinates":[121.53434,24.956573]},"properties":{"company_name":"美而美食品實業有限公司","brand_name":"瑞麟美而美","product_name":"冰可可","has_allergens":true,"allergens":"麩質穀物","allergen_count":1,"county":"新北市"}},{"type":"Feature","geometry":{"type":"Point","coordinates":[121.53434,24.956573]},"properties":{"company_name":"美而美食品實業有限公司","brand_name":"瑞麟美而美","product_name":"紅茶","has_allergens":true,"allergens":"麩質穀物","allergen_count":1,"county":"新北市"}},{"type":"Feature","geometry":{"type":"Point","coordinates":[121.53434,24.956573]},"properties":{"company_name":"美而美食品實業有限公司","brand_name":"瑞麟美而美","product_name":"豆漿","has_allergens":true,"allergens":"麩質穀物","allergen_count":1,"county":"新北市"}},{"type":"Feature","geometry":{"type":"Point","coordinates":[121.53434,24.956573]},"properties":{"company_name":"美而美食品實業有限公司","brand_name":"瑞麟美而美","product_name":"岩燒雞腿堡","has_allergens":true,"allergens":"乳製品,麩質穀物","allergen_count":2,"county":"新北市"}},{"type":"Feature","geometry":{"type":"Point","coordinates":[121.53434,24.956573]},"properties":{"company_name":"美而美食品實業有限公司","brand_name":"瑞麟美而美","product_name":"辣味卡拉雞腿堡","has_allergens":false,"allergens":"","allergen_count":0,"county":"新北市"}},{"type":"Feature","geometry":{"type":"Point","coordinates":[121.53434,24.956573]},"properties":{"company_name":"美而美食品實業有限公司","brand_name":"瑞麟美而美","product_name":"藍帶豬排","has_allergens":false,"allergens":"","allergen_count":0,"county":"新北市"}},{"type":"Feature","geometry":{"type":"Point","coordinates":[121.5393,24.999573]},"properties":{"company_name":"屹澧有限公司","brand_name":"城市漢堡","product_name":"湯種巧克力吐司","has_allergens":false,"allergens":"","allergen_count":0,"county":"臺北市"}},{"type":"Feature","geometry":{"type":"Point","coordinates":[121.5393,24.999573]},"properties":{"company_name":"屹澧有限公司","brand_name":"城市漢堡","product_name":"湯種花生吐司","has_allergens":false,"allergens":"","allergen_count":0,"county":"臺北市"}},{"type":"Feature","geometry":{"type":"Point","coordinates":[121.5393,24.999573]},"properties":{"company_name":"屹澧有限公司","brand_name":"城市漢堡","product_name":"鮮嫩鱈魚美式堡","has_allergens":false,"allergens":"","allergen_count":0,"county":"臺北市"}},{"type":"Feature","geometry":{"type":"Point","coordinates":[121.5393,24.999573]},"properties":{"company_name":"屹澧有限公司","brand_name":"城市漢堡","product_name":"醬燒豬排美式堡","has_allergens":false,"allergens":"","allergen_count":0,"county":"臺北市"}},{"type":"Feature","geometry":{"type":"Point","coordinates":[121.5393,24.999573]},"properties":{"company_name":"屹澧有限公司","brand_name":"城市漢堡","product_name":"麥香雞美式堡","has_allergens":false,"allergens":"","allergen_count":0,"county":"臺北市"}},{"type":"Feature","geometry":{"type":"Point","coordinates":[121.5393,24.999573]},"properties":{"company_name":"屹澧有限公司","brand_name":"城市漢堡","product_name":"起司蛋餅","has_allergens":false,"allergens":"","allergen_count":0,"county":"臺北市"}},{"type":"Feature","geometry":{"type":"Point","coordinates":[121.5393,24.999573]},"properties":{"company_name":"屹澧有限公司","brand_name":"城市漢堡","product_name":"燒肉蛋餅","has_allergens":false,"allergens":"","allergen_count":0,"county":"臺北市"}},{"type":"Feature","geometry":{"type":"Point","coordinates":[121.5393,24.999573]},"properties":{"company_name":"屹澧有限公司","brand_name":"城市漢堡","product_name":"燻雞蛋餅","has_allergens":false,"allergens":"","allergen_count":0,"county":"臺北市"}},{"type":"Feature","geometry":{"type":"Point","coordinates":[121.5393,24.999573]},"properties":{"company_name":"屹澧有限公司","brand_name":"城市漢堡","product_name":"奶茶","has_allergens":false,"allergens":"","allergen_count":0,"county":"臺北市"}},{"type":"Feature","geometry":{"type":"Point","coordinates":[121.5393,24.999573]},"properties":{"company_name":"屹澧有限公司","brand_name":"城市漢堡","product_name":"紅茶","has_allergens":false,"allergens":"","allergen_count":0,"county":"臺北市"}},{"type":"Feature","geometry":{"type":"Point","coordinates":[121.55661,25.026867]},"properties":{"company_name":"呷尚寶興業股份有限公司","brand_name":"呷尚寶","product_name":"香雞三明治","has_allergens":false,"allergens":"","allergen_count":0,"county":"臺北市"}},{"type":"Feature","geometry":{"type":"Point","coordinates":[121.55661,25.026867]},"properties":{"company_name":"呷尚寶興業股份有限公司","brand_name":"呷尚寶","product_name":"卡拉雞三明治","has_allergens":false,"allergens":"","allergen_count":0,"county":"臺北市"}},{"type":"Feature","geometry":{"type":"Point","coordinates":[121.55661,25.026867]},"properties":{"company_name":"呷尚寶興業股份有限公司","brand_name":"呷尚寶","product_name":"豬排三明治","has_allergens":false,"allergens":"","allergen_count":0,"county":"臺北市"}},{"type":"Feature","geometry":{"type":"Point","coordinates":[121.55661,25.026867]},"properties":{"company_name":"呷尚寶興業股份有限公司","brand_name":"呷尚寶","product_name":"巧克力吐司","has_allergens":false,"allergens":"","allergen_count":0,"county":"臺北市"}},{"type":"Feature","geometry":{"type":"Point","coordinates":[121.55661,25.026867]},"properties":{"company_name":"呷尚寶興業股份有限公司","brand_name":"呷尚寶","product_name":"奶油吐司","has_allergens":true,"allergens":"乳製品","allergen_count":1,"county":"臺北市"}},{"type":"Feature","geometry":{"type":"Point","coordinates":[121.55661,25.026867]},"properties":{"company_name":"呷尚寶興業股份有限公司","brand_name":"呷尚寶","product_name":"椰香吐司","has_allergens":true,"allergens":"乳製品","allergen_count":1,"county":"臺北市"}},{"type":"Feature","geometry":{"type":"Point","coordinates":[121.55661,25.026867]},"properties":{"company_name":"呷尚寶興業股份有限公司","brand_name":"呷尚寶","product_name":"原味蛋餅","has_allergens":false,"allergens":"","allergen_count":0,"county":"臺北市"}},{"type":"Feature","geometry":{"type":"Point","coordinates":[121.55661,25.026867]},"properties":{"company_name":"呷尚寶興業股份有限公司","brand_name":"呷尚寶","product_name":"火腿蛋餅","has_allergens":false,"allergens":"","allergen_count":0,"county":"臺北市"}},{"type":"Feature","geometry":{"type":"Point","coordinates":[121.55661,25.026867]},"properties":{"company_name":"呷尚寶興業股份有限公司","brand_name":"呷尚寶","product_name":"豬排蛋餅","has_allergens":true,"allergens":"乳製品","allergen_count":1,"county":"臺北市"}},{"type":"Feature","geometry":{"type":"Point","coordinates":[121.55661,25.026867]},"properties":{"company_name":"呷尚寶興業股份有限公司","brand_name":"呷尚寶","product_name":"豬肉陽光堡","has_allergens":false,"allergens":"","allergen_count":0,"county":"臺北市"}},{"type":"Feature","geometry":{"type":"Point","coordinates":[121.55661,25.026867]},"properties":{"company_name":"呷尚寶興業股份有限公司","brand_name":"呷尚寶","product_name":"豬排陽光堡","has_allergens":false,"allergens":"","allergen_count":0,"county":"臺北市"}},{"type":"Feature","geometry":{"type":"Point","coordinates":[121.55661,25.026867]},"properties":{"company_name":"呷尚寶興業股份有限公司","brand_name":"呷尚寶","product_name":"香雞陽光堡","has_allergens":false,"allergens":"","allergen_count":0,"county":"臺北市"}},{"type":"Feature","geometry":{"type":"Point","coordinates":[121.55661,25.026867]},"properties":{"company_name":"呷尚寶興業股份有限公司","brand_name":"呷尚寶","product_name":"紅茶","has_allergens":false,"allergens":"","allergen_count":0,"county":"臺北市"}},{"type":"Feature","geometry":{"type":"Point","coordinates":[121.55661,25.026867]},"properties":{"company_name":"呷尚寶興業股份有限公司","brand_name":"呷尚寶","product_name":"奶茶","has_allergens":false,"allergens":"","allergen_count":0,"county":"臺北市"}},{"type":"Feature","geometry":{"type":"Point","coordinates":[121.55661,25.026867]},"properties":{"company_name":"呷尚寶興業股份有限公司","brand_name":"呷尚寶","product_name":"咖啡","has_allergens":true,"allergens":"乳製品","allergen_count":1,"county":"臺北市"}},{"type":"Feature","geometry":{"type":"Point","coordinates":[121.574646,25.037794]},"properties":{"company_name":"金斗雲企業有限公司","brand_name":"漢堡大師","product_name":"煎蛋土司","has_allergens":false,"allergens":"","allergen_count":0,"county":"臺北市"}},{"type":"Feature","geometry":{"type":"Point","coordinates":[121.574646,25.037794]},"properties":{"company_name":"金斗雲企業有限公司","brand_name":"漢堡大師","product_name":"培根蛋吐司","has_allergens":false,"allergens":"","allergen_count":0,"county":"臺北市"}},{"type":"Feature","geometry":{"type":"Point","coordinates":[121.574646,25.037794]},"properties":{"company_name":"金斗雲企業有限公司","brand_name":"漢堡大師","product_name":"起司蛋吐司","has_allergens":false,"allergens":"","allergen_count":0,"county":"臺北市"}},{"type":"Feature","geometry":{"type":"Point","coordinates":[121.574646,25.037794]},"properties":{"company_name":"金斗雲企業有限公司","brand_name":"漢堡大師","product_name":"花生吐司","has_allergens":false,"allergens":"","allergen_count":0,"county":"臺北市"}},{"type":"Feature","geometry":{"type":"Point","coordinates":[121.574646,25.037794]},"properties":{"company_name":"金斗雲企業有限公司","brand_name":"漢堡大師","product_name":"椰香吐司","has_allergens":false,"allergens":"","allergen_count":0,"county":"臺北市"}},{"type":"Feature","geometry":{"type":"Point","coordinates":[121.574646,25.037794]},"properties":{"company_name":"金斗雲企業有限公司","brand_name":"漢堡大師","product_name":"巧克力吐司","has_allergens":false,"allergens":"","allergen_count":0,"county":"臺北市"}},{"type":"Feature","geometry":{"type":"Point","coordinates":[121.574646,25.037794]},"properties":{"company_name":"金斗雲企業有限公司","brand_name":"漢堡大師","product_name":"起司蛋餅","has_allergens":false,"allergens":"","allergen_count":0,"county":"臺北市"}},{"type":"Feature","geometry":{"type":"Point","coordinates":[121.574646,25.037794]},"properties":{"company_name":"金斗雲企業有限公司","brand_name":"漢堡大師","product_name":"原味蛋餅","has_allergens":true,"allergens":"乳製品","allergen_count":1,"county":"臺北市"}},{"type":"Feature","geometry":{"type":"Point","coordinates":[121.574646,25.037794]},"properties":{"company_name":"金斗雲企業有限公司","brand_name":"漢堡大師","product_name":"培根蛋餅","has_allergens":false,"allergens":"","allergen_count":0,"county":"臺北市"}},{"type":"Feature","geometry":{"type":"Point","coordinates":[121.574646,25.037794]},"properties":{"company_name":"金斗雲企業有限公司","brand_name":"漢堡大師","product_name":"紅茶","has_allergens":true,"allergens":"乳製品","allergen_count":1,"county":"臺北市"}},{"type":"Feature","geometry":{"type":"Point","coordinates":[121.574646,25.037794]},"properties":{"company_name":"金斗雲企業有限公司","brand_name":"漢堡大師","product_name":"豆漿","has_allergens":false,"allergens":"","allergen_count":0,"county":"臺北市"}},{"type":"Feature","geometry":{"type":"Point","coordinates":[121.574646,25.037794]},"properties":{"company_name":"金斗雲企業有限公司","brand_name":"漢堡大師","product_name":"奶茶","has_allergens":false,"allergens":"","allergen_count":0,"county":"臺北市"}},{"type":"Feature","geometry":{"type":"Point","coordinates":[121.574646,25.037794]},"properties":{"company_name":"金斗雲企業有限公司","brand_name":"漢堡大師","product_name":"香雞堡","has_allergens":false,"allergens":"","allergen_count":0,"county":"臺北市"}},{"type":"Feature","geometry":{"type":"Point","coordinates":[121.574646,25.037794]},"properties":{"company_name":"金斗雲企業有限公司","brand_name":"漢堡大師","product_name":"起司蛋漢堡","has_allergens":true,"allergens":"乳製品","allergen_count":1,"county":"臺北市"}},{"type":"Feature","geometry":{"type":"Point","coordinates":[121.574646,25.037794]},"properties":{"company_name":"金斗雲企業有限公司","brand_name":"漢堡大師","product_name":"培根漢堡","has_allergens":true,"allergens":"乳製品","allergen_count":1,"county":"臺北市"}},{"type":"Feature","geometry":{"type":"Point","coordinates":[121.50755,25.046352]},"properties":{"company_name":"輝久股份有限公司","brand_name":"麥町吐司工房","product_name":"中秋烤肉蛋吐司","has_allergens":false,"allergens":"","allergen_count":0,"county":"臺北市"}},{"type":"Feature","geometry":{"type":"Point","coordinates":[121.50755,25.046352]},"properties":{"company_name":"輝久股份有限公司","brand_name":"麥町吐司工房","product_name":"和風鮪魚蛋吐司","has_allergens":false,"allergens":"","allergen_count":0,"county":"臺北市"}},{"type":"Feature","geometry":{"type":"Point","coordinates":[121.50755,25.046352]},"properties":{"company_name":"輝久股份有限公司","brand_name":"麥町吐司工房","product_name":"培根吐司","has_allergens":false,"allergens":"","allergen_count":0,"county":"臺北市"}},{"type":"Feature","geometry":{"type":"Point","coordinates":[121.50755,25.046352]},"properties":{"company_name":"輝久股份有限公司","brand_name":"麥町吐司工房","product_name":"美人蛋餅","has_allergens":true,"allergens":"海鮮類","allergen_count":1,"county":"臺北市"}},{"type":"Feature","geometry":{"type":"Point","coordinates":[121.50755,25.046352]},"properties":{"company_name":"輝久股份有限公司","brand_name":"麥町吐司工房","product_name":"和風鮪魚蔥花蛋餅","has_allergens":false,"allergens":"","allergen_count":0,"county":"臺北市"}},{"type":"Feature","geometry":{"type":"Point","coordinates":[121.50755,25.046352]},"properties":{"company_name":"輝久股份有限公司","brand_name":"麥町吐司工房","product_name":"黃金玉米蔥花蛋餅","has_allergens":false,"allergens":"","allergen_count":0,"county":"臺北市"}},{"type":"Feature","geometry":{"type":"Point","coordinates":[121.50755,25.046352]},"properties":{"company_name":"輝久股份有限公司","brand_name":"麥町吐司工房","product_name":"國王厚牛","has_allergens":true,"allergens":"海鮮類","allergen_count":1,"county":"臺北市"}},{"type":"Feature","geometry":{"type":"Point","coordinates":[121.50755,25.046352]},"properties":{"company_name":"輝久股份有限公司","brand_name":"麥町吐司工房","product_name":"中秋烤肉漢堡","has_allergens":true,"allergens":"乳製品","allergen_count":1,"county":"臺北市"}},{"type":"Feature","geometry":{"type":"Point","coordinates":[121.50755,25.046352]},"properties":{"company_name":"輝久股份有限公司","brand_name":"麥町吐司工房","product_name":"和風鮪魚蛋漢堡","has_allergens":false,"allergens":"","allergen_count":0,"county":"臺北市"}},{"type":"Feature","geometry":{"type":"Point","coordinates":[121.507385,25.034298]},"properties":{"company_name":"蘋果貳零参(有)公司","brand_name":"APPLE 203","product_name":"里肌豬排蛋吐司","has_allergens":true,"allergens":"乳製品","allergen_count":1,"county":"臺北市"}},{"type":"Feature","geometry":{"type":"Point","coordinates":[121.507385,25.034298]},"properties":{"company_name":"蘋果貳零参(有)公司","brand_name":"APPLE 203","product_name":"香煎培根蛋吐司","has_allergens":false,"allergens":"","allergen_count":0,"county":"臺北市"}},{"type":"Feature","geometry":{"type":"Point","coordinates":[121.507385,25.034298]},"properties":{"company_name":"蘋果貳零参(有)公司","brand_name":"APPLE 203","product_name":"和風鮪魚蛋吐司","has_allergens":false,"allergens":"","allergen_count":0,"county":"臺北市"}},{"type":"Feature","geometry":{"type":"Point","coordinates":[121.507385,25.034298]},"properties":{"company_name":"蘋果貳零参(有)公司","brand_name":"APPLE 203","product_name":"原味蛋餅","has_allergens":false,"allergens":"","allergen_count":0,"county":"臺北市"}},{"type":"Feature","geometry":{"type":"Point","coordinates":[121.507385,25.034298]},"properties":{"company_name":"蘋果貳零参(有)公司","brand_name":"APPLE 203","product_name":"黃金玉米蛋餅","has_allergens":false,"allergens":"","allergen_count":0,"county":"臺北市"}},{"type":"Feature","geometry":{"type":"Point","coordinates":[121.507385,25.034298]},"properties":{"company_name":"蘋果貳零参(有)公司","brand_name":"APPLE 203","product_name":"香煎培根蛋餅","has_allergens":true,"allergens":"海鮮類","allergen_count":1,"county":"臺北市"}},{"type":"Feature","geometry":{"type":"Point","coordinates":[121.507385,25.034298]},"properties":{"company_name":"蘋果貳零参(有)公司","brand_name":"APPLE 203","product_name":"里肌豬排蛋漢堡","has_allergens":false,"allergens":"","allergen_count":0,"county":"臺北市"}},{"type":"Feature","geometry":{"type":"Point","coordinates":[121.507385,25.034298]},"properties":{"company_name":"蘋果貳零参(有)公司","brand_name":"APPLE 203","product_name":"香煎培根蛋漢堡","has_allergens":true,"allergens":"海鮮類","allergen_count":1,"county":"臺北市"}},{"type":"Feature","geometry":{"type":"Point","coordinates":[121.507385,25.034298]},"properties":{"company_name":"蘋果貳零参(有)公司","brand_name":"APPLE 203","product_name":"和風鮪魚蛋漢堡","has_allergens":false,"allergens":"","allergen_count":0,"county":"臺北市"}},{"type":"Feature","geometry":{"type":"Point","coordinates":[121.54835,25.039978]},"properties":{"company_name":"漢來美食股份有限公司","brand_name":"漢來海港","product_name":"沙拉(美生菜)","has_allergens":true,"allergens":"海鮮類","allergen_count":1,"county":"臺北市"}},{"type":"Feature","geometry":{"type":"Point","coordinates":[121.54835,25.039978]},"properties":{"company_name":"漢來美食股份有限公司","brand_name":"漢來海港","product_name":"芭樂","has_allergens":true,"allergens":"海鮮類","allergen_count":1,"county":"臺北市"}},{"type":"Feature","geometry":{"type":"Point","coordinates":[121.54835,25.039978]},"properties":{"company_name":"漢來美食股份有限公司","brand_name":"漢來海港","product_name":"鮭魚生魚片","has_allergens":false,"allergens":"","allergen_count":0,"county":"臺北市"}},{"type":"Feature","geometry":{"type":"Point","coordinates":[121.54835,25.039978]},"properties":{"company_name":"漢來美食股份有限公司","brand_name":"漢來海港","product_name":"鮪魚生魚片","has_allergens":true,"allergens":"海鮮類","allergen_count":1,"county":"臺北市"}},{"type":"Feature","geometry":{"type":"Point","coordinates":[121.54835,25.039978]},"properties":{"company_name":"漢來美食股份有限公司","brand_name":"漢來海港","product_name":"鯛魚生魚片","has_allergens":false,"allergens":"","allergen_count":0,"county":"臺北市"}},{"type":"Feature","geometry":{"type":"Point","coordinates":[121.54835,25.039978]},"properties":{"company_name":"漢來美食股份有限公司","brand_name":"漢來海港","product_name":"熟白蝦","has_allergens":true,"allergens":"海鮮類","allergen_count":1,"county":"臺北市"}},{"type":"Feature","geometry":{"type":"Point","coordinates":[121.54835,25.039978]},"properties":{"company_name":"漢來美食股份有限公司","brand_name":"漢來海港","product_name":"旭蟹","has_allergens":true,"allergens":"海鮮類","allergen_count":1,"county":"臺北市"}},{"type":"Feature","geometry":{"type":"Point","coordinates":[121.54835,25.039978]},"properties":{"company_name":"漢來美食股份有限公司","brand_name":"漢來海港","product_name":"扁蟹","has_allergens":true,"allergens":"海鮮類","allergen_count":1,"county":"臺北市"}},{"type":"Feature","geometry":{"type":"Point","coordinates":[121.54835,25.039978]},"properties":{"company_name":"漢來美食股份有限公司","brand_name":"漢來海港","product_name":"烤牛肉","has_allergens":true,"allergens":"海鮮類","allergen_count":1,"county":"臺北市"}},{"type":"Feature","geometry":{"type":"Point","coordinates":[121.54835,25.039978]},"properties":{"company_name":"漢來美食股份有限公司","brand_name":"漢來海港","product_name":"炸薯條","has_allergens":true,"allergens":"海鮮類","allergen_count":1,"county":"臺北市"}},{"type":"Feature","geometry":{"type":"Point","coordinates":[121.52253,25.056238]},"properties":{"company_name":"欣葉國際餐飲股份有限公司","brand_name":"欣葉日本料理","product_name":"鮭魚生魚片","has_allergens":true,"allergens":"海鮮類","allergen_count":1,"county":"臺北市"}},{"type":"Feature","geometry":{"type":"Point","coordinates":[121.52253,25.056238]},"properties":{"company_name":"欣葉國際餐飲股份有限公司","brand_name":"欣葉日本料理","product_name":"鮪魚生魚片","has_allergens":true,"allergens":"海鮮類","allergen_count":1,"county":"臺北市"}},{"type":"Feature","geometry":{"type":"Point","coordinates":[121.52253,25.056238]},"properties":{"company_name":"欣葉國際餐飲股份有限公司","brand_name":"欣葉日本料理","product_name":"旗魚生魚片","has_allergens":false,"allergens":"","allergen_count":0,"county":"臺北市"}},{"type":"Feature","geometry":{"type":"Point","coordinates":[121.52253,25.056238]},"properties":{"company_name":"欣葉國際餐飲股份有限公司","brand_name":"欣葉日本料理","product_name":"烤雞翅","has_allergens":false,"allergens":"","allergen_count":0,"county":"臺北市"}},{"type":"Feature","geometry":{"type":"Point","coordinates":[121.52253,25.056238]},"properties":{"company_name":"欣葉國際餐飲股份有限公司","brand_name":"欣葉日本料理","product_name":"炸蝦天婦羅","has_allergens":true,"allergens":"海鮮類","allergen_count":1,"county":"臺北市"}},{"type":"Feature","geometry":{"type":"Point","coordinates":[121.52253,25.056238]},"properties":{"company_name":"欣葉國際餐飲股份有限公司","brand_name":"欣葉日本料理","product_name":"鮮蝦手卷","has_allergens":true,"allergens":"乳製品","allergen_count":1,"county":"臺北市"}},{"type":"Feature","geometry":{"type":"Point","coordinates":[121.52253,25.056238]},"properties":{"company_name":"欣葉國際餐飲股份有限公司","brand_name":"欣葉日本料理","product_name":"蘆筍手卷","has_allergens":true,"allergens":"酒精","allergen_count":1,"county":"臺北市"}},{"type":"Feature","geometry":{"type":"Point","coordinates":[121.52253,25.056238]},"properties":{"company_name":"欣葉國際餐飲股份有限公司","brand_name":"欣葉日本料理","product_name":"龍田揚炸雞","has_allergens":false,"allergens":"","allergen_count":0,"county":"臺北市"}},{"type":"Feature","geometry":{"type":"Point","coordinates":[121.52253,25.056238]},"properties":{"company_name":"欣葉國際餐飲股份有限公司","brand_name":"欣葉日本料理","product_name":"烤魚下巴","has_allergens":true,"allergens":"海鮮類","allergen_count":1,"county":"臺北市"}},{"type":"Feature","geometry":{"type":"Point","coordinates":[121.52253,25.056238]},"properties":{"company_name":"欣葉國際餐飲股份有限公司","brand_name":"欣葉日本料理","product_name":"烤香魚","has_allergens":false,"allergens":"","allergen_count":0,"county":"臺北市"}},{"type":"Feature","geometry":{"type":"Point","coordinates":[121.566216,25.03535]},"properties":{"company_name":"饗賓餐旅事業股份有限公司","brand_name":"饗食天堂","product_name":"鮮切鮭魚","has_allergens":true,"allergens":"海鮮類","allergen_count":1,"county":"臺北市"}},{"type":"Feature","geometry":{"type":"Point","coordinates":[121.566216,25.03535]},"properties":{"company_name":"饗賓餐旅事業股份有限公司","brand_name":"饗食天堂","product_name":"鳳梨","has_allergens":false,"allergens":"","allergen_count":0,"county":"臺北市"}},{"type":"Feature","geometry":{"type":"Point","coordinates":[121.50692,25.036314]},"properties":{"company_name":"台北花園大酒店","brand_name":"饗聚廚房","product_name":"熟白蝦","has_allergens":false,"allergens":"","allergen_count":0,"county":"臺北市"}},{"type":"Feature","geometry":{"type":"Point","coordinates":[121.50692,25.036314]},"properties":{"company_name":"台北花園大酒店","brand_name":"饗聚廚房","product_name":"淡菜","has_allergens":false,"allergens":"","allergen_count":0,"county":"臺北市"}},{"type":"Feature","geometry":{"type":"Point","coordinates":[121.50692,25.036314]},"properties":{"company_name":"台北花園大酒店","brand_name":"饗聚廚房","product_name":"涼拌干貝唇","has_allergens":false,"allergens":"","allergen_count":0,"county":"臺北市"}},{"type":"Feature","geometry":{"type":"Point","coordinates":[121.50692,25.036314]},"properties":{"company_name":"台北花園大酒店","brand_name":"饗聚廚房","product_name":"美國沙朗","has_allergens":false,"allergens":"","allergen_count":0,"county":"臺北市"}},{"type":"Feature","geometry":{"type":"Point","coordinates":[121.50692,25.036314]},"properties":{"company_name":"台北花園大酒店","brand_name":"饗聚廚房","product_name":"鳳螺","has_allergens":false,"allergens":"","allergen_count":0,"county":"臺北市"}},{"type":"Feature","geometry":{"type":"Point","coordinates":[121.50692,25.036314]},"properties":{"company_name":"台北花園大酒店","brand_name":"饗聚廚房","product_name":"煙燻里肌","has_allergens":false,"allergens":"","allergen_count":0,"county":"臺北市"}},{"type":"Feature","geometry":{"type":"Point","coordinates":[121.50692,25.036314]},"properties":{"company_name":"台北花園大酒店","brand_name":"饗聚廚房","product_name":"小花枝","has_allergens":false,"allergens":"","allergen_count":0,"county":"臺北市"}},{"type":"Feature","geometry":{"type":"Point","coordinates":[121.50692,25.036314]},"properties":{"company_name":"台北花園大酒店","brand_name":"饗聚廚房","product_name":"旗魚生魚片","has_allergens":false,"allergens":"","allergen_count":0,"county":"臺北市"}},{"type":"Feature","geometry":{"type":"Point","coordinates":[121.50692,25.036314]},"properties":{"company_name":"台北花園大酒店","brand_name":"饗聚廚房","product_name":"鮪魚生魚片","has_allergens":false,"allergens":"","allergen_count":0,"county":"臺北市"}},{"type":"Feature","geometry":{"type":"Point","coordinates":[121.50692,25.036314]},"properties":{"company_name":"台北花園大酒店","brand_name":"饗聚廚房","product_name":"鯛魚生魚片","has_allergens":false,"allergens":"","allergen_count":0,"county":"臺北市"}},{"type":"Feature","geometry":{"type":"Point","coordinates":[121.592896,25.079887]},"properties":{"company_name":"胖老爹炸雞有限公司","brand_name":"胖老爹美式炸雞","product_name":"紐澳良雞排","has_allergens":false,"allergens":"","allergen_count":0,"county":"臺北市"}},{"type":"Feature","geometry":{"type":"Point","coordinates":[121.592896,25.079887]},"properties":{"company_name":"胖老爹炸雞有限公司","brand_name":"胖老爹美式炸雞","product_name":"無骨雞腿排","has_allergens":false,"allergens":"","allergen_count":0,"county":"臺北市"}},{"type":"Feature","geometry":{"type":"Point","coordinates":[121.592896,25.079887]},"properties":{"company_name":"胖老爹炸雞有限公司","brand_name":"胖老爹美式炸雞","product_name":"雞腿","has_allergens":false,"allergens":"","allergen_count":0,"county":"臺北市"}},{"type":"Feature","geometry":{"type":"Point","coordinates":[121.592896,25.079887]},"properties":{"company_name":"胖老爹炸雞有限公司","brand_name":"胖老爹美式炸雞","product_name":"雞翅","has_allergens":false,"allergens":"","allergen_count":0,"county":"臺北市"}},{"type":"Feature","geometry":{"type":"Point","coordinates":[121.592896,25.079887]},"properties":{"company_name":"胖老爹炸雞有限公司","brand_name":"胖老爹美式炸雞","product_name":"胖雞丁","has_allergens":false,"allergens":"","allergen_count":0,"county":"臺北市"}},{"type":"Feature","geometry":{"type":"Point","coordinates":[121.592896,25.079887]},"properties":{"company_name":"胖老爹炸雞有限公司","brand_name":"胖老爹美式炸雞","product_name":"小雞塊(五塊)","has_allergens":true,"allergens":"海鮮類","allergen_count":1,"county":"臺北市"}},{"type":"Feature","geometry":{"type":"Point","coordinates":[121.592896,25.079887]},"properties":{"company_name":"胖老爹炸雞有限公司","brand_name":"胖老爹美式炸雞","product_name":"洋蔥圈(六個)","has_allergens":false,"allergens":"","allergen_count":0,"county":"臺北市"}},{"type":"Feature","geometry":{"type":"Point","coordinates":[121.592896,25.079887]},"properties":{"company_name":"胖老爹炸雞有限公司","brand_name":"胖老爹美式炸雞","product_name":"花枝丸(四顆)","has_allergens":false,"allergens":"","allergen_count":0,"county":"臺北市"}},{"type":"Feature","geometry":{"type":"Point","coordinates":[121.592896,25.079887]},"properties":{"company_name":"胖老爹炸雞有限公司","brand_name":"胖老爹美式炸雞","product_name":"山藥捲(四條)","has_allergens":false,"allergens":"","allergen_count":0,"county":"臺北市"}},{"type":"Feature","geometry":{"type":"Point","coordinates":[121.52312,25.06699]},"properties":{"company_name":"壹卡夫股份有限公司","brand_name":"壹咖啡","product_name":"岩鹽霜奶大吉嶺","has_allergens":false,"allergens":"","allergen_count":0,"county":"臺北市"}},{"type":"Feature","geometry":{"type":"Point","coordinates":[121.52312,25.06699]},"properties":{"company_name":"壹卡夫股份有限公司","brand_name":"壹咖啡","product_name":"高峰翡翠綠","has_allergens":false,"allergens":"","allergen_count":0,"county":"臺北市"}},{"type":"Feature","geometry":{"type":"Point","coordinates":[121.52312,25.06699]},"properties":{"company_name":"壹卡夫股份有限公司","brand_name":"壹咖啡","product_name":"焦糖瑪奇朵咖啡冰沙","has_allergens":false,"allergens":"","allergen_count":0,"county":"臺北市"}},{"type":"Feature","geometry":{"type":"Point","coordinates":[121.52312,25.06699]},"properties":{"company_name":"壹卡夫股份有限公司","brand_name":"壹咖啡","product_name":"卡布奇諾","has_allergens":false,"allergens":"","allergen_count":0,"county":"臺北市"}},{"type":"Feature","geometry":{"type":"Point","coordinates":[121.52312,25.06699]},"properties":{"company_name":"壹卡夫股份有限公司","brand_name":"壹咖啡","product_name":"蜂蜜綠茶","has_allergens":false,"allergens":"","allergen_count":0,"county":"臺北市"}},{"type":"Feature","geometry":{"type":"Point","coordinates":[121.52312,25.06699]},"properties":{"company_name":"壹卡夫股份有限公司","brand_name":"壹咖啡","product_name":"英式錫蘭拿鐵","has_allergens":false,"allergens":"","allergen_count":0,"county":"臺北市"}},{"type":"Feature","geometry":{"type":"Point","coordinates":[121.52312,25.06699]},"properties":{"company_name":"壹卡夫股份有限公司","brand_name":"壹咖啡","product_name":"珍珠烏龍茶","has_allergens":false,"allergens":"","allergen_count":0,"county":"臺北市"}},{"type":"Feature","geometry":{"type":"Point","coordinates":[121.52312,25.06699]},"properties":{"company_name":"壹卡夫股份有限公司","brand_name":"壹咖啡","product_name":"鮮奶冰咖啡","has_allergens":false,"allergens":"","allergen_count":0,"county":"臺北市"}},{"type":"Feature","geometry":{"type":"Point","coordinates":[121.52312,25.06699]},"properties":{"company_name":"壹卡夫股份有限公司","brand_name":"壹咖啡","product_name":"烏龍奶茶","has_allergens":false,"allergens":"","allergen_count":0,"county":"臺北市"}},{"type":"Feature","geometry":{"type":"Point","coordinates":[121.52312,25.06699]},"properties":{"company_name":"壹卡夫股份有限公司","brand_name":"壹咖啡","product_name":"焦糖拿鐵","has_allergens":false,"allergens":"","allergen_count":0,"county":"臺北市"}},{"type":"Feature","geometry":{"type":"Point","coordinates":[121.52312,25.06699]},"properties":{"company_name":"壹卡夫股份有限公司","brand_name":"壹咖啡","product_name":"草莓優酪冰沙","has_allergens":false,"allergens":"","allergen_count":0,"county":"臺北市"}},{"type":"Feature","geometry":{"type":"Point","coordinates":[121.52312,25.06699]},"properties":{"company_name":"壹卡夫股份有限公司","brand_name":"壹咖啡","product_name":"焦糖瑪奇朵","has_allergens":false,"allergens":"","allergen_count":0,"county":"臺北市"}},{"type":"Feature","geometry":{"type":"Point","coordinates":[121.52312,25.06699]},"properties":{"company_name":"壹卡夫股份有限公司","brand_name":"壹咖啡","product_name":"珍珠紅茶","has_allergens":false,"allergens":"","allergen_count":0,"county":"臺北市"}},{"type":"Feature","geometry":{"type":"Point","coordinates":[121.52312,25.06699]},"properties":{"company_name":"壹卡夫股份有限公司","brand_name":"壹咖啡","product_name":"檸檬養樂多","has_allergens":false,"allergens":"","allergen_count":0,"county":"臺北市"}},{"type":"Feature","geometry":{"type":"Point","coordinates":[121.52312,25.06699]},"properties":{"company_name":"壹卡夫股份有限公司","brand_name":"壹咖啡","product_name":"碳燒鐵觀音","has_allergens":false,"allergens":"","allergen_count":0,"county":"臺北市"}},{"type":"Feature","geometry":{"type":"Point","coordinates":[121.52312,25.06699]},"properties":{"company_name":"壹卡夫股份有限公司","brand_name":"壹咖啡","product_name":"椰果奶茶","has_allergens":false,"allergens":"","allergen_count":0,"county":"臺北市"}},{"type":"Feature","geometry":{"type":"Point","coordinates":[121.52312,25.06699]},"properties":{"company_name":"壹卡夫股份有限公司","brand_name":"壹咖啡","product_name":"紅茶拿鐵","has_allergens":false,"allergens":"","allergen_count":0,"county":"臺北市"}},{"type":"Feature","geometry":{"type":"Point","coordinates":[121.52312,25.06699]},"properties":{"company_name":"壹卡夫股份有限公司","brand_name":"壹咖啡","product_name":"榛果拿鐵","has_allergens":false,"allergens":"","allergen_count":0,"county":"臺北市"}},{"type":"Feature","geometry":{"type":"Point","coordinates":[121.52312,25.06699]},"properties":{"company_name":"壹卡夫股份有限公司","brand_name":"壹咖啡","product_name":"檸檬蘆薈蜜","has_allergens":false,"allergens":"","allergen_count":0,"county":"臺北市"}},{"type":"Feature","geometry":{"type":"Point","coordinates":[121.52312,25.06699]},"properties":{"company_name":"壹卡夫股份有限公司","brand_name":"壹咖啡","product_name":"巧克力可可碎片冰沙","has_allergens":false,"allergens":"","allergen_count":0,"county":"臺北市"}},{"type":"Feature","geometry":{"type":"Point","coordinates":[121.52312,25.06699]},"properties":{"company_name":"壹卡夫股份有限公司","brand_name":"壹咖啡","product_name":"招牌紅茶","has_allergens":false,"allergens":"","allergen_count":0,"county":"臺北市"}},{"type":"Feature","geometry":{"type":"Point","coordinates":[121.52312,25.06699]},"properties":{"company_name":"壹卡夫股份有限公司","brand_name":"壹咖啡","product_name":"抹茶紅豆拿鐵","has_allergens":false,"allergens":"","allergen_count":0,"county":"臺北市"}},{"type":"Feature","geometry":{"type":"Point","coordinates":[121.52312,25.06699]},"properties":{"company_name":"壹卡夫股份有限公司","brand_name":"壹咖啡","product_name":"新鮮檸檬冰沙","has_allergens":true,"allergens":"乳製品","allergen_count":1,"county":"臺北市"}},{"type":"Feature","geometry":{"type":"Point","coordinates":[121.52312,25.06699]},"properties":{"company_name":"壹卡夫股份有限公司","brand_name":"壹咖啡","product_name":"英倫伯爵拿鐵","has_allergens":false,"allergens":"","allergen_count":0,"county":"臺北市"}},{"type":"Feature","geometry":{"type":"Point","coordinates":[121.52312,25.06699]},"properties":{"company_name":"壹卡夫股份有限公司","brand_name":"壹咖啡","product_name":"大吉嶺紅茶拿鐵","has_allergens":true,"allergens":"乳製品","allergen_count":1,"county":"臺北市"}},{"type":"Feature","geometry":{"type":"Point","coordinates":[121.52312,25.06699]},"properties":{"company_name":"壹卡夫股份有限公司","brand_name":"壹咖啡","product_name":"茉香片綠","has_allergens":true,"allergens":"乳製品","allergen_count":1,"county":"臺北市"}},{"type":"Feature","geometry":{"type":"Point","coordinates":[121.52312,25.06699]},"properties":{"company_name":"壹卡夫股份有限公司","brand_name":"壹咖啡","product_name":"鮮製桔茶","has_allergens":true,"allergens":"乳製品","allergen_count":1,"county":"臺北市"}},{"type":"Feature","geometry":{"type":"Point","coordinates":[121.52312,25.06699]},"properties":{"company_name":"壹卡夫股份有限公司","brand_name":"壹咖啡","product_name":"招牌奶綠","has_allergens":true,"allergens":"乳製品","allergen_count":1,"county":"臺北市"}},{"type":"Feature","geometry":{"type":"Point","coordinates":[121.52312,25.06699]},"properties":{"company_name":"壹卡夫股份有限公司","brand_name":"壹咖啡","product_name":"鮮奶義大利可可","has_allergens":true,"allergens":"乳製品","allergen_count":1,"county":"臺北市"}},{"type":"Feature","geometry":{"type":"Point","coordinates":[121.52312,25.06699]},"properties":{"company_name":"壹卡夫股份有限公司","brand_name":"壹咖啡","product_name":"蜂蜜青茶","has_allergens":false,"allergens":"","allergen_count":0,"county":"臺北市"}},{"type":"Feature","geometry":{"type":"Point","coordinates":[121.52965,25.03074]},"properties":{"company_name":"王維咖啡國際有限公司","brand_name":"成真咖啡","product_name":"炙燒椒香雪紋豚","has_allergens":true,"allergens":"乳製品","allergen_count":1,"county":"臺北市"}},{"type":"Feature","geometry":{"type":"Point","coordinates":[121.52965,25.03074]},"properties":{"company_name":"王維咖啡國際有限公司","brand_name":"成真咖啡","product_name":"法芙娜可可歐蕾","has_allergens":false,"allergens":"","allergen_count":0,"county":"臺北市"}},{"type":"Feature","geometry":{"type":"Point","coordinates":[121.52965,25.03074]},"properties":{"company_name":"王維咖啡國際有限公司","brand_name":"成真咖啡","product_name":"甘芭爹","has_allergens":true,"allergens":"乳製品","allergen_count":1,"county":"臺北市"}},{"type":"Feature","geometry":{"type":"Point","coordinates":[121.52965,25.03074]},"properties":{"company_name":"王維咖啡國際有限公司","brand_name":"成真咖啡","product_name":"京都抹茶","has_allergens":true,"allergens":"乳製品","allergen_count":1,"county":"臺北市"}},{"type":"Feature","geometry":{"type":"Point","coordinates":[121.52965,25.03074]},"properties":{"company_name":"王維咖啡國際有限公司","brand_name":"成真咖啡","product_name":"墨西哥 瑪雅豐收 水洗","has_allergens":true,"allergens":"乳製品","allergen_count":1,"county":"臺北市"}},{"type":"Feature","geometry":{"type":"Point","coordinates":[121.52965,25.03074]},"properties":{"company_name":"王維咖啡國際有限公司","brand_name":"成真咖啡","product_name":"蜂蜜鮮奶茶","has_allergens":false,"allergens":"","allergen_count":0,"county":"臺北市"}},{"type":"Feature","geometry":{"type":"Point","coordinates":[121.52965,25.03074]},"properties":{"company_name":"王維咖啡國際有限公司","brand_name":"成真咖啡","product_name":"精品原萃","has_allergens":false,"allergens":"","allergen_count":0,"county":"臺北市"}},{"type":"Feature","geometry":{"type":"Point","coordinates":[121.52965,25.03074]},"properties":{"company_name":"王維咖啡國際有限公司","brand_name":"成真咖啡","product_name":"百香冰美式(季節限定)","has_allergens":false,"allergens":"","allergen_count":0,"county":"臺北市"}},{"type":"Feature","geometry":{"type":"Point","coordinates":[121.52965,25.03074]},"properties":{"company_name":"王維咖啡國際有限公司","brand_name":"成真咖啡","product_name":"Sweet黑糖那堤","has_allergens":true,"allergens":"乳製品","allergen_count":1,"county":"臺北市"}},{"type":"Feature","geometry":{"type":"Point","coordinates":[121.52965,25.03074]},"properties":{"company_name":"王維咖啡國際有限公司","brand_name":"成真咖啡","product_name":"小農荔枝乾奶茶","has_allergens":false,"allergens":"","allergen_count":0,"county":"臺北市"}},{"type":"Feature","geometry":{"type":"Point","coordinates":[121.52965,25.03074]},"properties":{"company_name":"王維咖啡國際有限公司","brand_name":"成真咖啡","product_name":"Come True Blend 2018新配方","has_allergens":true,"allergens":"乳製品","allergen_count":1,"county":"臺北市"}},{"type":"Feature","geometry":{"type":"Point","coordinates":[121.52965,25.03074]},"properties":{"company_name":"王維咖啡國際有限公司","brand_name":"成真咖啡","product_name":"香水椰子美式","has_allergens":false,"allergens":"","allergen_count":0,"county":"臺北市"}},{"type":"Feature","geometry":{"type":"Point","coordinates":[121.52965,25.03074]},"properties":{"company_name":"王維咖啡國際有限公司","brand_name":"成真咖啡","product_name":"典藏愛爾蘭","has_allergens":true,"allergens":"乳製品","allergen_count":1,"county":"臺北市"}},{"type":"Feature","geometry":{"type":"Point","coordinates":[121.52965,25.03074]},"properties":{"company_name":"王維咖啡國際有限公司","brand_name":"成真咖啡","product_name":"瑪黛蘋果茶","has_allergens":true,"allergens":"乳製品","allergen_count":1,"county":"臺北市"}},{"type":"Feature","geometry":{"type":"Point","coordinates":[121.52965,25.03074]},"properties":{"company_name":"王維咖啡國際有限公司","brand_name":"成真咖啡","product_name":"青森蘋果美式","has_allergens":false,"allergens":"","allergen_count":0,"county":"臺北市"}},{"type":"Feature","geometry":{"type":"Point","coordinates":[121.52965,25.03074]},"properties":{"company_name":"王維咖啡國際有限公司","brand_name":"成真咖啡","product_name":"玫瑰鮮奶茶","has_allergens":false,"allergens":"","allergen_count":0,"county":"臺北市"}},{"type":"Feature","geometry":{"type":"Point","coordinates":[121.52965,25.03074]},"properties":{"company_name":"王維咖啡國際有限公司","brand_name":"成真咖啡","product_name":"烤堅果那堤","has_allergens":true,"allergens":"乳製品","allergen_count":1,"county":"臺北市"}},{"type":"Feature","geometry":{"type":"Point","coordinates":[121.52965,25.03074]},"properties":{"company_name":"王維咖啡國際有限公司","brand_name":"成真咖啡","product_name":"卡布奇諾","has_allergens":true,"allergens":"乳製品","allergen_count":1,"county":"臺北市"}},{"type":"Feature","geometry":{"type":"Point","coordinates":[121.52965,25.03074]},"properties":{"company_name":"王維咖啡國際有限公司","brand_name":"成真咖啡","product_name":"原味那堤","has_allergens":false,"allergens":"","allergen_count":0,"county":"臺北市"}},{"type":"Feature","geometry":{"type":"Point","coordinates":[121.52965,25.03074]},"properties":{"company_name":"王維咖啡國際有限公司","brand_name":"成真咖啡","product_name":"熔岩焦香布蕾","has_allergens":true,"allergens":"乳製品","allergen_count":1,"county":"臺北市"}},{"type":"Feature","geometry":{"type":"Point","coordinates":[121.52965,25.03074]},"properties":{"company_name":"王維咖啡國際有限公司","brand_name":"成真咖啡","product_name":"大葉烏龍","has_allergens":true,"allergens":"乳製品","allergen_count":1,"county":"臺北市"}},{"type":"Feature","geometry":{"type":"Point","coordinates":[121.52965,25.03074]},"properties":{"company_name":"王維咖啡國際有限公司","brand_name":"成真咖啡","product_name":"鑿井黑咖啡","has_allergens":false,"allergens":"","allergen_count":0,"county":"臺北市"}},{"type":"Feature","geometry":{"type":"Point","coordinates":[121.52965,25.03074]},"properties":{"company_name":"王維咖啡國際有限公司","brand_name":"成真咖啡","product_name":"翠玉葡萄","has_allergens":true,"allergens":"乳製品","allergen_count":1,"county":"臺北市"}},{"type":"Feature","geometry":{"type":"Point","coordinates":[121.52965,25.03074]},"properties":{"company_name":"王維咖啡國際有限公司","brand_name":"成真咖啡","product_name":"阿法奇朵","has_allergens":true,"allergens":"乳製品","allergen_count":1,"county":"臺北市"}},{"type":"Feature","geometry":{"type":"Point","coordinates":[121.52965,25.03074]},"properties":{"company_name":"王維咖啡國際有限公司","brand_name":"成真咖啡","product_name":"紅棗美顏茶","has_allergens":false,"allergens":"","allergen_count":0,"county":"臺北市"}},{"type":"Feature","geometry":{"type":"Point","coordinates":[121.52965,25.03074]},"properties":{"company_name":"王維咖啡國際有限公司","brand_name":"成真咖啡","product_name":"黑糖蜜香歐蕾","has_allergens":false,"allergens":"","allergen_count":0,"county":"臺北市"}},{"type":"Feature","geometry":{"type":"Point","coordinates":[121.52965,25.03074]},"properties":{"company_name":"王維咖啡國際有限公司","brand_name":"成真咖啡","product_name":"杜鵑","has_allergens":true,"allergens":"乳製品","allergen_count":1,"county":"臺北市"}},{"type":"Feature","geometry":{"type":"Point","coordinates":[121.52965,25.03074]},"properties":{"company_name":"王維咖啡國際有限公司","brand_name":"成真咖啡","product_name":"Come True水果茶","has_allergens":true,"allergens":"乳製品","allergen_count":1,"county":"臺北市"}},{"type":"Feature","geometry":{"type":"Point","coordinates":[121.52965,25.03074]},"properties":{"company_name":"王維咖啡國際有限公司","brand_name":"成真咖啡","product_name":"蜂蜜肉桂卡布","has_allergens":false,"allergens":"","allergen_count":0,"county":"臺北市"}},{"type":"Feature","geometry":{"type":"Point","coordinates":[121.52965,25.03074]},"properties":{"company_name":"王維咖啡國際有限公司","brand_name":"成真咖啡","product_name":"甜莓鋒芒","has_allergens":true,"allergens":"乳製品","allergen_count":1,"county":"臺北市"}},{"type":"Feature","geometry":{"type":"Point","coordinates":[121.53731,24.982718]},"properties":{"company_name":"台灣客美多股份有限公司","brand_name":"客美多咖啡","product_name":"漂浮巧克力","has_allergens":false,"allergens":"","allergen_count":0,"county":"新北市"}},{"type":"Feature","geometry":{"type":"Point","coordinates":[121.53731,24.982718]},"properties":{"company_name":"台灣客美多股份有限公司","brand_name":"客美多咖啡","product_name":"Komeda咖啡","has_allergens":false,"allergens":"","allergen_count":0,"county":"新北市"}},{"type":"Feature","geometry":{"type":"Point","coordinates":[121.53731,24.982718]},"properties":{"company_name":"台灣客美多股份有限公司","brand_name":"客美多咖啡","product_name":"漂浮紅茶","has_allergens":true,"allergens":"酒精","allergen_count":1,"county":"新北市"}},{"type":"Feature","geometry":{"type":"Point","coordinates":[121.53731,24.982718]},"properties":{"company_name":"台灣客美多股份有限公司","brand_name":"客美多咖啡","product_name":"冰可可","has_allergens":false,"allergens":"","allergen_count":0,"county":"新北市"}},{"type":"Feature","geometry":{"type":"Point","coordinates":[121.53731,24.982718]},"properties":{"company_name":"台灣客美多股份有限公司","brand_name":"客美多咖啡","product_name":"草莓蘇打","has_allergens":false,"allergens":"","allergen_count":0,"county":"新北市"}},{"type":"Feature","geometry":{"type":"Point","coordinates":[121.53731,24.982718]},"properties":{"company_name":"台灣客美多股份有限公司","brand_name":"客美多咖啡","product_name":"蜂蜜維也納咖啡歐蕾","has_allergens":false,"allergens":"","allergen_count":0,"county":"新北市"}},{"type":"Feature","geometry":{"type":"Point","coordinates":[121.53731,24.982718]},"properties":{"company_name":"台灣客美多股份有限公司","brand_name":"客美多咖啡","product_name":"紅豆小町 櫻","has_allergens":true,"allergens":"乳製品","allergen_count":1,"county":"新北市"}},{"type":"Feature","geometry":{"type":"Point","coordinates":[121.53731,24.982718]},"properties":{"company_name":"台灣客美多股份有限公司","brand_name":"客美多咖啡","product_name":"奶茶","has_allergens":true,"allergens":"乳製品","allergen_count":1,"county":"新北市"}},{"type":"Feature","geometry":{"type":"Point","coordinates":[121.53731,24.982718]},"properties":{"company_name":"台灣客美多股份有限公司","brand_name":"客美多咖啡","product_name":"黑醋栗果茶","has_allergens":true,"allergens":"乳製品","allergen_count":1,"county":"新北市"}},{"type":"Feature","geometry":{"type":"Point","coordinates":[121.53731,24.982718]},"properties":{"company_name":"台灣客美多股份有限公司","brand_name":"客美多咖啡","product_name":"歐蕾咖啡","has_allergens":true,"allergens":"乳製品","allergen_count":1,"county":"新北市"}},{"type":"Feature","geometry":{"type":"Point","coordinates":[121.53731,24.982718]},"properties":{"company_name":"台灣客美多股份有限公司","brand_name":"客美多咖啡","product_name":"香蕉牛奶","has_allergens":false,"allergens":"","allergen_count":0,"county":"新北市"}},{"type":"Feature","geometry":{"type":"Point","coordinates":[121.53731,24.982718]},"properties":{"company_name":"台灣客美多股份有限公司","brand_name":"客美多咖啡","product_name":"台灣日月潭特級紅韻紅茶","has_allergens":false,"allergens":"","allergen_count":0,"county":"新北市"}},{"type":"Feature","geometry":{"type":"Point","coordinates":[121.53731,24.982718]},"properties":{"company_name":"台灣客美多股份有限公司","brand_name":"客美多咖啡","product_name":"牛奶","has_allergens":false,"allergens":"","allergen_count":0,"county":"新北市"}},{"type":"Feature","geometry":{"type":"Point","coordinates":[121.53731,24.982718]},"properties":{"company_name":"台灣客美多股份有限公司","brand_name":"客美多咖啡","product_name":"咖啡凍聖代","has_allergens":false,"allergens":"","allergen_count":0,"county":"新北市"}},{"type":"Feature","geometry":{"type":"Point","coordinates":[121.53731,24.982718]},"properties":{"company_name":"台灣客美多股份有限公司","brand_name":"客美多咖啡","product_name":"紅茶","has_allergens":false,"allergens":"","allergen_count":0,"county":"新北市"}},{"type":"Feature","geometry":{"type":"Point","coordinates":[121.53731,24.982718]},"properties":{"company_name":"台灣客美多股份有限公司","brand_name":"客美多咖啡","product_name":"漂浮咖啡","has_allergens":true,"allergens":"乳製品","allergen_count":1,"county":"新北市"}},{"type":"Feature","geometry":{"type":"Point","coordinates":[121.53731,24.982718]},"properties":{"company_name":"台灣客美多股份有限公司","brand_name":"客美多咖啡","product_name":"豆乳咖啡","has_allergens":false,"allergens":"","allergen_count":0,"county":"新北市"}},{"type":"Feature","geometry":{"type":"Point","coordinates":[121.53731,24.982718]},"properties":{"company_name":"台灣客美多股份有限公司","brand_name":"客美多咖啡","product_name":"咖啡奶昔","has_allergens":true,"allergens":"乳製品","allergen_count":1,"county":"新北市"}},{"type":"Feature","geometry":{"type":"Point","coordinates":[121.53731,24.982718]},"properties":{"company_name":"台灣客美多股份有限公司","brand_name":"客美多咖啡","product_name":"抹茶奶昔","has_allergens":true,"allergens":"乳製品","allergen_count":1,"county":"新北市"}},{"type":"Feature","geometry":{"type":"Point","coordinates":[121.53731,24.982718]},"properties":{"company_name":"台灣客美多股份有限公司","brand_name":"客美多咖啡","product_name":"漂浮抹茶歐蕾","has_allergens":false,"allergens":"","allergen_count":0,"county":"新北市"}},{"type":"Feature","geometry":{"type":"Point","coordinates":[121.53731,24.982718]},"properties":{"company_name":"台灣客美多股份有限公司","brand_name":"客美多咖啡","product_name":"漂浮日本抹茶","has_allergens":true,"allergens":"乳製品","allergen_count":1,"county":"新北市"}},{"type":"Feature","geometry":{"type":"Point","coordinates":[121.53731,24.982718]},"properties":{"company_name":"台灣客美多股份有限公司","brand_name":"客美多咖啡","product_name":"美式咖啡","has_allergens":true,"allergens":"乳製品","allergen_count":1,"county":"新北市"}},{"type":"Feature","geometry":{"type":"Point","coordinates":[121.53731,24.982718]},"properties":{"company_name":"台灣客美多股份有限公司","brand_name":"客美多咖啡","product_name":"抹茶","has_allergens":false,"allergens":"","allergen_count":0,"county":"新北市"}},{"type":"Feature","geometry":{"type":"Point","coordinates":[121.53731,24.982718]},"properties":{"company_name":"台灣客美多股份有限公司","brand_name":"客美多咖啡","product_name":"熱可可","has_allergens":true,"allergens":"乳製品","allergen_count":1,"county":"新北市"}},{"type":"Feature","geometry":{"type":"Point","coordinates":[121.53731,24.982718]},"properties":{"company_name":"台灣客美多股份有限公司","brand_name":"客美多咖啡","product_name":"元祖(果凍咖啡)","has_allergens":false,"allergens":"","allergen_count":0,"county":"新北市"}},{"type":"Feature","geometry":{"type":"Point","coordinates":[121.53731,24.982718]},"properties":{"company_name":"台灣客美多股份有限公司","brand_name":"客美多咖啡","product_name":"冰蜂蜜咖啡","has_allergens":false,"allergens":"","allergen_count":0,"county":"新北市"}},{"type":"Feature","geometry":{"type":"Point","coordinates":[121.53731,24.982718]},"properties":{"company_name":"台灣客美多股份有限公司","brand_name":"客美多咖啡","product_name":"維也納咖啡","has_allergens":true,"allergens":"乳製品","allergen_count":1,"county":"新北市"}},{"type":"Feature","geometry":{"type":"Point","coordinates":[121.53731,24.982718]},"properties":{"company_name":"台灣客美多股份有限公司","brand_name":"客美多咖啡","product_name":"可樂","has_allergens":true,"allergens":"乳製品","allergen_count":1,"county":"新北市"}},{"type":"Feature","geometry":{"type":"Point","coordinates":[121.53731,24.982718]},"properties":{"company_name":"台灣客美多股份有限公司","brand_name":"客美多咖啡","product_name":"牛奶咖啡","has_allergens":true,"allergens":"乳製品","allergen_count":1,"county":"新北市"}},{"type":"Feature","geometry":{"type":"Point","coordinates":[121.53731,24.982718]},"properties":{"company_name":"台灣客美多股份有限公司","brand_name":"客美多咖啡","product_name":"熱抹茶歐蕾","has_allergens":true,"allergens":"乳製品","allergen_count":1,"county":"新北市"}},{"type":"Feature","geometry":{"type":"Point","coordinates":[121.53399,25.05355]},"properties":{"company_name":"黑沃餐飲股份有限公司","brand_name":"黑沃咖啡","product_name":"黑糖黑玉拿鐵","has_allergens":true,"allergens":"乳製品","allergen_count":1,"county":"臺北市"}},{"type":"Feature","geometry":{"type":"Point","coordinates":[121.53399,25.05355]},"properties":{"company_name":"黑沃餐飲股份有限公司","brand_name":"黑沃咖啡","product_name":"精品美式咖啡","has_allergens":true,"allergens":"乳製品","allergen_count":1,"county":"臺北市"}},{"type":"Feature","geometry":{"type":"Point","coordinates":[121.53399,25.05355]},"properties":{"company_name":"黑沃餐飲股份有限公司","brand_name":"黑沃咖啡","product_name":"精品拿鐵咖啡","has_allergens":false,"allergens":"","allergen_count":0,"county":"臺北市"}},{"type":"Feature","geometry":{"type":"Point","coordinates":[121.53399,25.05355]},"properties":{"company_name":"黑沃餐飲股份有限公司","brand_name":"黑沃咖啡","product_name":"精品風味拿鐵","has_allergens":false,"allergens":"","allergen_count":0,"county":"臺北市"}},{"type":"Feature","geometry":{"type":"Point","coordinates":[121.53399,25.05355]},"properties":{"company_name":"黑沃餐飲股份有限公司","brand_name":"黑沃咖啡","product_name":"卡布奇諾","has_allergens":false,"allergens":"","allergen_count":0,"county":"臺北市"}},{"type":"Feature","geometry":{"type":"Point","coordinates":[121.53399,25.05355]},"properties":{"company_name":"黑沃餐飲股份有限公司","brand_name":"黑沃咖啡","product_name":"焦糖瑪奇朵","has_allergens":false,"allergens":"","allergen_count":0,"county":"臺北市"}},{"type":"Feature","geometry":{"type":"Point","coordinates":[121.53399,25.05355]},"properties":{"company_name":"黑沃餐飲股份有限公司","brand_name":"黑沃咖啡","product_name":"摩卡拿鐵","has_allergens":false,"allergens":"","allergen_count":0,"county":"臺北市"}},{"type":"Feature","geometry":{"type":"Point","coordinates":[121.53399,25.05355]},"properties":{"company_name":"黑沃餐飲股份有限公司","brand_name":"黑沃咖啡","product_name":"黑冠軍","has_allergens":false,"allergens":"","allergen_count":0,"county":"臺北市"}},{"type":"Feature","geometry":{"type":"Point","coordinates":[121.53399,25.05355]},"properties":{"company_name":"黑沃餐飲股份有限公司","brand_name":"黑沃咖啡","product_name":"沃冠軍","has_allergens":false,"allergens":"","allergen_count":0,"county":"臺北市"}},{"type":"Feature","geometry":{"type":"Point","coordinates":[121.53399,25.05355]},"properties":{"company_name":"黑沃餐飲股份有限公司","brand_name":"黑沃咖啡","product_name":"亞洲單品","has_allergens":false,"allergens":"","allergen_count":0,"county":"臺北市"}},{"type":"Feature","geometry":{"type":"Point","coordinates":[121.53399,25.05355]},"properties":{"company_name":"黑沃餐飲股份有限公司","brand_name":"黑沃咖啡","product_name":"非洲單品","has_allergens":false,"allergens":"","allergen_count":0,"county":"臺北市"}},{"type":"Feature","geometry":{"type":"Point","coordinates":[121.53399,25.05355]},"properties":{"company_name":"黑沃餐飲股份有限公司","brand_name":"黑沃咖啡","product_name":"中南美洲單品","has_allergens":false,"allergens":"","allergen_count":0,"county":"臺北市"}},{"type":"Feature","geometry":{"type":"Point","coordinates":[121.53399,25.05355]},"properties":{"company_name":"黑沃餐飲股份有限公司","brand_name":"黑沃咖啡","product_name":"精選酒香風味","has_allergens":false,"allergens":"","allergen_count":0,"county":"臺北市"}},{"type":"Feature","geometry":{"type":"Point","coordinates":[121.53399,25.05355]},"properties":{"company_name":"黑沃餐飲股份有限公司","brand_name":"黑沃咖啡","product_name":"精選藝伎風味","has_allergens":false,"allergens":"","allergen_count":0,"county":"臺北市"}},{"type":"Feature","geometry":{"type":"Point","coordinates":[121.53399,25.05355]},"properties":{"company_name":"黑沃餐飲股份有限公司","brand_name":"黑沃咖啡","product_name":"黑沃冠軍美式","has_allergens":false,"allergens":"","allergen_count":0,"county":"臺北市"}},{"type":"Feature","geometry":{"type":"Point","coordinates":[121.53399,25.05355]},"properties":{"company_name":"黑沃餐飲股份有限公司","brand_name":"黑沃咖啡","product_name":"黑沃冠軍拿鐵","has_allergens":false,"allergens":"","allergen_count":0,"county":"臺北市"}},{"type":"Feature","geometry":{"type":"Point","coordinates":[121.53399,25.05355]},"properties":{"company_name":"黑沃餐飲股份有限公司","brand_name":"黑沃咖啡","product_name":"黑沃冠軍風味拿鐵","has_allergens":false,"allergens":"","allergen_count":0,"county":"臺北市"}},{"type":"Feature","geometry":{"type":"Point","coordinates":[121.53399,25.05355]},"properties":{"company_name":"黑沃餐飲股份有限公司","brand_name":"黑沃咖啡","product_name":"西西里咖啡","has_allergens":false,"allergens":"","allergen_count":0,"county":"臺北市"}},{"type":"Feature","geometry":{"type":"Point","coordinates":[121.53399,25.05355]},"properties":{"company_name":"黑沃餐飲股份有限公司","brand_name":"黑沃咖啡","product_name":"伊勢抹茶厚奶","has_allergens":false,"allergens":"","allergen_count":0,"county":"臺北市"}},{"type":"Feature","geometry":{"type":"Point","coordinates":[121.53399,25.05355]},"properties":{"company_name":"黑沃餐飲股份有限公司","brand_name":"黑沃咖啡","product_name":"可可巴芮厚奶","has_allergens":false,"allergens":"","allergen_count":0,"county":"臺北市"}},{"type":"Feature","geometry":{"type":"Point","coordinates":[121.53399,25.05355]},"properties":{"company_name":"黑沃餐飲股份有限公司","brand_name":"黑沃咖啡","product_name":"清韻不知春","has_allergens":false,"allergens":"","allergen_count":0,"county":"臺北市"}},{"type":"Feature","geometry":{"type":"Point","coordinates":[121.53399,25.05355]},"properties":{"company_name":"黑沃餐飲股份有限公司","brand_name":"黑沃咖啡","product_name":"蜜沁紅烏龍","has_allergens":false,"allergens":"","allergen_count":0,"county":"臺北市"}},{"type":"Feature","geometry":{"type":"Point","coordinates":[121.53399,25.05355]},"properties":{"company_name":"黑沃餐飲股份有限公司","brand_name":"黑沃咖啡","product_name":"烏潤鐵觀音","has_allergens":false,"allergens":"","allergen_count":0,"county":"臺北市"}},{"type":"Feature","geometry":{"type":"Point","coordinates":[121.53399,25.05355]},"properties":{"company_name":"黑沃餐飲股份有限公司","brand_name":"黑沃咖啡","product_name":"雲霧渾紅玉","has_allergens":false,"allergens":"","allergen_count":0,"county":"臺北市"}},{"type":"Feature","geometry":{"type":"Point","coordinates":[121.53399,25.05355]},"properties":{"company_name":"黑沃餐飲股份有限公司","brand_name":"黑沃咖啡","product_name":"烏潤鐵觀音拿鐵","has_allergens":false,"allergens":"","allergen_count":0,"county":"臺北市"}},{"type":"Feature","geometry":{"type":"Point","coordinates":[121.53399,25.05355]},"properties":{"company_name":"黑沃餐飲股份有限公司","brand_name":"黑沃咖啡","product_name":"雲霧渾紅玉拿鐵","has_allergens":false,"allergens":"","allergen_count":0,"county":"臺北市"}},{"type":"Feature","geometry":{"type":"Point","coordinates":[121.53399,25.05355]},"properties":{"company_name":"黑沃餐飲股份有限公司","brand_name":"黑沃咖啡","product_name":"黑沃可麗露","has_allergens":false,"allergens":"","allergen_count":0,"county":"臺北市"}},{"type":"Feature","geometry":{"type":"Point","coordinates":[121.55154,25.038109]},"properties":{"company_name":"好膳企業股份有限公司","brand_name":"Dreamers Coffee Roasters","product_name":"義式濃縮","has_allergens":false,"allergens":"","allergen_count":0,"county":"臺北市"}},{"type":"Feature","geometry":{"type":"Point","coordinates":[121.55154,25.038109]},"properties":{"company_name":"好膳企業股份有限公司","brand_name":"Dreamers Coffee Roasters","product_name":"美式咖啡","has_allergens":false,"allergens":"","allergen_count":0,"county":"臺北市"}},{"type":"Feature","geometry":{"type":"Point","coordinates":[121.55154,25.038109]},"properties":{"company_name":"好膳企業股份有限公司","brand_name":"Dreamers Coffee Roasters","product_name":"拿鐵","has_allergens":false,"allergens":"","allergen_count":0,"county":"臺北市"}},{"type":"Feature","geometry":{"type":"Point","coordinates":[121.55154,25.038109]},"properties":{"company_name":"好膳企業股份有限公司","brand_name":"Dreamers Coffee Roasters","product_name":"卡布奇諾","has_allergens":false,"allergens":"","allergen_count":0,"county":"臺北市"}},{"type":"Feature","geometry":{"type":"Point","coordinates":[121.55154,25.038109]},"properties":{"company_name":"好膳企業股份有限公司","brand_name":"Dreamers Coffee Roasters","product_name":"澳洲小白","has_allergens":false,"allergens":"","allergen_count":0,"county":"臺北市"}},{"type":"Feature","geometry":{"type":"Point","coordinates":[121.55154,25.038109]},"properties":{"company_name":"好膳企業股份有限公司","brand_name":"Dreamers Coffee Roasters","product_name":"肉桂栗子拿鐵","has_allergens":false,"allergens":"","allergen_count":0,"county":"臺北市"}},{"type":"Feature","geometry":{"type":"Point","coordinates":[121.55154,25.038109]},"properties":{"company_name":"好膳企業股份有限公司","brand_name":"Dreamers Coffee Roasters","product_name":"黑雪花海鹽焦糖拿鐵","has_allergens":false,"allergens":"","allergen_count":0,"county":"臺北市"}},{"type":"Feature","geometry":{"type":"Point","coordinates":[121.55154,25.038109]},"properties":{"company_name":"好膳企業股份有限公司","brand_name":"Dreamers Coffee Roasters","product_name":"CHOCO拿鐵","has_allergens":false,"allergens":"","allergen_count":0,"county":"臺北市"}},{"type":"Feature","geometry":{"type":"Point","coordinates":[121.55154,25.038109]},"properties":{"company_name":"好膳企業股份有限公司","brand_name":"Dreamers Coffee Roasters","product_name":"情人玫瑰拿鐵","has_allergens":false,"allergens":"","allergen_count":0,"county":"臺北市"}},{"type":"Feature","geometry":{"type":"Point","coordinates":[121.55154,25.038109]},"properties":{"company_name":"好膳企業股份有限公司","brand_name":"Dreamers Coffee Roasters","product_name":"提拉米蘇雪帽拿鐵","has_allergens":false,"allergens":"","allergen_count":0,"county":"臺北市"}},{"type":"Feature","geometry":{"type":"Point","coordinates":[121.55154,25.038109]},"properties":{"company_name":"好膳企業股份有限公司","brand_name":"Dreamers Coffee Roasters","product_name":"經典冷萃咖啡","has_allergens":false,"allergens":"","allergen_count":0,"county":"臺北市"}},{"type":"Feature","geometry":{"type":"Point","coordinates":[121.55154,25.038109]},"properties":{"company_name":"好膳企業股份有限公司","brand_name":"Dreamers Coffee Roasters","product_name":"黑雪花雪帽冷萃","has_allergens":true,"allergens":"乳製品","allergen_count":1,"county":"臺北市"}},{"type":"Feature","geometry":{"type":"Point","coordinates":[121.55154,25.038109]},"properties":{"company_name":"好膳企業股份有限公司","brand_name":"Dreamers Coffee Roasters","product_name":"日本香桔冷萃","has_allergens":false,"allergens":"","allergen_count":0,"county":"臺北市"}},{"type":"Feature","geometry":{"type":"Point","coordinates":[121.55154,25.038109]},"properties":{"company_name":"好膳企業股份有限公司","brand_name":"Dreamers Coffee Roasters","product_name":"薑汁肉桂卡布奇諾","has_allergens":false,"allergens":"","allergen_count":0,"county":"臺北市"}},{"type":"Feature","geometry":{"type":"Point","coordinates":[121.55154,25.038109]},"properties":{"company_name":"好膳企業股份有限公司","brand_name":"Dreamers Coffee Roasters","product_name":"有機高山烏龍","has_allergens":false,"allergens":"","allergen_count":0,"county":"臺北市"}},{"type":"Feature","geometry":{"type":"Point","coordinates":[121.55154,25.038109]},"properties":{"company_name":"好膳企業股份有限公司","brand_name":"Dreamers Coffee Roasters","product_name":"金桔蜜烏龍","has_allergens":false,"allergens":"","allergen_count":0,"county":"臺北市"}},{"type":"Feature","geometry":{"type":"Point","coordinates":[121.55154,25.038109]},"properties":{"company_name":"好膳企業股份有限公司","brand_name":"Dreamers Coffee Roasters","product_name":"荔枝貴妃烏龍","has_allergens":true,"allergens":"乳製品","allergen_count":1,"county":"臺北市"}},{"type":"Feature","geometry":{"type":"Point","coordinates":[121.55154,25.038109]},"properties":{"company_name":"好膳企業股份有限公司","brand_name":"Dreamers Coffee Roasters","product_name":"丸山有機焙茶拿鐵","has_allergens":true,"allergens":"乳製品","allergen_count":1,"county":"臺北市"}},{"type":"Feature","geometry":{"type":"Point","coordinates":[121.55154,25.038109]},"properties":{"company_name":"好膳企業股份有限公司","brand_name":"Dreamers Coffee Roasters","product_name":"伊勢抹茶拿鐵","has_allergens":false,"allergens":"","allergen_count":0,"county":"臺北市"}},{"type":"Feature","geometry":{"type":"Point","coordinates":[121.55154,25.038109]},"properties":{"company_name":"好膳企業股份有限公司","brand_name":"Dreamers Coffee Roasters","product_name":"玫瑰女王鮮奶茶","has_allergens":false,"allergens":"","allergen_count":0,"county":"臺北市"}},{"type":"Feature","geometry":{"type":"Point","coordinates":[121.55154,25.038109]},"properties":{"company_name":"好膳企業股份有限公司","brand_name":"Dreamers Coffee Roasters","product_name":"蘋果派鮮奶茶","has_allergens":false,"allergens":"","allergen_count":0,"county":"臺北市"}},{"type":"Feature","geometry":{"type":"Point","coordinates":[121.55154,25.038109]},"properties":{"company_name":"好膳企業股份有限公司","brand_name":"Dreamers Coffee Roasters","product_name":"覆盆子鑽石氣泡","has_allergens":true,"allergens":"乳製品","allergen_count":1,"county":"臺北市"}},{"type":"Feature","geometry":{"type":"Point","coordinates":[121.55154,25.038109]},"properties":{"company_name":"好膳企業股份有限公司","brand_name":"Dreamers Coffee Roasters","product_name":"Oreo可可亞龍捲風","has_allergens":true,"allergens":"乳製品","allergen_count":1,"county":"臺北市"}},{"type":"Feature","geometry":{"type":"Point","coordinates":[121.55154,25.038109]},"properties":{"company_name":"好膳企業股份有限公司","brand_name":"Dreamers Coffee Roasters","product_name":"草莓優格龍捲風","has_allergens":true,"allergens":"乳製品","allergen_count":1,"county":"臺北市"}},{"type":"Feature","geometry":{"type":"Point","coordinates":[121.55154,25.038109]},"properties":{"company_name":"好膳企業股份有限公司","brand_name":"Dreamers Coffee Roasters","product_name":"可可牛奶","has_allergens":true,"allergens":"乳製品","allergen_count":1,"county":"臺北市"}},{"type":"Feature","geometry":{"type":"Point","coordinates":[121.55154,25.038109]},"properties":{"company_name":"好膳企業股份有限公司","brand_name":"Dreamers Coffee Roasters","product_name":"覆盆子雪帽可可","has_allergens":true,"allergens":"乳製品","allergen_count":1,"county":"臺北市"}},{"type":"Feature","geometry":{"type":"Point","coordinates":[121.55154,25.038109]},"properties":{"company_name":"好膳企業股份有限公司","brand_name":"Dreamers Coffee Roasters","product_name":"鮮奶司康","has_allergens":true,"allergens":"乳製品","allergen_count":1,"county":"臺北市"}},{"type":"Feature","geometry":{"type":"Point","coordinates":[121.55154,25.038109]},"properties":{"company_name":"好膳企業股份有限公司","brand_name":"Dreamers Coffee Roasters","product_name":"肉桂捲","has_allergens":true,"allergens":"乳製品","allergen_count":1,"county":"臺北市"}},{"type":"Feature","geometry":{"type":"Point","coordinates":[121.53367,25.05377]},"properties":{"company_name":"巨洲股份有限公司","brand_name":"KEY COFFEE","product_name":"肯亞AA咖啡","has_allergens":true,"allergens":"乳製品","allergen_count":1,"county":"臺北市"}},{"type":"Feature","geometry":{"type":"Point","coordinates":[121.53367,25.05377]},"properties":{"company_name":"巨洲股份有限公司","brand_name":"KEY COFFEE","product_name":"拿鐵咖啡(冰/熱)","has_allergens":true,"allergens":"乳製品","allergen_count":1,"county":"臺北市"}},{"type":"Feature","geometry":{"type":"Point","coordinates":[121.53367,25.05377]},"properties":{"company_name":"巨洲股份有限公司","brand_name":"KEY COFFEE","product_name":"伯爵(冰/熱)","has_allergens":false,"allergens":"","allergen_count":0,"county":"臺北市"}},{"type":"Feature","geometry":{"type":"Point","coordinates":[121.53367,25.05377]},"properties":{"company_name":"巨洲股份有限公司","brand_name":"KEY COFFEE","product_name":"起士蛋糕","has_allergens":true,"allergens":"乳製品","allergen_count":1,"county":"臺北市"}},{"type":"Feature","geometry":{"type":"Point","coordinates":[121.53367,25.05377]},"properties":{"company_name":"巨洲股份有限公司","brand_name":"KEY COFFEE","product_name":"晨間綜合咖啡","has_allergens":true,"allergens":"乳製品","allergen_count":1,"county":"臺北市"}},{"type":"Feature","geometry":{"type":"Point","coordinates":[121.53367,25.05377]},"properties":{"company_name":"巨洲股份有限公司","brand_name":"KEY COFFEE","product_name":"橫濱1920綜合咖啡","has_allergens":false,"allergens":"","allergen_count":0,"county":"臺北市"}},{"type":"Feature","geometry":{"type":"Point","coordinates":[121.53367,25.05377]},"properties":{"company_name":"巨洲股份有限公司","brand_name":"KEY COFFEE","product_name":"榛果拿鐵咖啡(冰/熱)","has_allergens":true,"allergens":"乳製品","allergen_count":1,"county":"臺北市"}},{"type":"Feature","geometry":{"type":"Point","coordinates":[121.53367,25.05377]},"properties":{"company_name":"巨洲股份有限公司","brand_name":"KEY COFFEE","product_name":"低咖啡因拿鐵咖啡(冰/熱)","has_allergens":true,"allergens":"乳製品","allergen_count":1,"county":"臺北市"}},{"type":"Feature","geometry":{"type":"Point","coordinates":[121.53367,25.05377]},"properties":{"company_name":"巨洲股份有限公司","brand_name":"KEY COFFEE","product_name":"鮮奶(冰/熱)","has_allergens":true,"allergens":"乳製品","allergen_count":1,"county":"臺北市"}},{"type":"Feature","geometry":{"type":"Point","coordinates":[121.53367,25.05377]},"properties":{"company_name":"巨洲股份有限公司","brand_name":"KEY COFFEE","product_name":"巧克力鮮奶(冰/熱)","has_allergens":true,"allergens":"乳製品","allergen_count":1,"county":"臺北市"}},{"type":"Feature","geometry":{"type":"Point","coordinates":[121.53367,25.05377]},"properties":{"company_name":"巨洲股份有限公司","brand_name":"KEY COFFEE","product_name":"巴西咖啡","has_allergens":true,"allergens":"乳製品","allergen_count":1,"county":"臺北市"}},{"type":"Feature","geometry":{"type":"Point","coordinates":[121.53367,25.05377]},"properties":{"company_name":"巨洲股份有限公司","brand_name":"KEY COFFEE","product_name":"黃金曼特寧","has_allergens":false,"allergens":"","allergen_count":0,"county":"臺北市"}},{"type":"Feature","geometry":{"type":"Point","coordinates":[121.53367,25.05377]},"properties":{"company_name":"巨洲股份有限公司","brand_name":"KEY COFFEE","product_name":"熱壓三明治","has_allergens":true,"allergens":"乳製品","allergen_count":1,"county":"臺北市"}},{"type":"Feature","geometry":{"type":"Point","coordinates":[121.53367,25.05377]},"properties":{"company_name":"巨洲股份有限公司","brand_name":"KEY COFFEE","product_name":"木村冰咖啡","has_allergens":true,"allergens":"乳製品","allergen_count":1,"county":"臺北市"}},{"type":"Feature","geometry":{"type":"Point","coordinates":[121.53367,25.05377]},"properties":{"company_name":"巨洲股份有限公司","brand_name":"KEY COFFEE","product_name":"茉莉綠茶(冰/熱)","has_allergens":false,"allergens":"","allergen_count":0,"county":"臺北市"}},{"type":"Feature","geometry":{"type":"Point","coordinates":[121.53367,25.05377]},"properties":{"company_name":"巨洲股份有限公司","brand_name":"KEY COFFEE","product_name":"維也納冰咖啡","has_allergens":true,"allergens":"乳製品","allergen_count":1,"county":"臺北市"}},{"type":"Feature","geometry":{"type":"Point","coordinates":[121.53367,25.05377]},"properties":{"company_name":"巨洲股份有限公司","brand_name":"KEY COFFEE","product_name":"瑞士摩卡(冰/熱)","has_allergens":true,"allergens":"乳製品","allergen_count":1,"county":"臺北市"}},{"type":"Feature","geometry":{"type":"Point","coordinates":[121.53367,25.05377]},"properties":{"company_name":"巨洲股份有限公司","brand_name":"KEY COFFEE","product_name":"卡布基諾(冰/熱)","has_allergens":true,"allergens":"乳製品","allergen_count":1,"county":"臺北市"}},{"type":"Feature","geometry":{"type":"Point","coordinates":[121.53367,25.05377]},"properties":{"company_name":"巨洲股份有限公司","brand_name":"KEY COFFEE","product_name":"鮮果茶","has_allergens":false,"allergens":"","allergen_count":0,"county":"臺北市"}},{"type":"Feature","geometry":{"type":"Point","coordinates":[121.53367,25.05377]},"properties":{"company_name":"巨洲股份有限公司","brand_name":"KEY COFFEE","product_name":"奇異果汁","has_allergens":true,"allergens":"乳製品","allergen_count":1,"county":"臺北市"}},{"type":"Feature","geometry":{"type":"Point","coordinates":[121.53367,25.05377]},"properties":{"company_name":"巨洲股份有限公司","brand_name":"KEY COFFEE","product_name":"冰溫熟成咖啡","has_allergens":false,"allergens":"","allergen_count":0,"county":"臺北市"}},{"type":"Feature","geometry":{"type":"Point","coordinates":[121.53367,25.05377]},"properties":{"company_name":"巨洲股份有限公司","brand_name":"KEY COFFEE","product_name":"高雄那瑪夏咖啡","has_allergens":true,"allergens":"乳製品","allergen_count":1,"county":"臺北市"}},{"type":"Feature","geometry":{"type":"Point","coordinates":[121.53367,25.05377]},"properties":{"company_name":"巨洲股份有限公司","brand_name":"KEY COFFEE","product_name":"安提瓜花神咖啡","has_allergens":false,"allergens":"","allergen_count":0,"county":"臺北市"}},{"type":"Feature","geometry":{"type":"Point","coordinates":[121.53367,25.05377]},"properties":{"company_name":"巨洲股份有限公司","brand_name":"KEY COFFEE","product_name":"伯爵奶茶","has_allergens":true,"allergens":"乳製品","allergen_count":1,"county":"臺北市"}},{"type":"Feature","geometry":{"type":"Point","coordinates":[121.53367,25.05377]},"properties":{"company_name":"巨洲股份有限公司","brand_name":"KEY COFFEE","product_name":"伊帕內瑪莊園波本蜜處理","has_allergens":false,"allergens":"","allergen_count":0,"county":"臺北市"}},{"type":"Feature","geometry":{"type":"Point","coordinates":[121.53367,25.05377]},"properties":{"company_name":"巨洲股份有限公司","brand_name":"KEY COFFEE","product_name":"原味鬆餅","has_allergens":false,"allergens":"","allergen_count":0,"county":"臺北市"}},{"type":"Feature","geometry":{"type":"Point","coordinates":[121.53367,25.05377]},"properties":{"company_name":"巨洲股份有限公司","brand_name":"KEY COFFEE","product_name":"曼特寧咖啡","has_allergens":true,"allergens":"乳製品","allergen_count":1,"county":"臺北市"}},{"type":"Feature","geometry":{"type":"Point","coordinates":[121.53367,25.05377]},"properties":{"company_name":"巨洲股份有限公司","brand_name":"KEY COFFEE","product_name":"純土魯佳咖啡","has_allergens":true,"allergens":"乳製品","allergen_count":1,"county":"臺北市"}},{"type":"Feature","geometry":{"type":"Point","coordinates":[121.53367,25.05377]},"properties":{"company_name":"巨洲股份有限公司","brand_name":"KEY COFFEE","product_name":"衣索比亞科契爾咖啡","has_allergens":true,"allergens":"乳製品","allergen_count":1,"county":"臺北市"}},{"type":"Feature","geometry":{"type":"Point","coordinates":[121.53367,25.05377]},"properties":{"company_name":"巨洲股份有限公司","brand_name":"KEY COFFEE","product_name":"皇家鮮奶茶(冰/熱)","has_allergens":false,"allergens":"","allergen_count":0,"county":"臺北市"}},{"type":"Feature","geometry":{"type":"Point","coordinates":[121.519135,25.05271]},"properties":{"company_name":"圖夏次國際事業有限公司","brand_name":"TWO SHOTS","product_name":"黑咖啡","has_allergens":false,"allergens":"","allergen_count":0,"county":"臺北市"}},{"type":"Feature","geometry":{"type":"Point","coordinates":[121.519135,25.05271]},"properties":{"company_name":"圖夏次國際事業有限公司","brand_name":"TWO SHOTS","product_name":"耶加雪非","has_allergens":true,"allergens":"乳製品","allergen_count":1,"county":"臺北市"}},{"type":"Feature","geometry":{"type":"Point","coordinates":[121.519135,25.05271]},"properties":{"company_name":"圖夏次國際事業有限公司","brand_name":"TWO SHOTS","product_name":"西西里氣泡咖啡","has_allergens":true,"allergens":"乳製品","allergen_count":1,"county":"臺北市"}},{"type":"Feature","geometry":{"type":"Point","coordinates":[121.519135,25.05271]},"properties":{"company_name":"圖夏次國際事業有限公司","brand_name":"TWO SHOTS","product_name":"杏仁拿鐵","has_allergens":true,"allergens":"乳製品","allergen_count":1,"county":"臺北市"}},{"type":"Feature","geometry":{"type":"Point","coordinates":[121.519135,25.05271]},"properties":{"company_name":"圖夏次國際事業有限公司","brand_name":"TWO SHOTS","product_name":"黑糖鮮奶茶","has_allergens":false,"allergens":"","allergen_count":0,"county":"臺北市"}},{"type":"Feature","geometry":{"type":"Point","coordinates":[121.519135,25.05271]},"properties":{"company_name":"圖夏次國際事業有限公司","brand_name":"TWO SHOTS","product_name":"香草拿鐵","has_allergens":false,"allergens":"","allergen_count":0,"county":"臺北市"}},{"type":"Feature","geometry":{"type":"Point","coordinates":[121.519135,25.05271]},"properties":{"company_name":"圖夏次國際事業有限公司","brand_name":"TWO SHOTS","product_name":"肯亞AA","has_allergens":false,"allergens":"","allergen_count":0,"county":"臺北市"}},{"type":"Feature","geometry":{"type":"Point","coordinates":[121.519135,25.05271]},"properties":{"company_name":"圖夏次國際事業有限公司","brand_name":"TWO SHOTS","product_name":"焦糖牛奶","has_allergens":true,"allergens":"乳製品,麩質穀物","allergen_count":2,"county":"臺北市"}},{"type":"Feature","geometry":{"type":"Point","coordinates":[121.519135,25.05271]},"properties":{"company_name":"圖夏次國際事業有限公司","brand_name":"TWO SHOTS","product_name":"金沙巧古力","has_allergens":false,"allergens":"","allergen_count":0,"county":"臺北市"}},{"type":"Feature","geometry":{"type":"Point","coordinates":[121.519135,25.05271]},"properties":{"company_name":"圖夏次國際事業有限公司","brand_name":"TWO SHOTS","product_name":"蜂蜜牛奶","has_allergens":false,"allergens":"","allergen_count":0,"county":"臺北市"}},{"type":"Feature","geometry":{"type":"Point","coordinates":[121.519135,25.05271]},"properties":{"company_name":"圖夏次國際事業有限公司","brand_name":"TWO SHOTS","product_name":"杏仁巧古力","has_allergens":false,"allergens":"","allergen_count":0,"county":"臺北市"}},{"type":"Feature","geometry":{"type":"Point","coordinates":[121.519135,25.05271]},"properties":{"company_name":"圖夏次國際事業有限公司","brand_name":"TWO SHOTS","product_name":"蜂蜜拿鐵","has_allergens":true,"allergens":"乳製品","allergen_count":1,"county":"臺北市"}},{"type":"Feature","geometry":{"type":"Point","coordinates":[121.519135,25.05271]},"properties":{"company_name":"圖夏次國際事業有限公司","brand_name":"TWO SHOTS","product_name":"宏都拉斯","has_allergens":true,"allergens":"乳製品","allergen_count":1,"county":"臺北市"}},{"type":"Feature","geometry":{"type":"Point","coordinates":[121.519135,25.05271]},"properties":{"company_name":"圖夏次國際事業有限公司","brand_name":"TWO SHOTS","product_name":"哥倫比亞","has_allergens":true,"allergens":"乳製品","allergen_count":1,"county":"臺北市"}},{"type":"Feature","geometry":{"type":"Point","coordinates":[121.519135,25.05271]},"properties":{"company_name":"圖夏次國際事業有限公司","brand_name":"TWO SHOTS","product_name":"黑糖拿鐵","has_allergens":true,"allergens":"乳製品","allergen_count":1,"county":"臺北市"}},{"type":"Feature","geometry":{"type":"Point","coordinates":[121.519135,25.05271]},"properties":{"company_name":"圖夏次國際事業有限公司","brand_name":"TWO SHOTS","product_name":"抹茶拿鐵咖啡","has_allergens":false,"allergens":"","allergen_count":0,"county":"臺北市"}},{"type":"Feature","geometry":{"type":"Point","coordinates":[121.519135,25.05271]},"properties":{"company_name":"圖夏次國際事業有限公司","brand_name":"TWO SHOTS","product_name":"新鮮水果茶","has_allergens":false,"allergens":"","allergen_count":0,"county":"臺北市"}},{"type":"Feature","geometry":{"type":"Point","coordinates":[121.519135,25.05271]},"properties":{"company_name":"圖夏次國際事業有限公司","brand_name":"TWO SHOTS","product_name":"香蕉巧古力","has_allergens":false,"allergens":"","allergen_count":0,"county":"臺北市"}},{"type":"Feature","geometry":{"type":"Point","coordinates":[121.519135,25.05271]},"properties":{"company_name":"圖夏次國際事業有限公司","brand_name":"TWO SHOTS","product_name":"黑糖抹茶拿鐵","has_allergens":false,"allergens":"","allergen_count":0,"county":"臺北市"}},{"type":"Feature","geometry":{"type":"Point","coordinates":[121.519135,25.05271]},"properties":{"company_name":"圖夏次國際事業有限公司","brand_name":"TWO SHOTS","product_name":"原味巧克古力","has_allergens":true,"allergens":"乳製品","allergen_count":1,"county":"臺北市"}},{"type":"Feature","geometry":{"type":"Point","coordinates":[121.519135,25.05271]},"properties":{"company_name":"圖夏次國際事業有限公司","brand_name":"TWO SHOTS","product_name":"草莓巧古力","has_allergens":true,"allergens":"乳製品","allergen_count":1,"county":"臺北市"}},{"type":"Feature","geometry":{"type":"Point","coordinates":[121.519135,25.05271]},"properties":{"company_name":"圖夏次國際事業有限公司","brand_name":"TWO SHOTS","product_name":"抹茶牛奶","has_allergens":true,"allergens":"乳製品","allergen_count":1,"county":"臺北市"}},{"type":"Feature","geometry":{"type":"Point","coordinates":[121.519135,25.05271]},"properties":{"company_name":"圖夏次國際事業有限公司","brand_name":"TWO SHOTS","product_name":"杏仁鮮奶茶","has_allergens":false,"allergens":"","allergen_count":0,"county":"臺北市"}},{"type":"Feature","geometry":{"type":"Point","coordinates":[121.519135,25.05271]},"properties":{"company_name":"圖夏次國際事業有限公司","brand_name":"TWO SHOTS","product_name":"貝里斯牛奶","has_allergens":false,"allergens":"","allergen_count":0,"county":"臺北市"}},{"type":"Feature","geometry":{"type":"Point","coordinates":[121.519135,25.05271]},"properties":{"company_name":"圖夏次國際事業有限公司","brand_name":"TWO SHOTS","product_name":"榛果拿鐵","has_allergens":false,"allergens":"","allergen_count":0,"county":"臺北市"}},{"type":"Feature","geometry":{"type":"Point","coordinates":[121.519135,25.05271]},"properties":{"company_name":"圖夏次國際事業有限公司","brand_name":"TWO SHOTS","product_name":"桂花釀拿鐵","has_allergens":false,"allergens":"","allergen_count":0,"county":"臺北市"}},{"type":"Feature","geometry":{"type":"Point","coordinates":[121.519135,25.05271]},"properties":{"company_name":"圖夏次國際事業有限公司","brand_name":"TWO SHOTS","product_name":"濃縮咖啡","has_allergens":true,"allergens":"乳製品","allergen_count":1,"county":"臺北市"}},{"type":"Feature","geometry":{"type":"Point","coordinates":[121.519135,25.05271]},"properties":{"company_name":"圖夏次國際事業有限公司","brand_name":"TWO SHOTS","product_name":"杏仁牛奶","has_allergens":false,"allergens":"","allergen_count":0,"county":"臺北市"}},{"type":"Feature","geometry":{"type":"Point","coordinates":[121.519135,25.05271]},"properties":{"company_name":"圖夏次國際事業有限公司","brand_name":"TWO SHOTS","product_name":"西西里咖啡","has_allergens":true,"allergens":"乳製品","allergen_count":1,"county":"臺北市"}},{"type":"Feature","geometry":{"type":"Point","coordinates":[121.519135,25.05271]},"properties":{"company_name":"圖夏次國際事業有限公司","brand_name":"TWO SHOTS","product_name":"圖夏次紅茶","has_allergens":true,"allergens":"乳製品","allergen_count":1,"county":"臺北市"}},{"type":"Feature","geometry":{"type":"Point","coordinates":[121.56406,25.041468]},"properties":{"company_name":"奎士股份有限公司","brand_name":"奎士咖啡","product_name":"西西里美式","has_allergens":false,"allergens":"","allergen_count":0,"county":"臺北市"}},{"type":"Feature","geometry":{"type":"Point","coordinates":[121.56406,25.041468]},"properties":{"company_name":"奎士股份有限公司","brand_name":"奎士咖啡","product_name":"配方深焙冷萃咖啡","has_allergens":true,"allergens":"乳製品","allergen_count":1,"county":"臺北市"}},{"type":"Feature","geometry":{"type":"Point","coordinates":[121.56406,25.041468]},"properties":{"company_name":"奎士股份有限公司","brand_name":"奎士咖啡","product_name":"焦糖瑪奇朵","has_allergens":true,"allergens":"乳製品","allergen_count":1,"county":"臺北市"}},{"type":"Feature","geometry":{"type":"Point","coordinates":[121.56406,25.041468]},"properties":{"company_name":"奎士股份有限公司","brand_name":"奎士咖啡","product_name":"抹茶拿鐵","has_allergens":true,"allergens":"乳製品","allergen_count":1,"county":"臺北市"}},{"type":"Feature","geometry":{"type":"Point","coordinates":[121.56406,25.041468]},"properties":{"company_name":"奎士股份有限公司","brand_name":"奎士咖啡","product_name":"提拉米蘇","has_allergens":true,"allergens":"乳製品","allergen_count":1,"county":"臺北市"}},{"type":"Feature","geometry":{"type":"Point","coordinates":[121.56406,25.041468]},"properties":{"company_name":"奎士股份有限公司","brand_name":"奎士咖啡","product_name":"摩卡咖啡","has_allergens":true,"allergens":"乳製品","allergen_count":1,"county":"臺北市"}},{"type":"Feature","geometry":{"type":"Point","coordinates":[121.56406,25.041468]},"properties":{"company_name":"奎士股份有限公司","brand_name":"奎士咖啡","product_name":"1+1","has_allergens":false,"allergens":"","allergen_count":0,"county":"臺北市"}},{"type":"Feature","geometry":{"type":"Point","coordinates":[121.56406,25.041468]},"properties":{"company_name":"奎士股份有限公司","brand_name":"奎士咖啡","product_name":"瑪琪雅朵","has_allergens":false,"allergens":"","allergen_count":0,"county":"臺北市"}},{"type":"Feature","geometry":{"type":"Point","coordinates":[121.56406,25.041468]},"properties":{"company_name":"奎士股份有限公司","brand_name":"奎士咖啡","product_name":"咖啡冰沙","has_allergens":true,"allergens":"乳製品","allergen_count":1,"county":"臺北市"}},{"type":"Feature","geometry":{"type":"Point","coordinates":[121.56406,25.041468]},"properties":{"company_name":"奎士股份有限公司","brand_name":"奎士咖啡","product_name":"巧克力冰沙","has_allergens":true,"allergens":"乳製品","allergen_count":1,"county":"臺北市"}},{"type":"Feature","geometry":{"type":"Point","coordinates":[121.56406,25.041468]},"properties":{"company_name":"奎士股份有限公司","brand_name":"奎士咖啡","product_name":"濃縮咖啡","has_allergens":false,"allergens":"","allergen_count":0,"county":"臺北市"}},{"type":"Feature","geometry":{"type":"Point","coordinates":[121.56406,25.041468]},"properties":{"company_name":"奎士股份有限公司","brand_name":"奎士咖啡","product_name":"咖啡拿鐵","has_allergens":true,"allergens":"乳製品","allergen_count":1,"county":"臺北市"}},{"type":"Feature","geometry":{"type":"Point","coordinates":[121.56406,25.041468]},"properties":{"company_name":"奎士股份有限公司","brand_name":"奎士咖啡","product_name":"沁香芭樂冰茶美式","has_allergens":true,"allergens":"乳製品","allergen_count":1,"county":"臺北市"}},{"type":"Feature","geometry":{"type":"Point","coordinates":[121.56406,25.041468]},"properties":{"company_name":"奎士股份有限公司","brand_name":"奎士咖啡","product_name":"南非蘋果國寶茶","has_allergens":true,"allergens":"乳製品","allergen_count":1,"county":"臺北市"}},{"type":"Feature","geometry":{"type":"Point","coordinates":[121.56406,25.041468]},"properties":{"company_name":"奎士股份有限公司","brand_name":"奎士咖啡","product_name":"經典法式可可","has_allergens":true,"allergens":"乳製品","allergen_count":1,"county":"臺北市"}},{"type":"Feature","geometry":{"type":"Point","coordinates":[121.56406,25.041468]},"properties":{"company_name":"奎士股份有限公司","brand_name":"奎士咖啡","product_name":"檸檬洋甘菊花草茶","has_allergens":true,"allergens":"乳製品","allergen_count":1,"county":"臺北市"}},{"type":"Feature","geometry":{"type":"Point","coordinates":[121.56406,25.041468]},"properties":{"company_name":"奎士股份有限公司","brand_name":"奎士咖啡","product_name":"西班牙煉乳拿鐵","has_allergens":true,"allergens":"乳製品","allergen_count":1,"county":"臺北市"}},{"type":"Feature","geometry":{"type":"Point","coordinates":[121.56406,25.041468]},"properties":{"company_name":"奎士股份有限公司","brand_name":"奎士咖啡","product_name":"摩卡咖啡冰沙","has_allergens":true,"allergens":"乳製品","allergen_count":1,"county":"臺北市"}},{"type":"Feature","geometry":{"type":"Point","coordinates":[121.56406,25.041468]},"properties":{"company_name":"奎士股份有限公司","brand_name":"奎士咖啡","product_name":"冷萃科琳姆咖啡","has_allergens":true,"allergens":"乳製品","allergen_count":1,"county":"臺北市"}},{"type":"Feature","geometry":{"type":"Point","coordinates":[121.56406,25.041468]},"properties":{"company_name":"奎士股份有限公司","brand_name":"奎士咖啡","product_name":"沁香檸檬塔","has_allergens":false,"allergens":"","allergen_count":0,"county":"臺北市"}},{"type":"Feature","geometry":{"type":"Point","coordinates":[121.56406,25.041468]},"properties":{"company_name":"奎士股份有限公司","brand_name":"奎士咖啡","product_name":"日式焙茶拿鐵","has_allergens":true,"allergens":"乳製品","allergen_count":1,"county":"臺北市"}},{"type":"Feature","geometry":{"type":"Point","coordinates":[121.56406,25.041468]},"properties":{"company_name":"奎士股份有限公司","brand_name":"奎士咖啡","product_name":"桂花烏龍拿鐵","has_allergens":true,"allergens":"乳製品","allergen_count":1,"county":"臺北市"}},{"type":"Feature","geometry":{"type":"Point","coordinates":[121.56406,25.041468]},"properties":{"company_name":"奎士股份有限公司","brand_name":"奎士咖啡","product_name":"冰搖柳橙紅茶","has_allergens":true,"allergens":"乳製品","allergen_count":1,"county":"臺北市"}},{"type":"Feature","geometry":{"type":"Point","coordinates":[121.56406,25.041468]},"properties":{"company_name":"奎士股份有限公司","brand_name":"奎士咖啡","product_name":"抹茶拿鐵咖啡","has_allergens":true,"allergens":"乳製品","allergen_count":1,"county":"臺北市"}},{"type":"Feature","geometry":{"type":"Point","coordinates":[121.56406,25.041468]},"properties":{"company_name":"奎士股份有限公司","brand_name":"奎士咖啡","product_name":"黑糖鮮奶","has_allergens":true,"allergens":"乳製品","allergen_count":1,"county":"臺北市"}},{"type":"Feature","geometry":{"type":"Point","coordinates":[121.56406,25.041468]},"properties":{"company_name":"奎士股份有限公司","brand_name":"奎士咖啡","product_name":"熱帶花果茶","has_allergens":true,"allergens":"乳製品","allergen_count":1,"county":"臺北市"}},{"type":"Feature","geometry":{"type":"Point","coordinates":[121.56406,25.041468]},"properties":{"company_name":"奎士股份有限公司","brand_name":"奎士咖啡","product_name":"美式咖啡","has_allergens":true,"allergens":"乳製品","allergen_count":1,"county":"臺北市"}},{"type":"Feature","geometry":{"type":"Point","coordinates":[121.56406,25.041468]},"properties":{"company_name":"奎士股份有限公司","brand_name":"奎士咖啡","product_name":"卡布奇諾","has_allergens":false,"allergens":"","allergen_count":0,"county":"臺北市"}},{"type":"Feature","geometry":{"type":"Point","coordinates":[121.56406,25.041468]},"properties":{"company_name":"奎士股份有限公司","brand_name":"奎士咖啡","product_name":"冰搖檸檬紅茶","has_allergens":true,"allergens":"乳製品","allergen_count":1,"county":"臺北市"}},{"type":"Feature","geometry":{"type":"Point","coordinates":[121.56406,25.041468]},"properties":{"company_name":"奎士股份有限公司","brand_name":"奎士咖啡","product_name":"馥列白","has_allergens":true,"allergens":"乳製品","allergen_count":1,"county":"臺北市"}},{"type":"Feature","geometry":{"type":"Point","coordinates":[121.5421,25.033197]},"properties":{"company_name":"咖順有限公司","brand_name":"彼得好咖啡","product_name":"曼巴(S)","has_allergens":false,"allergens":"","allergen_count":0,"county":"臺北市"}},{"type":"Feature","geometry":{"type":"Point","coordinates":[121.5421,25.033197]},"properties":{"company_name":"咖順有限公司","brand_name":"彼得好咖啡","product_name":"卡布奇諾","has_allergens":true,"allergens":"乳製品","allergen_count":1,"county":"臺北市"}},{"type":"Feature","geometry":{"type":"Point","coordinates":[121.5421,25.033197]},"properties":{"company_name":"咖順有限公司","brand_name":"彼得好咖啡","product_name":"肯亞AA(S)","has_allergens":true,"allergens":"乳製品","allergen_count":1,"county":"臺北市"}},{"type":"Feature","geometry":{"type":"Point","coordinates":[121.5421,25.033197]},"properties":{"company_name":"咖順有限公司","brand_name":"彼得好咖啡","product_name":"玫瑰鮮奶茶","has_allergens":false,"allergens":"","allergen_count":0,"county":"臺北市"}},{"type":"Feature","geometry":{"type":"Point","coordinates":[121.5421,25.033197]},"properties":{"company_name":"咖順有限公司","brand_name":"彼得好咖啡","product_name":"征服者(S)","has_allergens":true,"allergens":"乳製品","allergen_count":1,"county":"臺北市"}},{"type":"Feature","geometry":{"type":"Point","coordinates":[121.5421,25.033197]},"properties":{"company_name":"咖順有限公司","brand_name":"彼得好咖啡","product_name":"元氣洋甘菊","has_allergens":true,"allergens":"乳製品","allergen_count":1,"county":"臺北市"}},{"type":"Feature","geometry":{"type":"Point","coordinates":[121.5421,25.033197]},"properties":{"company_name":"咖順有限公司","brand_name":"彼得好咖啡","product_name":"美式 ","has_allergens":false,"allergens":"","allergen_count":0,"county":"臺北市"}},{"type":"Feature","geometry":{"type":"Point","coordinates":[121.5421,25.033197]},"properties":{"company_name":"咖順有限公司","brand_name":"彼得好咖啡","product_name":"彼得綠茶","has_allergens":false,"allergens":"","allergen_count":0,"county":"臺北市"}},{"type":"Feature","geometry":{"type":"Point","coordinates":[121.5421,25.033197]},"properties":{"company_name":"咖順有限公司","brand_name":"彼得好咖啡","product_name":"香濃鮮奶可可","has_allergens":true,"allergens":"乳製品","allergen_count":1,"county":"臺北市"}},{"type":"Feature","geometry":{"type":"Point","coordinates":[121.5421,25.033197]},"properties":{"company_name":"咖順有限公司","brand_name":"彼得好咖啡","product_name":"黑糖鮮奶","has_allergens":false,"allergens":"","allergen_count":0,"county":"臺北市"}},{"type":"Feature","geometry":{"type":"Point","coordinates":[121.5421,25.033197]},"properties":{"company_name":"咖順有限公司","brand_name":"彼得好咖啡","product_name":"黑醋栗柳丁冰茶","has_allergens":false,"allergens":"","allergen_count":0,"county":"臺北市"}},{"type":"Feature","geometry":{"type":"Point","coordinates":[121.5421,25.033197]},"properties":{"company_name":"咖順有限公司","brand_name":"彼得好咖啡","product_name":"焦糖瑪奇朵","has_allergens":false,"allergens":"","allergen_count":0,"county":"臺北市"}},{"type":"Feature","geometry":{"type":"Point","coordinates":[121.5421,25.033197]},"properties":{"company_name":"咖順有限公司","brand_name":"彼得好咖啡","product_name":"榛果風味拿鐵","has_allergens":false,"allergens":"","allergen_count":0,"county":"臺北市"}},{"type":"Feature","geometry":{"type":"Point","coordinates":[121.5421,25.033197]},"properties":{"company_name":"咖順有限公司","brand_name":"彼得好咖啡","product_name":"特調","has_allergens":true,"allergens":"乳製品","allergen_count":1,"county":"臺北市"}},{"type":"Feature","geometry":{"type":"Point","coordinates":[121.5421,25.033197]},"properties":{"company_name":"咖順有限公司","brand_name":"彼得好咖啡","product_name":"柚香美式","has_allergens":true,"allergens":"乳製品","allergen_count":1,"county":"臺北市"}},{"type":"Feature","geometry":{"type":"Point","coordinates":[121.5421,25.033197]},"properties":{"company_name":"咖順有限公司","brand_name":"彼得好咖啡","product_name":"百香鳳梨冰茶","has_allergens":false,"allergens":"","allergen_count":0,"county":"臺北市"}},{"type":"Feature","geometry":{"type":"Point","coordinates":[121.5421,25.033197]},"properties":{"company_name":"咖順有限公司","brand_name":"彼得好咖啡","product_name":"氣泡檸檬美式咖啡(西西里)","has_allergens":false,"allergens":"","allergen_count":0,"county":"臺北市"}},{"type":"Feature","geometry":{"type":"Point","coordinates":[121.5421,25.033197]},"properties":{"company_name":"咖順有限公司","brand_name":"彼得好咖啡","product_name":"日本有機焙茶鮮奶","has_allergens":false,"allergens":"","allergen_count":0,"county":"臺北市"}},{"type":"Feature","geometry":{"type":"Point","coordinates":[121.5421,25.033197]},"properties":{"company_name":"咖順有限公司","brand_name":"彼得好咖啡","product_name":"玫瑰風味拿鐵","has_allergens":false,"allergens":"","allergen_count":0,"county":"臺北市"}},{"type":"Feature","geometry":{"type":"Point","coordinates":[121.5421,25.033197]},"properties":{"company_name":"咖順有限公司","brand_name":"彼得好咖啡","product_name":"杏仁拿鐵","has_allergens":true,"allergens":"乳製品","allergen_count":1,"county":"臺北市"}},{"type":"Feature","geometry":{"type":"Point","coordinates":[121.5421,25.033197]},"properties":{"company_name":"咖順有限公司","brand_name":"彼得好咖啡","product_name":"百香鳳梨氣泡飲","has_allergens":false,"allergens":"","allergen_count":0,"county":"臺北市"}},{"type":"Feature","geometry":{"type":"Point","coordinates":[121.5421,25.033197]},"properties":{"company_name":"咖順有限公司","brand_name":"彼得好咖啡","product_name":"紅豆鮮奶冰沙","has_allergens":false,"allergens":"","allergen_count":0,"county":"臺北市"}},{"type":"Feature","geometry":{"type":"Point","coordinates":[121.5421,25.033197]},"properties":{"company_name":"咖順有限公司","brand_name":"彼得好咖啡","product_name":"玫瑰紅茶","has_allergens":false,"allergens":"","allergen_count":0,"county":"臺北市"}},{"type":"Feature","geometry":{"type":"Point","coordinates":[121.5421,25.033197]},"properties":{"company_name":"咖順有限公司","brand_name":"彼得好咖啡","product_name":"豆奶拿鐵","has_allergens":false,"allergens":"","allergen_count":0,"county":"臺北市"}},{"type":"Feature","geometry":{"type":"Point","coordinates":[121.5421,25.033197]},"properties":{"company_name":"咖順有限公司","brand_name":"彼得好咖啡","product_name":"黃金柚子茶","has_allergens":true,"allergens":"乳製品","allergen_count":1,"county":"臺北市"}},{"type":"Feature","geometry":{"type":"Point","coordinates":[121.5421,25.033197]},"properties":{"company_name":"咖順有限公司","brand_name":"彼得好咖啡","product_name":"瓜地馬拉花神(S)","has_allergens":false,"allergens":"","allergen_count":0,"county":"臺北市"}},{"type":"Feature","geometry":{"type":"Point","coordinates":[121.5421,25.033197]},"properties":{"company_name":"咖順有限公司","brand_name":"彼得好咖啡","product_name":"檸檬美式","has_allergens":false,"allergens":"","allergen_count":0,"county":"臺北市"}},{"type":"Feature","geometry":{"type":"Point","coordinates":[121.5421,25.033197]},"properties":{"company_name":"咖順有限公司","brand_name":"彼得好咖啡","product_name":"蜜桃氣泡飲","has_allergens":true,"allergens":"乳製品","allergen_count":1,"county":"臺北市"}},{"type":"Feature","geometry":{"type":"Point","coordinates":[121.5421,25.033197]},"properties":{"company_name":"咖順有限公司","brand_name":"彼得好咖啡","product_name":"綜合水果茶","has_allergens":true,"allergens":"乳製品","allergen_count":1,"county":"臺北市"}},{"type":"Feature","geometry":{"type":"Point","coordinates":[121.5421,25.033197]},"properties":{"company_name":"咖順有限公司","brand_name":"彼得好咖啡","product_name":"曼特寧(S)","has_allergens":false,"allergens":"","allergen_count":0,"county":"臺北市"}},{"type":"Feature","geometry":{"type":"Point","coordinates":[121.53329,25.052973]},"properties":{"company_name":"優味企業股份有限公司","brand_name":"上島珈琲店","product_name":"檸檬氣泡珈琲","has_allergens":false,"allergens":"","allergen_count":0,"county":"臺北市"}},{"type":"Feature","geometry":{"type":"Point","coordinates":[121.53329,25.052973]},"properties":{"company_name":"優味企業股份有限公司","brand_name":"上島珈琲店","product_name":"無糖MILK珈琲","has_allergens":true,"allergens":"乳製品","allergen_count":1,"county":"臺北市"}},{"type":"Feature","geometry":{"type":"Point","coordinates":[121.53329,25.052973]},"properties":{"company_name":"優味企業股份有限公司","brand_name":"上島珈琲店","product_name":"冰珈琲","has_allergens":true,"allergens":"乳製品","allergen_count":1,"county":"臺北市"}},{"type":"Feature","geometry":{"type":"Point","coordinates":[121.53329,25.052973]},"properties":{"company_name":"優味企業股份有限公司","brand_name":"上島珈琲店","product_name":"冰水果茶","has_allergens":true,"allergens":"乳製品","allergen_count":1,"county":"臺北市"}},{"type":"Feature","geometry":{"type":"Point","coordinates":[121.53329,25.052973]},"properties":{"company_name":"優味企業股份有限公司","brand_name":"上島珈琲店","product_name":"塩焦糖MILK珈琲","has_allergens":false,"allergens":"","allergen_count":0,"county":"臺北市"}},{"type":"Feature","geometry":{"type":"Point","coordinates":[121.53329,25.052973]},"properties":{"company_name":"優味企業股份有限公司","brand_name":"上島珈琲店","product_name":"冰和三蜜糖MILK紅茶","has_allergens":true,"allergens":"乳製品","allergen_count":1,"county":"臺北市"}},{"type":"Feature","geometry":{"type":"Point","coordinates":[121.53329,25.052973]},"properties":{"company_name":"優味企業股份有限公司","brand_name":"上島珈琲店","product_name":"CROQUE MONSIEUR三明治","has_allergens":true,"allergens":"乳製品","allergen_count":1,"county":"臺北市"}},{"type":"Feature","geometry":{"type":"Point","coordinates":[121.53329,25.052973]},"properties":{"company_name":"優味企業股份有限公司","brand_name":"上島珈琲店","product_name":"冰無糖MILK珈琲","has_allergens":true,"allergens":"乳製品","allergen_count":1,"county":"臺北市"}},{"type":"Feature","geometry":{"type":"Point","coordinates":[121.53329,25.052973]},"properties":{"company_name":"優味企業股份有限公司","brand_name":"上島珈琲店","product_name":"生焦糖MILK珈琲","has_allergens":false,"allergens":"","allergen_count":0,"county":"臺北市"}},{"type":"Feature","geometry":{"type":"Point","coordinates":[121.53329,25.052973]},"properties":{"company_name":"優味企業股份有限公司","brand_name":"上島珈琲店","product_name":"每日單品冰珈琲","has_allergens":false,"allergens":"","allergen_count":0,"county":"臺北市"}},{"type":"Feature","geometry":{"type":"Point","coordinates":[121.53329,25.052973]},"properties":{"company_name":"優味企業股份有限公司","brand_name":"上島珈琲店","product_name":"瓜地馬拉咖啡","has_allergens":true,"allergens":"乳製品","allergen_count":1,"county":"臺北市"}},{"type":"Feature","geometry":{"type":"Point","coordinates":[121.53329,25.052973]},"properties":{"company_name":"優味企業股份有限公司","brand_name":"上島珈琲店","product_name":"冰生焦糖MILK珈琲","has_allergens":true,"allergens":"乳製品","allergen_count":1,"county":"臺北市"}},{"type":"Feature","geometry":{"type":"Point","coordinates":[121.53329,25.052973]},"properties":{"company_name":"優味企業股份有限公司","brand_name":"上島珈琲店","product_name":"豆奶MILK珈琲","has_allergens":true,"allergens":"乳製品","allergen_count":1,"county":"臺北市"}},{"type":"Feature","geometry":{"type":"Point","coordinates":[121.53329,25.052973]},"properties":{"company_name":"優味企業股份有限公司","brand_name":"上島珈琲店","product_name":"水果茶","has_allergens":false,"allergens":"","allergen_count":0,"county":"臺北市"}},{"type":"Feature","geometry":{"type":"Point","coordinates":[121.53329,25.052973]},"properties":{"company_name":"優味企業股份有限公司","brand_name":"上島珈琲店","product_name":"維也納珈琲","has_allergens":true,"allergens":"乳製品","allergen_count":1,"county":"臺北市"}},{"type":"Feature","geometry":{"type":"Point","coordinates":[121.53329,25.052973]},"properties":{"company_name":"優味企業股份有限公司","brand_name":"上島珈琲店","product_name":"無糖MILK紅茶","has_allergens":true,"allergens":"乳製品","allergen_count":1,"county":"臺北市"}},{"type":"Feature","geometry":{"type":"Point","coordinates":[121.53329,25.052973]},"properties":{"company_name":"優味企業股份有限公司","brand_name":"上島珈琲店","product_name":"衣索比亞咖啡","has_allergens":true,"allergens":"乳製品","allergen_count":1,"county":"臺北市"}},{"type":"Feature","geometry":{"type":"Point","coordinates":[121.53329,25.052973]},"properties":{"company_name":"優味企業股份有限公司","brand_name":"上島珈琲店","product_name":"冰豆奶MILK珈琲","has_allergens":false,"allergens":"","allergen_count":0,"county":"臺北市"}},{"type":"Feature","geometry":{"type":"Point","coordinates":[121.53329,25.052973]},"properties":{"company_name":"優味企業股份有限公司","brand_name":"上島珈琲店","product_name":"可可亞","has_allergens":false,"allergens":"","allergen_count":0,"county":"臺北市"}},{"type":"Feature","geometry":{"type":"Point","coordinates":[121.53329,25.052973]},"properties":{"company_name":"優味企業股份有限公司","brand_name":"上島珈琲店","product_name":"冰無糖MILK紅茶","has_allergens":false,"allergens":"","allergen_count":0,"county":"臺北市"}},{"type":"Feature","geometry":{"type":"Point","coordinates":[121.53329,25.052973]},"properties":{"company_name":"優味企業股份有限公司","brand_name":"上島珈琲店","product_name":"黑糖MILK珈琲","has_allergens":true,"allergens":"乳製品","allergen_count":1,"county":"臺北市"}},{"type":"Feature","geometry":{"type":"Point","coordinates":[121.53329,25.052973]},"properties":{"company_name":"優味企業股份有限公司","brand_name":"上島珈琲店","product_name":"金芝麻MILK珈琲","has_allergens":false,"allergens":"","allergen_count":0,"county":"臺北市"}},{"type":"Feature","geometry":{"type":"Point","coordinates":[121.53329,25.052973]},"properties":{"company_name":"優味企業股份有限公司","brand_name":"上島珈琲店","product_name":"B·L·T三明治","has_allergens":false,"allergens":"","allergen_count":0,"county":"臺北市"}},{"type":"Feature","geometry":{"type":"Point","coordinates":[121.53329,25.052973]},"properties":{"company_name":"優味企業股份有限公司","brand_name":"上島珈琲店","product_name":"冰蜂蜜檸檬蘇打","has_allergens":false,"allergens":"","allergen_count":0,"county":"臺北市"}},{"type":"Feature","geometry":{"type":"Point","coordinates":[121.53329,25.052973]},"properties":{"company_name":"優味企業股份有限公司","brand_name":"上島珈琲店","product_name":"冰維也納珈琲","has_allergens":false,"allergens":"","allergen_count":0,"county":"臺北市"}},{"type":"Feature","geometry":{"type":"Point","coordinates":[121.53329,25.052973]},"properties":{"company_name":"優味企業股份有限公司","brand_name":"上島珈琲店","product_name":"綜合珈琲","has_allergens":false,"allergens":"","allergen_count":0,"county":"臺北市"}},{"type":"Feature","geometry":{"type":"Point","coordinates":[121.53329,25.052973]},"properties":{"company_name":"優味企業股份有限公司","brand_name":"上島珈琲店","product_name":"冰金芝麻MILK珈琲","has_allergens":false,"allergens":"","allergen_count":0,"county":"臺北市"}},{"type":"Feature","geometry":{"type":"Point","coordinates":[121.53329,25.052973]},"properties":{"company_name":"優味企業股份有限公司","brand_name":"上島珈琲店","product_name":"抹茶MILK","has_allergens":false,"allergens":"","allergen_count":0,"county":"臺北市"}},{"type":"Feature","geometry":{"type":"Point","coordinates":[121.53329,25.052973]},"properties":{"company_name":"優味企業股份有限公司","brand_name":"上島珈琲店","product_name":"厚切奶油吐司套餐","has_allergens":true,"allergens":"乳製品","allergen_count":1,"county":"臺北市"}},{"type":"Feature","geometry":{"type":"Point","coordinates":[121.53329,25.052973]},"properties":{"company_name":"優味企業股份有限公司","brand_name":"上島珈琲店","product_name":"冰黑糖MILK珈琲","has_allergens":false,"allergens":"","allergen_count":0,"county":"臺北市"}},{"type":"Feature","geometry":{"type":"Point","coordinates":[121.53635,25.051764]},"properties":{"company_name":"伯朗咖啡股份有限公司","brand_name":"伯朗咖啡館","product_name":"單品美式","has_allergens":true,"allergens":"乳製品","allergen_count":1,"county":"臺北市"}},{"type":"Feature","geometry":{"type":"Point","coordinates":[121.53635,25.051764]},"properties":{"company_name":"伯朗咖啡股份有限公司","brand_name":"伯朗咖啡館","product_name":"噶瑪蘭威士忌拿鐵","has_allergens":true,"allergens":"乳製品","allergen_count":1,"county":"臺北市"}},{"type":"Feature","geometry":{"type":"Point","coordinates":[121.53635,25.051764]},"properties":{"company_name":"伯朗咖啡股份有限公司","brand_name":"伯朗咖啡館","product_name":"棉花糖濃摩卡(H)","has_allergens":true,"allergens":"乳製品,麩質穀物","allergen_count":2,"county":"臺北市"}},{"type":"Feature","geometry":{"type":"Point","coordinates":[121.53635,25.051764]},"properties":{"company_name":"伯朗咖啡股份有限公司","brand_name":"伯朗咖啡館","product_name":"黃金香柚茶","has_allergens":true,"allergens":"乳製品","allergen_count":1,"county":"臺北市"}},{"type":"Feature","geometry":{"type":"Point","coordinates":[121.53635,25.051764]},"properties":{"company_name":"伯朗咖啡股份有限公司","brand_name":"伯朗咖啡館","product_name":"蜜桃鳳梨水果茶","has_allergens":true,"allergens":"乳製品","allergen_count":1,"county":"臺北市"}},{"type":"Feature","geometry":{"type":"Point","coordinates":[121.53635,25.051764]},"properties":{"company_name":"伯朗咖啡股份有限公司","brand_name":"伯朗咖啡館","product_name":"蘋果檸檬草薄荷茶","has_allergens":true,"allergens":"乳製品","allergen_count":1,"county":"臺北市"}},{"type":"Feature","geometry":{"type":"Point","coordinates":[121.53635,25.051764]},"properties":{"company_name":"伯朗咖啡股份有限公司","brand_name":"伯朗咖啡館","product_name":"香草拿鐵","has_allergens":true,"allergens":"乳製品","allergen_count":1,"county":"臺北市"}},{"type":"Feature","geometry":{"type":"Point","coordinates":[121.53635,25.051764]},"properties":{"company_name":"伯朗咖啡股份有限公司","brand_name":"伯朗咖啡館","product_name":"本日咖啡","has_allergens":false,"allergens":"","allergen_count":0,"county":"臺北市"}},{"type":"Feature","geometry":{"type":"Point","coordinates":[121.53635,25.051764]},"properties":{"company_name":"伯朗咖啡股份有限公司","brand_name":"伯朗咖啡館","product_name":"黃金香柚法樂皮","has_allergens":true,"allergens":"乳製品","allergen_count":1,"county":"臺北市"}},{"type":"Feature","geometry":{"type":"Point","coordinates":[121.53635,25.051764]},"properties":{"company_name":"伯朗咖啡股份有限公司","brand_name":"伯朗咖啡館","product_name":"暖心可可","has_allergens":true,"allergens":"乳製品","allergen_count":1,"county":"臺北市"}},{"type":"Feature","geometry":{"type":"Point","coordinates":[121.53635,25.051764]},"properties":{"company_name":"伯朗咖啡股份有限公司","brand_name":"伯朗咖啡館","product_name":"鮮奶茶","has_allergens":true,"allergens":"乳製品","allergen_count":1,"county":"臺北市"}},{"type":"Feature","geometry":{"type":"Point","coordinates":[121.53635,25.051764]},"properties":{"company_name":"伯朗咖啡股份有限公司","brand_name":"伯朗咖啡館","product_name":"橙花檸檬國寶茶","has_allergens":true,"allergens":"乳製品","allergen_count":1,"county":"臺北市"}},{"type":"Feature","geometry":{"type":"Point","coordinates":[121.53635,25.051764]},"properties":{"company_name":"伯朗咖啡股份有限公司","brand_name":"伯朗咖啡館","product_name":"香草奶昔","has_allergens":true,"allergens":"乳製品","allergen_count":1,"county":"臺北市"}},{"type":"Feature","geometry":{"type":"Point","coordinates":[121.53635,25.051764]},"properties":{"company_name":"伯朗咖啡股份有限公司","brand_name":"伯朗咖啡館","product_name":"開心抹茶奶蓋椰子美式","has_allergens":true,"allergens":"乳製品","allergen_count":1,"county":"臺北市"}},{"type":"Feature","geometry":{"type":"Point","coordinates":[121.53635,25.051764]},"properties":{"company_name":"伯朗咖啡股份有限公司","brand_name":"伯朗咖啡館","product_name":"黑糖桂花拿鐵(I)","has_allergens":true,"allergens":"乳製品","allergen_count":1,"county":"臺北市"}},{"type":"Feature","geometry":{"type":"Point","coordinates":[121.53635,25.051764]},"properties":{"company_name":"伯朗咖啡股份有限公司","brand_name":"伯朗咖啡館","product_name":"漂浮咖啡","has_allergens":true,"allergens":"乳製品","allergen_count":1,"county":"臺北市"}},{"type":"Feature","geometry":{"type":"Point","coordinates":[121.53635,25.051764]},"properties":{"company_name":"伯朗咖啡股份有限公司","brand_name":"伯朗咖啡館","product_name":"蜂蜜椪柑燕麥拿鐵(I)","has_allergens":true,"allergens":"乳製品","allergen_count":1,"county":"臺北市"}},{"type":"Feature","geometry":{"type":"Point","coordinates":[121.53635,25.051764]},"properties":{"company_name":"伯朗咖啡股份有限公司","brand_name":"伯朗咖啡館","product_name":"巧克力法樂皮","has_allergens":true,"allergens":"乳製品","allergen_count":1,"county":"臺北市"}},{"type":"Feature","geometry":{"type":"Point","coordinates":[121.53635,25.051764]},"properties":{"company_name":"伯朗咖啡股份有限公司","brand_name":"伯朗咖啡館","product_name":"開心奶蓋鹹焦糖瑪奇朵","has_allergens":true,"allergens":"乳製品,麩質穀物","allergen_count":2,"county":"臺北市"}},{"type":"Feature","geometry":{"type":"Point","coordinates":[121.53635,25.051764]},"properties":{"company_name":"伯朗咖啡股份有限公司","brand_name":"伯朗咖啡館","product_name":"雞肉菠菜鹹派","has_allergens":true,"allergens":"乳製品","allergen_count":1,"county":"臺北市"}},{"type":"Feature","geometry":{"type":"Point","coordinates":[121.53635,25.051764]},"properties":{"company_name":"伯朗咖啡股份有限公司","brand_name":"伯朗咖啡館","product_name":"義式濃縮咖啡","has_allergens":true,"allergens":"乳製品","allergen_count":1,"county":"臺北市"}},{"type":"Feature","geometry":{"type":"Point","coordinates":[121.53635,25.051764]},"properties":{"company_name":"伯朗咖啡股份有限公司","brand_name":"伯朗咖啡館","product_name":"生椰拿鐵","has_allergens":true,"allergens":"乳製品","allergen_count":1,"county":"臺北市"}},{"type":"Feature","geometry":{"type":"Point","coordinates":[121.53635,25.051764]},"properties":{"company_name":"伯朗咖啡股份有限公司","brand_name":"伯朗咖啡館","product_name":"鹿谷凍頂烏龍茶","has_allergens":true,"allergens":"乳製品","allergen_count":1,"county":"臺北市"}},{"type":"Feature","geometry":{"type":"Point","coordinates":[121.53635,25.051764]},"properties":{"company_name":"伯朗咖啡股份有限公司","brand_name":"伯朗咖啡館","product_name":"桶陳手沖咖啡","has_allergens":true,"allergens":"乳製品","allergen_count":1,"county":"臺北市"}},{"type":"Feature","geometry":{"type":"Point","coordinates":[121.53635,25.051764]},"properties":{"company_name":"伯朗咖啡股份有限公司","brand_name":"伯朗咖啡館","product_name":"伯爵鮮奶茶","has_allergens":true,"allergens":"乳製品","allergen_count":1,"county":"臺北市"}},{"type":"Feature","geometry":{"type":"Point","coordinates":[121.53635,25.051764]},"properties":{"company_name":"伯朗咖啡股份有限公司","brand_name":"伯朗咖啡館","product_name":"莓天開心","has_allergens":true,"allergens":"乳製品","allergen_count":1,"county":"臺北市"}},{"type":"Feature","geometry":{"type":"Point","coordinates":[121.53635,25.051764]},"properties":{"company_name":"伯朗咖啡股份有限公司","brand_name":"伯朗咖啡館","product_name":"南非國寶茶","has_allergens":true,"allergens":"乳製品","allergen_count":1,"county":"臺北市"}},{"type":"Feature","geometry":{"type":"Point","coordinates":[121.53635,25.051764]},"properties":{"company_name":"伯朗咖啡股份有限公司","brand_name":"伯朗咖啡館","product_name":"氮氣單品冷萃咖啡","has_allergens":false,"allergens":"","allergen_count":0,"county":"臺北市"}},{"type":"Feature","geometry":{"type":"Point","coordinates":[121.53635,25.051764]},"properties":{"company_name":"伯朗咖啡股份有限公司","brand_name":"伯朗咖啡館","product_name":"美式咖啡","has_allergens":false,"allergens":"","allergen_count":0,"county":"臺北市"}},{"type":"Feature","geometry":{"type":"Point","coordinates":[121.53635,25.051764]},"properties":{"company_name":"伯朗咖啡股份有限公司","brand_name":"伯朗咖啡館","product_name":"桶陳冷萃咖啡","has_allergens":false,"allergens":"","allergen_count":0,"county":"臺北市"}},{"type":"Feature","geometry":{"type":"Point","coordinates":[121.6174,25.05682]},"properties":{"company_name":"興波事業有限公司","brand_name":"興波咖啡","product_name":"淺焙 衣索比亞 日曬","has_allergens":true,"allergens":"乳製品","allergen_count":1,"county":"臺北市"}},{"type":"Feature","geometry":{"type":"Point","coordinates":[121.6174,25.05682]},"properties":{"company_name":"興波事業有限公司","brand_name":"興波咖啡","product_name":"皺皺","has_allergens":true,"allergens":"乳製品","allergen_count":1,"county":"臺北市"}},{"type":"Feature","geometry":{"type":"Point","coordinates":[121.6174,25.05682]},"properties":{"company_name":"興波事業有限公司","brand_name":"興波咖啡","product_name":"威士忌拿鐵","has_allergens":true,"allergens":"乳製品","allergen_count":1,"county":"臺北市"}},{"type":"Feature","geometry":{"type":"Point","coordinates":[121.6174,25.05682]},"properties":{"company_name":"興波事業有限公司","brand_name":"興波咖啡","product_name":"原味拿鐵","has_allergens":true,"allergens":"乳製品","allergen_count":1,"county":"臺北市"}},{"type":"Feature","geometry":{"type":"Point","coordinates":[121.6174,25.05682]},"properties":{"company_name":"興波事業有限公司","brand_name":"興波咖啡","product_name":"黑美豬豬綜合","has_allergens":false,"allergens":"","allergen_count":0,"county":"臺北市"}},{"type":"Feature","geometry":{"type":"Point","coordinates":[121.6174,25.05682]},"properties":{"company_name":"興波事業有限公司","brand_name":"興波咖啡","product_name":"中深焙 肯亞 水洗","has_allergens":true,"allergens":"乳製品,酒精","allergen_count":2,"county":"臺北市"}},{"type":"Feature","geometry":{"type":"Point","coordinates":[121.6174,25.05682]},"properties":{"company_name":"興波事業有限公司","brand_name":"興波咖啡","product_name":"咖啡康普茶","has_allergens":true,"allergens":"乳製品","allergen_count":1,"county":"臺北市"}},{"type":"Feature","geometry":{"type":"Point","coordinates":[121.6174,25.05682]},"properties":{"company_name":"興波事業有限公司","brand_name":"興波咖啡","product_name":"卡布奇諾","has_allergens":false,"allergens":"","allergen_count":0,"county":"臺北市"}},{"type":"Feature","geometry":{"type":"Point","coordinates":[121.6174,25.05682]},"properties":{"company_name":"興波事業有限公司","brand_name":"興波咖啡","product_name":"台灣茶香拿鐵","has_allergens":false,"allergens":"","allergen_count":0,"county":"臺北市"}},{"type":"Feature","geometry":{"type":"Point","coordinates":[121.6174,25.05682]},"properties":{"company_name":"興波事業有限公司","brand_name":"興波咖啡","product_name":"秘魯 藝伎 水洗","has_allergens":false,"allergens":"","allergen_count":0,"county":"臺北市"}},{"type":"Feature","geometry":{"type":"Point","coordinates":[121.6174,25.05682]},"properties":{"company_name":"興波事業有限公司","brand_name":"興波咖啡","product_name":"馬告芒果烏龍咖啡","has_allergens":true,"allergens":"乳製品","allergen_count":1,"county":"臺北市"}},{"type":"Feature","geometry":{"type":"Point","coordinates":[121.6174,25.05682]},"properties":{"company_name":"興波事業有限公司","brand_name":"興波咖啡","product_name":"淺焙 肯亞 水洗","has_allergens":false,"allergens":"","allergen_count":0,"county":"臺北市"}},{"type":"Feature","geometry":{"type":"Point","coordinates":[121.6174,25.05682]},"properties":{"company_name":"興波事業有限公司","brand_name":"興波咖啡","product_name":"美式咖啡","has_allergens":false,"allergens":"","allergen_count":0,"county":"臺北市"}},{"type":"Feature","geometry":{"type":"Point","coordinates":[121.6174,25.05682]},"properties":{"company_name":"興波事業有限公司","brand_name":"興波咖啡","product_name":"中深焙 季節濃縮","has_allergens":true,"allergens":"乳製品","allergen_count":1,"county":"臺北市"}},{"type":"Feature","geometry":{"type":"Point","coordinates":[121.6174,25.05682]},"properties":{"company_name":"興波事業有限公司","brand_name":"興波咖啡","product_name":"衣索比亞 黑蜜","has_allergens":true,"allergens":"乳製品","allergen_count":1,"county":"臺北市"}},{"type":"Feature","geometry":{"type":"Point","coordinates":[121.6174,25.05682]},"properties":{"company_name":"興波事業有限公司","brand_name":"興波咖啡","product_name":"咖啡康普茶組合（限內用）","has_allergens":true,"allergens":"乳製品","allergen_count":1,"county":"臺北市"}},{"type":"Feature","geometry":{"type":"Point","coordinates":[121.6174,25.05682]},"properties":{"company_name":"興波事業有限公司","brand_name":"興波咖啡","product_name":"可塔朵（限內用）","has_allergens":false,"allergens":"","allergen_count":0,"county":"臺北市"}},{"type":"Feature","geometry":{"type":"Point","coordinates":[121.6174,25.05682]},"properties":{"company_name":"興波事業有限公司","brand_name":"興波咖啡","product_name":"酒奶油吐司（限內用）","has_allergens":true,"allergens":"乳製品","allergen_count":1,"county":"臺北市"}},{"type":"Feature","geometry":{"type":"Point","coordinates":[121.6174,25.05682]},"properties":{"company_name":"興波事業有限公司","brand_name":"興波咖啡","product_name":"中淺焙 衣索比亞 日曬","has_allergens":true,"allergens":"乳製品","allergen_count":1,"county":"臺北市"}},{"type":"Feature","geometry":{"type":"Point","coordinates":[121.6174,25.05682]},"properties":{"company_name":"興波事業有限公司","brand_name":"興波咖啡","product_name":"黑糖牛奶","has_allergens":true,"allergens":"乳製品","allergen_count":1,"county":"臺北市"}},{"type":"Feature","geometry":{"type":"Point","coordinates":[121.6174,25.05682]},"properties":{"company_name":"興波事業有限公司","brand_name":"興波咖啡","product_name":"抹茶卷","has_allergens":false,"allergens":"","allergen_count":0,"county":"臺北市"}},{"type":"Feature","geometry":{"type":"Point","coordinates":[121.6174,25.05682]},"properties":{"company_name":"興波事業有限公司","brand_name":"興波咖啡","product_name":"宏都拉斯 日曬","has_allergens":false,"allergens":"","allergen_count":0,"county":"臺北市"}},{"type":"Feature","geometry":{"type":"Point","coordinates":[121.6174,25.05682]},"properties":{"company_name":"興波事業有限公司","brand_name":"興波咖啡","product_name":"雙份濃縮卡布奇諾","has_allergens":false,"allergens":"","allergen_count":0,"county":"臺北市"}},{"type":"Feature","geometry":{"type":"Point","coordinates":[121.6174,25.05682]},"properties":{"company_name":"興波事業有限公司","brand_name":"興波咖啡","product_name":"台灣 草嶺 日曬","has_allergens":true,"allergens":"乳製品","allergen_count":1,"county":"臺北市"}},{"type":"Feature","geometry":{"type":"Point","coordinates":[121.6174,25.05682]},"properties":{"company_name":"興波事業有限公司","brand_name":"興波咖啡","product_name":"雙份濃縮","has_allergens":true,"allergens":"乳製品","allergen_count":1,"county":"臺北市"}},{"type":"Feature","geometry":{"type":"Point","coordinates":[121.6174,25.05682]},"properties":{"company_name":"興波事業有限公司","brand_name":"興波咖啡","product_name":"伯爵紅茶","has_allergens":true,"allergens":"乳製品","allergen_count":1,"county":"臺北市"}},{"type":"Feature","geometry":{"type":"Point","coordinates":[121.6174,25.05682]},"properties":{"company_name":"興波事業有限公司","brand_name":"興波咖啡","product_name":"南島煙燻冰咖啡","has_allergens":true,"allergens":"乳製品","allergen_count":1,"county":"臺北市"}},{"type":"Feature","geometry":{"type":"Point","coordinates":[121.6174,25.05682]},"properties":{"company_name":"興波事業有限公司","brand_name":"興波咖啡","product_name":"鹽奶油吐司（限內用）","has_allergens":false,"allergens":"","allergen_count":0,"county":"臺北市"}},{"type":"Feature","geometry":{"type":"Point","coordinates":[121.6174,25.05682]},"properties":{"company_name":"興波事業有限公司","brand_name":"興波咖啡","product_name":"淺焙 衣索比亞 水洗","has_allergens":false,"allergens":"","allergen_count":0,"county":"臺北市"}},{"type":"Feature","geometry":{"type":"Point","coordinates":[121.6174,25.05682]},"properties":{"company_name":"興波事業有限公司","brand_name":"興波咖啡","product_name":"黑糖肉桂吐司（限內用）","has_allergens":false,"allergens":"","allergen_count":0,"county":"臺北市"}},{"type":"Feature","geometry":{"type":"Point","coordinates":[121.5502,25.080156]},"properties":{"company_name":"馥餘實業股份有限公司","brand_name":"西雅圖極品咖啡","product_name":"蜜桃國寶茶","has_allergens":true,"allergens":"乳製品","allergen_count":1,"county":"臺北市"}},{"type":"Feature","geometry":{"type":"Point","coordinates":[121.5502,25.080156]},"properties":{"company_name":"馥餘實業股份有限公司","brand_name":"西雅圖極品咖啡","product_name":"焦糖瑪奇朵","has_allergens":false,"allergens":"","allergen_count":0,"county":"臺北市"}},{"type":"Feature","geometry":{"type":"Point","coordinates":[121.5502,25.080156]},"properties":{"company_name":"馥餘實業股份有限公司","brand_name":"西雅圖極品咖啡","product_name":"古巴圖基諾","has_allergens":true,"allergens":"乳製品,海鮮類","allergen_count":2,"county":"臺北市"}},{"type":"Feature","geometry":{"type":"Point","coordinates":[121.5502,25.080156]},"properties":{"company_name":"馥餘實業股份有限公司","brand_name":"西雅圖極品咖啡","product_name":"薄荷清神茶","has_allergens":false,"allergens":"","allergen_count":0,"county":"臺北市"}},{"type":"Feature","geometry":{"type":"Point","coordinates":[121.5502,25.080156]},"properties":{"company_name":"馥餘實業股份有限公司","brand_name":"西雅圖極品咖啡","product_name":"幽浮冰咖啡","has_allergens":false,"allergens":"","allergen_count":0,"county":"臺北市"}},{"type":"Feature","geometry":{"type":"Point","coordinates":[121.5502,25.080156]},"properties":{"company_name":"馥餘實業股份有限公司","brand_name":"西雅圖極品咖啡","product_name":"摩卡探戈綜合咖啡","has_allergens":true,"allergens":"乳製品","allergen_count":1,"county":"臺北市"}},{"type":"Feature","geometry":{"type":"Point","coordinates":[121.5502,25.080156]},"properties":{"company_name":"馥餘實業股份有限公司","brand_name":"西雅圖極品咖啡","product_name":"西西里諾奶霜冰沙","has_allergens":false,"allergens":"","allergen_count":0,"county":"臺北市"}},{"type":"Feature","geometry":{"type":"Point","coordinates":[121.5502,25.080156]},"properties":{"company_name":"馥餘實業股份有限公司","brand_name":"西雅圖極品咖啡","product_name":"經典可可","has_allergens":true,"allergens":"乳製品","allergen_count":1,"county":"臺北市"}},{"type":"Feature","geometry":{"type":"Point","coordinates":[121.5502,25.080156]},"properties":{"company_name":"馥餘實業股份有限公司","brand_name":"西雅圖極品咖啡","product_name":"冬瓜露風味冰咖啡","has_allergens":true,"allergens":"乳製品","allergen_count":1,"county":"臺北市"}},{"type":"Feature","geometry":{"type":"Point","coordinates":[121.5502,25.080156]},"properties":{"company_name":"馥餘實業股份有限公司","brand_name":"西雅圖極品咖啡","product_name":"芭樂心葉茶","has_allergens":false,"allergens":"","allergen_count":0,"county":"臺北市"}},{"type":"Feature","geometry":{"type":"Point","coordinates":[121.5502,25.080156]},"properties":{"company_name":"馥餘實業股份有限公司","brand_name":"西雅圖極品咖啡","product_name":"藍莓蘋果茶","has_allergens":false,"allergens":"","allergen_count":0,"county":"臺北市"}},{"type":"Feature","geometry":{"type":"Point","coordinates":[121.5502,25.080156]},"properties":{"company_name":"馥餘實業股份有限公司","brand_name":"西雅圖極品咖啡","product_name":"維也納咖啡","has_allergens":false,"allergens":"","allergen_count":0,"county":"臺北市"}},{"type":"Feature","geometry":{"type":"Point","coordinates":[121.5502,25.080156]},"properties":{"company_name":"馥餘實業股份有限公司","brand_name":"西雅圖極品咖啡","product_name":"巧克力牛奶咖啡","has_allergens":false,"allergens":"","allergen_count":0,"county":"臺北市"}},{"type":"Feature","geometry":{"type":"Point","coordinates":[121.5502,25.080156]},"properties":{"company_name":"馥餘實業股份有限公司","brand_name":"西雅圖極品咖啡","product_name":"榛果拿鐵","has_allergens":false,"allergens":"","allergen_count":0,"county":"臺北市"}},{"type":"Feature","geometry":{"type":"Point","coordinates":[121.5502,25.080156]},"properties":{"company_name":"馥餘實業股份有限公司","brand_name":"西雅圖極品咖啡","product_name":"杏仁堅果拿鐵","has_allergens":false,"allergens":"","allergen_count":0,"county":"臺北市"}},{"type":"Feature","geometry":{"type":"Point","coordinates":[121.5502,25.080156]},"properties":{"company_name":"馥餘實業股份有限公司","brand_name":"西雅圖極品咖啡","product_name":"莓果風味奶霜冰沙","has_allergens":false,"allergens":"","allergen_count":0,"county":"臺北市"}},{"type":"Feature","geometry":{"type":"Point","coordinates":[121.5502,25.080156]},"properties":{"company_name":"馥餘實業股份有限公司","brand_name":"西雅圖極品咖啡","product_name":"印第安拿鐵","has_allergens":false,"allergens":"","allergen_count":0,"county":"臺北市"}},{"type":"Feature","geometry":{"type":"Point","coordinates":[121.5502,25.080156]},"properties":{"company_name":"馥餘實業股份有限公司","brand_name":"西雅圖極品咖啡","product_name":"冰釀白金(白金淺焙)","has_allergens":false,"allergens":"","allergen_count":0,"county":"臺北市"}},{"type":"Feature","geometry":{"type":"Point","coordinates":[121.5502,25.080156]},"properties":{"company_name":"馥餘實業股份有限公司","brand_name":"西雅圖極品咖啡","product_name":"原味紅茶拿鐵","has_allergens":false,"allergens":"","allergen_count":0,"county":"臺北市"}},{"type":"Feature","geometry":{"type":"Point","coordinates":[121.5502,25.080156]},"properties":{"company_name":"馥餘實業股份有限公司","brand_name":"西雅圖極品咖啡","product_name":"瓜地馬拉酒香背影","has_allergens":false,"allergens":"","allergen_count":0,"county":"臺北市"}},{"type":"Feature","geometry":{"type":"Point","coordinates":[121.5502,25.080156]},"properties":{"company_name":"馥餘實業股份有限公司","brand_name":"西雅圖極品咖啡","product_name":"巧克力牛奶咖啡冰沙","has_allergens":false,"allergens":"","allergen_count":0,"county":"臺北市"}},{"type":"Feature","geometry":{"type":"Point","coordinates":[121.5502,25.080156]},"properties":{"company_name":"馥餘實業股份有限公司","brand_name":"西雅圖極品咖啡","product_name":"西西里諾咖啡冰沙","has_allergens":false,"allergens":"","allergen_count":0,"county":"臺北市"}},{"type":"Feature","geometry":{"type":"Point","coordinates":[121.5502,25.080156]},"properties":{"company_name":"馥餘實業股份有限公司","brand_name":"西雅圖極品咖啡","product_name":"巴西喜拉朵","has_allergens":false,"allergens":"","allergen_count":0,"county":"臺北市"}},{"type":"Feature","geometry":{"type":"Point","coordinates":[121.5502,25.080156]},"properties":{"company_name":"馥餘實業股份有限公司","brand_name":"西雅圖極品咖啡","product_name":"拿鐵","has_allergens":false,"allergens":"","allergen_count":0,"county":"臺北市"}},{"type":"Feature","geometry":{"type":"Point","coordinates":[121.5502,25.080156]},"properties":{"company_name":"馥餘實業股份有限公司","brand_name":"西雅圖極品咖啡","product_name":"尼加拉瓜甜蜜蠻牛","has_allergens":false,"allergens":"","allergen_count":0,"county":"臺北市"}},{"type":"Feature","geometry":{"type":"Point","coordinates":[121.5502,25.080156]},"properties":{"company_name":"馥餘實業股份有限公司","brand_name":"西雅圖極品咖啡","product_name":"牙買加藍山藍爵莊園","has_allergens":false,"allergens":"","allergen_count":0,"county":"臺北市"}},{"type":"Feature","geometry":{"type":"Point","coordinates":[121.5502,25.080156]},"properties":{"company_name":"馥餘實業股份有限公司","brand_name":"西雅圖極品咖啡","product_name":"濃黑糖珍珠鮮奶","has_allergens":false,"allergens":"","allergen_count":0,"county":"臺北市"}},{"type":"Feature","geometry":{"type":"Point","coordinates":[121.5502,25.080156]},"properties":{"company_name":"馥餘實業股份有限公司","brand_name":"西雅圖極品咖啡","product_name":"水蜜桃風味奶霜冰沙","has_allergens":false,"allergens":"","allergen_count":0,"county":"臺北市"}},{"type":"Feature","geometry":{"type":"Point","coordinates":[121.5502,25.080156]},"properties":{"company_name":"馥餘實業股份有限公司","brand_name":"西雅圖極品咖啡","product_name":"經典咖啡","has_allergens":false,"allergens":"","allergen_count":0,"county":"臺北市"}},{"type":"Feature","geometry":{"type":"Point","coordinates":[121.5502,25.080156]},"properties":{"company_name":"馥餘實業股份有限公司","brand_name":"西雅圖極品咖啡","product_name":"柯瑞特","has_allergens":false,"allergens":"","allergen_count":0,"county":"臺北市"}},{"type":"Feature","geometry":{"type":"Point","coordinates":[121.537865,24.957209]},"properties":{"company_name":"路易莎職人咖啡股份有限公司","brand_name":"路易莎咖啡","product_name":"錫蘭紅茶","has_allergens":false,"allergens":"","allergen_count":0,"county":"新北市"}},{"type":"Feature","geometry":{"type":"Point","coordinates":[121.537865,24.957209]},"properties":{"company_name":"路易莎職人咖啡股份有限公司","brand_name":"路易莎咖啡","product_name":"曼特寧迦佑山G1","has_allergens":false,"allergens":"","allergen_count":0,"county":"新北市"}},{"type":"Feature","geometry":{"type":"Point","coordinates":[121.537865,24.957209]},"properties":{"company_name":"路易莎職人咖啡股份有限公司","brand_name":"路易莎咖啡","product_name":"橘皮風味拿鐵","has_allergens":false,"allergens":"","allergen_count":0,"county":"新北市"}},{"type":"Feature","geometry":{"type":"Point","coordinates":[121.537865,24.957209]},"properties":{"company_name":"路易莎職人咖啡股份有限公司","brand_name":"路易莎咖啡","product_name":"貴妃荔枝風味紅茶","has_allergens":false,"allergens":"","allergen_count":0,"county":"新北市"}},{"type":"Feature","geometry":{"type":"Point","coordinates":[121.537865,24.957209]},"properties":{"company_name":"路易莎職人咖啡股份有限公司","brand_name":"路易莎咖啡","product_name":"榛果風味拿鐵","has_allergens":false,"allergens":"","allergen_count":0,"county":"新北市"}},{"type":"Feature","geometry":{"type":"Point","coordinates":[121.537865,24.957209]},"properties":{"company_name":"路易莎職人咖啡股份有限公司","brand_name":"路易莎咖啡","product_name":"小農鮮奶咖啡","has_allergens":false,"allergens":"","allergen_count":0,"county":"新北市"}},{"type":"Feature","geometry":{"type":"Point","coordinates":[121.537865,24.957209]},"properties":{"company_name":"路易莎職人咖啡股份有限公司","brand_name":"路易莎咖啡","product_name":"生椰美式","has_allergens":false,"allergens":"","allergen_count":0,"county":"新北市"}},{"type":"Feature","geometry":{"type":"Point","coordinates":[121.537865,24.957209]},"properties":{"company_name":"路易莎職人咖啡股份有限公司","brand_name":"路易莎咖啡","product_name":"特濃小卡布","has_allergens":false,"allergens":"","allergen_count":0,"county":"新北市"}},{"type":"Feature","geometry":{"type":"Point","coordinates":[121.537865,24.957209]},"properties":{"company_name":"路易莎職人咖啡股份有限公司","brand_name":"路易莎咖啡","product_name":"漂浮美式","has_allergens":false,"allergens":"","allergen_count":0,"county":"新北市"}},{"type":"Feature","geometry":{"type":"Point","coordinates":[121.537865,24.957209]},"properties":{"company_name":"路易莎職人咖啡股份有限公司","brand_name":"路易莎咖啡","product_name":"英國百年茶莊紅茶冰沙","has_allergens":false,"allergens":"","allergen_count":0,"county":"新北市"}},{"type":"Feature","geometry":{"type":"Point","coordinates":[121.537865,24.957209]},"properties":{"company_name":"路易莎職人咖啡股份有限公司","brand_name":"路易莎咖啡","product_name":"漂浮紅茶","has_allergens":false,"allergens":"","allergen_count":0,"county":"新北市"}},{"type":"Feature","geometry":{"type":"Point","coordinates":[121.537865,24.957209]},"properties":{"company_name":"路易莎職人咖啡股份有限公司","brand_name":"路易莎咖啡","product_name":"輕奶拿鐵","has_allergens":false,"allergens":"","allergen_count":0,"county":"新北市"}},{"type":"Feature","geometry":{"type":"Point","coordinates":[121.537865,24.957209]},"properties":{"company_name":"路易莎職人咖啡股份有限公司","brand_name":"路易莎咖啡","product_name":"水蜜桃蘋果風味茶","has_allergens":false,"allergens":"","allergen_count":0,"county":"新北市"}},{"type":"Feature","geometry":{"type":"Point","coordinates":[121.537865,24.957209]},"properties":{"company_name":"路易莎職人咖啡股份有限公司","brand_name":"路易莎咖啡","product_name":"泰奶咖啡","has_allergens":false,"allergens":"","allergen_count":0,"county":"新北市"}},{"type":"Feature","geometry":{"type":"Point","coordinates":[121.537865,24.957209]},"properties":{"company_name":"路易莎職人咖啡股份有限公司","brand_name":"路易莎咖啡","product_name":"紅蜜鮮奶茶","has_allergens":false,"allergens":"","allergen_count":0,"county":"新北市"}},{"type":"Feature","geometry":{"type":"Point","coordinates":[121.537865,24.957209]},"properties":{"company_name":"路易莎職人咖啡股份有限公司","brand_name":"路易莎咖啡","product_name":"泰勒伯爵鮮奶茶","has_allergens":false,"allergens":"","allergen_count":0,"county":"新北市"}},{"type":"Feature","geometry":{"type":"Point","coordinates":[121.537865,24.957209]},"properties":{"company_name":"路易莎職人咖啡股份有限公司","brand_name":"路易莎咖啡","product_name":"生椰拿鐵","has_allergens":false,"allergens":"","allergen_count":0,"county":"新北市"}},{"type":"Feature","geometry":{"type":"Point","coordinates":[121.537865,24.957209]},"properties":{"company_name":"路易莎職人咖啡股份有限公司","brand_name":"路易莎咖啡","product_name":"小農經典拿鐵","has_allergens":false,"allergens":"","allergen_count":0,"county":"新北市"}},{"type":"Feature","geometry":{"type":"Point","coordinates":[121.537865,24.957209]},"properties":{"company_name":"路易莎職人咖啡股份有限公司","brand_name":"路易莎咖啡","product_name":"100%一番抹茶鮮奶茶","has_allergens":false,"allergens":"","allergen_count":0,"county":"新北市"}},{"type":"Feature","geometry":{"type":"Point","coordinates":[121.537865,24.957209]},"properties":{"company_name":"路易莎職人咖啡股份有限公司","brand_name":"路易莎咖啡","product_name":"火腿起司磚壓","has_allergens":false,"allergens":"","allergen_count":0,"county":"新北市"}},{"type":"Feature","geometry":{"type":"Point","coordinates":[121.537865,24.957209]},"properties":{"company_name":"路易莎職人咖啡股份有限公司","brand_name":"路易莎咖啡","product_name":"檸檬鮮果風味綠茶","has_allergens":false,"allergens":"","allergen_count":0,"county":"新北市"}},{"type":"Feature","geometry":{"type":"Point","coordinates":[121.537865,24.957209]},"properties":{"company_name":"路易莎職人咖啡股份有限公司","brand_name":"路易莎咖啡","product_name":"完美日曬耶加雪菲G1","has_allergens":false,"allergens":"","allergen_count":0,"county":"新北市"}},{"type":"Feature","geometry":{"type":"Point","coordinates":[121.537865,24.957209]},"properties":{"company_name":"路易莎職人咖啡股份有限公司","brand_name":"路易莎咖啡","product_name":"100%一番抹茶鮮奶冰沙","has_allergens":false,"allergens":"","allergen_count":0,"county":"新北市"}},{"type":"Feature","geometry":{"type":"Point","coordinates":[121.537865,24.957209]},"properties":{"company_name":"路易莎職人咖啡股份有限公司","brand_name":"路易莎咖啡","product_name":"漂浮抹茶蕎麥","has_allergens":false,"allergens":"","allergen_count":0,"county":"新北市"}},{"type":"Feature","geometry":{"type":"Point","coordinates":[121.537865,24.957209]},"properties":{"company_name":"路易莎職人咖啡股份有限公司","brand_name":"路易莎咖啡","product_name":"泰勒伯爵紅茶","has_allergens":false,"allergens":"","allergen_count":0,"county":"新北市"}},{"type":"Feature","geometry":{"type":"Point","coordinates":[121.537865,24.957209]},"properties":{"company_name":"路易莎職人咖啡股份有限公司","brand_name":"路易莎咖啡","product_name":"南非國寶青檸茶","has_allergens":false,"allergens":"","allergen_count":0,"county":"新北市"}},{"type":"Feature","geometry":{"type":"Point","coordinates":[121.537865,24.957209]},"properties":{"company_name":"路易莎職人咖啡股份有限公司","brand_name":"路易莎咖啡","product_name":"曼巴","has_allergens":false,"allergens":"","allergen_count":0,"county":"新北市"}},{"type":"Feature","geometry":{"type":"Point","coordinates":[121.537865,24.957209]},"properties":{"company_name":"路易莎職人咖啡股份有限公司","brand_name":"路易莎咖啡","product_name":"義式巧克力","has_allergens":false,"allergens":"","allergen_count":0,"county":"新北市"}},{"type":"Feature","geometry":{"type":"Point","coordinates":[121.537865,24.957209]},"properties":{"company_name":"路易莎職人咖啡股份有限公司","brand_name":"路易莎咖啡","product_name":"水洗耶加雪菲 科契爾G1","has_allergens":false,"allergens":"","allergen_count":0,"county":"新北市"}},{"type":"Feature","geometry":{"type":"Point","coordinates":[121.537865,24.957209]},"properties":{"company_name":"路易莎職人咖啡股份有限公司","brand_name":"路易莎咖啡","product_name":"水蜜桃蘋果風茶","has_allergens":false,"allergens":"","allergen_count":0,"county":"新北市"}},{"type":"Feature","geometry":{"type":"Point","coordinates":[121.534485,25.062254]},"properties":{"company_name":"丹堤咖啡食品股份有限公司","brand_name":"丹堤咖啡","product_name":"火腿起司蛋滿福堡","has_allergens":false,"allergens":"","allergen_count":0,"county":"臺北市"}},{"type":"Feature","geometry":{"type":"Point","coordinates":[121.534485,25.062254]},"properties":{"company_name":"丹堤咖啡食品股份有限公司","brand_name":"丹堤咖啡","product_name":"現烤總匯三明治","has_allergens":false,"allergens":"","allergen_count":0,"county":"臺北市"}},{"type":"Feature","geometry":{"type":"Point","coordinates":[121.534485,25.062254]},"properties":{"company_name":"丹堤咖啡食品股份有限公司","brand_name":"丹堤咖啡","product_name":"舒緩花草茶","has_allergens":false,"allergens":"","allergen_count":0,"county":"臺北市"}},{"type":"Feature","geometry":{"type":"Point","coordinates":[121.534485,25.062254]},"properties":{"company_name":"丹堤咖啡食品股份有限公司","brand_name":"丹堤咖啡","product_name":"起司蛋滿福堡","has_allergens":false,"allergens":"","allergen_count":0,"county":"臺北市"}},{"type":"Feature","geometry":{"type":"Point","coordinates":[121.534485,25.062254]},"properties":{"company_name":"丹堤咖啡食品股份有限公司","brand_name":"丹堤咖啡","product_name":"拿堤","has_allergens":false,"allergens":"","allergen_count":0,"county":"臺北市"}},{"type":"Feature","geometry":{"type":"Point","coordinates":[121.534485,25.062254]},"properties":{"company_name":"丹堤咖啡食品股份有限公司","brand_name":"丹堤咖啡","product_name":"活力燻雞丹麥燒餅","has_allergens":false,"allergens":"","allergen_count":0,"county":"臺北市"}},{"type":"Feature","geometry":{"type":"Point","coordinates":[121.534485,25.062254]},"properties":{"company_name":"丹堤咖啡食品股份有限公司","brand_name":"丹堤咖啡","product_name":"卡布其諾","has_allergens":false,"allergens":"","allergen_count":0,"county":"臺北市"}},{"type":"Feature","geometry":{"type":"Point","coordinates":[121.534485,25.062254]},"properties":{"company_name":"丹堤咖啡食品股份有限公司","brand_name":"丹堤咖啡","product_name":"蘋果汁","has_allergens":false,"allergens":"","allergen_count":0,"county":"臺北市"}},{"type":"Feature","geometry":{"type":"Point","coordinates":[121.534485,25.062254]},"properties":{"company_name":"丹堤咖啡食品股份有限公司","brand_name":"丹堤咖啡","product_name":"藍莓蘋果醋","has_allergens":false,"allergens":"","allergen_count":0,"county":"臺北市"}},{"type":"Feature","geometry":{"type":"Point","coordinates":[121.534485,25.062254]},"properties":{"company_name":"丹堤咖啡食品股份有限公司","brand_name":"丹堤咖啡","product_name":"燕麥優格飲","has_allergens":false,"allergens":"","allergen_count":0,"county":"臺北市"}},{"type":"Feature","geometry":{"type":"Point","coordinates":[121.534485,25.062254]},"properties":{"company_name":"丹堤咖啡食品股份有限公司","brand_name":"丹堤咖啡","product_name":"黃金蔬菜丹麥燒餅","has_allergens":false,"allergens":"","allergen_count":0,"county":"臺北市"}},{"type":"Feature","geometry":{"type":"Point","coordinates":[121.534485,25.062254]},"properties":{"company_name":"丹堤咖啡食品股份有限公司","brand_name":"丹堤咖啡","product_name":"摩卡","has_allergens":false,"allergens":"","allergen_count":0,"county":"臺北市"}},{"type":"Feature","geometry":{"type":"Point","coordinates":[121.534485,25.062254]},"properties":{"company_name":"丹堤咖啡食品股份有限公司","brand_name":"丹堤咖啡","product_name":"培根奶醬厚片","has_allergens":false,"allergens":"","allergen_count":0,"county":"臺北市"}},{"type":"Feature","geometry":{"type":"Point","coordinates":[121.534485,25.062254]},"properties":{"company_name":"丹堤咖啡食品股份有限公司","brand_name":"丹堤咖啡","product_name":"香蒜青醬嫩雞義大利麵","has_allergens":false,"allergens":"","allergen_count":0,"county":"臺北市"}},{"type":"Feature","geometry":{"type":"Point","coordinates":[121.534485,25.062254]},"properties":{"company_name":"丹堤咖啡食品股份有限公司","brand_name":"丹堤咖啡","product_name":"GRANOLA莓果優格碗","has_allergens":false,"allergens":"","allergen_count":0,"county":"臺北市"}},{"type":"Feature","geometry":{"type":"Point","coordinates":[121.534485,25.062254]},"properties":{"company_name":"丹堤咖啡食品股份有限公司","brand_name":"丹堤咖啡","product_name":"英式鮮奶茶","has_allergens":false,"allergens":"","allergen_count":0,"county":"臺北市"}},{"type":"Feature","geometry":{"type":"Point","coordinates":[121.534485,25.062254]},"properties":{"company_name":"丹堤咖啡食品股份有限公司","brand_name":"丹堤咖啡","product_name":"丹堤美式咖啡","has_allergens":false,"allergens":"","allergen_count":0,"county":"臺北市"}},{"type":"Feature","geometry":{"type":"Point","coordinates":[121.534485,25.062254]},"properties":{"company_name":"丹堤咖啡食品股份有限公司","brand_name":"丹堤咖啡","product_name":"鮪魚鮮蔬烘吐司","has_allergens":false,"allergens":"","allergen_count":0,"county":"臺北市"}},{"type":"Feature","geometry":{"type":"Point","coordinates":[121.534485,25.062254]},"properties":{"company_name":"丹堤咖啡食品股份有限公司","brand_name":"丹堤咖啡","product_name":"南非國寶茶","has_allergens":false,"allergens":"","allergen_count":0,"county":"臺北市"}},{"type":"Feature","geometry":{"type":"Point","coordinates":[121.534485,25.062254]},"properties":{"company_name":"丹堤咖啡食品股份有限公司","brand_name":"丹堤咖啡","product_name":"義式焗烤雙蛋鐵鍋","has_allergens":false,"allergens":"","allergen_count":0,"county":"臺北市"}},{"type":"Feature","geometry":{"type":"Point","coordinates":[121.534485,25.062254]},"properties":{"company_name":"丹堤咖啡食品股份有限公司","brand_name":"丹堤咖啡","product_name":"風味拿堤","has_allergens":false,"allergens":"","allergen_count":0,"county":"臺北市"}},{"type":"Feature","geometry":{"type":"Point","coordinates":[121.534485,25.062254]},"properties":{"company_name":"丹堤咖啡食品股份有限公司","brand_name":"丹堤咖啡","product_name":"丹堤鬆餅","has_allergens":false,"allergens":"","allergen_count":0,"county":"臺北市"}},{"type":"Feature","geometry":{"type":"Point","coordinates":[121.534485,25.062254]},"properties":{"company_name":"丹堤咖啡食品股份有限公司","brand_name":"丹堤咖啡","product_name":"綠茶","has_allergens":false,"allergens":"","allergen_count":0,"county":"臺北市"}},{"type":"Feature","geometry":{"type":"Point","coordinates":[121.534485,25.062254]},"properties":{"company_name":"丹堤咖啡食品股份有限公司","brand_name":"丹堤咖啡","product_name":"普羅旺斯烤雞三明治","has_allergens":false,"allergens":"","allergen_count":0,"county":"臺北市"}},{"type":"Feature","geometry":{"type":"Point","coordinates":[121.534485,25.062254]},"properties":{"company_name":"丹堤咖啡食品股份有限公司","brand_name":"丹堤咖啡","product_name":"起司火腿可頌","has_allergens":false,"allergens":"","allergen_count":0,"county":"臺北市"}},{"type":"Feature","geometry":{"type":"Point","coordinates":[121.534485,25.062254]},"properties":{"company_name":"丹堤咖啡食品股份有限公司","brand_name":"丹堤咖啡","product_name":"莓果優格飲","has_allergens":false,"allergens":"","allergen_count":0,"county":"臺北市"}},{"type":"Feature","geometry":{"type":"Point","coordinates":[121.534485,25.062254]},"properties":{"company_name":"丹堤咖啡食品股份有限公司","brand_name":"丹堤咖啡","product_name":"焦糖瑪琪雅朵","has_allergens":false,"allergens":"","allergen_count":0,"county":"臺北市"}},{"type":"Feature","geometry":{"type":"Point","coordinates":[121.534485,25.062254]},"properties":{"company_name":"丹堤咖啡食品股份有限公司","brand_name":"丹堤咖啡","product_name":"義式青醬烤雞三明治","has_allergens":false,"allergens":"","allergen_count":0,"county":"臺北市"}},{"type":"Feature","geometry":{"type":"Point","coordinates":[121.534485,25.062254]},"properties":{"company_name":"丹堤咖啡食品股份有限公司","brand_name":"丹堤咖啡","product_name":"澳式白咖啡","has_allergens":false,"allergens":"","allergen_count":0,"county":"臺北市"}},{"type":"Feature","geometry":{"type":"Point","coordinates":[121.534485,25.062254]},"properties":{"company_name":"丹堤咖啡食品股份有限公司","brand_name":"丹堤咖啡","product_name":"台灣蜜香紅茶","has_allergens":false,"allergens":"","allergen_count":0,"county":"臺北市"}},{"type":"Feature","geometry":{"type":"Point","coordinates":[121.53937,25.051723]},"properties":{"company_name":"咖碼股份有限公司","brand_name":"CAMA","product_name":"蜂蜜風味拿鐵","has_allergens":false,"allergens":"","allergen_count":0,"county":"臺北市"}},{"type":"Feature","geometry":{"type":"Point","coordinates":[121.53937,25.051723]},"properties":{"company_name":"咖碼股份有限公司","brand_name":"CAMA","product_name":"芒果蜜釀風味手沖","has_allergens":false,"allergens":"","allergen_count":0,"county":"臺北市"}},{"type":"Feature","geometry":{"type":"Point","coordinates":[121.53937,25.051723]},"properties":{"company_name":"咖碼股份有限公司","brand_name":"CAMA","product_name":"黃金曼特寧","has_allergens":false,"allergens":"","allergen_count":0,"county":"臺北市"}},{"type":"Feature","geometry":{"type":"Point","coordinates":[121.53937,25.051723]},"properties":{"company_name":"咖碼股份有限公司","brand_name":"CAMA","product_name":"蜂蜜風味鮮奶紅茶","has_allergens":false,"allergens":"","allergen_count":0,"county":"臺北市"}},{"type":"Feature","geometry":{"type":"Point","coordinates":[121.53937,25.051723]},"properties":{"company_name":"咖碼股份有限公司","brand_name":"CAMA","product_name":"榛果風味拿鐵","has_allergens":false,"allergens":"","allergen_count":0,"county":"臺北市"}},{"type":"Feature","geometry":{"type":"Point","coordinates":[121.53937,25.051723]},"properties":{"company_name":"咖碼股份有限公司","brand_name":"CAMA","product_name":"咖啡凍飲鮮奶紅茶","has_allergens":true,"allergens":"乳製品","allergen_count":1,"county":"臺北市"}},{"type":"Feature","geometry":{"type":"Point","coordinates":[121.53937,25.051723]},"properties":{"company_name":"咖碼股份有限公司","brand_name":"CAMA","product_name":"綜合莓果茶","has_allergens":true,"allergens":"海鮮類,乳製品","allergen_count":2,"county":"臺北市"}},{"type":"Feature","geometry":{"type":"Point","coordinates":[121.53937,25.051723]},"properties":{"company_name":"咖碼股份有限公司","brand_name":"CAMA","product_name":"鮮奶阿里山烏龍","has_allergens":false,"allergens":"","allergen_count":0,"county":"臺北市"}},{"type":"Feature","geometry":{"type":"Point","coordinates":[121.53937,25.051723]},"properties":{"company_name":"咖碼股份有限公司","brand_name":"CAMA","product_name":"百年野蜜奶霜紅茶","has_allergens":true,"allergens":"乳製品","allergen_count":1,"county":"臺北市"}},{"type":"Feature","geometry":{"type":"Point","coordinates":[121.53937,25.051723]},"properties":{"company_name":"咖碼股份有限公司","brand_name":"CAMA","product_name":"極厚乳三層拿鐵","has_allergens":true,"allergens":"乳製品","allergen_count":1,"county":"臺北市"}},{"type":"Feature","geometry":{"type":"Point","coordinates":[121.53937,25.051723]},"properties":{"company_name":"咖碼股份有限公司","brand_name":"CAMA","product_name":"CAMA金獎美式","has_allergens":false,"allergens":"","allergen_count":0,"county":"臺北市"}},{"type":"Feature","geometry":{"type":"Point","coordinates":[121.53937,25.051723]},"properties":{"company_name":"咖碼股份有限公司","brand_name":"CAMA","product_name":"冷萃-花香耶加雪菲","has_allergens":true,"allergens":"乳製品","allergen_count":1,"county":"臺北市"}},{"type":"Feature","geometry":{"type":"Point","coordinates":[121.53937,25.051723]},"properties":{"company_name":"咖碼股份有限公司","brand_name":"CAMA","product_name":"咖啡凍飲拿鐵","has_allergens":false,"allergens":"","allergen_count":0,"county":"臺北市"}},{"type":"Feature","geometry":{"type":"Point","coordinates":[121.53937,25.051723]},"properties":{"company_name":"咖碼股份有限公司","brand_name":"CAMA","product_name":"百年野蜜奶霜輕美式","has_allergens":false,"allergens":"","allergen_count":0,"county":"臺北市"}},{"type":"Feature","geometry":{"type":"Point","coordinates":[121.53937,25.051723]},"properties":{"company_name":"咖碼股份有限公司","brand_name":"CAMA","product_name":"鮮奶熟香紅茶","has_allergens":true,"allergens":"乳製品,麩質穀物","allergen_count":2,"county":"臺北市"}},{"type":"Feature","geometry":{"type":"Point","coordinates":[121.53937,25.051723]},"properties":{"company_name":"咖碼股份有限公司","brand_name":"CAMA","product_name":"巧克力王子","has_allergens":true,"allergens":"海鮮類,乳製品,麩質穀物","allergen_count":3,"county":"臺北市"}},{"type":"Feature","geometry":{"type":"Point","coordinates":[121.53937,25.051723]},"properties":{"company_name":"咖碼股份有限公司","brand_name":"CAMA","product_name":"微韻輕拿鐵","has_allergens":true,"allergens":"乳製品","allergen_count":1,"county":"臺北市"}},{"type":"Feature","geometry":{"type":"Point","coordinates":[121.53937,25.051723]},"properties":{"company_name":"咖碼股份有限公司","brand_name":"CAMA","product_name":"雙冠莊園精品美式","has_allergens":true,"allergens":"乳製品","allergen_count":1,"county":"臺北市"}},{"type":"Feature","geometry":{"type":"Point","coordinates":[121.53937,25.051723]},"properties":{"company_name":"咖碼股份有限公司","brand_name":"CAMA","product_name":"海鹽焦糖風味拿鐵","has_allergens":true,"allergens":"乳製品","allergen_count":1,"county":"臺北市"}},{"type":"Feature","geometry":{"type":"Point","coordinates":[121.53937,25.051723]},"properties":{"company_name":"咖碼股份有限公司","brand_name":"CAMA","product_name":"抹茶拿鐵","has_allergens":true,"allergens":"乳製品,麩質穀物","allergen_count":2,"county":"臺北市"}},{"type":"Feature","geometry":{"type":"Point","coordinates":[121.53937,25.051723]},"properties":{"company_name":"咖碼股份有限公司","brand_name":"CAMA","product_name":"冰梅酒拿鐵","has_allergens":true,"allergens":"乳製品","allergen_count":1,"county":"臺北市"}},{"type":"Feature","geometry":{"type":"Point","coordinates":[121.53937,25.051723]},"properties":{"company_name":"咖碼股份有限公司","brand_name":"CAMA","product_name":"耶加雪菲","has_allergens":false,"allergens":"","allergen_count":0,"county":"臺北市"}},{"type":"Feature","geometry":{"type":"Point","coordinates":[121.53937,25.051723]},"properties":{"company_name":"咖碼股份有限公司","brand_name":"CAMA","product_name":"特調熟香奶茶","has_allergens":true,"allergens":"海鮮類","allergen_count":1,"county":"臺北市"}},{"type":"Feature","geometry":{"type":"Point","coordinates":[121.53937,25.051723]},"properties":{"company_name":"咖碼股份有限公司","brand_name":"CAMA","product_name":"抹茶歐蕾","has_allergens":false,"allergens":"","allergen_count":0,"county":"臺北市"}},{"type":"Feature","geometry":{"type":"Point","coordinates":[121.53937,25.051723]},"properties":{"company_name":"咖碼股份有限公司","brand_name":"CAMA","product_name":"熟香紅茶","has_allergens":true,"allergens":"乳製品","allergen_count":1,"county":"臺北市"}},{"type":"Feature","geometry":{"type":"Point","coordinates":[121.53937,25.051723]},"properties":{"company_name":"咖碼股份有限公司","brand_name":"CAMA","product_name":"冷萃-檸檬風味冷萃","has_allergens":true,"allergens":"乳製品","allergen_count":1,"county":"臺北市"}},{"type":"Feature","geometry":{"type":"Point","coordinates":[121.53937,25.051723]},"properties":{"company_name":"咖碼股份有限公司","brand_name":"CAMA","product_name":"冷萃-堅果爵士","has_allergens":true,"allergens":"乳製品","allergen_count":1,"county":"臺北市"}},{"type":"Feature","geometry":{"type":"Point","coordinates":[121.53937,25.051723]},"properties":{"company_name":"咖碼股份有限公司","brand_name":"CAMA","product_name":"雙冠莊園精品拿鐵","has_allergens":true,"allergens":"乳製品","allergen_count":1,"county":"臺北市"}},{"type":"Feature","geometry":{"type":"Point","coordinates":[121.53937,25.051723]},"properties":{"company_name":"咖碼股份有限公司","brand_name":"CAMA","product_name":"奶蓋熟香紅茶","has_allergens":true,"allergens":"乳製品","allergen_count":1,"county":"臺北市"}},{"type":"Feature","geometry":{"type":"Point","coordinates":[121.53937,25.051723]},"properties":{"company_name":"咖碼股份有限公司","brand_name":"CAMA","product_name":"焦糖瑪奇朵","has_allergens":false,"allergens":"","allergen_count":0,"county":"臺北市"}},{"type":"Feature","geometry":{"type":"Point","coordinates":[121.46385,25.0108]},"properties":{"company_name":"阿發布雷克股份有限公司","brand_name":"CAFE!N","product_name":"莊園星空拿鐵","has_allergens":false,"allergens":"","allergen_count":0,"county":"新北市"}},{"type":"Feature","geometry":{"type":"Point","coordinates":[121.46385,25.0108]},"properties":{"company_name":"阿發布雷克股份有限公司","brand_name":"CAFE!N","product_name":"春玉蘭 綠鮮奶茶","has_allergens":true,"allergens":"乳製品","allergen_count":1,"county":"新北市"}},{"type":"Feature","geometry":{"type":"Point","coordinates":[121.46385,25.0108]},"properties":{"company_name":"阿發布雷克股份有限公司","brand_name":"CAFE!N","product_name":"夏紅玉 紅鮮奶茶","has_allergens":true,"allergens":"乳製品","allergen_count":1,"county":"新北市"}},{"type":"Feature","geometry":{"type":"Point","coordinates":[121.46385,25.0108]},"properties":{"company_name":"阿發布雷克股份有限公司","brand_name":"CAFE!N","product_name":"衣索比亞 耶加雪菲 日曬","has_allergens":false,"allergens":"","allergen_count":0,"county":"新北市"}},{"type":"Feature","geometry":{"type":"Point","coordinates":[121.46385,25.0108]},"properties":{"company_name":"阿發布雷克股份有限公司","brand_name":"CAFE!N","product_name":"秋焙火 烏龍鮮奶茶","has_allergens":false,"allergens":"","allergen_count":0,"county":"新北市"}},{"type":"Feature","geometry":{"type":"Point","coordinates":[121.46385,25.0108]},"properties":{"company_name":"阿發布雷克股份有限公司","brand_name":"CAFE!N","product_name":"莊園黑咖啡","has_allergens":true,"allergens":"乳製品","allergen_count":1,"county":"新北市"}},{"type":"Feature","geometry":{"type":"Point","coordinates":[121.46385,25.0108]},"properties":{"company_name":"阿發布雷克股份有限公司","brand_name":"CAFE!N","product_name":"春玉蘭 綠茶","has_allergens":false,"allergens":"","allergen_count":0,"county":"新北市"}},{"type":"Feature","geometry":{"type":"Point","coordinates":[121.46385,25.0108]},"properties":{"company_name":"阿發布雷克股份有限公司","brand_name":"CAFE!N","product_name":"世界冠軍拿鐵","has_allergens":false,"allergens":"","allergen_count":0,"county":"新北市"}},{"type":"Feature","geometry":{"type":"Point","coordinates":[121.46385,25.0108]},"properties":{"company_name":"阿發布雷克股份有限公司","brand_name":"CAFE!N","product_name":"芝麻拿鐵","has_allergens":true,"allergens":"乳製品","allergen_count":1,"county":"新北市"}},{"type":"Feature","geometry":{"type":"Point","coordinates":[121.46385,25.0108]},"properties":{"company_name":"阿發布雷克股份有限公司","brand_name":"CAFE!N","product_name":"卡布奇諾","has_allergens":false,"allergens":"","allergen_count":0,"county":"新北市"}},{"type":"Feature","geometry":{"type":"Point","coordinates":[121.46385,25.0108]},"properties":{"company_name":"阿發布雷克股份有限公司","brand_name":"CAFE!N","product_name":"可可拿鐵","has_allergens":true,"allergens":"乳製品","allergen_count":1,"county":"新北市"}},{"type":"Feature","geometry":{"type":"Point","coordinates":[121.46385,25.0108]},"properties":{"company_name":"阿發布雷克股份有限公司","brand_name":"CAFE!N","product_name":"焦糖海鹽咖啡","has_allergens":false,"allergens":"","allergen_count":0,"county":"新北市"}},{"type":"Feature","geometry":{"type":"Point","coordinates":[121.46385,25.0108]},"properties":{"company_name":"阿發布雷克股份有限公司","brand_name":"CAFE!N","product_name":"抹茶拿鐵","has_allergens":false,"allergens":"","allergen_count":0,"county":"新北市"}},{"type":"Feature","geometry":{"type":"Point","coordinates":[121.46385,25.0108]},"properties":{"company_name":"阿發布雷克股份有限公司","brand_name":"CAFE!N","product_name":"烤糖莊園拿鐵","has_allergens":false,"allergens":"","allergen_count":0,"county":"新北市"}},{"type":"Feature","geometry":{"type":"Point","coordinates":[121.46385,25.0108]},"properties":{"company_name":"阿發布雷克股份有限公司","brand_name":"CAFE!N","product_name":"摩卡","has_allergens":false,"allergens":"","allergen_count":0,"county":"新北市"}},{"type":"Feature","geometry":{"type":"Point","coordinates":[121.46385,25.0108]},"properties":{"company_name":"阿發布雷克股份有限公司","brand_name":"CAFE!N","product_name":"焦糖瑪奇朵","has_allergens":true,"allergens":"乳製品","allergen_count":1,"county":"新北市"}},{"type":"Feature","geometry":{"type":"Point","coordinates":[121.46385,25.0108]},"properties":{"company_name":"阿發布雷克股份有限公司","brand_name":"CAFE!N","product_name":"八女抹茶奶霜","has_allergens":false,"allergens":"","allergen_count":0,"county":"新北市"}},{"type":"Feature","geometry":{"type":"Point","coordinates":[121.46385,25.0108]},"properties":{"company_name":"阿發布雷克股份有限公司","brand_name":"CAFE!N","product_name":"濃巧克力碎片","has_allergens":true,"allergens":"乳製品","allergen_count":1,"county":"新北市"}},{"type":"Feature","geometry":{"type":"Point","coordinates":[121.46385,25.0108]},"properties":{"company_name":"阿發布雷克股份有限公司","brand_name":"CAFE!N","product_name":"秋焙火 烏龍","has_allergens":false,"allergens":"","allergen_count":0,"county":"新北市"}},{"type":"Feature","geometry":{"type":"Point","coordinates":[121.46385,25.0108]},"properties":{"company_name":"阿發布雷克股份有限公司","brand_name":"CAFE!N","product_name":"香濃牛奶","has_allergens":false,"allergens":"","allergen_count":0,"county":"新北市"}},{"type":"Feature","geometry":{"type":"Point","coordinates":[121.46385,25.0108]},"properties":{"company_name":"阿發布雷克股份有限公司","brand_name":"CAFE!N","product_name":"冬錫蘭 紅鮮奶茶","has_allergens":true,"allergens":"乳製品","allergen_count":1,"county":"新北市"}},{"type":"Feature","geometry":{"type":"Point","coordinates":[121.46385,25.0108]},"properties":{"company_name":"阿發布雷克股份有限公司","brand_name":"CAFE!N","product_name":"伯爵奶茶司康","has_allergens":true,"allergens":"乳製品","allergen_count":1,"county":"新北市"}},{"type":"Feature","geometry":{"type":"Point","coordinates":[121.46385,25.0108]},"properties":{"company_name":"阿發布雷克股份有限公司","brand_name":"CAFE!N","product_name":"烤糖冠軍拿鐵","has_allergens":false,"allergens":"","allergen_count":0,"county":"新北市"}},{"type":"Feature","geometry":{"type":"Point","coordinates":[121.46385,25.0108]},"properties":{"company_name":"阿發布雷克股份有限公司","brand_name":"CAFE!N","product_name":"世界冠軍黑咖啡","has_allergens":true,"allergens":"乳製品,酒精","allergen_count":2,"county":"新北市"}},{"type":"Feature","geometry":{"type":"Point","coordinates":[121.46385,25.0108]},"properties":{"company_name":"阿發布雷克股份有限公司","brand_name":"CAFE!N","product_name":"梅式美式 沙士黑咖啡","has_allergens":false,"allergens":"","allergen_count":0,"county":"新北市"}},{"type":"Feature","geometry":{"type":"Point","coordinates":[121.46385,25.0108]},"properties":{"company_name":"阿發布雷克股份有限公司","brand_name":"CAFE!N","product_name":"巴斯克乳酪蛋糕","has_allergens":false,"allergens":"","allergen_count":0,"county":"新北市"}},{"type":"Feature","geometry":{"type":"Point","coordinates":[121.46385,25.0108]},"properties":{"company_name":"阿發布雷克股份有限公司","brand_name":"CAFE!N","product_name":"無乳糖世界冠軍拿鐵","has_allergens":true,"allergens":"乳製品","allergen_count":1,"county":"新北市"}},{"type":"Feature","geometry":{"type":"Point","coordinates":[121.46385,25.0108]},"properties":{"company_name":"阿發布雷克股份有限公司","brand_name":"CAFE!N","product_name":"桂花冠軍拿鐵","has_allergens":true,"allergens":"乳製品","allergen_count":1,"county":"新北市"}},{"type":"Feature","geometry":{"type":"Point","coordinates":[121.46385,25.0108]},"properties":{"company_name":"阿發布雷克股份有限公司","brand_name":"CAFE!N","product_name":"夏紅玉 紅茶","has_allergens":false,"allergens":"","allergen_count":0,"county":"新北市"}},{"type":"Feature","geometry":{"type":"Point","coordinates":[121.46385,25.0108]},"properties":{"company_name":"阿發布雷克股份有限公司","brand_name":"CAFE!N","product_name":"世界冠軍 巴西 嚴家 莊園暗室處理","has_allergens":true,"allergens":"乳製品","allergen_count":1,"county":"新北市"}},{"type":"Feature","geometry":{"type":"Point","coordinates":[121.52317,25.061386]},"properties":{"company_name":"奇華股份有限公司","brand_name":"奇華餅家","product_name":"鳳梨金酥","has_allergens":false,"allergens":"","allergen_count":0,"county":"臺北市"}},{"type":"Feature","geometry":{"type":"Point","coordinates":[121.52317,25.061386]},"properties":{"company_name":"奇華股份有限公司","brand_name":"奇華餅家","product_name":"土鳳梨酥","has_allergens":false,"allergens":"","allergen_count":0,"county":"臺北市"}},{"type":"Feature","geometry":{"type":"Point","coordinates":[121.52317,25.061386]},"properties":{"company_name":"奇華股份有限公司","brand_name":"奇華餅家","product_name":"奶油牛軋糖","has_allergens":false,"allergens":"","allergen_count":0,"county":"臺北市"}},{"type":"Feature","geometry":{"type":"Point","coordinates":[121.52317,25.061386]},"properties":{"company_name":"奇華股份有限公司","brand_name":"奇華餅家","product_name":"杏仁牛軋糖","has_allergens":false,"allergens":"","allergen_count":0,"county":"臺北市"}},{"type":"Feature","geometry":{"type":"Point","coordinates":[121.52317,25.061386]},"properties":{"company_name":"奇華股份有限公司","brand_name":"奇華餅家","product_name":"蔓越莓核果牛軋糖","has_allergens":false,"allergens":"","allergen_count":0,"county":"臺北市"}},{"type":"Feature","geometry":{"type":"Point","coordinates":[121.52317,25.061386]},"properties":{"company_name":"奇華股份有限公司","brand_name":"奇華餅家","product_name":"豆沙蛋黃酥","has_allergens":false,"allergens":"","allergen_count":0,"county":"臺北市"}},{"type":"Feature","geometry":{"type":"Point","coordinates":[121.52317,25.061386]},"properties":{"company_name":"奇華股份有限公司","brand_name":"奇華餅家","product_name":"棗泥蛋黃酥","has_allergens":false,"allergens":"","allergen_count":0,"county":"臺北市"}},{"type":"Feature","geometry":{"type":"Point","coordinates":[121.52317,25.061386]},"properties":{"company_name":"奇華股份有限公司","brand_name":"奇華餅家","product_name":"蓮蓉蛋黃酥","has_allergens":false,"allergens":"","allergen_count":0,"county":"臺北市"}},{"type":"Feature","geometry":{"type":"Point","coordinates":[121.52317,25.061386]},"properties":{"company_name":"奇華股份有限公司","brand_name":"奇華餅家","product_name":"蛋黃鳳梨金酥","has_allergens":false,"allergens":"","allergen_count":0,"county":"臺北市"}},{"type":"Feature","geometry":{"type":"Point","coordinates":[121.53297,25.05974]},"properties":{"company_name":"兆順食品有限公司","brand_name":"順成蛋糕","product_name":"冠軍鳳梨酥","has_allergens":false,"allergens":"","allergen_count":0,"county":"臺北市"}},{"type":"Feature","geometry":{"type":"Point","coordinates":[121.53297,25.05974]},"properties":{"company_name":"兆順食品有限公司","brand_name":"順成蛋糕","product_name":"核桃鳳梨酥","has_allergens":false,"allergens":"","allergen_count":0,"county":"臺北市"}},{"type":"Feature","geometry":{"type":"Point","coordinates":[121.53297,25.05974]},"properties":{"company_name":"兆順食品有限公司","brand_name":"順成蛋糕","product_name":"太陽餅","has_allergens":false,"allergens":"","allergen_count":0,"county":"臺北市"}},{"type":"Feature","geometry":{"type":"Point","coordinates":[121.53297,25.05974]},"properties":{"company_name":"兆順食品有限公司","brand_name":"順成蛋糕","product_name":"棗泥核桃蛋糕","has_allergens":false,"allergens":"","allergen_count":0,"county":"臺北市"}},{"type":"Feature","geometry":{"type":"Point","coordinates":[121.53297,25.05974]},"properties":{"company_name":"兆順食品有限公司","brand_name":"順成蛋糕","product_name":"水果核桃蛋糕","has_allergens":false,"allergens":"","allergen_count":0,"county":"臺北市"}},{"type":"Feature","geometry":{"type":"Point","coordinates":[121.53297,25.05974]},"properties":{"company_name":"兆順食品有限公司","brand_name":"順成蛋糕","product_name":"焦糖摩卡","has_allergens":false,"allergens":"","allergen_count":0,"county":"臺北市"}},{"type":"Feature","geometry":{"type":"Point","coordinates":[121.53297,25.05974]},"properties":{"company_name":"兆順食品有限公司","brand_name":"順成蛋糕","product_name":"黑天使","has_allergens":false,"allergens":"","allergen_count":0,"county":"臺北市"}},{"type":"Feature","geometry":{"type":"Point","coordinates":[121.53297,25.05974]},"properties":{"company_name":"兆順食品有限公司","brand_name":"順成蛋糕","product_name":"拿破崙","has_allergens":false,"allergens":"","allergen_count":0,"county":"臺北市"}},{"type":"Feature","geometry":{"type":"Point","coordinates":[121.53297,25.05974]},"properties":{"company_name":"兆順食品有限公司","brand_name":"順成蛋糕","product_name":"原味鳳梨酥","has_allergens":false,"allergens":"","allergen_count":0,"county":"臺北市"}},{"type":"Feature","geometry":{"type":"Point","coordinates":[121.53297,25.05974]},"properties":{"company_name":"兆順食品有限公司","brand_name":"順成蛋糕","product_name":"豆沙蛋黃酥","has_allergens":false,"allergens":"","allergen_count":0,"county":"臺北市"}},{"type":"Feature","geometry":{"type":"Point","coordinates":[121.53297,25.05974]},"properties":{"company_name":"兆順食品有限公司","brand_name":"順成蛋糕","product_name":"綠豆椪","has_allergens":false,"allergens":"","allergen_count":0,"county":"臺北市"}},{"type":"Feature","geometry":{"type":"Point","coordinates":[121.52134,25.0576]},"properties":{"company_name":"馬可先生食品企業有限公司","brand_name":"馬可先生麵包坊","product_name":"雜糧鳳梨酥","has_allergens":false,"allergens":"","allergen_count":0,"county":"臺北市"}},{"type":"Feature","geometry":{"type":"Point","coordinates":[121.52134,25.0576]},"properties":{"company_name":"馬可先生食品企業有限公司","brand_name":"馬可先生麵包坊","product_name":"雜糧月餅-松子棗泥","has_allergens":false,"allergens":"","allergen_count":0,"county":"臺北市"}},{"type":"Feature","geometry":{"type":"Point","coordinates":[121.52134,25.0576]},"properties":{"company_name":"馬可先生食品企業有限公司","brand_name":"馬可先生麵包坊","product_name":"雜糧月餅-養生果仁","has_allergens":false,"allergens":"","allergen_count":0,"county":"臺北市"}},{"type":"Feature","geometry":{"type":"Point","coordinates":[121.52134,25.0576]},"properties":{"company_name":"馬可先生食品企業有限公司","brand_name":"馬可先生麵包坊","product_name":"雜糧月餅-紅莓奶酥","has_allergens":false,"allergens":"","allergen_count":0,"county":"臺北市"}},{"type":"Feature","geometry":{"type":"Point","coordinates":[121.52134,25.0576]},"properties":{"company_name":"馬可先生食品企業有限公司","brand_name":"馬可先生麵包坊","product_name":"燕麥蛋糕捲-原味","has_allergens":false,"allergens":"","allergen_count":0,"county":"臺北市"}},{"type":"Feature","geometry":{"type":"Point","coordinates":[121.52134,25.0576]},"properties":{"company_name":"馬可先生食品企業有限公司","brand_name":"馬可先生麵包坊","product_name":"燕麥蛋糕捲-巧克力","has_allergens":false,"allergens":"","allergen_count":0,"county":"臺北市"}},{"type":"Feature","geometry":{"type":"Point","coordinates":[121.52134,25.0576]},"properties":{"company_name":"馬可先生食品企業有限公司","brand_name":"馬可先生麵包坊","product_name":"燕麥蛋糕捲-芝麻","has_allergens":false,"allergens":"","allergen_count":0,"county":"臺北市"}},{"type":"Feature","geometry":{"type":"Point","coordinates":[121.52134,25.0576]},"properties":{"company_name":"馬可先生食品企業有限公司","brand_name":"馬可先生麵包坊","product_name":"起士乳酪蛋糕","has_allergens":false,"allergens":"","allergen_count":0,"county":"臺北市"}},{"type":"Feature","geometry":{"type":"Point","coordinates":[121.52134,25.0576]},"properties":{"company_name":"馬可先生食品企業有限公司","brand_name":"馬可先生麵包坊","product_name":"雜糧桂圓酥","has_allergens":false,"allergens":"","allergen_count":0,"county":"臺北市"}},{"type":"Feature","geometry":{"type":"Point","coordinates":[121.52134,25.0576]},"properties":{"company_name":"馬可先生食品企業有限公司","brand_name":"馬可先生麵包坊","product_name":"伯爵芒果酥","has_allergens":false,"allergens":"","allergen_count":0,"county":"臺北市"}},{"type":"Feature","geometry":{"type":"Point","coordinates":[121.52134,25.0576]},"properties":{"company_name":"馬可先生食品企業有限公司","brand_name":"馬可先生麵包坊","product_name":"雜糧蛋黃酥","has_allergens":false,"allergens":"","allergen_count":0,"county":"臺北市"}},{"type":"Feature","geometry":{"type":"Point","coordinates":[121.65162,25.073116]},"properties":{"company_name":"香帥蛋糕有限公司","brand_name":"香帥蛋糕","product_name":"芋泥卷蛋糕","has_allergens":false,"allergens":"","allergen_count":0,"county":"新北市"}},{"type":"Feature","geometry":{"type":"Point","coordinates":[121.65162,25.073116]},"properties":{"company_name":"香帥蛋糕有限公司","brand_name":"香帥蛋糕","product_name":"雙層芋泥蛋糕","has_allergens":false,"allergens":"","allergen_count":0,"county":"新北市"}},{"type":"Feature","geometry":{"type":"Point","coordinates":[121.65162,25.073116]},"properties":{"company_name":"香帥蛋糕有限公司","brand_name":"香帥蛋糕","product_name":"雙層紅豆蛋糕","has_allergens":false,"allergens":"","allergen_count":0,"county":"新北市"}},{"type":"Feature","geometry":{"type":"Point","coordinates":[121.65162,25.073116]},"properties":{"company_name":"香帥蛋糕有限公司","brand_name":"香帥蛋糕","product_name":"精緻紅豆卷","has_allergens":false,"allergens":"","allergen_count":0,"county":"新北市"}},{"type":"Feature","geometry":{"type":"Point","coordinates":[121.65162,25.073116]},"properties":{"company_name":"香帥蛋糕有限公司","brand_name":"香帥蛋糕","product_name":"蛋定千層蛋糕","has_allergens":false,"allergens":"","allergen_count":0,"county":"新北市"}},{"type":"Feature","geometry":{"type":"Point","coordinates":[121.65162,25.073116]},"properties":{"company_name":"香帥蛋糕有限公司","brand_name":"香帥蛋糕","product_name":"傳統鳳梨酥","has_allergens":false,"allergens":"","allergen_count":0,"county":"新北市"}},{"type":"Feature","geometry":{"type":"Point","coordinates":[121.65162,25.073116]},"properties":{"company_name":"香帥蛋糕有限公司","brand_name":"香帥蛋糕","product_name":"金磚鳳梨酥","has_allergens":false,"allergens":"","allergen_count":0,"county":"新北市"}},{"type":"Feature","geometry":{"type":"Point","coordinates":[121.65162,25.073116]},"properties":{"company_name":"香帥蛋糕有限公司","brand_name":"香帥蛋糕","product_name":"芋頭牛軋糖","has_allergens":false,"allergens":"","allergen_count":0,"county":"新北市"}},{"type":"Feature","geometry":{"type":"Point","coordinates":[121.65162,25.073116]},"properties":{"company_name":"香帥蛋糕有限公司","brand_name":"香帥蛋糕","product_name":"咖啡核桃蛋糕","has_allergens":false,"allergens":"","allergen_count":0,"county":"新北市"}},{"type":"Feature","geometry":{"type":"Point","coordinates":[121.65162,25.073116]},"properties":{"company_name":"香帥蛋糕有限公司","brand_name":"香帥蛋糕","product_name":"晶鑽布朗尼蛋糕","has_allergens":false,"allergens":"","allergen_count":0,"county":"新北市"}},{"type":"Feature","geometry":{"type":"Point","coordinates":[121.5175,25.047318]},"properties":{"company_name":"源吉兆庵股份有限公司","brand_name":"源吉兆庵","product_name":"NO.33 蛋糕","has_allergens":false,"allergens":"","allergen_count":0,"county":"臺北市"}},{"type":"Feature","geometry":{"type":"Point","coordinates":[121.5175,25.047318]},"properties":{"company_name":"源吉兆庵股份有限公司","brand_name":"源吉兆庵","product_name":"NO.161 綠茶蛋糕","has_allergens":false,"allergens":"","allergen_count":0,"county":"臺北市"}},{"type":"Feature","geometry":{"type":"Point","coordinates":[121.5175,25.047318]},"properties":{"company_name":"源吉兆庵股份有限公司","brand_name":"源吉兆庵","product_name":"NO.418 紅豆栗子蛋糕","has_allergens":false,"allergens":"","allergen_count":0,"county":"臺北市"}},{"type":"Feature","geometry":{"type":"Point","coordinates":[121.54005,25.052124]},"properties":{"company_name":"一之鄉股份有限公司","brand_name":"一之鄉","product_name":"龍眼花蜜蜂蜜蛋糕","has_allergens":false,"allergens":"","allergen_count":0,"county":"臺北市"}},{"type":"Feature","geometry":{"type":"Point","coordinates":[121.54005,25.052124]},"properties":{"company_name":"一之鄉股份有限公司","brand_name":"一之鄉","product_name":"翠玉茗茶蜂蜜蛋糕","has_allergens":false,"allergens":"","allergen_count":0,"county":"臺北市"}},{"type":"Feature","geometry":{"type":"Point","coordinates":[121.54005,25.052124]},"properties":{"company_name":"一之鄉股份有限公司","brand_name":"一之鄉","product_name":"金鑽鳳梨蜂蜜蛋糕","has_allergens":false,"allergens":"","allergen_count":0,"county":"臺北市"}},{"type":"Feature","geometry":{"type":"Point","coordinates":[121.54005,25.052124]},"properties":{"company_name":"一之鄉股份有限公司","brand_name":"一之鄉","product_name":"皇金燒","has_allergens":false,"allergens":"","allergen_count":0,"county":"臺北市"}},{"type":"Feature","geometry":{"type":"Point","coordinates":[121.54005,25.052124]},"properties":{"company_name":"一之鄉股份有限公司","brand_name":"一之鄉","product_name":"土鳳梨酥","has_allergens":false,"allergens":"","allergen_count":0,"county":"臺北市"}},{"type":"Feature","geometry":{"type":"Point","coordinates":[121.54005,25.052124]},"properties":{"company_name":"一之鄉股份有限公司","brand_name":"一之鄉","product_name":"鳳梨酥(冬瓜餡)","has_allergens":false,"allergens":"","allergen_count":0,"county":"臺北市"}},{"type":"Feature","geometry":{"type":"Point","coordinates":[121.54005,25.052124]},"properties":{"company_name":"一之鄉股份有限公司","brand_name":"一之鄉","product_name":"鳳梨酥(雙鳳餡)","has_allergens":false,"allergens":"","allergen_count":0,"county":"臺北市"}},{"type":"Feature","geometry":{"type":"Point","coordinates":[121.54005,25.052124]},"properties":{"company_name":"一之鄉股份有限公司","brand_name":"一之鄉","product_name":"金黃月見酥","has_allergens":false,"allergens":"","allergen_count":0,"county":"臺北市"}},{"type":"Feature","geometry":{"type":"Point","coordinates":[121.54005,25.052124]},"properties":{"company_name":"一之鄉股份有限公司","brand_name":"一之鄉","product_name":"金鳳酥","has_allergens":false,"allergens":"","allergen_count":0,"county":"臺北市"}},{"type":"Feature","geometry":{"type":"Point","coordinates":[121.52984,25.060453]},"properties":{"company_name":"郭元益食品股份有限公司","brand_name":"郭元益","product_name":"100%純鳳梨酥","has_allergens":false,"allergens":"","allergen_count":0,"county":"臺北市"}},{"type":"Feature","geometry":{"type":"Point","coordinates":[121.52984,25.060453]},"properties":{"company_name":"郭元益食品股份有限公司","brand_name":"郭元益","product_name":"金獎鳳梨酥","has_allergens":false,"allergens":"","allergen_count":0,"county":"臺北市"}},{"type":"Feature","geometry":{"type":"Point","coordinates":[121.52984,25.060453]},"properties":{"company_name":"郭元益食品股份有限公司","brand_name":"郭元益","product_name":"金獎鳳黃酥","has_allergens":false,"allergens":"","allergen_count":0,"county":"臺北市"}},{"type":"Feature","geometry":{"type":"Point","coordinates":[121.52984,25.060453]},"properties":{"company_name":"郭元益食品股份有限公司","brand_name":"郭元益","product_name":"迷你金沙蛋黃酥","has_allergens":false,"allergens":"","allergen_count":0,"county":"臺北市"}},{"type":"Feature","geometry":{"type":"Point","coordinates":[121.52984,25.060453]},"properties":{"company_name":"郭元益食品股份有限公司","brand_name":"郭元益","product_name":"迷你冰沙餡餅","has_allergens":false,"allergens":"","allergen_count":0,"county":"臺北市"}},{"type":"Feature","geometry":{"type":"Point","coordinates":[121.52984,25.060453]},"properties":{"company_name":"郭元益食品股份有限公司","brand_name":"郭元益","product_name":"喔熊Oh Bear餅乾(巧克力)","has_allergens":false,"allergens":"","allergen_count":0,"county":"臺北市"}},{"type":"Feature","geometry":{"type":"Point","coordinates":[121.52984,25.060453]},"properties":{"company_name":"郭元益食品股份有限公司","brand_name":"郭元益","product_name":"喔熊Oh Bear餅乾(巧克力、蜂蜜烏龍茶混合24入)-蜂蜜烏龍茶食材","has_allergens":false,"allergens":"","allergen_count":0,"county":"臺北市"}},{"type":"Feature","geometry":{"type":"Point","coordinates":[121.52984,25.060453]},"properties":{"company_name":"郭元益食品股份有限公司","brand_name":"郭元益","product_name":"喔熊Oh Bear餅乾(巧克力、蜂蜜烏龍茶混合24入)-巧克力食材","has_allergens":false,"allergens":"","allergen_count":0,"county":"臺北市"}},{"type":"Feature","geometry":{"type":"Point","coordinates":[121.52984,25.060453]},"properties":{"company_name":"郭元益食品股份有限公司","brand_name":"郭元益","product_name":"烏沙蛋黃酥","has_allergens":false,"allergens":"","allergen_count":0,"county":"臺北市"}},{"type":"Feature","geometry":{"type":"Point","coordinates":[121.52984,25.060453]},"properties":{"company_name":"郭元益食品股份有限公司","brand_name":"郭元益","product_name":"太陽酥餅","has_allergens":false,"allergens":"","allergen_count":0,"county":"臺北市"}},{"type":"Feature","geometry":{"type":"Point","coordinates":[121.52984,25.060453]},"properties":{"company_name":"郭元益食品股份有限公司","brand_name":"郭元益","product_name":"綠豆椪","has_allergens":false,"allergens":"","allergen_count":0,"county":"臺北市"}},{"type":"Feature","geometry":{"type":"Point","coordinates":[121.52984,25.060453]},"properties":{"company_name":"郭元益食品股份有限公司","brand_name":"郭元益","product_name":"喔熊牛軋餅乾","has_allergens":false,"allergens":"","allergen_count":0,"county":"臺北市"}},{"type":"Feature","geometry":{"type":"Point","coordinates":[121.52984,25.060453]},"properties":{"company_name":"郭元益食品股份有限公司","brand_name":"郭元益","product_name":"珍珠奶茶酥","has_allergens":false,"allergens":"","allergen_count":0,"county":"臺北市"}},{"type":"Feature","geometry":{"type":"Point","coordinates":[121.52984,25.060453]},"properties":{"company_name":"郭元益食品股份有限公司","brand_name":"郭元益","product_name":"迷你鳳梨奶黃酥","has_allergens":false,"allergens":"","allergen_count":0,"county":"臺北市"}},{"type":"Feature","geometry":{"type":"Point","coordinates":[121.52984,25.060453]},"properties":{"company_name":"郭元益食品股份有限公司","brand_name":"郭元益","product_name":"迷你綠豆椪","has_allergens":false,"allergens":"","allergen_count":0,"county":"臺北市"}},{"type":"Feature","geometry":{"type":"Point","coordinates":[121.53768,24.958727]},"properties":{"company_name":"薩摩亞商客來喜餐飲股份有限公司台灣分公司","brand_name":"樂田麵包屋","product_name":"香蕉可可磅蛋糕","has_allergens":false,"allergens":"","allergen_count":0,"county":"新北市"}},{"type":"Feature","geometry":{"type":"Point","coordinates":[121.53768,24.958727]},"properties":{"company_name":"薩摩亞商客來喜餐飲股份有限公司台灣分公司","brand_name":"樂田麵包屋","product_name":"焦糖蘋果磅蛋糕","has_allergens":false,"allergens":"","allergen_count":0,"county":"新北市"}},{"type":"Feature","geometry":{"type":"Point","coordinates":[121.53768,24.958727]},"properties":{"company_name":"薩摩亞商客來喜餐飲股份有限公司台灣分公司","brand_name":"樂田麵包屋","product_name":"紅酒覆盆子磅蛋糕(長條盒)","has_allergens":false,"allergens":"","allergen_count":0,"county":"新北市"}},{"type":"Feature","geometry":{"type":"Point","coordinates":[121.53768,24.958727]},"properties":{"company_name":"薩摩亞商客來喜餐飲股份有限公司台灣分公司","brand_name":"樂田麵包屋","product_name":"黃檸檬磅蛋糕(長條盒)","has_allergens":false,"allergens":"","allergen_count":0,"county":"新北市"}},{"type":"Feature","geometry":{"type":"Point","coordinates":[121.53768,24.958727]},"properties":{"company_name":"薩摩亞商客來喜餐飲股份有限公司台灣分公司","brand_name":"樂田麵包屋","product_name":"好旺土鳳梨酥  ","has_allergens":false,"allergens":"","allergen_count":0,"county":"新北市"}},{"type":"Feature","geometry":{"type":"Point","coordinates":[121.53768,24.958727]},"properties":{"company_name":"薩摩亞商客來喜餐飲股份有限公司台灣分公司","brand_name":"樂田麵包屋","product_name":"經典蛋黃酥","has_allergens":false,"allergens":"","allergen_count":0,"county":"新北市"}},{"type":"Feature","geometry":{"type":"Point","coordinates":[121.4747,25.006468]},"properties":{"company_name":"米哥食品有限公司","brand_name":"米哥烘焙坊","product_name":"香蕉蛋糕","has_allergens":false,"allergens":"","allergen_count":0,"county":"新北市"}},{"type":"Feature","geometry":{"type":"Point","coordinates":[121.4747,25.006468]},"properties":{"company_name":"米哥食品有限公司","brand_name":"米哥烘焙坊","product_name":"牛軋糖-杏仁","has_allergens":false,"allergens":"","allergen_count":0,"county":"新北市"}},{"type":"Feature","geometry":{"type":"Point","coordinates":[121.4747,25.006468]},"properties":{"company_name":"米哥食品有限公司","brand_name":"米哥烘焙坊","product_name":"牛軋糖-蔓越莓","has_allergens":false,"allergens":"","allergen_count":0,"county":"新北市"}},{"type":"Feature","geometry":{"type":"Point","coordinates":[121.4747,25.006468]},"properties":{"company_name":"米哥食品有限公司","brand_name":"米哥烘焙坊","product_name":"牛軋餅","has_allergens":false,"allergens":"","allergen_count":0,"county":"新北市"}},{"type":"Feature","geometry":{"type":"Point","coordinates":[121.4747,25.006468]},"properties":{"company_name":"米哥食品有限公司","brand_name":"米哥烘焙坊","product_name":"芋頭乳酪燒","has_allergens":false,"allergens":"","allergen_count":0,"county":"新北市"}},{"type":"Feature","geometry":{"type":"Point","coordinates":[121.4747,25.006468]},"properties":{"company_name":"米哥食品有限公司","brand_name":"米哥烘焙坊","product_name":"拿破崙起酥派","has_allergens":false,"allergens":"","allergen_count":0,"county":"新北市"}},{"type":"Feature","geometry":{"type":"Point","coordinates":[121.4747,25.006468]},"properties":{"company_name":"米哥食品有限公司","brand_name":"米哥烘焙坊","product_name":"烤甜甜圈","has_allergens":false,"allergens":"","allergen_count":0,"county":"新北市"}},{"type":"Feature","geometry":{"type":"Point","coordinates":[121.4747,25.006468]},"properties":{"company_name":"米哥食品有限公司","brand_name":"米哥烘焙坊","product_name":"起酥蛋糕(條)","has_allergens":false,"allergens":"","allergen_count":0,"county":"新北市"}},{"type":"Feature","geometry":{"type":"Point","coordinates":[121.4747,25.006468]},"properties":{"company_name":"米哥食品有限公司","brand_name":"米哥烘焙坊","product_name":"咖啡甜心捲","has_allergens":false,"allergens":"","allergen_count":0,"county":"新北市"}},{"type":"Feature","geometry":{"type":"Point","coordinates":[121.4747,25.006468]},"properties":{"company_name":"米哥食品有限公司","brand_name":"米哥烘焙坊","product_name":"蔓越莓甜心捲","has_allergens":false,"allergens":"","allergen_count":0,"county":"新北市"}},{"type":"Feature","geometry":{"type":"Point","coordinates":[121.4747,25.006468]},"properties":{"company_name":"米哥食品有限公司","brand_name":"米哥烘焙坊","product_name":"芒果甜心捲","has_allergens":false,"allergens":"","allergen_count":0,"county":"新北市"}},{"type":"Feature","geometry":{"type":"Point","coordinates":[121.4747,25.006468]},"properties":{"company_name":"米哥食品有限公司","brand_name":"米哥烘焙坊","product_name":"巧克力甜心捲","has_allergens":false,"allergens":"","allergen_count":0,"county":"新北市"}},{"type":"Feature","geometry":{"type":"Point","coordinates":[121.4747,25.006468]},"properties":{"company_name":"米哥食品有限公司","brand_name":"米哥烘焙坊","product_name":"鳳梨酥","has_allergens":false,"allergens":"","allergen_count":0,"county":"新北市"}},{"type":"Feature","geometry":{"type":"Point","coordinates":[121.4747,25.006468]},"properties":{"company_name":"米哥食品有限公司","brand_name":"米哥烘焙坊","product_name":"鳳黃酥","has_allergens":false,"allergens":"","allergen_count":0,"county":"新北市"}},{"type":"Feature","geometry":{"type":"Point","coordinates":[121.50891,25.040188]},"properties":{"company_name":"義美食品股份有限公司","brand_name":"義美","product_name":"義美綠豆凸","has_allergens":false,"allergens":"","allergen_count":0,"county":"臺北市"}},{"type":"Feature","geometry":{"type":"Point","coordinates":[121.50891,25.040188]},"properties":{"company_name":"義美食品股份有限公司","brand_name":"義美","product_name":"義美鳳梨酥","has_allergens":false,"allergens":"","allergen_count":0,"county":"臺北市"}},{"type":"Feature","geometry":{"type":"Point","coordinates":[121.50891,25.040188]},"properties":{"company_name":"義美食品股份有限公司","brand_name":"義美","product_name":"義美蜂蜜蛋糕","has_allergens":false,"allergens":"","allergen_count":0,"county":"臺北市"}},{"type":"Feature","geometry":{"type":"Point","coordinates":[121.50891,25.040188]},"properties":{"company_name":"義美食品股份有限公司","brand_name":"義美","product_name":"義美芝士蛋糕","has_allergens":false,"allergens":"","allergen_count":0,"county":"臺北市"}},{"type":"Feature","geometry":{"type":"Point","coordinates":[121.50891,25.040188]},"properties":{"company_name":"義美食品股份有限公司","brand_name":"義美","product_name":"I-Mei Premium杏仁牛軋糖","has_allergens":false,"allergens":"","allergen_count":0,"county":"臺北市"}},{"type":"Feature","geometry":{"type":"Point","coordinates":[121.50891,25.040188]},"properties":{"company_name":"義美食品股份有限公司","brand_name":"義美","product_name":"I-Mei Premium草莓牛軋糖","has_allergens":false,"allergens":"","allergen_count":0,"county":"臺北市"}},{"type":"Feature","geometry":{"type":"Point","coordinates":[121.50891,25.040188]},"properties":{"company_name":"義美食品股份有限公司","brand_name":"義美","product_name":"I-Mei Premium鳳梨牛軋糖","has_allergens":false,"allergens":"","allergen_count":0,"county":"臺北市"}},{"type":"Feature","geometry":{"type":"Point","coordinates":[121.50891,25.040188]},"properties":{"company_name":"義美食品股份有限公司","brand_name":"義美","product_name":"金鑽鳳梨果酥金巧款","has_allergens":false,"allergens":"","allergen_count":0,"county":"臺北市"}},{"type":"Feature","geometry":{"type":"Point","coordinates":[121.50891,25.040188]},"properties":{"company_name":"義美食品股份有限公司","brand_name":"義美","product_name":"義美檸檬蛋糕","has_allergens":false,"allergens":"","allergen_count":0,"county":"臺北市"}},{"type":"Feature","geometry":{"type":"Point","coordinates":[121.50891,25.040188]},"properties":{"company_name":"義美食品股份有限公司","brand_name":"義美","product_name":"金鑽鳳梨六方燒","has_allergens":false,"allergens":"","allergen_count":0,"county":"臺北市"}},{"type":"Feature","geometry":{"type":"Point","coordinates":[121.50891,25.040188]},"properties":{"company_name":"義美食品股份有限公司","brand_name":"義美","product_name":"咖啡拿鐵(無乳糖)","has_allergens":false,"allergens":"","allergen_count":0,"county":"臺北市"}},{"type":"Feature","geometry":{"type":"Point","coordinates":[121.50891,25.040188]},"properties":{"company_name":"義美食品股份有限公司","brand_name":"義美","product_name":"漂浮咖啡","has_allergens":false,"allergens":"","allergen_count":0,"county":"臺北市"}},{"type":"Feature","geometry":{"type":"Point","coordinates":[121.50891,25.040188]},"properties":{"company_name":"義美食品股份有限公司","brand_name":"義美","product_name":"美式咖啡","has_allergens":false,"allergens":"","allergen_count":0,"county":"臺北市"}},{"type":"Feature","geometry":{"type":"Point","coordinates":[121.50891,25.040188]},"properties":{"company_name":"義美食品股份有限公司","brand_name":"義美","product_name":"草莓牛奶霜淇淋聖代","has_allergens":false,"allergens":"","allergen_count":0,"county":"臺北市"}},{"type":"Feature","geometry":{"type":"Point","coordinates":[121.50891,25.040188]},"properties":{"company_name":"義美食品股份有限公司","brand_name":"義美","product_name":"義美巧克力拿鐵霜淇淋 (季節限定)","has_allergens":false,"allergens":"","allergen_count":0,"county":"臺北市"}},{"type":"Feature","geometry":{"type":"Point","coordinates":[121.50891,25.040188]},"properties":{"company_name":"義美食品股份有限公司","brand_name":"義美","product_name":"義美牛奶霜淇淋","has_allergens":false,"allergens":"","allergen_count":0,"county":"臺北市"}},{"type":"Feature","geometry":{"type":"Point","coordinates":[121.50891,25.040188]},"properties":{"company_name":"義美食品股份有限公司","brand_name":"義美","product_name":"義美巧克力拿鐵霜淇淋增量外帶杯 (季節限定)","has_allergens":false,"allergens":"","allergen_count":0,"county":"臺北市"}},{"type":"Feature","geometry":{"type":"Point","coordinates":[121.50891,25.040188]},"properties":{"company_name":"義美食品股份有限公司","brand_name":"義美","product_name":"義美牛奶霜淇淋增量外帶杯","has_allergens":false,"allergens":"","allergen_count":0,"county":"臺北市"}},{"type":"Feature","geometry":{"type":"Point","coordinates":[121.50891,25.040188]},"properties":{"company_name":"義美食品股份有限公司","brand_name":"義美","product_name":"義美巧克力霜淇淋 (季節限定)","has_allergens":false,"allergens":"","allergen_count":0,"county":"臺北市"}},{"type":"Feature","geometry":{"type":"Point","coordinates":[121.50891,25.040188]},"properties":{"company_name":"義美食品股份有限公司","brand_name":"義美","product_name":"義美巧克力霜淇淋增量外帶杯 (季節限定)","has_allergens":false,"allergens":"","allergen_count":0,"county":"臺北市"}},{"type":"Feature","geometry":{"type":"Point","coordinates":[121.5544,25.033356]},"properties":{"company_name":"統一聖娜多堡股份有限公司","brand_name":"Semeur聖娜","product_name":"鳳梨酥","has_allergens":false,"allergens":"","allergen_count":0,"county":"臺北市"}},{"type":"Feature","geometry":{"type":"Point","coordinates":[121.5544,25.033356]},"properties":{"company_name":"統一聖娜多堡股份有限公司","brand_name":"Semeur聖娜","product_name":"原味綠豆椪","has_allergens":false,"allergens":"","allergen_count":0,"county":"臺北市"}},{"type":"Feature","geometry":{"type":"Point","coordinates":[121.5544,25.033356]},"properties":{"company_name":"統一聖娜多堡股份有限公司","brand_name":"Semeur聖娜","product_name":"巧米可可瑞士捲","has_allergens":false,"allergens":"","allergen_count":0,"county":"臺北市"}},{"type":"Feature","geometry":{"type":"Point","coordinates":[121.5544,25.033356]},"properties":{"company_name":"統一聖娜多堡股份有限公司","brand_name":"Semeur聖娜","product_name":"戚風葡萄瑞士捲","has_allergens":false,"allergens":"","allergen_count":0,"county":"臺北市"}},{"type":"Feature","geometry":{"type":"Point","coordinates":[121.51763,25.046545]},"properties":{"company_name":"阿默企業股份有限公司","brand_name":"阿默蛋糕","product_name":"鳳凰酥","has_allergens":false,"allergens":"","allergen_count":0,"county":"臺北市"}},{"type":"Feature","geometry":{"type":"Point","coordinates":[121.51763,25.046545]},"properties":{"company_name":"阿默企業股份有限公司","brand_name":"阿默蛋糕","product_name":"蛋黃酥(烏豆沙)","has_allergens":false,"allergens":"","allergen_count":0,"county":"臺北市"}},{"type":"Feature","geometry":{"type":"Point","coordinates":[121.51763,25.046545]},"properties":{"company_name":"阿默企業股份有限公司","brand_name":"阿默蛋糕","product_name":"蛋黃酥(豆蓉)","has_allergens":false,"allergens":"","allergen_count":0,"county":"臺北市"}},{"type":"Feature","geometry":{"type":"Point","coordinates":[121.51763,25.046545]},"properties":{"company_name":"阿默企業股份有限公司","brand_name":"阿默蛋糕","product_name":"日本經典乳酪蛋糕","has_allergens":false,"allergens":"","allergen_count":0,"county":"臺北市"}},{"type":"Feature","geometry":{"type":"Point","coordinates":[121.51763,25.046545]},"properties":{"company_name":"阿默企業股份有限公司","brand_name":"阿默蛋糕","product_name":"荷蘭貴族手工蛋糕","has_allergens":false,"allergens":"","allergen_count":0,"county":"臺北市"}},{"type":"Feature","geometry":{"type":"Point","coordinates":[121.51763,25.046545]},"properties":{"company_name":"阿默企業股份有限公司","brand_name":"阿默蛋糕","product_name":"日本真咖啡蛋糕","has_allergens":false,"allergens":"","allergen_count":0,"county":"臺北市"}},{"type":"Feature","geometry":{"type":"Point","coordinates":[121.51763,25.046545]},"properties":{"company_name":"阿默企業股份有限公司","brand_name":"阿默蛋糕","product_name":"台灣蜂蜜千層蛋糕","has_allergens":false,"allergens":"","allergen_count":0,"county":"臺北市"}},{"type":"Feature","geometry":{"type":"Point","coordinates":[121.51763,25.046545]},"properties":{"company_name":"阿默企業股份有限公司","brand_name":"阿默蛋糕","product_name":"法國奎絲特香橙蛋糕","has_allergens":false,"allergens":"","allergen_count":0,"county":"臺北市"}},{"type":"Feature","geometry":{"type":"Point","coordinates":[121.51763,25.046545]},"properties":{"company_name":"阿默企業股份有限公司","brand_name":"阿默蛋糕","product_name":"金磚鳳梨酥-傳統冬瓜鳳梨餡","has_allergens":false,"allergens":"","allergen_count":0,"county":"臺北市"}},{"type":"Feature","geometry":{"type":"Point","coordinates":[121.51763,25.046545]},"properties":{"company_name":"阿默企業股份有限公司","brand_name":"阿默蛋糕","product_name":"黑磚鳳梨酥-100%純鳳梨餡","has_allergens":false,"allergens":"","allergen_count":0,"county":"臺北市"}},{"type":"Feature","geometry":{"type":"Point","coordinates":[121.51763,25.046545]},"properties":{"company_name":"阿默企業股份有限公司","brand_name":"阿默蛋糕","product_name":"傳統鳳梨酥","has_allergens":false,"allergens":"","allergen_count":0,"county":"臺北市"}},{"type":"Feature","geometry":{"type":"Point","coordinates":[121.5051,24.994308]},"properties":{"company_name":"歐立食品股份有限公司","brand_name":"聖瑪莉","product_name":"大甲鮮奶芋泥蛋糕","has_allergens":false,"allergens":"","allergen_count":0,"county":"新北市"}},{"type":"Feature","geometry":{"type":"Point","coordinates":[121.5051,24.994308]},"properties":{"company_name":"歐立食品股份有限公司","brand_name":"聖瑪莉","product_name":"一口鳳梨酥","has_allergens":false,"allergens":"","allergen_count":0,"county":"新北市"}},{"type":"Feature","geometry":{"type":"Point","coordinates":[121.5051,24.994308]},"properties":{"company_name":"歐立食品股份有限公司","brand_name":"聖瑪莉","product_name":"酥烤蛋黃酥","has_allergens":false,"allergens":"","allergen_count":0,"county":"新北市"}},{"type":"Feature","geometry":{"type":"Point","coordinates":[121.5051,24.994308]},"properties":{"company_name":"歐立食品股份有限公司","brand_name":"聖瑪莉","product_name":"香蔥牛軋餅","has_allergens":false,"allergens":"","allergen_count":0,"county":"新北市"}},{"type":"Feature","geometry":{"type":"Point","coordinates":[121.5051,24.994308]},"properties":{"company_name":"歐立食品股份有限公司","brand_name":"聖瑪莉","product_name":"鳳梨酥","has_allergens":false,"allergens":"","allergen_count":0,"county":"新北市"}},{"type":"Feature","geometry":{"type":"Point","coordinates":[121.44802,25.049217]},"properties":{"company_name":"台灣山崎股份有限公司","brand_name":"Yamazaki","product_name":"巧克力蛋糕捲","has_allergens":false,"allergens":"","allergen_count":0,"county":"新北市"}},{"type":"Feature","geometry":{"type":"Point","coordinates":[121.44802,25.049217]},"properties":{"company_name":"台灣山崎股份有限公司","brand_name":"Yamazaki","product_name":"咖啡核桃蛋糕捲","has_allergens":false,"allergens":"","allergen_count":0,"county":"新北市"}},{"type":"Feature","geometry":{"type":"Point","coordinates":[121.44802,25.049217]},"properties":{"company_name":"台灣山崎股份有限公司","brand_name":"Yamazaki","product_name":"甜甜圈","has_allergens":false,"allergens":"","allergen_count":0,"county":"新北市"}},{"type":"Feature","geometry":{"type":"Point","coordinates":[121.543526,25.042336]},"properties":{"company_name":"小飯桌股份有限公司","brand_name":"小飯桌","product_name":"蒲燒鯛魚","has_allergens":false,"allergens":"","allergen_count":0,"county":"臺北市"}},{"type":"Feature","geometry":{"type":"Point","coordinates":[121.543526,25.042336]},"properties":{"company_name":"小飯桌股份有限公司","brand_name":"小飯桌","product_name":"水晶紅燒肉","has_allergens":false,"allergens":"","allergen_count":0,"county":"臺北市"}},{"type":"Feature","geometry":{"type":"Point","coordinates":[121.543526,25.042336]},"properties":{"company_name":"小飯桌股份有限公司","brand_name":"小飯桌","product_name":"紅燒牛腩","has_allergens":false,"allergens":"","allergen_count":0,"county":"臺北市"}},{"type":"Feature","geometry":{"type":"Point","coordinates":[121.543526,25.042336]},"properties":{"company_name":"小飯桌股份有限公司","brand_name":"小飯桌","product_name":"黃金雞腿","has_allergens":false,"allergens":"","allergen_count":0,"county":"臺北市"}},{"type":"Feature","geometry":{"type":"Point","coordinates":[121.543526,25.042336]},"properties":{"company_name":"小飯桌股份有限公司","brand_name":"小飯桌","product_name":"蜜汁雞腿","has_allergens":false,"allergens":"","allergen_count":0,"county":"臺北市"}},{"type":"Feature","geometry":{"type":"Point","coordinates":[121.543526,25.042336]},"properties":{"company_name":"小飯桌股份有限公司","brand_name":"小飯桌","product_name":"紅麴梅干控肉","has_allergens":false,"allergens":"","allergen_count":0,"county":"臺北市"}},{"type":"Feature","geometry":{"type":"Point","coordinates":[121.543526,25.042336]},"properties":{"company_name":"小飯桌股份有限公司","brand_name":"小飯桌","product_name":"家傳滷排","has_allergens":false,"allergens":"","allergen_count":0,"county":"臺北市"}},{"type":"Feature","geometry":{"type":"Point","coordinates":[121.543526,25.042336]},"properties":{"company_name":"小飯桌股份有限公司","brand_name":"小飯桌","product_name":"泰式打拋豬","has_allergens":false,"allergens":"","allergen_count":0,"county":"臺北市"}},{"type":"Feature","geometry":{"type":"Point","coordinates":[121.543526,25.042336]},"properties":{"company_name":"小飯桌股份有限公司","brand_name":"小飯桌","product_name":"烤無骨雞腿排","has_allergens":false,"allergens":"","allergen_count":0,"county":"臺北市"}},{"type":"Feature","geometry":{"type":"Point","coordinates":[121.543526,25.042336]},"properties":{"company_name":"小飯桌股份有限公司","brand_name":"小飯桌","product_name":"塔香三杯無骨雞腿丁","has_allergens":false,"allergens":"","allergen_count":0,"county":"臺北市"}},{"type":"Feature","geometry":{"type":"Point","coordinates":[121.51972,25.04044]},"properties":{"company_name":"好好吃國際餐飲有限公司","brand_name":"好好吃大餛飩","product_name":"榨菜肉絲麵","has_allergens":true,"allergens":"乳製品,酒精","allergen_count":2,"county":"臺北市"}},{"type":"Feature","geometry":{"type":"Point","coordinates":[121.51972,25.04044]},"properties":{"company_name":"好好吃國際餐飲有限公司","brand_name":"好好吃大餛飩","product_name":"八寶醡醬麵","has_allergens":true,"allergens":"乳製品,麩質穀物","allergen_count":2,"county":"臺北市"}},{"type":"Feature","geometry":{"type":"Point","coordinates":[121.51972,25.04044]},"properties":{"company_name":"好好吃國際餐飲有限公司","brand_name":"好好吃大餛飩","product_name":"沙茶乾拌麵","has_allergens":false,"allergens":"","allergen_count":0,"county":"臺北市"}},{"type":"Feature","geometry":{"type":"Point","coordinates":[121.52088,25.057827]},"properties":{"company_name":"老董國際興業有限公司","brand_name":"老董牛肉麵","product_name":"紅燒牛肉麵","has_allergens":true,"allergens":"乳製品,酒精","allergen_count":2,"county":"臺北市"}},{"type":"Feature","geometry":{"type":"Point","coordinates":[121.52088,25.057827]},"properties":{"company_name":"老董國際興業有限公司","brand_name":"老董牛肉麵","product_name":"清燉牛肉麵","has_allergens":false,"allergens":"","allergen_count":0,"county":"臺北市"}},{"type":"Feature","geometry":{"type":"Point","coordinates":[121.52088,25.057827]},"properties":{"company_name":"老董國際興業有限公司","brand_name":"老董牛肉麵","product_name":"蕃茄牛肉麵","has_allergens":true,"allergens":"乳製品","allergen_count":1,"county":"臺北市"}},{"type":"Feature","geometry":{"type":"Point","coordinates":[121.51992,25.040121]},"properties":{"company_name":"欣豐食品有限公司","brand_name":"欣豐自助餐","product_name":"控肉","has_allergens":true,"allergens":"乳製品","allergen_count":1,"county":"臺北市"}},{"type":"Feature","geometry":{"type":"Point","coordinates":[121.51992,25.040121]},"properties":{"company_name":"欣豐食品有限公司","brand_name":"欣豐自助餐","product_name":"蕃茄炒蛋","has_allergens":true,"allergens":"乳製品","allergen_count":1,"county":"臺北市"}},{"type":"Feature","geometry":{"type":"Point","coordinates":[121.51992,25.040121]},"properties":{"company_name":"欣豐食品有限公司","brand_name":"欣豐自助餐","product_name":"宮保雞丁","has_allergens":true,"allergens":"乳製品","allergen_count":1,"county":"臺北市"}},{"type":"Feature","geometry":{"type":"Point","coordinates":[121.39621,25.078392]},"properties":{"company_name":"都城實業股份有限公司","brand_name":"中一排骨","product_name":"懷舊滷排飯","has_allergens":true,"allergens":"乳製品","allergen_count":1,"county":"新北市"}},{"type":"Feature","geometry":{"type":"Point","coordinates":[121.39621,25.078392]},"properties":{"company_name":"都城實業股份有限公司","brand_name":"中一排骨","product_name":"古早味滷雞腿飯","has_allergens":true,"allergens":"乳製品","allergen_count":1,"county":"新北市"}},{"type":"Feature","geometry":{"type":"Point","coordinates":[121.39621,25.078392]},"properties":{"company_name":"都城實業股份有限公司","brand_name":"中一排骨","product_name":"酥炸雞腿飯","has_allergens":false,"allergens":"","allergen_count":0,"county":"新北市"}},{"type":"Feature","geometry":{"type":"Point","coordinates":[121.35517,24.954615]},"properties":{"company_name":"復空食品股份有限公司","brand_name":"復興航棧","product_name":"歐克麵包","has_allergens":false,"allergens":"","allergen_count":0,"county":"新北市"}},{"type":"Feature","geometry":{"type":"Point","coordinates":[121.35517,24.954615]},"properties":{"company_name":"復空食品股份有限公司","brand_name":"復興航棧","product_name":"台式馬卡龍","has_allergens":false,"allergens":"","allergen_count":0,"county":"新北市"}},{"type":"Feature","geometry":{"type":"Point","coordinates":[121.35517,24.954615]},"properties":{"company_name":"復空食品股份有限公司","brand_name":"復興航棧","product_name":"葡式蛋塔2入","has_allergens":false,"allergens":"","allergen_count":0,"county":"新北市"}},{"type":"Feature","geometry":{"type":"Point","coordinates":[121.52994,25.050959]},"properties":{"company_name":"無限廚房股份有限公司內湖分公司","brand_name":"無限廚房","product_name":"打拋豬便當","has_allergens":false,"allergens":"","allergen_count":0,"county":"臺北市"}},{"type":"Feature","geometry":{"type":"Point","coordinates":[121.52994,25.050959]},"properties":{"company_name":"無限廚房股份有限公司內湖分公司","brand_name":"無限廚房","product_name":"三杯雞便當","has_allergens":false,"allergens":"","allergen_count":0,"county":"臺北市"}},{"type":"Feature","geometry":{"type":"Point","coordinates":[121.52994,25.050959]},"properties":{"company_name":"無限廚房股份有限公司內湖分公司","brand_name":"無限廚房","product_name":"南洋牛咖哩便當","has_allergens":false,"allergens":"","allergen_count":0,"county":"臺北市"}},{"type":"Feature","geometry":{"type":"Point","coordinates":[121.55475,25.04208]},"properties":{"company_name":"楊記餐飲有限公司","brand_name":"楊記","product_name":"酸菜白肉蚌麵","has_allergens":false,"allergens":"","allergen_count":0,"county":"臺北市"}},{"type":"Feature","geometry":{"type":"Point","coordinates":[121.55475,25.04208]},"properties":{"company_name":"楊記餐飲有限公司","brand_name":"楊記","product_name":"鮮魚鮮蝦蚌麵","has_allergens":false,"allergens":"","allergen_count":0,"county":"臺北市"}},{"type":"Feature","geometry":{"type":"Point","coordinates":[121.55475,25.04208]},"properties":{"company_name":"楊記餐飲有限公司","brand_name":"楊記","product_name":"雙拼套餐","has_allergens":false,"allergens":"","allergen_count":0,"county":"臺北市"}},{"type":"Feature","geometry":{"type":"Point","coordinates":[121.53899,25.033306]},"properties":{"company_name":"漢記股份有限公司","brand_name":"朱記餡餅粥店","product_name":"小米粥","has_allergens":false,"allergens":"","allergen_count":0,"county":"臺北市"}},{"type":"Feature","geometry":{"type":"Point","coordinates":[121.53899,25.033306]},"properties":{"company_name":"漢記股份有限公司","brand_name":"朱記餡餅粥店","product_name":"炸排骨","has_allergens":false,"allergens":"","allergen_count":0,"county":"臺北市"}},{"type":"Feature","geometry":{"type":"Point","coordinates":[121.53899,25.033306]},"properties":{"company_name":"漢記股份有限公司","brand_name":"朱記餡餅粥店","product_name":"豬肉餡餅","has_allergens":false,"allergens":"","allergen_count":0,"county":"臺北市"}},{"type":"Feature","geometry":{"type":"Point","coordinates":[121.53702,24.95563]},"properties":{"company_name":"拓荒者休閒用品有限公司","brand_name":"花蓮扁食","product_name":"高麗菜水餃","has_allergens":true,"allergens":"海鮮類","allergen_count":1,"county":"新北市"}},{"type":"Feature","geometry":{"type":"Point","coordinates":[121.53702,24.95563]},"properties":{"company_name":"拓荒者休閒用品有限公司","brand_name":"花蓮扁食","product_name":"乾麵","has_allergens":false,"allergens":"","allergen_count":0,"county":"新北市"}},{"type":"Feature","geometry":{"type":"Point","coordinates":[121.53702,24.95563]},"properties":{"company_name":"拓荒者休閒用品有限公司","brand_name":"花蓮扁食","product_name":"扁食湯","has_allergens":false,"allergens":"","allergen_count":0,"county":"新北市"}},{"type":"Feature","geometry":{"type":"Point","coordinates":[121.5348,24.982635]},"properties":{"company_name":"明德素食園股份有限公司 ","brand_name":"明德素食園","product_name":"白飯","has_allergens":false,"allergens":"","allergen_count":0,"county":"新北市"}},{"type":"Feature","geometry":{"type":"Point","coordinates":[121.5348,24.982635]},"properties":{"company_name":"明德素食園股份有限公司 ","brand_name":"明德素食園","product_name":"胚芽五穀飯","has_allergens":true,"allergens":"乳製品","allergen_count":1,"county":"新北市"}},{"type":"Feature","geometry":{"type":"Point","coordinates":[121.5348,24.982635]},"properties":{"company_name":"明德素食園股份有限公司 ","brand_name":"明德素食園","product_name":"清粥","has_allergens":true,"allergens":"乳製品","allergen_count":1,"county":"新北市"}},{"type":"Feature","geometry":{"type":"Point","coordinates":[121.537315,24.962252]},"properties":{"company_name":"全聯實業股份有限公司","brand_name":"大全聯","product_name":"香草霜淇淋","has_allergens":false,"allergens":"","allergen_count":0,"county":"新北市"}},{"type":"Feature","geometry":{"type":"Point","coordinates":[121.537315,24.962252]},"properties":{"company_name":"全聯實業股份有限公司","brand_name":"大全聯","product_name":"巧克力霜淇淋","has_allergens":false,"allergens":"","allergen_count":0,"county":"新北市"}},{"type":"Feature","geometry":{"type":"Point","coordinates":[121.537315,24.962252]},"properties":{"company_name":"全聯實業股份有限公司","brand_name":"大全聯","product_name":"大熱狗","has_allergens":false,"allergens":"","allergen_count":0,"county":"新北市"}},{"type":"Feature","geometry":{"type":"Point","coordinates":[121.537315,24.962252]},"properties":{"company_name":"全聯實業股份有限公司","brand_name":"大全聯","product_name":"烤大雞腿","has_allergens":false,"allergens":"","allergen_count":0,"county":"新北市"}},{"type":"Feature","geometry":{"type":"Point","coordinates":[121.537315,24.962252]},"properties":{"company_name":"全聯實業股份有限公司","brand_name":"大全聯","product_name":"調味毛豆","has_allergens":false,"allergens":"","allergen_count":0,"county":"新北市"}},{"type":"Feature","geometry":{"type":"Point","coordinates":[121.537315,24.962252]},"properties":{"company_name":"全聯實業股份有限公司","brand_name":"大全聯","product_name":"萬巒豬耳絲","has_allergens":false,"allergens":"","allergen_count":0,"county":"新北市"}},{"type":"Feature","geometry":{"type":"Point","coordinates":[121.537315,24.962252]},"properties":{"company_name":"全聯實業股份有限公司","brand_name":"大全聯","product_name":"卜蜂檸檬燒烤雞翅","has_allergens":false,"allergens":"","allergen_count":0,"county":"新北市"}},{"type":"Feature","geometry":{"type":"Point","coordinates":[121.537315,24.962252]},"properties":{"company_name":"全聯實業股份有限公司","brand_name":"大全聯","product_name":"客家鹹豬肉","has_allergens":false,"allergens":"","allergen_count":0,"county":"新北市"}},{"type":"Feature","geometry":{"type":"Point","coordinates":[121.537315,24.962252]},"properties":{"company_name":"全聯實業股份有限公司","brand_name":"大全聯","product_name":"烤大棒腿","has_allergens":true,"allergens":"乳製品","allergen_count":1,"county":"新北市"}},{"type":"Feature","geometry":{"type":"Point","coordinates":[121.537315,24.962252]},"properties":{"company_name":"全聯實業股份有限公司","brand_name":"大全聯","product_name":"紐奧良烤雞","has_allergens":true,"allergens":"海鮮類","allergen_count":1,"county":"新北市"}},{"type":"Feature","geometry":{"type":"Point","coordinates":[121.537315,24.962252]},"properties":{"company_name":"全聯實業股份有限公司","brand_name":"大全聯","product_name":"激香滷蛋","has_allergens":false,"allergens":"","allergen_count":0,"county":"新北市"}},{"type":"Feature","geometry":{"type":"Point","coordinates":[121.56947,25.024998]},"properties":{"company_name":"惠康百貨股份有限公司","brand_name":"家樂福超市","product_name":" inLove Cafe_冰拿鐵","has_allergens":false,"allergens":"","allergen_count":0,"county":"臺北市"}},{"type":"Feature","geometry":{"type":"Point","coordinates":[121.56947,25.024998]},"properties":{"company_name":"惠康百貨股份有限公司","brand_name":"家樂福超市","product_name":"inLove Cafe_美式咖啡","has_allergens":true,"allergens":"乳製品","allergen_count":1,"county":"臺北市"}},{"type":"Feature","geometry":{"type":"Point","coordinates":[121.56947,25.024998]},"properties":{"company_name":"惠康百貨股份有限公司","brand_name":"家樂福超市","product_name":"夯地瓜","has_allergens":true,"allergens":"乳製品","allergen_count":1,"county":"臺北市"}},{"type":"Feature","geometry":{"type":"Point","coordinates":[121.56947,25.024998]},"properties":{"company_name":"惠康百貨股份有限公司","brand_name":"家樂福超市","product_name":"茶葉蛋","has_allergens":false,"allergens":"","allergen_count":0,"county":"臺北市"}},{"type":"Feature","geometry":{"type":"Point","coordinates":[121.53157,25.01787]},"properties":{"company_name":"家福股份有限公司","brand_name":"家樂福","product_name":"inLove Cafe_美式咖啡","has_allergens":false,"allergens":"","allergen_count":0,"county":"臺北市"}},{"type":"Feature","geometry":{"type":"Point","coordinates":[121.53157,25.01787]},"properties":{"company_name":"家福股份有限公司","brand_name":"家樂福","product_name":"inLove Cafe_冰拿鐵","has_allergens":false,"allergens":"","allergen_count":0,"county":"臺北市"}},{"type":"Feature","geometry":{"type":"Point","coordinates":[121.53157,25.01787]},"properties":{"company_name":"家福股份有限公司","brand_name":"家樂福","product_name":"酥炸扇子腿肉","has_allergens":false,"allergens":"","allergen_count":0,"county":"臺北市"}},{"type":"Feature","geometry":{"type":"Point","coordinates":[121.53157,25.01787]},"properties":{"company_name":"家福股份有限公司","brand_name":"家樂福","product_name":"酥炸霸王雞骨腿","has_allergens":true,"allergens":"乳製品","allergen_count":1,"county":"臺北市"}},{"type":"Feature","geometry":{"type":"Point","coordinates":[121.53157,25.01787]},"properties":{"company_name":"家福股份有限公司","brand_name":"家樂福","product_name":"大香腸","has_allergens":true,"allergens":"乳製品","allergen_count":1,"county":"臺北市"}},{"type":"Feature","geometry":{"type":"Point","coordinates":[121.53157,25.01787]},"properties":{"company_name":"家福股份有限公司","brand_name":"家樂福","product_name":"滷巴拉圭牛肚(顆)","has_allergens":true,"allergens":"乳製品","allergen_count":1,"county":"臺北市"}},{"type":"Feature","geometry":{"type":"Point","coordinates":[121.53157,25.01787]},"properties":{"company_name":"家福股份有限公司","brand_name":"家樂福","product_name":"滷大腸頭(條)","has_allergens":false,"allergens":"","allergen_count":0,"county":"臺北市"}},{"type":"Feature","geometry":{"type":"Point","coordinates":[121.53157,25.01787]},"properties":{"company_name":"家福股份有限公司","brand_name":"家樂福","product_name":"滷豬舌","has_allergens":false,"allergens":"","allergen_count":0,"county":"臺北市"}},{"type":"Feature","geometry":{"type":"Point","coordinates":[121.53157,25.01787]},"properties":{"company_name":"家福股份有限公司","brand_name":"家樂福","product_name":"滷大黑干","has_allergens":false,"allergens":"","allergen_count":0,"county":"臺北市"}},{"type":"Feature","geometry":{"type":"Point","coordinates":[121.53157,25.01787]},"properties":{"company_name":"家福股份有限公司","brand_name":"家樂福","product_name":"茶葉蛋","has_allergens":false,"allergens":"","allergen_count":0,"county":"臺北市"}},{"type":"Feature","geometry":{"type":"Point","coordinates":[121.53157,25.01787]},"properties":{"company_name":"家福股份有限公司","brand_name":"家樂福","product_name":"香烤鹹豬肉","has_allergens":false,"allergens":"","allergen_count":0,"county":"臺北市"}},{"type":"Feature","geometry":{"type":"Point","coordinates":[121.53157,25.01787]},"properties":{"company_name":"家福股份有限公司","brand_name":"家樂福","product_name":"烤夏威夷棒腿","has_allergens":false,"allergens":"","allergen_count":0,"county":"臺北市"}},{"type":"Feature","geometry":{"type":"Point","coordinates":[121.53157,25.01787]},"properties":{"company_name":"家福股份有限公司","brand_name":"家樂福","product_name":"烤骨腿","has_allergens":false,"allergens":"","allergen_count":0,"county":"臺北市"}},{"type":"Feature","geometry":{"type":"Point","coordinates":[121.53157,25.01787]},"properties":{"company_name":"家福股份有限公司","brand_name":"家樂福","product_name":"滷牛腱","has_allergens":true,"allergens":"乳製品","allergen_count":1,"county":"臺北市"}},{"type":"Feature","geometry":{"type":"Point","coordinates":[121.53157,25.01787]},"properties":{"company_name":"家福股份有限公司","brand_name":"家樂福","product_name":"萬巒豬耳絲","has_allergens":true,"allergens":"乳製品","allergen_count":1,"county":"臺北市"}},{"type":"Feature","geometry":{"type":"Point","coordinates":[121.53157,25.01787]},"properties":{"company_name":"家福股份有限公司","brand_name":"家樂福","product_name":"七品香辣烤半雞","has_allergens":true,"allergens":"乳製品","allergen_count":1,"county":"臺北市"}},{"type":"Feature","geometry":{"type":"Point","coordinates":[121.52556,25.086428]},"properties":{"company_name":"一手國際茶飲有限公司","brand_name":"一手私藏世界紅茶","product_name":"台灣魚池18號紅茶","has_allergens":false,"allergens":"","allergen_count":0,"county":"臺北市"}},{"type":"Feature","geometry":{"type":"Point","coordinates":[121.52556,25.086428]},"properties":{"company_name":"一手國際茶飲有限公司","brand_name":"一手私藏世界紅茶","product_name":"格雷冰果茶","has_allergens":true,"allergens":"海鮮類","allergen_count":1,"county":"臺北市"}},{"type":"Feature","geometry":{"type":"Point","coordinates":[121.52556,25.086428]},"properties":{"company_name":"一手國際茶飲有限公司","brand_name":"一手私藏世界紅茶","product_name":"私藏泰式奶茶","has_allergens":false,"allergens":"","allergen_count":0,"county":"臺北市"}},{"type":"Feature","geometry":{"type":"Point","coordinates":[121.52556,25.086428]},"properties":{"company_name":"一手國際茶飲有限公司","brand_name":"一手私藏世界紅茶","product_name":"夏卡爾多多紅茶","has_allergens":false,"allergens":"","allergen_count":0,"county":"臺北市"}},{"type":"Feature","geometry":{"type":"Point","coordinates":[121.52556,25.086428]},"properties":{"company_name":"一手國際茶飲有限公司","brand_name":"一手私藏世界紅茶","product_name":"斯里蘭卡錫蘭紅茶","has_allergens":false,"allergens":"","allergen_count":0,"county":"臺北市"}},{"type":"Feature","geometry":{"type":"Point","coordinates":[121.52556,25.086428]},"properties":{"company_name":"一手國際茶飲有限公司","brand_name":"一手私藏世界紅茶","product_name":"伯爵茶拿鐵","has_allergens":false,"allergens":"","allergen_count":0,"county":"臺北市"}},{"type":"Feature","geometry":{"type":"Point","coordinates":[121.52556,25.086428]},"properties":{"company_name":"一手國際茶飲有限公司","brand_name":"一手私藏世界紅茶","product_name":"獅子國紅寶石奶茶","has_allergens":true,"allergens":"海鮮類","allergen_count":1,"county":"臺北市"}},{"type":"Feature","geometry":{"type":"Point","coordinates":[121.52556,25.086428]},"properties":{"company_name":"一手國際茶飲有限公司","brand_name":"一手私藏世界紅茶","product_name":"黑可可","has_allergens":false,"allergens":"","allergen_count":0,"county":"臺北市"}},{"type":"Feature","geometry":{"type":"Point","coordinates":[121.52556,25.086428]},"properties":{"company_name":"一手國際茶飲有限公司","brand_name":"一手私藏世界紅茶","product_name":"薔薇果釀紅","has_allergens":false,"allergens":"","allergen_count":0,"county":"臺北市"}},{"type":"Feature","geometry":{"type":"Point","coordinates":[121.52556,25.086428]},"properties":{"company_name":"一手國際茶飲有限公司","brand_name":"一手私藏世界紅茶","product_name":"金檸龍","has_allergens":false,"allergens":"","allergen_count":0,"county":"臺北市"}},{"type":"Feature","geometry":{"type":"Point","coordinates":[121.52556,25.086428]},"properties":{"company_name":"一手國際茶飲有限公司","brand_name":"一手私藏世界紅茶","product_name":"英式格雷伯爵紅茶","has_allergens":false,"allergens":"","allergen_count":0,"county":"臺北市"}},{"type":"Feature","geometry":{"type":"Point","coordinates":[121.52556,25.086428]},"properties":{"company_name":"一手國際茶飲有限公司","brand_name":"一手私藏世界紅茶","product_name":"柚夕","has_allergens":false,"allergens":"","allergen_count":0,"county":"臺北市"}},{"type":"Feature","geometry":{"type":"Point","coordinates":[121.52556,25.086428]},"properties":{"company_name":"一手國際茶飲有限公司","brand_name":"一手私藏世界紅茶","product_name":"德古拉茶拿鐵","has_allergens":false,"allergens":"","allergen_count":0,"county":"臺北市"}},{"type":"Feature","geometry":{"type":"Point","coordinates":[121.52556,25.086428]},"properties":{"company_name":"一手國際茶飲有限公司","brand_name":"一手私藏世界紅茶","product_name":"印度阿薩姆紅茶","has_allergens":true,"allergens":"海鮮類","allergen_count":1,"county":"臺北市"}},{"type":"Feature","geometry":{"type":"Point","coordinates":[121.52556,25.086428]},"properties":{"company_name":"一手國際茶飲有限公司","brand_name":"一手私藏世界紅茶","product_name":"蜜斯茶拿鐵","has_allergens":true,"allergens":"乳製品","allergen_count":1,"county":"臺北市"}},{"type":"Feature","geometry":{"type":"Point","coordinates":[121.52556,25.086428]},"properties":{"company_name":"一手國際茶飲有限公司","brand_name":"一手私藏世界紅茶","product_name":"青檸玉露綠","has_allergens":true,"allergens":"乳製品","allergen_count":1,"county":"臺北市"}},{"type":"Feature","geometry":{"type":"Point","coordinates":[121.52556,25.086428]},"properties":{"company_name":"一手國際茶飲有限公司","brand_name":"一手私藏世界紅茶","product_name":"私藏仲夏夜紅茶","has_allergens":true,"allergens":"乳製品","allergen_count":1,"county":"臺北市"}},{"type":"Feature","geometry":{"type":"Point","coordinates":[121.52556,25.086428]},"properties":{"company_name":"一手國際茶飲有限公司","brand_name":"一手私藏世界紅茶","product_name":"半島凍檸茶","has_allergens":true,"allergens":"海鮮類","allergen_count":1,"county":"臺北市"}},{"type":"Feature","geometry":{"type":"Point","coordinates":[121.52556,25.086428]},"properties":{"company_name":"一手國際茶飲有限公司","brand_name":"一手私藏世界紅茶","product_name":"濃生乳太厚奶茶","has_allergens":false,"allergens":"","allergen_count":0,"county":"臺北市"}},{"type":"Feature","geometry":{"type":"Point","coordinates":[121.52556,25.086428]},"properties":{"company_name":"一手國際茶飲有限公司","brand_name":"一手私藏世界紅茶","product_name":"台灣玉露綠茶","has_allergens":false,"allergens":"","allergen_count":0,"county":"臺北市"}},{"type":"Feature","geometry":{"type":"Point","coordinates":[121.52556,25.086428]},"properties":{"company_name":"一手國際茶飲有限公司","brand_name":"一手私藏世界紅茶","product_name":"檸檬養樂多","has_allergens":true,"allergens":"乳製品","allergen_count":1,"county":"臺北市"}},{"type":"Feature","geometry":{"type":"Point","coordinates":[121.52556,25.086428]},"properties":{"company_name":"一手國際茶飲有限公司","brand_name":"一手私藏世界紅茶","product_name":"琥珀粉條茶拿鐵","has_allergens":true,"allergens":"乳製品","allergen_count":1,"county":"臺北市"}},{"type":"Feature","geometry":{"type":"Point","coordinates":[121.52556,25.086428]},"properties":{"company_name":"一手國際茶飲有限公司","brand_name":"一手私藏世界紅茶","product_name":"阿薩姆琥珀茶拿鐵","has_allergens":true,"allergens":"乳製品","allergen_count":1,"county":"臺北市"}},{"type":"Feature","geometry":{"type":"Point","coordinates":[121.52556,25.086428]},"properties":{"company_name":"一手國際茶飲有限公司","brand_name":"一手私藏世界紅茶","product_name":"錫蘭珍珠茶拿鐵","has_allergens":true,"allergens":"乳製品","allergen_count":1,"county":"臺北市"}},{"type":"Feature","geometry":{"type":"Point","coordinates":[121.52556,25.086428]},"properties":{"company_name":"一手國際茶飲有限公司","brand_name":"一手私藏世界紅茶","product_name":"珍珠厚黑奶","has_allergens":true,"allergens":"乳製品","allergen_count":1,"county":"臺北市"}},{"type":"Feature","geometry":{"type":"Point","coordinates":[121.52556,25.086428]},"properties":{"company_name":"一手國際茶飲有限公司","brand_name":"一手私藏世界紅茶","product_name":"台灣黑金烏龍茶","has_allergens":true,"allergens":"乳製品","allergen_count":1,"county":"臺北市"}},{"type":"Feature","geometry":{"type":"Point","coordinates":[121.52556,25.086428]},"properties":{"company_name":"一手國際茶飲有限公司","brand_name":"一手私藏世界紅茶","product_name":"檬龍雨","has_allergens":false,"allergens":"","allergen_count":0,"county":"臺北市"}},{"type":"Feature","geometry":{"type":"Point","coordinates":[121.52556,25.086428]},"properties":{"company_name":"一手國際茶飲有限公司","brand_name":"一手私藏世界紅茶","product_name":"林檎之森","has_allergens":true,"allergens":"乳製品","allergen_count":1,"county":"臺北市"}},{"type":"Feature","geometry":{"type":"Point","coordinates":[121.52556,25.086428]},"properties":{"company_name":"一手國際茶飲有限公司","brand_name":"一手私藏世界紅茶","product_name":"傲嬌玫瑰","has_allergens":true,"allergens":"乳製品","allergen_count":1,"county":"臺北市"}},{"type":"Feature","geometry":{"type":"Point","coordinates":[121.52556,25.086428]},"properties":{"company_name":"一手國際茶飲有限公司","brand_name":"一手私藏世界紅茶","product_name":"俄羅斯夏卡爾紅茶","has_allergens":true,"allergens":"乳製品","allergen_count":1,"county":"臺北市"}},{"type":"Feature","geometry":{"type":"Point","coordinates":[121.54322,25.026773]},"properties":{"company_name":"米鼎企業有限公司","brand_name":"春芳號","product_name":"冬瓜茶","has_allergens":false,"allergens":"","allergen_count":0,"county":"臺北市"}},{"type":"Feature","geometry":{"type":"Point","coordinates":[121.54322,25.026773]},"properties":{"company_name":"米鼎企業有限公司","brand_name":"春芳號","product_name":"冬瓜檸檬","has_allergens":true,"allergens":"海鮮類","allergen_count":1,"county":"臺北市"}},{"type":"Feature","geometry":{"type":"Point","coordinates":[121.54322,25.026773]},"properties":{"company_name":"米鼎企業有限公司","brand_name":"春芳號","product_name":"冬瓜烏龍","has_allergens":false,"allergens":"","allergen_count":0,"county":"臺北市"}},{"type":"Feature","geometry":{"type":"Point","coordinates":[121.54322,25.026773]},"properties":{"company_name":"米鼎企業有限公司","brand_name":"春芳號","product_name":"玉荷青蘆薈蜜","has_allergens":false,"allergens":"","allergen_count":0,"county":"臺北市"}},{"type":"Feature","geometry":{"type":"Point","coordinates":[121.54322,25.026773]},"properties":{"company_name":"米鼎企業有限公司","brand_name":"春芳號","product_name":"經典奶茶","has_allergens":false,"allergens":"","allergen_count":0,"county":"臺北市"}},{"type":"Feature","geometry":{"type":"Point","coordinates":[121.54322,25.026773]},"properties":{"company_name":"米鼎企業有限公司","brand_name":"春芳號","product_name":"經典奶綠","has_allergens":false,"allergens":"","allergen_count":0,"county":"臺北市"}},{"type":"Feature","geometry":{"type":"Point","coordinates":[121.54322,25.026773]},"properties":{"company_name":"米鼎企業有限公司","brand_name":"春芳號","product_name":"熊貓奶茶","has_allergens":true,"allergens":"海鮮類","allergen_count":1,"county":"臺北市"}},{"type":"Feature","geometry":{"type":"Point","coordinates":[121.54322,25.026773]},"properties":{"company_name":"米鼎企業有限公司","brand_name":"春芳號","product_name":"烏龍茶","has_allergens":false,"allergens":"","allergen_count":0,"county":"臺北市"}},{"type":"Feature","geometry":{"type":"Point","coordinates":[121.54322,25.026773]},"properties":{"company_name":"米鼎企業有限公司","brand_name":"春芳號","product_name":"經典烏龍拿鐵","has_allergens":false,"allergens":"","allergen_count":0,"county":"臺北市"}},{"type":"Feature","geometry":{"type":"Point","coordinates":[121.54322,25.026773]},"properties":{"company_name":"米鼎企業有限公司","brand_name":"春芳號","product_name":"桂花紅/青/烏龍","has_allergens":false,"allergens":"","allergen_count":0,"county":"臺北市"}},{"type":"Feature","geometry":{"type":"Point","coordinates":[121.54322,25.026773]},"properties":{"company_name":"米鼎企業有限公司","brand_name":"春芳號","product_name":"脆梅綠","has_allergens":true,"allergens":"海鮮類","allergen_count":1,"county":"臺北市"}},{"type":"Feature","geometry":{"type":"Point","coordinates":[121.54322,25.026773]},"properties":{"company_name":"米鼎企業有限公司","brand_name":"春芳號","product_name":"甘蔗檸檬","has_allergens":false,"allergens":"","allergen_count":0,"county":"臺北市"}},{"type":"Feature","geometry":{"type":"Point","coordinates":[121.54322,25.026773]},"properties":{"company_name":"米鼎企業有限公司","brand_name":"春芳號","product_name":"檸檬蘆薈蜜","has_allergens":true,"allergens":"乳製品","allergen_count":1,"county":"臺北市"}},{"type":"Feature","geometry":{"type":"Point","coordinates":[121.54322,25.026773]},"properties":{"company_name":"米鼎企業有限公司","brand_name":"春芳號","product_name":"白甘蔗四季青茶","has_allergens":false,"allergens":"","allergen_count":0,"county":"臺北市"}},{"type":"Feature","geometry":{"type":"Point","coordinates":[121.54322,25.026773]},"properties":{"company_name":"米鼎企業有限公司","brand_name":"春芳號","product_name":"薑汁甘蔗","has_allergens":true,"allergens":"乳製品","allergen_count":1,"county":"臺北市"}},{"type":"Feature","geometry":{"type":"Point","coordinates":[121.54322,25.026773]},"properties":{"company_name":"米鼎企業有限公司","brand_name":"春芳號","product_name":"薑汁紅茶拿鐵","has_allergens":true,"allergens":"乳製品","allergen_count":1,"county":"臺北市"}},{"type":"Feature","geometry":{"type":"Point","coordinates":[121.54322,25.026773]},"properties":{"company_name":"米鼎企業有限公司","brand_name":"春芳號","product_name":"熊貓紅/綠/烏龍拿鐵","has_allergens":false,"allergens":"","allergen_count":0,"county":"臺北市"}},{"type":"Feature","geometry":{"type":"Point","coordinates":[121.54322,25.026773]},"properties":{"company_name":"米鼎企業有限公司","brand_name":"春芳號","product_name":"橙柚青蘆薈蜜","has_allergens":false,"allergens":"","allergen_count":0,"county":"臺北市"}},{"type":"Feature","geometry":{"type":"Point","coordinates":[121.54322,25.026773]},"properties":{"company_name":"米鼎企業有限公司","brand_name":"春芳號","product_name":"柳橙綠蘆薈蜜","has_allergens":true,"allergens":"乳製品","allergen_count":1,"county":"臺北市"}},{"type":"Feature","geometry":{"type":"Point","coordinates":[121.54322,25.026773]},"properties":{"company_name":"米鼎企業有限公司","brand_name":"春芳號","product_name":"經典紅茶拿鐵","has_allergens":true,"allergens":"乳製品","allergen_count":1,"county":"臺北市"}},{"type":"Feature","geometry":{"type":"Point","coordinates":[121.54322,25.026773]},"properties":{"company_name":"米鼎企業有限公司","brand_name":"春芳號","product_name":"經典綠茶拿鐵","has_allergens":false,"allergens":"","allergen_count":0,"county":"臺北市"}},{"type":"Feature","geometry":{"type":"Point","coordinates":[121.54322,25.026773]},"properties":{"company_name":"米鼎企業有限公司","brand_name":"春芳號","product_name":"四季春青茶","has_allergens":false,"allergens":"","allergen_count":0,"county":"臺北市"}},{"type":"Feature","geometry":{"type":"Point","coordinates":[121.54322,25.026773]},"properties":{"company_name":"米鼎企業有限公司","brand_name":"春芳號","product_name":"茉香綠茶","has_allergens":false,"allergens":"","allergen_count":0,"county":"臺北市"}},{"type":"Feature","geometry":{"type":"Point","coordinates":[121.54322,25.026773]},"properties":{"company_name":"米鼎企業有限公司","brand_name":"春芳號","product_name":"尼爾吉爾紅茶","has_allergens":true,"allergens":"乳製品","allergen_count":1,"county":"臺北市"}},{"type":"Feature","geometry":{"type":"Point","coordinates":[121.592354,25.080013]},"properties":{"company_name":"水巷茶弄餐飲事業有限公司","brand_name":"水巷茶弄","product_name":"茉香奶綠","has_allergens":false,"allergens":"","allergen_count":0,"county":"臺北市"}},{"type":"Feature","geometry":{"type":"Point","coordinates":[121.592354,25.080013]},"properties":{"company_name":"水巷茶弄餐飲事業有限公司","brand_name":"水巷茶弄","product_name":"紅豆抹茶拿鐵","has_allergens":false,"allergens":"","allergen_count":0,"county":"臺北市"}},{"type":"Feature","geometry":{"type":"Point","coordinates":[121.592354,25.080013]},"properties":{"company_name":"水巷茶弄餐飲事業有限公司","brand_name":"水巷茶弄","product_name":"膠原愛玉","has_allergens":false,"allergens":"","allergen_count":0,"county":"臺北市"}},{"type":"Feature","geometry":{"type":"Point","coordinates":[121.592354,25.080013]},"properties":{"company_name":"水巷茶弄餐飲事業有限公司","brand_name":"水巷茶弄","product_name":"黃金麥麥","has_allergens":false,"allergens":"","allergen_count":0,"county":"臺北市"}},{"type":"Feature","geometry":{"type":"Point","coordinates":[121.592354,25.080013]},"properties":{"company_name":"水巷茶弄餐飲事業有限公司","brand_name":"水巷茶弄","product_name":"蜂蜜綠茶","has_allergens":false,"allergens":"","allergen_count":0,"county":"臺北市"}},{"type":"Feature","geometry":{"type":"Point","coordinates":[121.592354,25.080013]},"properties":{"company_name":"水巷茶弄餐飲事業有限公司","brand_name":"水巷茶弄","product_name":"烏龍奶茶","has_allergens":false,"allergens":"","allergen_count":0,"county":"臺北市"}},{"type":"Feature","geometry":{"type":"Point","coordinates":[121.592354,25.080013]},"properties":{"company_name":"水巷茶弄餐飲事業有限公司","brand_name":"水巷茶弄","product_name":"寒天愛玉小紫蘇","has_allergens":false,"allergens":"","allergen_count":0,"county":"臺北市"}},{"type":"Feature","geometry":{"type":"Point","coordinates":[121.592354,25.080013]},"properties":{"company_name":"水巷茶弄餐飲事業有限公司","brand_name":"水巷茶弄","product_name":"養樂多綠","has_allergens":false,"allergens":"","allergen_count":0,"county":"臺北市"}},{"type":"Feature","geometry":{"type":"Point","coordinates":[121.592354,25.080013]},"properties":{"company_name":"水巷茶弄餐飲事業有限公司","brand_name":"水巷茶弄","product_name":"百香雙Q綠","has_allergens":false,"allergens":"","allergen_count":0,"county":"臺北市"}},{"type":"Feature","geometry":{"type":"Point","coordinates":[121.592354,25.080013]},"properties":{"company_name":"水巷茶弄餐飲事業有限公司","brand_name":"水巷茶弄","product_name":"珍珠奶茶","has_allergens":false,"allergens":"","allergen_count":0,"county":"臺北市"}},{"type":"Feature","geometry":{"type":"Point","coordinates":[121.592354,25.080013]},"properties":{"company_name":"水巷茶弄餐飲事業有限公司","brand_name":"水巷茶弄","product_name":"糖心蜜紅茶","has_allergens":false,"allergens":"","allergen_count":0,"county":"臺北市"}},{"type":"Feature","geometry":{"type":"Point","coordinates":[121.592354,25.080013]},"properties":{"company_name":"水巷茶弄餐飲事業有限公司","brand_name":"水巷茶弄","product_name":"手作布丁奶茶","has_allergens":false,"allergens":"","allergen_count":0,"county":"臺北市"}},{"type":"Feature","geometry":{"type":"Point","coordinates":[121.592354,25.080013]},"properties":{"company_name":"水巷茶弄餐飲事業有限公司","brand_name":"水巷茶弄","product_name":"嫩仙草凍奶茶","has_allergens":false,"allergens":"","allergen_count":0,"county":"臺北市"}},{"type":"Feature","geometry":{"type":"Point","coordinates":[121.592354,25.080013]},"properties":{"company_name":"水巷茶弄餐飲事業有限公司","brand_name":"水巷茶弄","product_name":"黑糖薑母","has_allergens":false,"allergens":"","allergen_count":0,"county":"臺北市"}},{"type":"Feature","geometry":{"type":"Point","coordinates":[121.592354,25.080013]},"properties":{"company_name":"水巷茶弄餐飲事業有限公司","brand_name":"水巷茶弄","product_name":"芋頭鮮奶露","has_allergens":false,"allergens":"","allergen_count":0,"county":"臺北市"}},{"type":"Feature","geometry":{"type":"Point","coordinates":[121.592354,25.080013]},"properties":{"company_name":"水巷茶弄餐飲事業有限公司","brand_name":"水巷茶弄","product_name":"檸檬愛玉小紫蘇","has_allergens":false,"allergens":"","allergen_count":0,"county":"臺北市"}},{"type":"Feature","geometry":{"type":"Point","coordinates":[121.592354,25.080013]},"properties":{"company_name":"水巷茶弄餐飲事業有限公司","brand_name":"水巷茶弄","product_name":"莓果青茶","has_allergens":false,"allergens":"","allergen_count":0,"county":"臺北市"}},{"type":"Feature","geometry":{"type":"Point","coordinates":[121.592354,25.080013]},"properties":{"company_name":"水巷茶弄餐飲事業有限公司","brand_name":"水巷茶弄","product_name":"玉井芒果綠","has_allergens":false,"allergens":"","allergen_count":0,"county":"臺北市"}},{"type":"Feature","geometry":{"type":"Point","coordinates":[121.592354,25.080013]},"properties":{"company_name":"水巷茶弄餐飲事業有限公司","brand_name":"水巷茶弄","product_name":"黑糖薑母奶","has_allergens":false,"allergens":"","allergen_count":0,"county":"臺北市"}},{"type":"Feature","geometry":{"type":"Point","coordinates":[121.592354,25.080013]},"properties":{"company_name":"水巷茶弄餐飲事業有限公司","brand_name":"水巷茶弄","product_name":"台灣四季烏龍","has_allergens":false,"allergens":"","allergen_count":0,"county":"臺北市"}},{"type":"Feature","geometry":{"type":"Point","coordinates":[121.592354,25.080013]},"properties":{"company_name":"水巷茶弄餐飲事業有限公司","brand_name":"水巷茶弄","product_name":"檸檬冬瓜","has_allergens":false,"allergens":"","allergen_count":0,"county":"臺北市"}},{"type":"Feature","geometry":{"type":"Point","coordinates":[121.592354,25.080013]},"properties":{"company_name":"水巷茶弄餐飲事業有限公司","brand_name":"水巷茶弄","product_name":"經典奶茶","has_allergens":false,"allergens":"","allergen_count":0,"county":"臺北市"}},{"type":"Feature","geometry":{"type":"Point","coordinates":[121.592354,25.080013]},"properties":{"company_name":"水巷茶弄餐飲事業有限公司","brand_name":"水巷茶弄","product_name":"雲頂奶蓋烏龍","has_allergens":false,"allergens":"","allergen_count":0,"county":"臺北市"}},{"type":"Feature","geometry":{"type":"Point","coordinates":[121.592354,25.080013]},"properties":{"company_name":"水巷茶弄餐飲事業有限公司","brand_name":"水巷茶弄","product_name":"台灣高山青","has_allergens":false,"allergens":"","allergen_count":0,"county":"臺北市"}},{"type":"Feature","geometry":{"type":"Point","coordinates":[121.592354,25.080013]},"properties":{"company_name":"水巷茶弄餐飲事業有限公司","brand_name":"水巷茶弄","product_name":"手作冬瓜茶","has_allergens":false,"allergens":"","allergen_count":0,"county":"臺北市"}},{"type":"Feature","geometry":{"type":"Point","coordinates":[121.592354,25.080013]},"properties":{"company_name":"水巷茶弄餐飲事業有限公司","brand_name":"水巷茶弄","product_name":"茉莉綠茶","has_allergens":false,"allergens":"","allergen_count":0,"county":"臺北市"}},{"type":"Feature","geometry":{"type":"Point","coordinates":[121.592354,25.080013]},"properties":{"company_name":"水巷茶弄餐飲事業有限公司","brand_name":"水巷茶弄","product_name":"奶蓋芒果冰沙","has_allergens":false,"allergens":"","allergen_count":0,"county":"臺北市"}},{"type":"Feature","geometry":{"type":"Point","coordinates":[121.592354,25.080013]},"properties":{"company_name":"水巷茶弄餐飲事業有限公司","brand_name":"水巷茶弄","product_name":"椰果奶茶","has_allergens":false,"allergens":"","allergen_count":0,"county":"臺北市"}},{"type":"Feature","geometry":{"type":"Point","coordinates":[121.592354,25.080013]},"properties":{"company_name":"水巷茶弄餐飲事業有限公司","brand_name":"水巷茶弄","product_name":"鮮果百香綠","has_allergens":false,"allergens":"","allergen_count":0,"county":"臺北市"}},{"type":"Feature","geometry":{"type":"Point","coordinates":[121.592354,25.080013]},"properties":{"company_name":"水巷茶弄餐飲事業有限公司","brand_name":"水巷茶弄","product_name":"粉粿紅豆奶茶","has_allergens":false,"allergens":"","allergen_count":0,"county":"臺北市"}},{"type":"Feature","geometry":{"type":"Point","coordinates":[121.546425,25.083065]},"properties":{"company_name":"深耕茶業股份有限公司","brand_name":"50嵐","product_name":"檸檬綠(紅、青、烏)","has_allergens":false,"allergens":"","allergen_count":0,"county":"臺北市"}},{"type":"Feature","geometry":{"type":"Point","coordinates":[121.546425,25.083065]},"properties":{"company_name":"深耕茶業股份有限公司","brand_name":"50嵐","product_name":"檸檬梅汁綠","has_allergens":true,"allergens":"乳製品","allergen_count":1,"county":"臺北市"}},{"type":"Feature","geometry":{"type":"Point","coordinates":[121.546425,25.083065]},"properties":{"company_name":"深耕茶業股份有限公司","brand_name":"50嵐","product_name":"四季春青茶","has_allergens":false,"allergens":"","allergen_count":0,"county":"臺北市"}},{"type":"Feature","geometry":{"type":"Point","coordinates":[121.546425,25.083065]},"properties":{"company_name":"深耕茶業股份有限公司","brand_name":"50嵐","product_name":"椰果奶茶","has_allergens":true,"allergens":"乳製品","allergen_count":1,"county":"臺北市"}},{"type":"Feature","geometry":{"type":"Point","coordinates":[121.546425,25.083065]},"properties":{"company_name":"深耕茶業股份有限公司","brand_name":"50嵐","product_name":"黃金烏龍","has_allergens":false,"allergens":"","allergen_count":0,"county":"臺北市"}},{"type":"Feature","geometry":{"type":"Point","coordinates":[121.546425,25.083065]},"properties":{"company_name":"深耕茶業股份有限公司","brand_name":"50嵐","product_name":"8冰茶","has_allergens":false,"allergens":"","allergen_count":0,"county":"臺北市"}},{"type":"Feature","geometry":{"type":"Point","coordinates":[121.546425,25.083065]},"properties":{"company_name":"深耕茶業股份有限公司","brand_name":"50嵐","product_name":"茉莉綠茶","has_allergens":true,"allergens":"乳製品","allergen_count":1,"county":"臺北市"}},{"type":"Feature","geometry":{"type":"Point","coordinates":[121.546425,25.083065]},"properties":{"company_name":"深耕茶業股份有限公司","brand_name":"50嵐","product_name":"珍珠奶茶","has_allergens":false,"allergens":"","allergen_count":0,"county":"臺北市"}},{"type":"Feature","geometry":{"type":"Point","coordinates":[121.546425,25.083065]},"properties":{"company_name":"深耕茶業股份有限公司","brand_name":"50嵐","product_name":"養樂多綠","has_allergens":true,"allergens":"乳製品","allergen_count":1,"county":"臺北市"}},{"type":"Feature","geometry":{"type":"Point","coordinates":[121.546425,25.083065]},"properties":{"company_name":"深耕茶業股份有限公司","brand_name":"50嵐","product_name":"波霸鮮奶","has_allergens":false,"allergens":"","allergen_count":0,"county":"臺北市"}},{"type":"Feature","geometry":{"type":"Point","coordinates":[121.546425,25.083065]},"properties":{"company_name":"深耕茶業股份有限公司","brand_name":"50嵐","product_name":"鮮柚綠","has_allergens":false,"allergens":"","allergen_count":0,"county":"臺北市"}},{"type":"Feature","geometry":{"type":"Point","coordinates":[121.546425,25.083065]},"properties":{"company_name":"深耕茶業股份有限公司","brand_name":"50嵐","product_name":"波霸綠(紅、青、烏)","has_allergens":true,"allergens":"乳製品","allergen_count":1,"county":"臺北市"}},{"type":"Feature","geometry":{"type":"Point","coordinates":[121.546425,25.083065]},"properties":{"company_name":"深耕茶業股份有限公司","brand_name":"50嵐","product_name":"檸檬紅茶","has_allergens":false,"allergens":"","allergen_count":0,"county":"臺北市"}},{"type":"Feature","geometry":{"type":"Point","coordinates":[121.546425,25.083065]},"properties":{"company_name":"深耕茶業股份有限公司","brand_name":"50嵐","product_name":"綠茶拿鐵","has_allergens":true,"allergens":"乳製品","allergen_count":1,"county":"臺北市"}},{"type":"Feature","geometry":{"type":"Point","coordinates":[121.546425,25.083065]},"properties":{"company_name":"深耕茶業股份有限公司","brand_name":"50嵐","product_name":"黃金烏龍拿鐵","has_allergens":false,"allergens":"","allergen_count":0,"county":"臺北市"}},{"type":"Feature","geometry":{"type":"Point","coordinates":[121.546425,25.083065]},"properties":{"company_name":"深耕茶業股份有限公司","brand_name":"50嵐","product_name":"布丁紅(綠、青、烏)","has_allergens":true,"allergens":"乳製品","allergen_count":1,"county":"臺北市"}},{"type":"Feature","geometry":{"type":"Point","coordinates":[121.546425,25.083065]},"properties":{"company_name":"深耕茶業股份有限公司","brand_name":"50嵐","product_name":"奶茶/奶綠","has_allergens":true,"allergens":"乳製品","allergen_count":1,"county":"臺北市"}},{"type":"Feature","geometry":{"type":"Point","coordinates":[121.546425,25.083065]},"properties":{"company_name":"深耕茶業股份有限公司","brand_name":"50嵐","product_name":"珍珠鮮奶","has_allergens":false,"allergens":"","allergen_count":0,"county":"臺北市"}},{"type":"Feature","geometry":{"type":"Point","coordinates":[121.546425,25.083065]},"properties":{"company_name":"深耕茶業股份有限公司","brand_name":"50嵐","product_name":"梅果綠","has_allergens":false,"allergens":"","allergen_count":0,"county":"臺北市"}},{"type":"Feature","geometry":{"type":"Point","coordinates":[121.546425,25.083065]},"properties":{"company_name":"深耕茶業股份有限公司","brand_name":"50嵐","product_name":"紅茶拿鐵","has_allergens":true,"allergens":"乳製品","allergen_count":1,"county":"臺北市"}},{"type":"Feature","geometry":{"type":"Point","coordinates":[121.546425,25.083065]},"properties":{"company_name":"深耕茶業股份有限公司","brand_name":"50嵐","product_name":"檸檬養樂多","has_allergens":false,"allergens":"","allergen_count":0,"county":"臺北市"}},{"type":"Feature","geometry":{"type":"Point","coordinates":[121.546425,25.083065]},"properties":{"company_name":"深耕茶業股份有限公司","brand_name":"50嵐","product_name":"可可芭蕾","has_allergens":true,"allergens":"乳製品","allergen_count":1,"county":"臺北市"}},{"type":"Feature","geometry":{"type":"Point","coordinates":[121.546425,25.083065]},"properties":{"company_name":"深耕茶業股份有限公司","brand_name":"50嵐","product_name":"布丁奶茶/奶綠/烏龍奶","has_allergens":true,"allergens":"乳製品","allergen_count":1,"county":"臺北市"}},{"type":"Feature","geometry":{"type":"Point","coordinates":[121.546425,25.083065]},"properties":{"company_name":"深耕茶業股份有限公司","brand_name":"50嵐","product_name":"可可芭蕾拿鐵","has_allergens":false,"allergens":"","allergen_count":0,"county":"臺北市"}},{"type":"Feature","geometry":{"type":"Point","coordinates":[121.546425,25.083065]},"properties":{"company_name":"深耕茶業股份有限公司","brand_name":"50嵐","product_name":"冰淇淋紅茶","has_allergens":false,"allergens":"","allergen_count":0,"county":"臺北市"}},{"type":"Feature","geometry":{"type":"Point","coordinates":[121.546425,25.083065]},"properties":{"company_name":"深耕茶業股份有限公司","brand_name":"50嵐","product_name":"阿華田拿鐵","has_allergens":false,"allergens":"","allergen_count":0,"county":"臺北市"}},{"type":"Feature","geometry":{"type":"Point","coordinates":[121.546425,25.083065]},"properties":{"company_name":"深耕茶業股份有限公司","brand_name":"50嵐","product_name":"紅茶瑪奇朵","has_allergens":false,"allergens":"","allergen_count":0,"county":"臺北市"}},{"type":"Feature","geometry":{"type":"Point","coordinates":[121.546425,25.083065]},"properties":{"company_name":"深耕茶業股份有限公司","brand_name":"50嵐","product_name":"四季奶青","has_allergens":true,"allergens":"乳製品","allergen_count":1,"county":"臺北市"}},{"type":"Feature","geometry":{"type":"Point","coordinates":[121.546425,25.083065]},"properties":{"company_name":"深耕茶業股份有限公司","brand_name":"50嵐","product_name":"黃金烏龍奶茶","has_allergens":false,"allergens":"","allergen_count":0,"county":"臺北市"}},{"type":"Feature","geometry":{"type":"Point","coordinates":[121.546425,25.083065]},"properties":{"company_name":"深耕茶業股份有限公司","brand_name":"50嵐","product_name":"波霸奶綠","has_allergens":false,"allergens":"","allergen_count":0,"county":"臺北市"}},{"type":"Feature","geometry":{"type":"Point","coordinates":[121.55331,25.000053]},"properties":{"company_name":"黑堂有限公司","brand_name":"黑丸嫩仙草","product_name":"黑丸仙草凍2K","has_allergens":false,"allergens":"","allergen_count":0,"county":"臺北市"}},{"type":"Feature","geometry":{"type":"Point","coordinates":[121.55331,25.000053]},"properties":{"company_name":"黑堂有限公司","brand_name":"黑丸嫩仙草","product_name":"紅豆冰沙","has_allergens":false,"allergens":"","allergen_count":0,"county":"臺北市"}},{"type":"Feature","geometry":{"type":"Point","coordinates":[121.55331,25.000053]},"properties":{"company_name":"黑堂有限公司","brand_name":"黑丸嫩仙草","product_name":"綠豆鮮奶","has_allergens":false,"allergens":"","allergen_count":0,"county":"臺北市"}},{"type":"Feature","geometry":{"type":"Point","coordinates":[121.55331,25.000053]},"properties":{"company_name":"黑堂有限公司","brand_name":"黑丸嫩仙草","product_name":"黑丸Q嫩雙寶","has_allergens":false,"allergens":"","allergen_count":0,"county":"臺北市"}},{"type":"Feature","geometry":{"type":"Point","coordinates":[121.55331,25.000053]},"properties":{"company_name":"黑堂有限公司","brand_name":"黑丸嫩仙草","product_name":"冬瓜小芋圓","has_allergens":false,"allergens":"","allergen_count":0,"county":"臺北市"}},{"type":"Feature","geometry":{"type":"Point","coordinates":[121.55331,25.000053]},"properties":{"company_name":"黑堂有限公司","brand_name":"黑丸嫩仙草","product_name":"綠豆牛奶冰","has_allergens":false,"allergens":"","allergen_count":0,"county":"臺北市"}},{"type":"Feature","geometry":{"type":"Point","coordinates":[121.55331,25.000053]},"properties":{"company_name":"黑堂有限公司","brand_name":"黑丸嫩仙草","product_name":"鮮奶冬瓜茶","has_allergens":false,"allergens":"","allergen_count":0,"county":"臺北市"}},{"type":"Feature","geometry":{"type":"Point","coordinates":[121.55331,25.000053]},"properties":{"company_name":"黑堂有限公司","brand_name":"黑丸嫩仙草","product_name":"黑丸嫩仙草","has_allergens":false,"allergens":"","allergen_count":0,"county":"臺北市"}},{"type":"Feature","geometry":{"type":"Point","coordinates":[121.55331,25.000053]},"properties":{"company_name":"黑堂有限公司","brand_name":"黑丸嫩仙草","product_name":"黑丸紫米粥","has_allergens":false,"allergens":"","allergen_count":0,"county":"臺北市"}},{"type":"Feature","geometry":{"type":"Point","coordinates":[121.55331,25.000053]},"properties":{"company_name":"黑堂有限公司","brand_name":"黑丸嫩仙草","product_name":"關西仙草凍飲","has_allergens":false,"allergens":"","allergen_count":0,"county":"臺北市"}},{"type":"Feature","geometry":{"type":"Point","coordinates":[121.55331,25.000053]},"properties":{"company_name":"黑堂有限公司","brand_name":"黑丸嫩仙草","product_name":"紅豆鮮奶","has_allergens":false,"allergens":"","allergen_count":0,"county":"臺北市"}},{"type":"Feature","geometry":{"type":"Point","coordinates":[121.55331,25.000053]},"properties":{"company_name":"黑堂有限公司","brand_name":"黑丸嫩仙草","product_name":"嫩仙草奶茶","has_allergens":false,"allergens":"","allergen_count":0,"county":"臺北市"}},{"type":"Feature","geometry":{"type":"Point","coordinates":[121.55331,25.000053]},"properties":{"company_name":"黑堂有限公司","brand_name":"黑丸嫩仙草","product_name":"寒天愛玉凍2K","has_allergens":false,"allergens":"","allergen_count":0,"county":"臺北市"}},{"type":"Feature","geometry":{"type":"Point","coordinates":[121.55331,25.000053]},"properties":{"company_name":"黑堂有限公司","brand_name":"黑丸嫩仙草","product_name":"杏仁鮮奶","has_allergens":false,"allergens":"","allergen_count":0,"county":"臺北市"}},{"type":"Feature","geometry":{"type":"Point","coordinates":[121.55331,25.000053]},"properties":{"company_name":"黑堂有限公司","brand_name":"黑丸嫩仙草","product_name":"關西仙草甘茶","has_allergens":false,"allergens":"","allergen_count":0,"county":"臺北市"}},{"type":"Feature","geometry":{"type":"Point","coordinates":[121.55331,25.000053]},"properties":{"company_name":"黑堂有限公司","brand_name":"黑丸嫩仙草","product_name":"美白杏仁露","has_allergens":false,"allergens":"","allergen_count":0,"county":"臺北市"}},{"type":"Feature","geometry":{"type":"Point","coordinates":[121.55331,25.000053]},"properties":{"company_name":"黑堂有限公司","brand_name":"黑丸嫩仙草","product_name":"芋頭牛奶冰","has_allergens":false,"allergens":"","allergen_count":0,"county":"臺北市"}},{"type":"Feature","geometry":{"type":"Point","coordinates":[121.55331,25.000053]},"properties":{"company_name":"黑堂有限公司","brand_name":"黑丸嫩仙草","product_name":"寒天嫩仙草","has_allergens":false,"allergens":"","allergen_count":0,"county":"臺北市"}},{"type":"Feature","geometry":{"type":"Point","coordinates":[121.55331,25.000053]},"properties":{"company_name":"黑堂有限公司","brand_name":"黑丸嫩仙草","product_name":"黑糖珍珠奶茶","has_allergens":false,"allergens":"","allergen_count":0,"county":"臺北市"}},{"type":"Feature","geometry":{"type":"Point","coordinates":[121.55331,25.000053]},"properties":{"company_name":"黑堂有限公司","brand_name":"黑丸嫩仙草","product_name":"寒天愛玉凍1K","has_allergens":false,"allergens":"","allergen_count":0,"county":"臺北市"}},{"type":"Feature","geometry":{"type":"Point","coordinates":[121.55331,25.000053]},"properties":{"company_name":"黑堂有限公司","brand_name":"黑丸嫩仙草","product_name":"淡水酸梅湯","has_allergens":false,"allergens":"","allergen_count":0,"county":"臺北市"}},{"type":"Feature","geometry":{"type":"Point","coordinates":[121.55331,25.000053]},"properties":{"company_name":"黑堂有限公司","brand_name":"黑丸嫩仙草","product_name":"紫米鮮奶","has_allergens":false,"allergens":"","allergen_count":0,"county":"臺北市"}},{"type":"Feature","geometry":{"type":"Point","coordinates":[121.55331,25.000053]},"properties":{"company_name":"黑堂有限公司","brand_name":"黑丸嫩仙草","product_name":"黑丸嫩愛玉","has_allergens":false,"allergens":"","allergen_count":0,"county":"臺北市"}},{"type":"Feature","geometry":{"type":"Point","coordinates":[121.55331,25.000053]},"properties":{"company_name":"黑堂有限公司","brand_name":"黑丸嫩仙草","product_name":"芋頭鮮奶","has_allergens":false,"allergens":"","allergen_count":0,"county":"臺北市"}},{"type":"Feature","geometry":{"type":"Point","coordinates":[121.55331,25.000053]},"properties":{"company_name":"黑堂有限公司","brand_name":"黑丸嫩仙草","product_name":"冬瓜檸檬","has_allergens":false,"allergens":"","allergen_count":0,"county":"臺北市"}},{"type":"Feature","geometry":{"type":"Point","coordinates":[121.55331,25.000053]},"properties":{"company_name":"黑堂有限公司","brand_name":"黑丸嫩仙草","product_name":"愛玉冰茶","has_allergens":false,"allergens":"","allergen_count":0,"county":"臺北市"}},{"type":"Feature","geometry":{"type":"Point","coordinates":[121.55331,25.000053]},"properties":{"company_name":"黑堂有限公司","brand_name":"黑丸嫩仙草","product_name":"香醇奶茶","has_allergens":false,"allergens":"","allergen_count":0,"county":"臺北市"}},{"type":"Feature","geometry":{"type":"Point","coordinates":[121.55331,25.000053]},"properties":{"company_name":"黑堂有限公司","brand_name":"黑丸嫩仙草","product_name":"九份芋圓冰","has_allergens":false,"allergens":"","allergen_count":0,"county":"臺北市"}},{"type":"Feature","geometry":{"type":"Point","coordinates":[121.55331,25.000053]},"properties":{"company_name":"黑堂有限公司","brand_name":"黑丸嫩仙草","product_name":"冬瓜仙草凍飲","has_allergens":false,"allergens":"","allergen_count":0,"county":"臺北市"}},{"type":"Feature","geometry":{"type":"Point","coordinates":[121.55331,25.000053]},"properties":{"company_name":"黑堂有限公司","brand_name":"黑丸嫩仙草","product_name":"鮮奶仙草凍飲","has_allergens":false,"allergens":"","allergen_count":0,"county":"臺北市"}},{"type":"Feature","geometry":{"type":"Point","coordinates":[121.54468,24.974657]},"properties":{"company_name":"迷客夏國際股份有限公司","brand_name":"迷客夏","product_name":"巨峰葡萄優酪","has_allergens":true,"allergens":"乳製品","allergen_count":1,"county":"新北市"}},{"type":"Feature","geometry":{"type":"Point","coordinates":[121.54468,24.974657]},"properties":{"company_name":"迷客夏國際股份有限公司","brand_name":"迷客夏","product_name":"焙焙烏龍拿鐵","has_allergens":false,"allergens":"","allergen_count":0,"county":"新北市"}},{"type":"Feature","geometry":{"type":"Point","coordinates":[121.54468,24.974657]},"properties":{"company_name":"迷客夏國際股份有限公司","brand_name":"迷客夏","product_name":"靜岡焙茶拿鐵","has_allergens":false,"allergens":"","allergen_count":0,"county":"新北市"}},{"type":"Feature","geometry":{"type":"Point","coordinates":[121.54468,24.974657]},"properties":{"company_name":"迷客夏國際股份有限公司","brand_name":"迷客夏","product_name":"仙草凍冬瓜茶","has_allergens":false,"allergens":"","allergen_count":0,"county":"新北市"}},{"type":"Feature","geometry":{"type":"Point","coordinates":[121.54468,24.974657]},"properties":{"company_name":"迷客夏國際股份有限公司","brand_name":"迷客夏","product_name":"朝等蕎蕎奶霜","has_allergens":true,"allergens":"乳製品","allergen_count":1,"county":"新北市"}},{"type":"Feature","geometry":{"type":"Point","coordinates":[121.54468,24.974657]},"properties":{"company_name":"迷客夏國際股份有限公司","brand_name":"迷客夏","product_name":"夏日莫西多","has_allergens":true,"allergens":"乳製品","allergen_count":1,"county":"新北市"}},{"type":"Feature","geometry":{"type":"Point","coordinates":[121.54468,24.974657]},"properties":{"company_name":"迷客夏國際股份有限公司","brand_name":"迷客夏","product_name":"粉綠豆鮮奶冰沙","has_allergens":true,"allergens":"乳製品","allergen_count":1,"county":"新北市"}},{"type":"Feature","geometry":{"type":"Point","coordinates":[121.54468,24.974657]},"properties":{"company_name":"迷客夏國際股份有限公司","brand_name":"迷客夏","product_name":"台味海鹽檸檬可樂","has_allergens":false,"allergens":"","allergen_count":0,"county":"新北市"}},{"type":"Feature","geometry":{"type":"Point","coordinates":[121.54468,24.974657]},"properties":{"company_name":"迷客夏國際股份有限公司","brand_name":"迷客夏","product_name":"蕎蕎奶霜麥茶","has_allergens":false,"allergens":"","allergen_count":0,"county":"新北市"}},{"type":"Feature","geometry":{"type":"Point","coordinates":[121.54468,24.974657]},"properties":{"company_name":"迷客夏國際股份有限公司","brand_name":"迷客夏","product_name":"布朗紅茶拿鐵","has_allergens":false,"allergens":"","allergen_count":0,"county":"新北市"}},{"type":"Feature","geometry":{"type":"Point","coordinates":[121.54468,24.974657]},"properties":{"company_name":"迷客夏國際股份有限公司","brand_name":"迷客夏","product_name":"就是蜂蜜拿鐵","has_allergens":true,"allergens":"乳製品","allergen_count":1,"county":"新北市"}},{"type":"Feature","geometry":{"type":"Point","coordinates":[121.54468,24.974657]},"properties":{"company_name":"迷客夏國際股份有限公司","brand_name":"迷客夏","product_name":"同學，特調","has_allergens":true,"allergens":"乳製品","allergen_count":1,"county":"新北市"}},{"type":"Feature","geometry":{"type":"Point","coordinates":[121.54468,24.974657]},"properties":{"company_name":"迷客夏國際股份有限公司","brand_name":"迷客夏","product_name":"巨峰葡啵綠","has_allergens":false,"allergens":"","allergen_count":0,"county":"新北市"}},{"type":"Feature","geometry":{"type":"Point","coordinates":[121.54468,24.974657]},"properties":{"company_name":"迷客夏國際股份有限公司","brand_name":"迷客夏","product_name":"蕎蕎奶霜烏龍茶","has_allergens":true,"allergens":"乳製品","allergen_count":1,"county":"新北市"}},{"type":"Feature","geometry":{"type":"Point","coordinates":[121.54468,24.974657]},"properties":{"company_name":"迷客夏國際股份有限公司","brand_name":"迷客夏","product_name":"冬瓜鮮奶","has_allergens":true,"allergens":"乳製品","allergen_count":1,"county":"新北市"}},{"type":"Feature","geometry":{"type":"Point","coordinates":[121.54468,24.974657]},"properties":{"company_name":"迷客夏國際股份有限公司","brand_name":"迷客夏","product_name":"蕎蕎奶霜娜杯紅茶","has_allergens":true,"allergens":"乳製品","allergen_count":1,"county":"新北市"}},{"type":"Feature","geometry":{"type":"Point","coordinates":[121.54468,24.974657]},"properties":{"company_name":"迷客夏國際股份有限公司","brand_name":"迷客夏","product_name":"蕎蕎奶霜蜂蜜青梅","has_allergens":true,"allergens":"乳製品","allergen_count":1,"county":"新北市"}},{"type":"Feature","geometry":{"type":"Point","coordinates":[121.54468,24.974657]},"properties":{"company_name":"迷客夏國際股份有限公司","brand_name":"迷客夏","product_name":"蕎蕎奶霜蜜桃茉莉","has_allergens":false,"allergens":"","allergen_count":0,"county":"新北市"}},{"type":"Feature","geometry":{"type":"Point","coordinates":[121.54468,24.974657]},"properties":{"company_name":"迷客夏國際股份有限公司","brand_name":"迷客夏","product_name":"巨峰葡萄綠茶","has_allergens":true,"allergens":"乳製品","allergen_count":1,"county":"新北市"}},{"type":"Feature","geometry":{"type":"Point","coordinates":[121.54468,24.974657]},"properties":{"company_name":"迷客夏國際股份有限公司","brand_name":"迷客夏","product_name":"美女，鮮奶茶","has_allergens":true,"allergens":"乳製品","allergen_count":1,"county":"新北市"}},{"type":"Feature","geometry":{"type":"Point","coordinates":[121.54468,24.974657]},"properties":{"company_name":"迷客夏國際股份有限公司","brand_name":"迷客夏","product_name":"小孩愛吃蜂蜜蛋糕","has_allergens":false,"allergens":"","allergen_count":0,"county":"新北市"}},{"type":"Feature","geometry":{"type":"Point","coordinates":[121.54468,24.974657]},"properties":{"company_name":"迷客夏國際股份有限公司","brand_name":"迷客夏","product_name":"法芙娜純可可鮮奶","has_allergens":false,"allergens":"","allergen_count":0,"county":"新北市"}},{"type":"Feature","geometry":{"type":"Point","coordinates":[121.54468,24.974657]},"properties":{"company_name":"迷客夏國際股份有限公司","brand_name":"迷客夏","product_name":"Q角茉香拿鐵","has_allergens":false,"allergens":"","allergen_count":0,"county":"新北市"}},{"type":"Feature","geometry":{"type":"Point","coordinates":[121.54468,24.974657]},"properties":{"company_name":"迷客夏國際股份有限公司","brand_name":"迷客夏","product_name":"蕎蕎奶霜大正紅茶","has_allergens":false,"allergens":"","allergen_count":0,"county":"新北市"}},{"type":"Feature","geometry":{"type":"Point","coordinates":[121.54468,24.974657]},"properties":{"company_name":"迷客夏國際股份有限公司","brand_name":"迷客夏","product_name":"珍珠手炒黑糖鮮奶","has_allergens":true,"allergens":"乳製品","allergen_count":1,"county":"新北市"}},{"type":"Feature","geometry":{"type":"Point","coordinates":[121.54468,24.974657]},"properties":{"company_name":"迷客夏國際股份有限公司","brand_name":"迷客夏","product_name":"蕎蕎奶霜青茶","has_allergens":true,"allergens":"乳製品","allergen_count":1,"county":"新北市"}},{"type":"Feature","geometry":{"type":"Point","coordinates":[121.54468,24.974657]},"properties":{"company_name":"迷客夏國際股份有限公司","brand_name":"迷客夏","product_name":"蕎蕎奶霜伯爵紅茶","has_allergens":true,"allergens":"乳製品","allergen_count":1,"county":"新北市"}},{"type":"Feature","geometry":{"type":"Point","coordinates":[121.54468,24.974657]},"properties":{"company_name":"迷客夏國際股份有限公司","brand_name":"迷客夏","product_name":"就是蜂蜜紅茶","has_allergens":true,"allergens":"乳製品","allergen_count":1,"county":"新北市"}},{"type":"Feature","geometry":{"type":"Point","coordinates":[121.54468,24.974657]},"properties":{"company_name":"迷客夏國際股份有限公司","brand_name":"迷客夏","product_name":"檸檬蜜Q晶凍","has_allergens":false,"allergens":"","allergen_count":0,"county":"新北市"}},{"type":"Feature","geometry":{"type":"Point","coordinates":[121.54468,24.974657]},"properties":{"company_name":"迷客夏國際股份有限公司","brand_name":"迷客夏","product_name":"巨峰莓果茶","has_allergens":false,"allergens":"","allergen_count":0,"county":"新北市"}},{"type":"Feature","geometry":{"type":"Point","coordinates":[121.576904,25.077013]},"properties":{"company_name":"約翰紅茶股份有限公司","brand_name":"約翰紅茶公司","product_name":"生乳紅茶","has_allergens":true,"allergens":"乳製品","allergen_count":1,"county":"臺北市"}},{"type":"Feature","geometry":{"type":"Point","coordinates":[121.576904,25.077013]},"properties":{"company_name":"約翰紅茶股份有限公司","brand_name":"約翰紅茶公司","product_name":"生乳灼香紅","has_allergens":true,"allergens":"花生,乳製品","allergen_count":2,"county":"臺北市"}},{"type":"Feature","geometry":{"type":"Point","coordinates":[121.576904,25.077013]},"properties":{"company_name":"約翰紅茶股份有限公司","brand_name":"約翰紅茶公司","product_name":"東方檸檬茶","has_allergens":false,"allergens":"","allergen_count":0,"county":"臺北市"}},{"type":"Feature","geometry":{"type":"Point","coordinates":[121.576904,25.077013]},"properties":{"company_name":"約翰紅茶股份有限公司","brand_name":"約翰紅茶公司","product_name":"茶中香檳","has_allergens":true,"allergens":"乳製品","allergen_count":1,"county":"臺北市"}},{"type":"Feature","geometry":{"type":"Point","coordinates":[121.576904,25.077013]},"properties":{"company_name":"約翰紅茶股份有限公司","brand_name":"約翰紅茶公司","product_name":"曼非紅茶","has_allergens":false,"allergens":"","allergen_count":0,"county":"臺北市"}},{"type":"Feature","geometry":{"type":"Point","coordinates":[121.576904,25.077013]},"properties":{"company_name":"約翰紅茶股份有限公司","brand_name":"約翰紅茶公司","product_name":"雨果那堤","has_allergens":false,"allergens":"","allergen_count":0,"county":"臺北市"}},{"type":"Feature","geometry":{"type":"Point","coordinates":[121.576904,25.077013]},"properties":{"company_name":"約翰紅茶股份有限公司","brand_name":"約翰紅茶公司","product_name":"玉釀紅茶","has_allergens":false,"allergens":"","allergen_count":0,"county":"臺北市"}},{"type":"Feature","geometry":{"type":"Point","coordinates":[121.576904,25.077013]},"properties":{"company_name":"約翰紅茶股份有限公司","brand_name":"約翰紅茶公司","product_name":"煮濃那堤","has_allergens":false,"allergens":"","allergen_count":0,"county":"臺北市"}},{"type":"Feature","geometry":{"type":"Point","coordinates":[121.576904,25.077013]},"properties":{"company_name":"約翰紅茶股份有限公司","brand_name":"約翰紅茶公司","product_name":"曼非那堤","has_allergens":false,"allergens":"","allergen_count":0,"county":"臺北市"}},{"type":"Feature","geometry":{"type":"Point","coordinates":[121.576904,25.077013]},"properties":{"company_name":"約翰紅茶股份有限公司","brand_name":"約翰紅茶公司","product_name":"灼香紅茶","has_allergens":true,"allergens":"乳製品","allergen_count":1,"county":"臺北市"}},{"type":"Feature","geometry":{"type":"Point","coordinates":[121.576904,25.077013]},"properties":{"company_name":"約翰紅茶股份有限公司","brand_name":"約翰紅茶公司","product_name":"伯爵可爾必思","has_allergens":false,"allergens":"","allergen_count":0,"county":"臺北市"}},{"type":"Feature","geometry":{"type":"Point","coordinates":[121.576904,25.077013]},"properties":{"company_name":"約翰紅茶股份有限公司","brand_name":"約翰紅茶公司","product_name":"錫金紅茶","has_allergens":false,"allergens":"","allergen_count":0,"county":"臺北市"}},{"type":"Feature","geometry":{"type":"Point","coordinates":[121.42551,25.026186]},"properties":{"company_name":"七盞茶股份有限公司","brand_name":"七盞茶","product_name":"七盞紅萃鮮乳","has_allergens":false,"allergens":"","allergen_count":0,"county":"新北市"}},{"type":"Feature","geometry":{"type":"Point","coordinates":[121.42551,25.026186]},"properties":{"company_name":"七盞茶股份有限公司","brand_name":"七盞茶","product_name":"日夏紅茶","has_allergens":false,"allergens":"","allergen_count":0,"county":"新北市"}},{"type":"Feature","geometry":{"type":"Point","coordinates":[121.42551,25.026186]},"properties":{"company_name":"七盞茶股份有限公司","brand_name":"七盞茶","product_name":"白玉珍奶紅","has_allergens":true,"allergens":"乳製品","allergen_count":1,"county":"新北市"}},{"type":"Feature","geometry":{"type":"Point","coordinates":[121.42551,25.026186]},"properties":{"company_name":"七盞茶股份有限公司","brand_name":"七盞茶","product_name":"茉香綠茶","has_allergens":true,"allergens":"乳製品","allergen_count":1,"county":"新北市"}},{"type":"Feature","geometry":{"type":"Point","coordinates":[121.42551,25.026186]},"properties":{"company_name":"七盞茶股份有限公司","brand_name":"七盞茶","product_name":"白玉紅茶鮮乳","has_allergens":false,"allergens":"","allergen_count":0,"county":"新北市"}},{"type":"Feature","geometry":{"type":"Point","coordinates":[121.42551,25.026186]},"properties":{"company_name":"七盞茶股份有限公司","brand_name":"七盞茶","product_name":"蜂蜜茉香綠茶","has_allergens":true,"allergens":"乳製品","allergen_count":1,"county":"新北市"}},{"type":"Feature","geometry":{"type":"Point","coordinates":[121.42551,25.026186]},"properties":{"company_name":"七盞茶股份有限公司","brand_name":"七盞茶","product_name":"蜂蜜芯月烏龍","has_allergens":true,"allergens":"乳製品","allergen_count":1,"county":"新北市"}},{"type":"Feature","geometry":{"type":"Point","coordinates":[121.42551,25.026186]},"properties":{"company_name":"七盞茶股份有限公司","brand_name":"七盞茶","product_name":"四季杏仁豆腐","has_allergens":true,"allergens":"乳製品","allergen_count":1,"county":"新北市"}},{"type":"Feature","geometry":{"type":"Point","coordinates":[121.42551,25.026186]},"properties":{"company_name":"七盞茶股份有限公司","brand_name":"七盞茶","product_name":"仙草凍烏龍奶","has_allergens":true,"allergens":"乳製品","allergen_count":1,"county":"新北市"}},{"type":"Feature","geometry":{"type":"Point","coordinates":[121.42551,25.026186]},"properties":{"company_name":"七盞茶股份有限公司","brand_name":"七盞茶","product_name":"四季春茶","has_allergens":false,"allergens":"","allergen_count":0,"county":"新北市"}},{"type":"Feature","geometry":{"type":"Point","coordinates":[121.42551,25.026186]},"properties":{"company_name":"七盞茶股份有限公司","brand_name":"七盞茶","product_name":"冬瓜烏龍","has_allergens":true,"allergens":"乳製品","allergen_count":1,"county":"新北市"}},{"type":"Feature","geometry":{"type":"Point","coordinates":[121.42551,25.026186]},"properties":{"company_name":"七盞茶股份有限公司","brand_name":"七盞茶","product_name":"茉香綠茶鮮乳","has_allergens":true,"allergens":"乳製品","allergen_count":1,"county":"新北市"}},{"type":"Feature","geometry":{"type":"Point","coordinates":[121.42551,25.026186]},"properties":{"company_name":"七盞茶股份有限公司","brand_name":"七盞茶","product_name":"山萃烏龍","has_allergens":true,"allergens":"乳製品","allergen_count":1,"county":"新北市"}},{"type":"Feature","geometry":{"type":"Point","coordinates":[121.42551,25.026186]},"properties":{"company_name":"七盞茶股份有限公司","brand_name":"七盞茶","product_name":"四季春奶蓋","has_allergens":true,"allergens":"乳製品","allergen_count":1,"county":"新北市"}},{"type":"Feature","geometry":{"type":"Point","coordinates":[121.42551,25.026186]},"properties":{"company_name":"七盞茶股份有限公司","brand_name":"七盞茶","product_name":"七盞紅萃","has_allergens":true,"allergens":"乳製品","allergen_count":1,"county":"新北市"}},{"type":"Feature","geometry":{"type":"Point","coordinates":[121.42551,25.026186]},"properties":{"company_name":"七盞茶股份有限公司","brand_name":"七盞茶","product_name":"七盞紅萃奶蓋","has_allergens":true,"allergens":"乳製品","allergen_count":1,"county":"新北市"}},{"type":"Feature","geometry":{"type":"Point","coordinates":[121.42551,25.026186]},"properties":{"company_name":"七盞茶股份有限公司","brand_name":"七盞茶","product_name":"芯月烏龍鮮乳","has_allergens":false,"allergens":"","allergen_count":0,"county":"新北市"}},{"type":"Feature","geometry":{"type":"Point","coordinates":[121.42551,25.026186]},"properties":{"company_name":"七盞茶股份有限公司","brand_name":"七盞茶","product_name":"雙Q百香","has_allergens":true,"allergens":"乳製品","allergen_count":1,"county":"新北市"}},{"type":"Feature","geometry":{"type":"Point","coordinates":[121.42551,25.026186]},"properties":{"company_name":"七盞茶股份有限公司","brand_name":"七盞茶","product_name":"芭樂梅子","has_allergens":true,"allergens":"乳製品","allergen_count":1,"county":"新北市"}},{"type":"Feature","geometry":{"type":"Point","coordinates":[121.42551,25.026186]},"properties":{"company_name":"七盞茶股份有限公司","brand_name":"七盞茶","product_name":"蜂蜜高桂菁香","has_allergens":true,"allergens":"乳製品","allergen_count":1,"county":"新北市"}},{"type":"Feature","geometry":{"type":"Point","coordinates":[121.42551,25.026186]},"properties":{"company_name":"七盞茶股份有限公司","brand_name":"七盞茶","product_name":"芯月烏奶","has_allergens":false,"allergens":"","allergen_count":0,"county":"新北市"}},{"type":"Feature","geometry":{"type":"Point","coordinates":[121.42551,25.026186]},"properties":{"company_name":"七盞茶股份有限公司","brand_name":"七盞茶","product_name":"日夏紅茶鮮乳","has_allergens":true,"allergens":"乳製品","allergen_count":1,"county":"新北市"}},{"type":"Feature","geometry":{"type":"Point","coordinates":[121.42551,25.026186]},"properties":{"company_name":"七盞茶股份有限公司","brand_name":"七盞茶","product_name":"蜂蜜四季春茶","has_allergens":true,"allergens":"乳製品","allergen_count":1,"county":"新北市"}},{"type":"Feature","geometry":{"type":"Point","coordinates":[121.42551,25.026186]},"properties":{"company_name":"七盞茶股份有限公司","brand_name":"七盞茶","product_name":"蜂蜜日夏紅茶","has_allergens":false,"allergens":"","allergen_count":0,"county":"新北市"}},{"type":"Feature","geometry":{"type":"Point","coordinates":[121.42551,25.026186]},"properties":{"company_name":"七盞茶股份有限公司","brand_name":"七盞茶","product_name":"鳳梨冰茶","has_allergens":true,"allergens":"乳製品","allergen_count":1,"county":"新北市"}},{"type":"Feature","geometry":{"type":"Point","coordinates":[121.42551,25.026186]},"properties":{"company_name":"七盞茶股份有限公司","brand_name":"七盞茶","product_name":"四季春鮮乳","has_allergens":true,"allergens":"乳製品","allergen_count":1,"county":"新北市"}},{"type":"Feature","geometry":{"type":"Point","coordinates":[121.42551,25.026186]},"properties":{"company_name":"七盞茶股份有限公司","brand_name":"七盞茶","product_name":"高桂菁奶蓋","has_allergens":true,"allergens":"乳製品","allergen_count":1,"county":"新北市"}},{"type":"Feature","geometry":{"type":"Point","coordinates":[121.42551,25.026186]},"properties":{"company_name":"七盞茶股份有限公司","brand_name":"七盞茶","product_name":"綠茶多多","has_allergens":false,"allergens":"","allergen_count":0,"county":"新北市"}},{"type":"Feature","geometry":{"type":"Point","coordinates":[121.42551,25.026186]},"properties":{"company_name":"七盞茶股份有限公司","brand_name":"七盞茶","product_name":"甘蔗冰茶","has_allergens":true,"allergens":"乳製品","allergen_count":1,"county":"新北市"}},{"type":"Feature","geometry":{"type":"Point","coordinates":[121.42551,25.026186]},"properties":{"company_name":"七盞茶股份有限公司","brand_name":"七盞茶","product_name":"蜂蜜山萃烏龍","has_allergens":true,"allergens":"乳製品","allergen_count":1,"county":"新北市"}},{"type":"Feature","geometry":{"type":"Point","coordinates":[121.52799,25.021425]},"properties":{"company_name":"馥甘股份有限公司","brand_name":"季緣","product_name":"貴妃烏龍奶茶","has_allergens":true,"allergens":"乳製品","allergen_count":1,"county":"臺北市"}},{"type":"Feature","geometry":{"type":"Point","coordinates":[121.52799,25.021425]},"properties":{"company_name":"馥甘股份有限公司","brand_name":"季緣","product_name":"貴妃烏龍鮮乳","has_allergens":false,"allergens":"","allergen_count":0,"county":"臺北市"}},{"type":"Feature","geometry":{"type":"Point","coordinates":[121.52799,25.021425]},"properties":{"company_name":"馥甘股份有限公司","brand_name":"季緣","product_name":"富士蘋果冬片","has_allergens":false,"allergens":"","allergen_count":0,"county":"臺北市"}},{"type":"Feature","geometry":{"type":"Point","coordinates":[121.52799,25.021425]},"properties":{"company_name":"馥甘股份有限公司","brand_name":"季緣","product_name":"杉林溪貴妃烏龍","has_allergens":false,"allergens":"","allergen_count":0,"county":"臺北市"}},{"type":"Feature","geometry":{"type":"Point","coordinates":[121.52799,25.021425]},"properties":{"company_name":"馥甘股份有限公司","brand_name":"季緣","product_name":"水蜜桃青韻茶王","has_allergens":false,"allergens":"","allergen_count":0,"county":"臺北市"}},{"type":"Feature","geometry":{"type":"Point","coordinates":[121.52799,25.021425]},"properties":{"company_name":"馥甘股份有限公司","brand_name":"季緣","product_name":"黑糖珍珠鮮奶","has_allergens":true,"allergens":"乳製品","allergen_count":1,"county":"臺北市"}},{"type":"Feature","geometry":{"type":"Point","coordinates":[121.52799,25.021425]},"properties":{"company_name":"馥甘股份有限公司","brand_name":"季緣","product_name":"山茶花蜜桃奶蓋","has_allergens":false,"allergens":"","allergen_count":0,"county":"臺北市"}},{"type":"Feature","geometry":{"type":"Point","coordinates":[121.52799,25.021425]},"properties":{"company_name":"馥甘股份有限公司","brand_name":"季緣","product_name":"甘蔗青韻茶王","has_allergens":true,"allergens":"乳製品","allergen_count":1,"county":"臺北市"}},{"type":"Feature","geometry":{"type":"Point","coordinates":[121.52799,25.021425]},"properties":{"company_name":"馥甘股份有限公司","brand_name":"季緣","product_name":"杉林溪青韻茶王","has_allergens":true,"allergens":"乳製品","allergen_count":1,"county":"臺北市"}},{"type":"Feature","geometry":{"type":"Point","coordinates":[121.52799,25.021425]},"properties":{"company_name":"馥甘股份有限公司","brand_name":"季緣","product_name":"合歡山玫瑰冬片","has_allergens":false,"allergens":"","allergen_count":0,"county":"臺北市"}},{"type":"Feature","geometry":{"type":"Point","coordinates":[121.52799,25.021425]},"properties":{"company_name":"馥甘股份有限公司","brand_name":"季緣","product_name":"北埔東方美人","has_allergens":true,"allergens":"乳製品","allergen_count":1,"county":"臺北市"}},{"type":"Feature","geometry":{"type":"Point","coordinates":[121.52799,25.021425]},"properties":{"company_name":"馥甘股份有限公司","brand_name":"季緣","product_name":"東方美人鮮乳","has_allergens":false,"allergens":"","allergen_count":0,"county":"臺北市"}},{"type":"Feature","geometry":{"type":"Point","coordinates":[121.52799,25.021425]},"properties":{"company_name":"馥甘股份有限公司","brand_name":"季緣","product_name":"東方美人奶茶","has_allergens":false,"allergens":"","allergen_count":0,"county":"臺北市"}},{"type":"Feature","geometry":{"type":"Point","coordinates":[121.52799,25.021425]},"properties":{"company_name":"馥甘股份有限公司","brand_name":"季緣","product_name":"日月潭潭韻紅玉","has_allergens":false,"allergens":"","allergen_count":0,"county":"臺北市"}},{"type":"Feature","geometry":{"type":"Point","coordinates":[121.52799,25.021425]},"properties":{"company_name":"馥甘股份有限公司","brand_name":"季緣","product_name":"暮嵐茉莉鮮乳","has_allergens":true,"allergens":"乳製品","allergen_count":1,"county":"臺北市"}},{"type":"Feature","geometry":{"type":"Point","coordinates":[121.52799,25.021425]},"properties":{"company_name":"馥甘股份有限公司","brand_name":"季緣","product_name":"暮嵐茉莉奶茶","has_allergens":true,"allergens":"乳製品","allergen_count":1,"county":"臺北市"}},{"type":"Feature","geometry":{"type":"Point","coordinates":[121.52799,25.021425]},"properties":{"company_name":"馥甘股份有限公司","brand_name":"季緣","product_name":"柚香暮嵐茉莉","has_allergens":false,"allergens":"","allergen_count":0,"county":"臺北市"}},{"type":"Feature","geometry":{"type":"Point","coordinates":[121.52799,25.021425]},"properties":{"company_name":"馥甘股份有限公司","brand_name":"季緣","product_name":"三峽暮嵐茉莉","has_allergens":true,"allergens":"乳製品","allergen_count":1,"county":"臺北市"}},{"type":"Feature","geometry":{"type":"Point","coordinates":[121.52799,25.021425]},"properties":{"company_name":"馥甘股份有限公司","brand_name":"季緣","product_name":"檸檬暮嵐茉莉","has_allergens":false,"allergens":"","allergen_count":0,"county":"臺北市"}},{"type":"Feature","geometry":{"type":"Point","coordinates":[121.52799,25.021425]},"properties":{"company_name":"馥甘股份有限公司","brand_name":"季緣","product_name":"阿里山雲嶺金萱","has_allergens":false,"allergens":"","allergen_count":0,"county":"臺北市"}},{"type":"Feature","geometry":{"type":"Point","coordinates":[121.52799,25.021425]},"properties":{"company_name":"馥甘股份有限公司","brand_name":"季緣","product_name":"魚池阿薩姆奶茶","has_allergens":false,"allergens":"","allergen_count":0,"county":"臺北市"}},{"type":"Feature","geometry":{"type":"Point","coordinates":[121.52799,25.021425]},"properties":{"company_name":"馥甘股份有限公司","brand_name":"季緣","product_name":"魚池阿薩姆鮮乳","has_allergens":true,"allergens":"乳製品","allergen_count":1,"county":"臺北市"}},{"type":"Feature","geometry":{"type":"Point","coordinates":[121.52799,25.021425]},"properties":{"company_name":"馥甘股份有限公司","brand_name":"季緣","product_name":"雲嶺金萱鮮乳","has_allergens":true,"allergens":"乳製品","allergen_count":1,"county":"臺北市"}},{"type":"Feature","geometry":{"type":"Point","coordinates":[121.52799,25.021425]},"properties":{"company_name":"馥甘股份有限公司","brand_name":"季緣","product_name":"雲嶺金萱奶茶","has_allergens":false,"allergens":"","allergen_count":0,"county":"臺北市"}},{"type":"Feature","geometry":{"type":"Point","coordinates":[121.52799,25.021425]},"properties":{"company_name":"馥甘股份有限公司","brand_name":"季緣","product_name":"檸檬冬瓜茶","has_allergens":false,"allergens":"","allergen_count":0,"county":"臺北市"}},{"type":"Feature","geometry":{"type":"Point","coordinates":[121.52799,25.021425]},"properties":{"company_name":"馥甘股份有限公司","brand_name":"季緣","product_name":"古釀冬瓜鮮奶","has_allergens":true,"allergens":"乳製品","allergen_count":1,"county":"臺北市"}},{"type":"Feature","geometry":{"type":"Point","coordinates":[121.52799,25.021425]},"properties":{"company_name":"馥甘股份有限公司","brand_name":"季緣","product_name":"古釀冬瓜茶","has_allergens":true,"allergens":"乳製品","allergen_count":1,"county":"臺北市"}},{"type":"Feature","geometry":{"type":"Point","coordinates":[121.542244,25.047886]},"properties":{"company_name":"容誠駟股份有限公司","brand_name":"珍煮丹","product_name":"手熬黑糖冬瓜茶(L)","has_allergens":false,"allergens":"","allergen_count":0,"county":"臺北市"}},{"type":"Feature","geometry":{"type":"Point","coordinates":[121.542244,25.047886]},"properties":{"company_name":"容誠駟股份有限公司","brand_name":"珍煮丹","product_name":"姍姍紅茶拿鐵(M)","has_allergens":false,"allergens":"","allergen_count":0,"county":"臺北市"}},{"type":"Feature","geometry":{"type":"Point","coordinates":[121.542244,25.047886]},"properties":{"company_name":"容誠駟股份有限公司","brand_name":"珍煮丹","product_name":"不知春(L)","has_allergens":false,"allergens":"","allergen_count":0,"county":"臺北市"}},{"type":"Feature","geometry":{"type":"Point","coordinates":[121.542244,25.047886]},"properties":{"company_name":"容誠駟股份有限公司","brand_name":"珍煮丹","product_name":"黑糖仙草鮮奶(M)","has_allergens":true,"allergens":"乳製品","allergen_count":1,"county":"臺北市"}},{"type":"Feature","geometry":{"type":"Point","coordinates":[121.542244,25.047886]},"properties":{"company_name":"容誠駟股份有限公司","brand_name":"珍煮丹","product_name":"老派蕎麥-復刻紅茶(L)","has_allergens":false,"allergens":"","allergen_count":0,"county":"臺北市"}},{"type":"Feature","geometry":{"type":"Point","coordinates":[121.542244,25.047886]},"properties":{"company_name":"容誠駟股份有限公司","brand_name":"珍煮丹","product_name":"百香翡翠-木梨茉莉(L)","has_allergens":true,"allergens":"乳製品","allergen_count":1,"county":"臺北市"}},{"type":"Feature","geometry":{"type":"Point","coordinates":[121.542244,25.047886]},"properties":{"company_name":"容誠駟股份有限公司","brand_name":"珍煮丹","product_name":"蜂蜜菊花茶(L)","has_allergens":true,"allergens":"乳製品","allergen_count":1,"county":"臺北市"}},{"type":"Feature","geometry":{"type":"Point","coordinates":[121.542244,25.047886]},"properties":{"company_name":"容誠駟股份有限公司","brand_name":"珍煮丹","product_name":"煮母奶茶(L)","has_allergens":false,"allergens":"","allergen_count":0,"county":"臺北市"}},{"type":"Feature","geometry":{"type":"Point","coordinates":[121.542244,25.047886]},"properties":{"company_name":"容誠駟股份有限公司","brand_name":"珍煮丹","product_name":"甘蔗翡翠-不知春","has_allergens":false,"allergens":"","allergen_count":0,"county":"臺北市"}},{"type":"Feature","geometry":{"type":"Point","coordinates":[121.542244,25.047886]},"properties":{"company_name":"容誠駟股份有限公司","brand_name":"珍煮丹","product_name":"青檸桂花釀粿粿(M)","has_allergens":false,"allergens":"","allergen_count":0,"county":"臺北市"}},{"type":"Feature","geometry":{"type":"Point","coordinates":[121.542244,25.047886]},"properties":{"company_name":"容誠駟股份有限公司","brand_name":"珍煮丹","product_name":"蜂蜜檸檬菊花茶(L)","has_allergens":false,"allergens":"","allergen_count":0,"county":"臺北市"}},{"type":"Feature","geometry":{"type":"Point","coordinates":[121.542244,25.047886]},"properties":{"company_name":"容誠駟股份有限公司","brand_name":"珍煮丹","product_name":"黑糖海鹽麥麥粉粿奶(L)","has_allergens":true,"allergens":"乳製品","allergen_count":1,"county":"臺北市"}},{"type":"Feature","geometry":{"type":"Point","coordinates":[121.542244,25.047886]},"properties":{"company_name":"容誠駟股份有限公司","brand_name":"珍煮丹","product_name":"百香翡翠-烏龍茶","has_allergens":true,"allergens":"乳製品","allergen_count":1,"county":"臺北市"}},{"type":"Feature","geometry":{"type":"Point","coordinates":[121.542244,25.047886]},"properties":{"company_name":"容誠駟股份有限公司","brand_name":"珍煮丹","product_name":"煮母奶茶(M)","has_allergens":true,"allergens":"乳製品","allergen_count":1,"county":"臺北市"}},{"type":"Feature","geometry":{"type":"Point","coordinates":[121.542244,25.047886]},"properties":{"company_name":"容誠駟股份有限公司","brand_name":"珍煮丹","product_name":"手熬冬瓜拿鐵(L)","has_allergens":false,"allergens":"","allergen_count":0,"county":"臺北市"}},{"type":"Feature","geometry":{"type":"Point","coordinates":[121.542244,25.047886]},"properties":{"company_name":"容誠駟股份有限公司","brand_name":"珍煮丹","product_name":"黑糖海鹽麥麥(L)","has_allergens":false,"allergens":"","allergen_count":0,"county":"臺北市"}},{"type":"Feature","geometry":{"type":"Point","coordinates":[121.542244,25.047886]},"properties":{"company_name":"容誠駟股份有限公司","brand_name":"珍煮丹","product_name":"橙香鮮萃-木梨茉莉(L)","has_allergens":false,"allergens":"","allergen_count":0,"county":"臺北市"}},{"type":"Feature","geometry":{"type":"Point","coordinates":[121.542244,25.047886]},"properties":{"company_name":"容誠駟股份有限公司","brand_name":"珍煮丹","product_name":"手熬冬瓜拿鐵(M)","has_allergens":true,"allergens":"乳製品","allergen_count":1,"county":"臺北市"}},{"type":"Feature","geometry":{"type":"Point","coordinates":[121.542244,25.047886]},"properties":{"company_name":"容誠駟股份有限公司","brand_name":"珍煮丹","product_name":"百香雙響(L)","has_allergens":true,"allergens":"乳製品","allergen_count":1,"county":"臺北市"}},{"type":"Feature","geometry":{"type":"Point","coordinates":[121.542244,25.047886]},"properties":{"company_name":"容誠駟股份有限公司","brand_name":"珍煮丹","product_name":"山茶花採蜜奶蓋(M)","has_allergens":false,"allergens":"","allergen_count":0,"county":"臺北市"}},{"type":"Feature","geometry":{"type":"Point","coordinates":[121.542244,25.047886]},"properties":{"company_name":"容誠駟股份有限公司","brand_name":"珍煮丹","product_name":"雲霧烏龍(L)","has_allergens":false,"allergens":"","allergen_count":0,"county":"臺北市"}},{"type":"Feature","geometry":{"type":"Point","coordinates":[121.542244,25.047886]},"properties":{"company_name":"容誠駟股份有限公司","brand_name":"珍煮丹","product_name":"甘蔗翡翠-綠茶","has_allergens":false,"allergens":"","allergen_count":0,"county":"臺北市"}},{"type":"Feature","geometry":{"type":"Point","coordinates":[121.542244,25.047886]},"properties":{"company_name":"容誠駟股份有限公司","brand_name":"珍煮丹","product_name":"黑糖珍珠鮮奶(L)","has_allergens":false,"allergens":"","allergen_count":0,"county":"臺北市"}},{"type":"Feature","geometry":{"type":"Point","coordinates":[121.542244,25.047886]},"properties":{"company_name":"容誠駟股份有限公司","brand_name":"珍煮丹","product_name":"黑糖珍珠鮮奶(M)","has_allergens":false,"allergens":"","allergen_count":0,"county":"臺北市"}},{"type":"Feature","geometry":{"type":"Point","coordinates":[121.542244,25.047886]},"properties":{"company_name":"容誠駟股份有限公司","brand_name":"珍煮丹","product_name":"甘蔗翡翠-山茶花青茶","has_allergens":true,"allergens":"乳製品","allergen_count":1,"county":"臺北市"}},{"type":"Feature","geometry":{"type":"Point","coordinates":[121.542244,25.047886]},"properties":{"company_name":"容誠駟股份有限公司","brand_name":"珍煮丹","product_name":"波波粿粿鮮奶茶(M)","has_allergens":true,"allergens":"乳製品","allergen_count":1,"county":"臺北市"}},{"type":"Feature","geometry":{"type":"Point","coordinates":[121.542244,25.047886]},"properties":{"company_name":"容誠駟股份有限公司","brand_name":"珍煮丹","product_name":"黑糖珍珠厚鮮奶(L)","has_allergens":false,"allergens":"","allergen_count":0,"county":"臺北市"}},{"type":"Feature","geometry":{"type":"Point","coordinates":[121.542244,25.047886]},"properties":{"company_name":"容誠駟股份有限公司","brand_name":"珍煮丹","product_name":"甘蔗翡翠-烏龍茶","has_allergens":false,"allergens":"","allergen_count":0,"county":"臺北市"}},{"type":"Feature","geometry":{"type":"Point","coordinates":[121.542244,25.047886]},"properties":{"company_name":"容誠駟股份有限公司","brand_name":"珍煮丹","product_name":"老派蕎麥-錫蘭紅茶(L)","has_allergens":false,"allergens":"","allergen_count":0,"county":"臺北市"}},{"type":"Feature","geometry":{"type":"Point","coordinates":[121.542244,25.047886]},"properties":{"company_name":"容誠駟股份有限公司","brand_name":"珍煮丹","product_name":"葡柚翡翠-烏龍茶","has_allergens":false,"allergens":"","allergen_count":0,"county":"臺北市"}},{"type":"Feature","geometry":{"type":"Point","coordinates":[121.37966,24.946823]},"properties":{"company_name":"古典玫瑰園國際股份有限公司","brand_name":"先喝道","product_name":"皇家伯爵拿鐵","has_allergens":false,"allergens":"","allergen_count":0,"county":"新北市"}},{"type":"Feature","geometry":{"type":"Point","coordinates":[121.37966,24.946823]},"properties":{"company_name":"古典玫瑰園國際股份有限公司","brand_name":"先喝道","product_name":"英式蜜桃風味茶(星球版)","has_allergens":false,"allergens":"","allergen_count":0,"county":"新北市"}},{"type":"Feature","geometry":{"type":"Point","coordinates":[121.37966,24.946823]},"properties":{"company_name":"古典玫瑰園國際股份有限公司","brand_name":"先喝道","product_name":"玫瑰檸夏冰茶","has_allergens":false,"allergens":"","allergen_count":0,"county":"新北市"}},{"type":"Feature","geometry":{"type":"Point","coordinates":[121.37966,24.946823]},"properties":{"company_name":"古典玫瑰園國際股份有限公司","brand_name":"先喝道","product_name":"英式玫瑰奶茶","has_allergens":false,"allergens":"","allergen_count":0,"county":"新北市"}},{"type":"Feature","geometry":{"type":"Point","coordinates":[121.37966,24.946823]},"properties":{"company_name":"古典玫瑰園國際股份有限公司","brand_name":"先喝道","product_name":"紅顏珍珠花旗蔘茶","has_allergens":false,"allergens":"","allergen_count":0,"county":"新北市"}},{"type":"Feature","geometry":{"type":"Point","coordinates":[121.37966,24.946823]},"properties":{"company_name":"古典玫瑰園國際股份有限公司","brand_name":"先喝道","product_name":"玫瑰水","has_allergens":false,"allergens":"","allergen_count":0,"county":"新北市"}},{"type":"Feature","geometry":{"type":"Point","coordinates":[121.37966,24.946823]},"properties":{"company_name":"古典玫瑰園國際股份有限公司","brand_name":"先喝道","product_name":"輕焙穀麥拿鐵","has_allergens":false,"allergens":"","allergen_count":0,"county":"新北市"}},{"type":"Feature","geometry":{"type":"Point","coordinates":[121.37966,24.946823]},"properties":{"company_name":"古典玫瑰園國際股份有限公司","brand_name":"先喝道","product_name":"皇家伯爵水果茶","has_allergens":false,"allergens":"","allergen_count":0,"county":"新北市"}},{"type":"Feature","geometry":{"type":"Point","coordinates":[121.37966,24.946823]},"properties":{"company_name":"古典玫瑰園國際股份有限公司","brand_name":"先喝道","product_name":"朵朵奶蓋蜜桃風味茶","has_allergens":false,"allergens":"","allergen_count":0,"county":"新北市"}},{"type":"Feature","geometry":{"type":"Point","coordinates":[121.37966,24.946823]},"properties":{"company_name":"古典玫瑰園國際股份有限公司","brand_name":"先喝道","product_name":"桃桃星球\"35\"(紀念版)","has_allergens":false,"allergens":"","allergen_count":0,"county":"新北市"}},{"type":"Feature","geometry":{"type":"Point","coordinates":[121.37966,24.946823]},"properties":{"company_name":"古典玫瑰園國際股份有限公司","brand_name":"先喝道","product_name":"花開茉綠奶茶","has_allergens":false,"allergens":"","allergen_count":0,"county":"新北市"}},{"type":"Feature","geometry":{"type":"Point","coordinates":[121.37966,24.946823]},"properties":{"company_name":"古典玫瑰園國際股份有限公司","brand_name":"先喝道","product_name":"英式水果茶","has_allergens":false,"allergens":"","allergen_count":0,"county":"新北市"}},{"type":"Feature","geometry":{"type":"Point","coordinates":[121.37966,24.946823]},"properties":{"company_name":"古典玫瑰園國際股份有限公司","brand_name":"先喝道","product_name":"糯烏龍","has_allergens":false,"allergens":"","allergen_count":0,"county":"新北市"}},{"type":"Feature","geometry":{"type":"Point","coordinates":[121.37966,24.946823]},"properties":{"company_name":"古典玫瑰園國際股份有限公司","brand_name":"先喝道","product_name":"英式玫瑰特調茶","has_allergens":false,"allergens":"","allergen_count":0,"county":"新北市"}},{"type":"Feature","geometry":{"type":"Point","coordinates":[121.37966,24.946823]},"properties":{"company_name":"古典玫瑰園國際股份有限公司","brand_name":"先喝道","product_name":"花開茉綠茶","has_allergens":false,"allergens":"","allergen_count":0,"county":"新北市"}},{"type":"Feature","geometry":{"type":"Point","coordinates":[121.37966,24.946823]},"properties":{"company_name":"古典玫瑰園國際股份有限公司","brand_name":"先喝道","product_name":"硬頸奶茶","has_allergens":false,"allergens":"","allergen_count":0,"county":"新北市"}},{"type":"Feature","geometry":{"type":"Point","coordinates":[121.37966,24.946823]},"properties":{"company_name":"古典玫瑰園國際股份有限公司","brand_name":"先喝道","product_name":"輕焙穀麥奶茶","has_allergens":false,"allergens":"","allergen_count":0,"county":"新北市"}},{"type":"Feature","geometry":{"type":"Point","coordinates":[121.37966,24.946823]},"properties":{"company_name":"古典玫瑰園國際股份有限公司","brand_name":"先喝道","product_name":"蜂蜜四季春茶","has_allergens":false,"allergens":"","allergen_count":0,"county":"新北市"}},{"type":"Feature","geometry":{"type":"Point","coordinates":[121.37966,24.946823]},"properties":{"company_name":"古典玫瑰園國際股份有限公司","brand_name":"先喝道","product_name":"英式玫瑰拿鐵","has_allergens":false,"allergens":"","allergen_count":0,"county":"新北市"}},{"type":"Feature","geometry":{"type":"Point","coordinates":[121.37966,24.946823]},"properties":{"company_name":"古典玫瑰園國際股份有限公司","brand_name":"先喝道","product_name":"錫蘭高地珍珠奶茶","has_allergens":false,"allergens":"","allergen_count":0,"county":"新北市"}},{"type":"Feature","geometry":{"type":"Point","coordinates":[121.37966,24.946823]},"properties":{"company_name":"古典玫瑰園國際股份有限公司","brand_name":"先喝道","product_name":"花開茉綠茶拿鐵","has_allergens":false,"allergens":"","allergen_count":0,"county":"新北市"}},{"type":"Feature","geometry":{"type":"Point","coordinates":[121.37966,24.946823]},"properties":{"company_name":"古典玫瑰園國際股份有限公司","brand_name":"先喝道","product_name":"錫蘭高地莊園紅茶","has_allergens":false,"allergens":"","allergen_count":0,"county":"新北市"}},{"type":"Feature","geometry":{"type":"Point","coordinates":[121.37966,24.946823]},"properties":{"company_name":"古典玫瑰園國際股份有限公司","brand_name":"先喝道","product_name":"巧克力伯爵奶茶","has_allergens":false,"allergens":"","allergen_count":0,"county":"新北市"}},{"type":"Feature","geometry":{"type":"Point","coordinates":[121.37966,24.946823]},"properties":{"company_name":"古典玫瑰園國際股份有限公司","brand_name":"先喝道","product_name":"朵朵奶蓋四季春","has_allergens":false,"allergens":"","allergen_count":0,"county":"新北市"}},{"type":"Feature","geometry":{"type":"Point","coordinates":[121.37966,24.946823]},"properties":{"company_name":"古典玫瑰園國際股份有限公司","brand_name":"先喝道","product_name":"蜂蜜花開茉綠茶","has_allergens":false,"allergens":"","allergen_count":0,"county":"新北市"}},{"type":"Feature","geometry":{"type":"Point","coordinates":[121.37966,24.946823]},"properties":{"company_name":"古典玫瑰園國際股份有限公司","brand_name":"先喝道","product_name":"錫蘭高地莊園奶茶","has_allergens":false,"allergens":"","allergen_count":0,"county":"新北市"}},{"type":"Feature","geometry":{"type":"Point","coordinates":[121.37966,24.946823]},"properties":{"company_name":"古典玫瑰園國際股份有限公司","brand_name":"先喝道","product_name":"巧克力伯爵拿鐵","has_allergens":false,"allergens":"","allergen_count":0,"county":"新北市"}},{"type":"Feature","geometry":{"type":"Point","coordinates":[121.37966,24.946823]},"properties":{"company_name":"古典玫瑰園國際股份有限公司","brand_name":"先喝道","product_name":"愛蜜荔．錫蘭","has_allergens":false,"allergens":"","allergen_count":0,"county":"新北市"}},{"type":"Feature","geometry":{"type":"Point","coordinates":[121.37966,24.946823]},"properties":{"company_name":"古典玫瑰園國際股份有限公司","brand_name":"先喝道","product_name":"翡翠檸檬紅茶","has_allergens":false,"allergens":"","allergen_count":0,"county":"新北市"}},{"type":"Feature","geometry":{"type":"Point","coordinates":[121.37966,24.946823]},"properties":{"company_name":"古典玫瑰園國際股份有限公司","brand_name":"先喝道","product_name":"英式蜜桃風味茶","has_allergens":false,"allergens":"","allergen_count":0,"county":"新北市"}},{"type":"Feature","geometry":{"type":"Point","coordinates":[121.53501,25.025282]},"properties":{"company_name":"南灣餐飲有限公司","brand_name":"SOMA","product_name":"義式鴛鴦","has_allergens":true,"allergens":"乳製品","allergen_count":1,"county":"臺北市"}},{"type":"Feature","geometry":{"type":"Point","coordinates":[121.53501,25.025282]},"properties":{"company_name":"南灣餐飲有限公司","brand_name":"SOMA","product_name":"SOMA精粹茶歐雷","has_allergens":true,"allergens":"乳製品","allergen_count":1,"county":"臺北市"}},{"type":"Feature","geometry":{"type":"Point","coordinates":[121.53501,25.025282]},"properties":{"company_name":"南灣餐飲有限公司","brand_name":"SOMA","product_name":"京都抹茶精粹歐雷","has_allergens":true,"allergens":"乳製品","allergen_count":1,"county":"臺北市"}},{"type":"Feature","geometry":{"type":"Point","coordinates":[121.53501,25.025282]},"properties":{"company_name":"南灣餐飲有限公司","brand_name":"SOMA","product_name":"純桑葚高山菁茶","has_allergens":false,"allergens":"","allergen_count":0,"county":"臺北市"}},{"type":"Feature","geometry":{"type":"Point","coordinates":[121.53501,25.025282]},"properties":{"company_name":"南灣餐飲有限公司","brand_name":"SOMA","product_name":"森林中的糖果屋","has_allergens":true,"allergens":"乳製品","allergen_count":1,"county":"臺北市"}},{"type":"Feature","geometry":{"type":"Point","coordinates":[121.53501,25.025282]},"properties":{"company_name":"南灣餐飲有限公司","brand_name":"SOMA","product_name":"柳橙高山菁茶","has_allergens":false,"allergens":"","allergen_count":0,"county":"臺北市"}},{"type":"Feature","geometry":{"type":"Point","coordinates":[121.53501,25.025282]},"properties":{"company_name":"南灣餐飲有限公司","brand_name":"SOMA","product_name":"百香果高山菁茶","has_allergens":false,"allergens":"","allergen_count":0,"county":"臺北市"}},{"type":"Feature","geometry":{"type":"Point","coordinates":[121.53501,25.025282]},"properties":{"company_name":"南灣餐飲有限公司","brand_name":"SOMA","product_name":"純洛神花高山菁茶","has_allergens":true,"allergens":"乳製品","allergen_count":1,"county":"臺北市"}},{"type":"Feature","geometry":{"type":"Point","coordinates":[121.53501,25.025282]},"properties":{"company_name":"南灣餐飲有限公司","brand_name":"SOMA","product_name":"芒果高山菁茶","has_allergens":false,"allergens":"","allergen_count":0,"county":"臺北市"}},{"type":"Feature","geometry":{"type":"Point","coordinates":[121.53501,25.025282]},"properties":{"company_name":"南灣餐飲有限公司","brand_name":"SOMA","product_name":"純葡萄柚高山菁茶","has_allergens":true,"allergens":"乳製品","allergen_count":1,"county":"臺北市"}},{"type":"Feature","geometry":{"type":"Point","coordinates":[121.53501,25.025282]},"properties":{"company_name":"南灣餐飲有限公司","brand_name":"SOMA","product_name":"兒時記趣","has_allergens":false,"allergens":"","allergen_count":0,"county":"臺北市"}},{"type":"Feature","geometry":{"type":"Point","coordinates":[121.53501,25.025282]},"properties":{"company_name":"南灣餐飲有限公司","brand_name":"SOMA","product_name":"滾滾洛塵","has_allergens":true,"allergens":"乳製品","allergen_count":1,"county":"臺北市"}},{"type":"Feature","geometry":{"type":"Point","coordinates":[121.53501,25.025282]},"properties":{"company_name":"南灣餐飲有限公司","brand_name":"SOMA","product_name":"天然黑芝麻茶歐雷","has_allergens":false,"allergens":"","allergen_count":0,"county":"臺北市"}},{"type":"Feature","geometry":{"type":"Point","coordinates":[121.53501,25.025282]},"properties":{"company_name":"南灣餐飲有限公司","brand_name":"SOMA","product_name":"北杏仁茶歐雷","has_allergens":false,"allergens":"","allergen_count":0,"county":"臺北市"}},{"type":"Feature","geometry":{"type":"Point","coordinates":[121.53501,25.025282]},"properties":{"company_name":"南灣餐飲有限公司","brand_name":"SOMA","product_name":"非洲可可茶歐雷","has_allergens":true,"allergens":"乳製品","allergen_count":1,"county":"臺北市"}},{"type":"Feature","geometry":{"type":"Point","coordinates":[121.53501,25.025282]},"properties":{"company_name":"南灣餐飲有限公司","brand_name":"SOMA","product_name":"原味茶歐雷","has_allergens":false,"allergens":"","allergen_count":0,"county":"臺北市"}},{"type":"Feature","geometry":{"type":"Point","coordinates":[121.53501,25.025282]},"properties":{"company_name":"南灣餐飲有限公司","brand_name":"SOMA","product_name":"微薰情迷","has_allergens":true,"allergens":"乳製品","allergen_count":1,"county":"臺北市"}},{"type":"Feature","geometry":{"type":"Point","coordinates":[121.53501,25.025282]},"properties":{"company_name":"南灣餐飲有限公司","brand_name":"SOMA","product_name":"觀日高山菁茶歐雷","has_allergens":false,"allergens":"","allergen_count":0,"county":"臺北市"}},{"type":"Feature","geometry":{"type":"Point","coordinates":[121.53501,25.025282]},"properties":{"company_name":"南灣餐飲有限公司","brand_name":"SOMA","product_name":"觀日高山菁茶","has_allergens":false,"allergens":"","allergen_count":0,"county":"臺北市"}},{"type":"Feature","geometry":{"type":"Point","coordinates":[121.54609,25.056623]},"properties":{"company_name":"樂法美食股份有限公司","brand_name":"樂法","product_name":"蕨餅焙烏龍鮮奶茶","has_allergens":false,"allergens":"","allergen_count":0,"county":"臺北市"}},{"type":"Feature","geometry":{"type":"Point","coordinates":[121.54609,25.056623]},"properties":{"company_name":"樂法美食股份有限公司","brand_name":"樂法","product_name":"茉莉綠茶","has_allergens":false,"allergens":"","allergen_count":0,"county":"臺北市"}},{"type":"Feature","geometry":{"type":"Point","coordinates":[121.54609,25.056623]},"properties":{"company_name":"樂法美食股份有限公司","brand_name":"樂法","product_name":"林華泰四季寒天波椰","has_allergens":true,"allergens":"麩質穀物","allergen_count":1,"county":"臺北市"}},{"type":"Feature","geometry":{"type":"Point","coordinates":[121.54609,25.056623]},"properties":{"company_name":"樂法美食股份有限公司","brand_name":"樂法","product_name":"阿薩姆熟成紅茶","has_allergens":false,"allergens":"","allergen_count":0,"county":"臺北市"}},{"type":"Feature","geometry":{"type":"Point","coordinates":[121.54609,25.056623]},"properties":{"company_name":"樂法美食股份有限公司","brand_name":"樂法","product_name":"芋圓麝香紅奶茶","has_allergens":true,"allergens":"乳製品","allergen_count":1,"county":"臺北市"}},{"type":"Feature","geometry":{"type":"Point","coordinates":[121.54609,25.056623]},"properties":{"company_name":"樂法美食股份有限公司","brand_name":"樂法","product_name":"穀烏龍鮮奶茶","has_allergens":true,"allergens":"乳製品","allergen_count":1,"county":"臺北市"}},{"type":"Feature","geometry":{"type":"Point","coordinates":[121.54609,25.056623]},"properties":{"company_name":"樂法美食股份有限公司","brand_name":"樂法","product_name":"香橙春綠","has_allergens":false,"allergens":"","allergen_count":0,"county":"臺北市"}},{"type":"Feature","geometry":{"type":"Point","coordinates":[121.54609,25.056623]},"properties":{"company_name":"樂法美食股份有限公司","brand_name":"樂法","product_name":"林華泰四季青奶茶","has_allergens":false,"allergens":"","allergen_count":0,"county":"臺北市"}},{"type":"Feature","geometry":{"type":"Point","coordinates":[121.54609,25.056623]},"properties":{"company_name":"樂法美食股份有限公司","brand_name":"樂法","product_name":"蘋果葡萄柚綠","has_allergens":false,"allergens":"","allergen_count":0,"county":"臺北市"}},{"type":"Feature","geometry":{"type":"Point","coordinates":[121.54609,25.056623]},"properties":{"company_name":"樂法美食股份有限公司","brand_name":"樂法","product_name":"琥珀高山青","has_allergens":false,"allergens":"","allergen_count":0,"county":"臺北市"}},{"type":"Feature","geometry":{"type":"Point","coordinates":[121.54609,25.056623]},"properties":{"company_name":"樂法美食股份有限公司","brand_name":"樂法","product_name":"芒果鮮奶","has_allergens":true,"allergens":"麩質穀物","allergen_count":1,"county":"臺北市"}},{"type":"Feature","geometry":{"type":"Point","coordinates":[121.54609,25.056623]},"properties":{"company_name":"樂法美食股份有限公司","brand_name":"樂法","product_name":"蜜桃四季青","has_allergens":false,"allergens":"","allergen_count":0,"county":"臺北市"}},{"type":"Feature","geometry":{"type":"Point","coordinates":[121.54609,25.056623]},"properties":{"company_name":"樂法美食股份有限公司","brand_name":"樂法","product_name":"蜂蜜麝香紅","has_allergens":false,"allergens":"","allergen_count":0,"county":"臺北市"}},{"type":"Feature","geometry":{"type":"Point","coordinates":[121.54609,25.056623]},"properties":{"company_name":"樂法美食股份有限公司","brand_name":"樂法","product_name":"焙烏龍奶茶","has_allergens":false,"allergens":"","allergen_count":0,"county":"臺北市"}},{"type":"Feature","geometry":{"type":"Point","coordinates":[121.54609,25.056623]},"properties":{"company_name":"樂法美食股份有限公司","brand_name":"樂法","product_name":"草莓鮮奶","has_allergens":false,"allergens":"","allergen_count":0,"county":"臺北市"}},{"type":"Feature","geometry":{"type":"Point","coordinates":[121.54609,25.056623]},"properties":{"company_name":"樂法美食股份有限公司","brand_name":"樂法","product_name":"柚香穀烏龍","has_allergens":false,"allergens":"","allergen_count":0,"county":"臺北市"}},{"type":"Feature","geometry":{"type":"Point","coordinates":[121.54609,25.056623]},"properties":{"company_name":"樂法美食股份有限公司","brand_name":"樂法","product_name":"冰淇淋芒果","has_allergens":true,"allergens":"乳製品","allergen_count":1,"county":"臺北市"}},{"type":"Feature","geometry":{"type":"Point","coordinates":[121.54609,25.056623]},"properties":{"company_name":"樂法美食股份有限公司","brand_name":"樂法","product_name":"冰淇淋蜜桃","has_allergens":false,"allergens":"","allergen_count":0,"county":"臺北市"}},{"type":"Feature","geometry":{"type":"Point","coordinates":[121.54609,25.056623]},"properties":{"company_name":"樂法美食股份有限公司","brand_name":"樂法","product_name":"蜂蜜春烏龍","has_allergens":false,"allergens":"","allergen_count":0,"county":"臺北市"}},{"type":"Feature","geometry":{"type":"Point","coordinates":[121.54609,25.056623]},"properties":{"company_name":"樂法美食股份有限公司","brand_name":"樂法","product_name":"蘋果芒果青","has_allergens":false,"allergens":"","allergen_count":0,"county":"臺北市"}},{"type":"Feature","geometry":{"type":"Point","coordinates":[121.54609,25.056623]},"properties":{"company_name":"樂法美食股份有限公司","brand_name":"樂法","product_name":"林華泰四季青歐蕾","has_allergens":false,"allergens":"","allergen_count":0,"county":"臺北市"}},{"type":"Feature","geometry":{"type":"Point","coordinates":[121.54609,25.056623]},"properties":{"company_name":"樂法美食股份有限公司","brand_name":"樂法","product_name":"熟成紅茶奶蓋","has_allergens":true,"allergens":"乳製品","allergen_count":1,"county":"臺北市"}},{"type":"Feature","geometry":{"type":"Point","coordinates":[121.54609,25.056623]},"properties":{"company_name":"樂法美食股份有限公司","brand_name":"樂法","product_name":"黑咖啡","has_allergens":false,"allergens":"","allergen_count":0,"county":"臺北市"}},{"type":"Feature","geometry":{"type":"Point","coordinates":[121.54609,25.056623]},"properties":{"company_name":"樂法美食股份有限公司","brand_name":"樂法","product_name":"熟成珍奶","has_allergens":false,"allergens":"","allergen_count":0,"county":"臺北市"}},{"type":"Feature","geometry":{"type":"Point","coordinates":[121.54609,25.056623]},"properties":{"company_name":"樂法美食股份有限公司","brand_name":"樂法","product_name":"蘋果蜂蜜綠茶","has_allergens":false,"allergens":"","allergen_count":0,"county":"臺北市"}},{"type":"Feature","geometry":{"type":"Point","coordinates":[121.54609,25.056623]},"properties":{"company_name":"樂法美食股份有限公司","brand_name":"樂法","product_name":"林華泰鐵觀音珍奶","has_allergens":true,"allergens":"乳製品","allergen_count":1,"county":"臺北市"}},{"type":"Feature","geometry":{"type":"Point","coordinates":[121.54609,25.056623]},"properties":{"company_name":"樂法美食股份有限公司","brand_name":"樂法","product_name":"仙草蜂蜜","has_allergens":true,"allergens":"乳製品","allergen_count":1,"county":"臺北市"}},{"type":"Feature","geometry":{"type":"Point","coordinates":[121.54609,25.056623]},"properties":{"company_name":"樂法美食股份有限公司","brand_name":"樂法","product_name":"蜜桃鮮奶","has_allergens":true,"allergens":"乳製品,麩質穀物","allergen_count":2,"county":"臺北市"}},{"type":"Feature","geometry":{"type":"Point","coordinates":[121.54609,25.056623]},"properties":{"company_name":"樂法美食股份有限公司","brand_name":"樂法","product_name":"西西里檸檬咖啡","has_allergens":false,"allergens":"","allergen_count":0,"county":"臺北市"}},{"type":"Feature","geometry":{"type":"Point","coordinates":[121.54609,25.056623]},"properties":{"company_name":"樂法美食股份有限公司","brand_name":"樂法","product_name":"香檸果茶(麝香紅)","has_allergens":false,"allergens":"","allergen_count":0,"county":"臺北市"}},{"type":"Feature","geometry":{"type":"Point","coordinates":[121.57393,24.988125]},"properties":{"company_name":"龍澄國際有限公司","brand_name":"龍角 Dragon Horn","product_name":"黑金拿鐵","has_allergens":true,"allergens":"乳製品","allergen_count":1,"county":"臺北市"}},{"type":"Feature","geometry":{"type":"Point","coordinates":[121.57393,24.988125]},"properties":{"company_name":"龍澄國際有限公司","brand_name":"龍角 Dragon Horn","product_name":"珍芋抹茶牛奶","has_allergens":true,"allergens":"乳製品","allergen_count":1,"county":"臺北市"}},{"type":"Feature","geometry":{"type":"Point","coordinates":[121.57393,24.988125]},"properties":{"company_name":"龍澄國際有限公司","brand_name":"龍角 Dragon Horn","product_name":"埔里百香紅","has_allergens":false,"allergens":"","allergen_count":0,"county":"臺北市"}},{"type":"Feature","geometry":{"type":"Point","coordinates":[121.57393,24.988125]},"properties":{"company_name":"龍澄國際有限公司","brand_name":"龍角 Dragon Horn","product_name":"自烘咖啡拿鐵","has_allergens":false,"allergens":"","allergen_count":0,"county":"臺北市"}},{"type":"Feature","geometry":{"type":"Point","coordinates":[121.57393,24.988125]},"properties":{"company_name":"龍澄國際有限公司","brand_name":"龍角 Dragon Horn","product_name":"桂花鮮奶茶","has_allergens":false,"allergens":"","allergen_count":0,"county":"臺北市"}},{"type":"Feature","geometry":{"type":"Point","coordinates":[121.57393,24.988125]},"properties":{"company_name":"龍澄國際有限公司","brand_name":"龍角 Dragon Horn","product_name":"厚奶咖啡","has_allergens":false,"allergens":"","allergen_count":0,"county":"臺北市"}},{"type":"Feature","geometry":{"type":"Point","coordinates":[121.57393,24.988125]},"properties":{"company_name":"龍澄國際有限公司","brand_name":"龍角 Dragon Horn","product_name":"小芋圓厚奶","has_allergens":true,"allergens":"乳製品","allergen_count":1,"county":"臺北市"}},{"type":"Feature","geometry":{"type":"Point","coordinates":[121.57393,24.988125]},"properties":{"company_name":"龍澄國際有限公司","brand_name":"龍角 Dragon Horn","product_name":"盛夏菓粒","has_allergens":true,"allergens":"乳製品","allergen_count":1,"county":"臺北市"}},{"type":"Feature","geometry":{"type":"Point","coordinates":[121.57393,24.988125]},"properties":{"company_name":"龍澄國際有限公司","brand_name":"龍角 Dragon Horn","product_name":"龍涎紅茶","has_allergens":true,"allergens":"乳製品","allergen_count":1,"county":"臺北市"}},{"type":"Feature","geometry":{"type":"Point","coordinates":[121.57393,24.988125]},"properties":{"company_name":"龍澄國際有限公司","brand_name":"龍角 Dragon Horn","product_name":"珍芋觀音烤奶","has_allergens":false,"allergens":"","allergen_count":0,"county":"臺北市"}},{"type":"Feature","geometry":{"type":"Point","coordinates":[121.57393,24.988125]},"properties":{"company_name":"龍澄國際有限公司","brand_name":"龍角 Dragon Horn","product_name":"椹夏黑檸茶","has_allergens":false,"allergens":"","allergen_count":0,"county":"臺北市"}},{"type":"Feature","geometry":{"type":"Point","coordinates":[121.57393,24.988125]},"properties":{"company_name":"龍澄國際有限公司","brand_name":"龍角 Dragon Horn","product_name":"蜂覓咖啡","has_allergens":false,"allergens":"","allergen_count":0,"county":"臺北市"}},{"type":"Feature","geometry":{"type":"Point","coordinates":[121.57393,24.988125]},"properties":{"company_name":"龍澄國際有限公司","brand_name":"龍角 Dragon Horn","product_name":"龍涎鮮奶茶2.0","has_allergens":false,"allergens":"","allergen_count":0,"county":"臺北市"}},{"type":"Feature","geometry":{"type":"Point","coordinates":[121.57393,24.988125]},"properties":{"company_name":"龍澄國際有限公司","brand_name":"龍角 Dragon Horn","product_name":"蜂蜜牛奶","has_allergens":false,"allergens":"","allergen_count":0,"county":"臺北市"}},{"type":"Feature","geometry":{"type":"Point","coordinates":[121.57393,24.988125]},"properties":{"company_name":"龍澄國際有限公司","brand_name":"龍角 Dragon Horn","product_name":"仙草凍鮮奶","has_allergens":false,"allergens":"","allergen_count":0,"county":"臺北市"}},{"type":"Feature","geometry":{"type":"Point","coordinates":[121.57393,24.988125]},"properties":{"company_name":"龍澄國際有限公司","brand_name":"龍角 Dragon Horn","product_name":"檸檬冰梅","has_allergens":true,"allergens":"麩質穀物","allergen_count":1,"county":"臺北市"}},{"type":"Feature","geometry":{"type":"Point","coordinates":[121.57393,24.988125]},"properties":{"company_name":"龍澄國際有限公司","brand_name":"龍角 Dragon Horn","product_name":"自釀醃梅綠","has_allergens":true,"allergens":"乳製品","allergen_count":1,"county":"臺北市"}},{"type":"Feature","geometry":{"type":"Point","coordinates":[121.57393,24.988125]},"properties":{"company_name":"龍澄國際有限公司","brand_name":"龍角 Dragon Horn","product_name":"橙柚青 2.0","has_allergens":false,"allergens":"","allergen_count":0,"county":"臺北市"}},{"type":"Feature","geometry":{"type":"Point","coordinates":[121.57393,24.988125]},"properties":{"company_name":"龍澄國際有限公司","brand_name":"龍角 Dragon Horn","product_name":"鴛鴦凍奶","has_allergens":false,"allergens":"","allergen_count":0,"county":"臺北市"}},{"type":"Feature","geometry":{"type":"Point","coordinates":[121.57393,24.988125]},"properties":{"company_name":"龍澄國際有限公司","brand_name":"龍角 Dragon Horn","product_name":"香片綠茶","has_allergens":true,"allergens":"乳製品","allergen_count":1,"county":"臺北市"}},{"type":"Feature","geometry":{"type":"Point","coordinates":[121.57393,24.988125]},"properties":{"company_name":"龍澄國際有限公司","brand_name":"龍角 Dragon Horn","product_name":"龍涎凍奶/咖啡凍","has_allergens":true,"allergens":"乳製品","allergen_count":1,"county":"臺北市"}},{"type":"Feature","geometry":{"type":"Point","coordinates":[121.57393,24.988125]},"properties":{"company_name":"龍澄國際有限公司","brand_name":"龍角 Dragon Horn","product_name":"龍涎厚奶2.0","has_allergens":true,"allergens":"乳製品","allergen_count":1,"county":"臺北市"}},{"type":"Feature","geometry":{"type":"Point","coordinates":[121.57393,24.988125]},"properties":{"company_name":"龍澄國際有限公司","brand_name":"龍角 Dragon Horn","product_name":"香片鮮奶綠","has_allergens":true,"allergens":"乳製品","allergen_count":1,"county":"臺北市"}},{"type":"Feature","geometry":{"type":"Point","coordinates":[121.57393,24.988125]},"properties":{"company_name":"龍澄國際有限公司","brand_name":"龍角 Dragon Horn","product_name":"香片奶綠","has_allergens":true,"allergens":"乳製品","allergen_count":1,"county":"臺北市"}},{"type":"Feature","geometry":{"type":"Point","coordinates":[121.57393,24.988125]},"properties":{"company_name":"龍澄國際有限公司","brand_name":"龍角 Dragon Horn","product_name":"紅柚烏龍","has_allergens":true,"allergens":"乳製品","allergen_count":1,"county":"臺北市"}},{"type":"Feature","geometry":{"type":"Point","coordinates":[121.57393,24.988125]},"properties":{"company_name":"龍澄國際有限公司","brand_name":"龍角 Dragon Horn","product_name":"觀音烤奶","has_allergens":false,"allergens":"","allergen_count":0,"county":"臺北市"}},{"type":"Feature","geometry":{"type":"Point","coordinates":[121.57393,24.988125]},"properties":{"company_name":"龍澄國際有限公司","brand_name":"龍角 Dragon Horn","product_name":"桂花春奶","has_allergens":false,"allergens":"","allergen_count":0,"county":"臺北市"}},{"type":"Feature","geometry":{"type":"Point","coordinates":[121.57393,24.988125]},"properties":{"company_name":"龍澄國際有限公司","brand_name":"龍角 Dragon Horn","product_name":"盛夏冰菓茶","has_allergens":false,"allergens":"","allergen_count":0,"county":"臺北市"}},{"type":"Feature","geometry":{"type":"Point","coordinates":[121.57393,24.988125]},"properties":{"company_name":"龍澄國際有限公司","brand_name":"龍角 Dragon Horn","product_name":"桂香春露","has_allergens":false,"allergens":"","allergen_count":0,"county":"臺北市"}},{"type":"Feature","geometry":{"type":"Point","coordinates":[121.57393,24.988125]},"properties":{"company_name":"龍澄國際有限公司","brand_name":"龍角 Dragon Horn","product_name":"獨家龍角凍茶/桂花凍","has_allergens":true,"allergens":"乳製品","allergen_count":1,"county":"臺北市"}},{"type":"Feature","geometry":{"type":"Point","coordinates":[121.520744,25.007868]},"properties":{"company_name":"發靓國際有限公司","brand_name":"日日裝茶","product_name":"虎糖雙Q醇奶茶","has_allergens":true,"allergens":"乳製品","allergen_count":1,"county":"新北市"}},{"type":"Feature","geometry":{"type":"Point","coordinates":[121.520744,25.007868]},"properties":{"company_name":"發靓國際有限公司","brand_name":"日日裝茶","product_name":"茉莉醇奶茶","has_allergens":false,"allergens":"","allergen_count":0,"county":"新北市"}},{"type":"Feature","geometry":{"type":"Point","coordinates":[121.520744,25.007868]},"properties":{"company_name":"發靓國際有限公司","brand_name":"日日裝茶","product_name":"芝士芒果玉露","has_allergens":false,"allergens":"","allergen_count":0,"county":"新北市"}},{"type":"Feature","geometry":{"type":"Point","coordinates":[121.520744,25.007868]},"properties":{"company_name":"發靓國際有限公司","brand_name":"日日裝茶","product_name":"霸王烏龍鮮奶茶","has_allergens":true,"allergens":"乳製品","allergen_count":1,"county":"新北市"}},{"type":"Feature","geometry":{"type":"Point","coordinates":[121.520744,25.007868]},"properties":{"company_name":"發靓國際有限公司","brand_name":"日日裝茶","product_name":"日日水果茶","has_allergens":false,"allergens":"","allergen_count":0,"county":"新北市"}},{"type":"Feature","geometry":{"type":"Point","coordinates":[121.520744,25.007868]},"properties":{"company_name":"發靓國際有限公司","brand_name":"日日裝茶","product_name":"鮮檸多多","has_allergens":false,"allergens":"","allergen_count":0,"county":"新北市"}},{"type":"Feature","geometry":{"type":"Point","coordinates":[121.520744,25.007868]},"properties":{"company_name":"發靓國際有限公司","brand_name":"日日裝茶","product_name":"虎糖布丁厚奶","has_allergens":false,"allergens":"","allergen_count":0,"county":"新北市"}},{"type":"Feature","geometry":{"type":"Point","coordinates":[121.520744,25.007868]},"properties":{"company_name":"發靓國際有限公司","brand_name":"日日裝茶","product_name":"日日春醇奶茶","has_allergens":false,"allergens":"","allergen_count":0,"county":"新北市"}},{"type":"Feature","geometry":{"type":"Point","coordinates":[121.520744,25.007868]},"properties":{"company_name":"發靓國際有限公司","brand_name":"日日裝茶","product_name":"虎椰春茶","has_allergens":true,"allergens":"乳製品","allergen_count":1,"county":"新北市"}},{"type":"Feature","geometry":{"type":"Point","coordinates":[121.520744,25.007868]},"properties":{"company_name":"發靓國際有限公司","brand_name":"日日裝茶","product_name":"日日春茶","has_allergens":false,"allergens":"","allergen_count":0,"county":"新北市"}},{"type":"Feature","geometry":{"type":"Point","coordinates":[121.520744,25.007868]},"properties":{"company_name":"發靓國際有限公司","brand_name":"日日裝茶","product_name":"蜜香紅茶","has_allergens":false,"allergens":"","allergen_count":0,"county":"新北市"}},{"type":"Feature","geometry":{"type":"Point","coordinates":[121.520744,25.007868]},"properties":{"company_name":"發靓國際有限公司","brand_name":"日日裝茶","product_name":"甘露冬瓜鮮奶","has_allergens":true,"allergens":"乳製品","allergen_count":1,"county":"新北市"}},{"type":"Feature","geometry":{"type":"Point","coordinates":[121.520744,25.007868]},"properties":{"company_name":"發靓國際有限公司","brand_name":"日日裝茶","product_name":"蕎麥鮮奶茶","has_allergens":true,"allergens":"乳製品","allergen_count":1,"county":"新北市"}},{"type":"Feature","geometry":{"type":"Point","coordinates":[121.520744,25.007868]},"properties":{"company_name":"發靓國際有限公司","brand_name":"日日裝茶","product_name":"虎糖鮮檸茶","has_allergens":true,"allergens":"乳製品","allergen_count":1,"county":"新北市"}},{"type":"Feature","geometry":{"type":"Point","coordinates":[121.520744,25.007868]},"properties":{"company_name":"發靓國際有限公司","brand_name":"日日裝茶","product_name":"檸檬奶蓋春茶","has_allergens":false,"allergens":"","allergen_count":0,"county":"新北市"}},{"type":"Feature","geometry":{"type":"Point","coordinates":[121.520744,25.007868]},"properties":{"company_name":"發靓國際有限公司","brand_name":"日日裝茶","product_name":"蕎麥醇奶茶","has_allergens":false,"allergens":"","allergen_count":0,"county":"新北市"}},{"type":"Feature","geometry":{"type":"Point","coordinates":[121.520744,25.007868]},"properties":{"company_name":"發靓國際有限公司","brand_name":"日日裝茶","product_name":"芝士草莓春茶","has_allergens":false,"allergens":"","allergen_count":0,"county":"新北市"}},{"type":"Feature","geometry":{"type":"Point","coordinates":[121.520744,25.007868]},"properties":{"company_name":"發靓國際有限公司","brand_name":"日日裝茶","product_name":"鐵觀音醇奶茶","has_allergens":false,"allergens":"","allergen_count":0,"county":"新北市"}},{"type":"Feature","geometry":{"type":"Point","coordinates":[121.520744,25.007868]},"properties":{"company_name":"發靓國際有限公司","brand_name":"日日裝茶","product_name":"鐵觀音鮮奶茶","has_allergens":false,"allergens":"","allergen_count":0,"county":"新北市"}},{"type":"Feature","geometry":{"type":"Point","coordinates":[121.520744,25.007868]},"properties":{"company_name":"發靓國際有限公司","brand_name":"日日裝茶","product_name":"蜜桃多多","has_allergens":false,"allergens":"","allergen_count":0,"county":"新北市"}},{"type":"Feature","geometry":{"type":"Point","coordinates":[121.520744,25.007868]},"properties":{"company_name":"發靓國際有限公司","brand_name":"日日裝茶","product_name":"虎糖珍珠厚奶","has_allergens":true,"allergens":"乳製品","allergen_count":1,"county":"新北市"}},{"type":"Feature","geometry":{"type":"Point","coordinates":[121.520744,25.007868]},"properties":{"company_name":"發靓國際有限公司","brand_name":"日日裝茶","product_name":"鮮檸愛玉露","has_allergens":false,"allergens":"","allergen_count":0,"county":"新北市"}},{"type":"Feature","geometry":{"type":"Point","coordinates":[121.520744,25.007868]},"properties":{"company_name":"發靓國際有限公司","brand_name":"日日裝茶","product_name":"虎糖冰淇淋紅茶","has_allergens":false,"allergens":"","allergen_count":0,"county":"新北市"}},{"type":"Feature","geometry":{"type":"Point","coordinates":[121.520744,25.007868]},"properties":{"company_name":"發靓國際有限公司","brand_name":"日日裝茶","product_name":"日日春鮮奶茶","has_allergens":true,"allergens":"乳製品","allergen_count":1,"county":"新北市"}},{"type":"Feature","geometry":{"type":"Point","coordinates":[121.520744,25.007868]},"properties":{"company_name":"發靓國際有限公司","brand_name":"日日裝茶","product_name":"百香玉露双Q","has_allergens":false,"allergens":"","allergen_count":0,"county":"新北市"}},{"type":"Feature","geometry":{"type":"Point","coordinates":[121.520744,25.007868]},"properties":{"company_name":"發靓國際有限公司","brand_name":"日日裝茶","product_name":"虎糖醇奶茶","has_allergens":false,"allergens":"","allergen_count":0,"county":"新北市"}},{"type":"Feature","geometry":{"type":"Point","coordinates":[121.520744,25.007868]},"properties":{"company_name":"發靓國際有限公司","brand_name":"日日裝茶","product_name":"茉莉綠茶","has_allergens":false,"allergens":"","allergen_count":0,"county":"新北市"}},{"type":"Feature","geometry":{"type":"Point","coordinates":[121.520744,25.007868]},"properties":{"company_name":"發靓國際有限公司","brand_name":"日日裝茶","product_name":"甘露冬瓜","has_allergens":false,"allergens":"","allergen_count":0,"county":"新北市"}},{"type":"Feature","geometry":{"type":"Point","coordinates":[121.520744,25.007868]},"properties":{"company_name":"發靓國際有限公司","brand_name":"日日裝茶","product_name":"開心果奶蓋茶","has_allergens":false,"allergens":"","allergen_count":0,"county":"新北市"}},{"type":"Feature","geometry":{"type":"Point","coordinates":[121.520744,25.007868]},"properties":{"company_name":"發靓國際有限公司","brand_name":"日日裝茶","product_name":"梅子玉露醋飲","has_allergens":false,"allergens":"","allergen_count":0,"county":"新北市"}},{"type":"Feature","geometry":{"type":"Point","coordinates":[121.591415,25.08059]},"properties":{"company_name":"休閒國聯股份有限公司","brand_name":"鮮芋仙","product_name":"厚韻拿鐵","has_allergens":true,"allergens":"乳製品","allergen_count":1,"county":"臺北市"}},{"type":"Feature","geometry":{"type":"Point","coordinates":[121.591415,25.08059]},"properties":{"company_name":"休閒國聯股份有限公司","brand_name":"鮮芋仙","product_name":"紫米油飯","has_allergens":true,"allergens":"乳製品","allergen_count":1,"county":"臺北市"}},{"type":"Feature","geometry":{"type":"Point","coordinates":[121.591415,25.08059]},"properties":{"company_name":"休閒國聯股份有限公司","brand_name":"鮮芋仙","product_name":"芋頭純奶","has_allergens":false,"allergens":"","allergen_count":0,"county":"臺北市"}},{"type":"Feature","geometry":{"type":"Point","coordinates":[121.591415,25.08059]},"properties":{"company_name":"休閒國聯股份有限公司","brand_name":"鮮芋仙","product_name":"冬露拿鐵","has_allergens":true,"allergens":"乳製品","allergen_count":1,"county":"臺北市"}},{"type":"Feature","geometry":{"type":"Point","coordinates":[121.591415,25.08059]},"properties":{"company_name":"休閒國聯股份有限公司","brand_name":"鮮芋仙","product_name":"冬露QQ","has_allergens":true,"allergens":"乳製品","allergen_count":1,"county":"臺北市"}},{"type":"Feature","geometry":{"type":"Point","coordinates":[121.591415,25.08059]},"properties":{"company_name":"休閒國聯股份有限公司","brand_name":"鮮芋仙","product_name":"紫米粥","has_allergens":false,"allergens":"","allergen_count":0,"county":"臺北市"}},{"type":"Feature","geometry":{"type":"Point","coordinates":[121.591415,25.08059]},"properties":{"company_name":"休閒國聯股份有限公司","brand_name":"鮮芋仙","product_name":"古味綿綿冰(百香果)","has_allergens":false,"allergens":"","allergen_count":0,"county":"臺北市"}},{"type":"Feature","geometry":{"type":"Point","coordinates":[121.591415,25.08059]},"properties":{"company_name":"休閒國聯股份有限公司","brand_name":"鮮芋仙","product_name":"冬露奶霜","has_allergens":false,"allergens":"","allergen_count":0,"county":"臺北市"}},{"type":"Feature","geometry":{"type":"Point","coordinates":[121.591415,25.08059]},"properties":{"company_name":"休閒國聯股份有限公司","brand_name":"鮮芋仙","product_name":"黑糖粉粿冰","has_allergens":false,"allergens":"","allergen_count":0,"county":"臺北市"}},{"type":"Feature","geometry":{"type":"Point","coordinates":[121.591415,25.08059]},"properties":{"company_name":"休閒國聯股份有限公司","brand_name":"鮮芋仙","product_name":"相思湯圓","has_allergens":true,"allergens":"乳製品","allergen_count":1,"county":"臺北市"}},{"type":"Feature","geometry":{"type":"Point","coordinates":[121.591415,25.08059]},"properties":{"company_name":"休閒國聯股份有限公司","brand_name":"鮮芋仙","product_name":"厚韻奶霜","has_allergens":true,"allergens":"麩質穀物,乳製品","allergen_count":2,"county":"臺北市"}},{"type":"Feature","geometry":{"type":"Point","coordinates":[121.591415,25.08059]},"properties":{"company_name":"休閒國聯股份有限公司","brand_name":"鮮芋仙","product_name":"布蕾霜豆花","has_allergens":false,"allergens":"","allergen_count":0,"county":"臺北市"}},{"type":"Feature","geometry":{"type":"Point","coordinates":[121.591415,25.08059]},"properties":{"company_name":"休閒國聯股份有限公司","brand_name":"鮮芋仙","product_name":"紅豆湯","has_allergens":true,"allergens":"乳製品","allergen_count":1,"county":"臺北市"}},{"type":"Feature","geometry":{"type":"Point","coordinates":[121.591415,25.08059]},"properties":{"company_name":"休閒國聯股份有限公司","brand_name":"鮮芋仙","product_name":"原味甜豆花","has_allergens":true,"allergens":"乳製品","allergen_count":1,"county":"臺北市"}},{"type":"Feature","geometry":{"type":"Point","coordinates":[121.591415,25.08059]},"properties":{"company_name":"休閒國聯股份有限公司","brand_name":"鮮芋仙","product_name":"鮮芋仙招牌","has_allergens":true,"allergens":"麩質穀物","allergen_count":1,"county":"臺北市"}},{"type":"Feature","geometry":{"type":"Point","coordinates":[121.591415,25.08059]},"properties":{"company_name":"休閒國聯股份有限公司","brand_name":"鮮芋仙","product_name":"厚韻奶茶","has_allergens":true,"allergens":"乳製品","allergen_count":1,"county":"臺北市"}},{"type":"Feature","geometry":{"type":"Point","coordinates":[121.591415,25.08059]},"properties":{"company_name":"休閒國聯股份有限公司","brand_name":"鮮芋仙","product_name":"仙草拿鐵","has_allergens":true,"allergens":"乳製品","allergen_count":1,"county":"臺北市"}},{"type":"Feature","geometry":{"type":"Point","coordinates":[121.591415,25.08059]},"properties":{"company_name":"休閒國聯股份有限公司","brand_name":"鮮芋仙","product_name":"冬露檸檬茶","has_allergens":false,"allergens":"","allergen_count":0,"county":"臺北市"}},{"type":"Feature","geometry":{"type":"Point","coordinates":[121.591415,25.08059]},"properties":{"company_name":"休閒國聯股份有限公司","brand_name":"鮮芋仙","product_name":"小芋圓冬露鮮奶霜","has_allergens":true,"allergens":"乳製品","allergen_count":1,"county":"臺北市"}},{"type":"Feature","geometry":{"type":"Point","coordinates":[121.591415,25.08059]},"properties":{"company_name":"休閒國聯股份有限公司","brand_name":"鮮芋仙","product_name":"濃熬仙草茶","has_allergens":true,"allergens":"乳製品","allergen_count":1,"county":"臺北市"}},{"type":"Feature","geometry":{"type":"Point","coordinates":[121.591415,25.08059]},"properties":{"company_name":"休閒國聯股份有限公司","brand_name":"鮮芋仙","product_name":"冬露仙草凍","has_allergens":false,"allergens":"","allergen_count":0,"county":"臺北市"}},{"type":"Feature","geometry":{"type":"Point","coordinates":[121.591415,25.08059]},"properties":{"company_name":"休閒國聯股份有限公司","brand_name":"鮮芋仙","product_name":"小葉奶茶","has_allergens":true,"allergens":"乳製品","allergen_count":1,"county":"臺北市"}},{"type":"Feature","geometry":{"type":"Point","coordinates":[121.591415,25.08059]},"properties":{"company_name":"休閒國聯股份有限公司","brand_name":"鮮芋仙","product_name":"炙燒布蕾格朗芙","has_allergens":true,"allergens":"乳製品","allergen_count":1,"county":"臺北市"}},{"type":"Feature","geometry":{"type":"Point","coordinates":[121.591415,25.08059]},"properties":{"company_name":"休閒國聯股份有限公司","brand_name":"鮮芋仙","product_name":"小葉拿鐵","has_allergens":false,"allergens":"","allergen_count":0,"county":"臺北市"}},{"type":"Feature","geometry":{"type":"Point","coordinates":[121.591415,25.08059]},"properties":{"company_name":"休閒國聯股份有限公司","brand_name":"鮮芋仙","product_name":"古味綿綿冰(黑糖)","has_allergens":false,"allergens":"","allergen_count":0,"county":"臺北市"}},{"type":"Feature","geometry":{"type":"Point","coordinates":[121.591415,25.08059]},"properties":{"company_name":"休閒國聯股份有限公司","brand_name":"鮮芋仙","product_name":"黑熊奶茶","has_allergens":false,"allergens":"","allergen_count":0,"county":"臺北市"}},{"type":"Feature","geometry":{"type":"Point","coordinates":[121.591415,25.08059]},"properties":{"company_name":"休閒國聯股份有限公司","brand_name":"鮮芋仙","product_name":"厚韻紅茶","has_allergens":false,"allergens":"","allergen_count":0,"county":"臺北市"}},{"type":"Feature","geometry":{"type":"Point","coordinates":[121.591415,25.08059]},"properties":{"company_name":"休閒國聯股份有限公司","brand_name":"鮮芋仙","product_name":"芋圓仔精選(冰)","has_allergens":true,"allergens":"乳製品","allergen_count":1,"county":"臺北市"}},{"type":"Feature","geometry":{"type":"Point","coordinates":[121.591415,25.08059]},"properties":{"company_name":"休閒國聯股份有限公司","brand_name":"鮮芋仙","product_name":"芋芋黑熊","has_allergens":true,"allergens":"乳製品","allergen_count":1,"county":"臺北市"}},{"type":"Feature","geometry":{"type":"Point","coordinates":[121.591415,25.08059]},"properties":{"company_name":"休閒國聯股份有限公司","brand_name":"鮮芋仙","product_name":"芋泥肉鬆麻吉串","has_allergens":false,"allergens":"","allergen_count":0,"county":"臺北市"}},{"type":"Feature","geometry":{"type":"Point","coordinates":[121.51977,25.057396]},"properties":{"company_name":"巷弄茶飲","brand_name":"白巷子","product_name":"紅豆奶茶","has_allergens":false,"allergens":"","allergen_count":0,"county":"臺北市"}},{"type":"Feature","geometry":{"type":"Point","coordinates":[121.51977,25.057396]},"properties":{"company_name":"巷弄茶飲","brand_name":"白巷子","product_name":"波霸/小珍珠紅茶拿鐵","has_allergens":true,"allergens":"乳製品","allergen_count":1,"county":"臺北市"}},{"type":"Feature","geometry":{"type":"Point","coordinates":[121.51977,25.057396]},"properties":{"company_name":"巷弄茶飲","brand_name":"白巷子","product_name":"仙草凍奶茶","has_allergens":false,"allergens":"","allergen_count":0,"county":"臺北市"}},{"type":"Feature","geometry":{"type":"Point","coordinates":[121.51977,25.057396]},"properties":{"company_name":"巷弄茶飲","brand_name":"白巷子","product_name":"松柏嶺冬片","has_allergens":true,"allergens":"乳製品","allergen_count":1,"county":"臺北市"}},{"type":"Feature","geometry":{"type":"Point","coordinates":[121.51977,25.057396]},"properties":{"company_name":"巷弄茶飲","brand_name":"白巷子","product_name":"芝士奶蓋紅/綠茶","has_allergens":false,"allergens":"","allergen_count":0,"county":"臺北市"}},{"type":"Feature","geometry":{"type":"Point","coordinates":[121.51977,25.057396]},"properties":{"company_name":"巷弄茶飲","brand_name":"白巷子","product_name":"檸檬四季春","has_allergens":true,"allergens":"乳製品","allergen_count":1,"county":"臺北市"}},{"type":"Feature","geometry":{"type":"Point","coordinates":[121.51977,25.057396]},"properties":{"company_name":"巷弄茶飲","brand_name":"白巷子","product_name":"茉香綠茶","has_allergens":true,"allergens":"乳製品","allergen_count":1,"county":"臺北市"}},{"type":"Feature","geometry":{"type":"Point","coordinates":[121.51977,25.057396]},"properties":{"company_name":"巷弄茶飲","brand_name":"白巷子","product_name":"關西仙草茶","has_allergens":true,"allergens":"乳製品","allergen_count":1,"county":"臺北市"}},{"type":"Feature","geometry":{"type":"Point","coordinates":[121.51977,25.057396]},"properties":{"company_name":"巷弄茶飲","brand_name":"白巷子","product_name":"紅茶三號","has_allergens":true,"allergens":"乳製品","allergen_count":1,"county":"臺北市"}},{"type":"Feature","geometry":{"type":"Point","coordinates":[121.51977,25.057396]},"properties":{"company_name":"巷弄茶飲","brand_name":"白巷子","product_name":"冬瓜鮮奶","has_allergens":true,"allergens":"乳製品","allergen_count":1,"county":"臺北市"}},{"type":"Feature","geometry":{"type":"Point","coordinates":[121.51977,25.057396]},"properties":{"company_name":"巷弄茶飲","brand_name":"白巷子","product_name":"紅豆抹茶拿鐵","has_allergens":true,"allergens":"乳製品","allergen_count":1,"county":"臺北市"}},{"type":"Feature","geometry":{"type":"Point","coordinates":[121.51977,25.057396]},"properties":{"company_name":"巷弄茶飲","brand_name":"白巷子","product_name":"檸檬梅子","has_allergens":true,"allergens":"乳製品","allergen_count":1,"county":"臺北市"}},{"type":"Feature","geometry":{"type":"Point","coordinates":[121.51977,25.057396]},"properties":{"company_name":"巷弄茶飲","brand_name":"白巷子","product_name":"阿華田","has_allergens":false,"allergens":"","allergen_count":0,"county":"臺北市"}},{"type":"Feature","geometry":{"type":"Point","coordinates":[121.51977,25.057396]},"properties":{"company_name":"巷弄茶飲","brand_name":"白巷子","product_name":"黑糖珍珠鮮奶","has_allergens":true,"allergens":"乳製品","allergen_count":1,"county":"臺北市"}},{"type":"Feature","geometry":{"type":"Point","coordinates":[121.51977,25.057396]},"properties":{"company_name":"巷弄茶飲","brand_name":"白巷子","product_name":"冰淇淋紅茶","has_allergens":true,"allergens":"乳製品","allergen_count":1,"county":"臺北市"}},{"type":"Feature","geometry":{"type":"Point","coordinates":[121.51977,25.057396]},"properties":{"company_name":"巷弄茶飲","brand_name":"白巷子","product_name":"梅汁綠茶","has_allergens":true,"allergens":"乳製品","allergen_count":1,"county":"臺北市"}},{"type":"Feature","geometry":{"type":"Point","coordinates":[121.51977,25.057396]},"properties":{"company_name":"巷弄茶飲","brand_name":"白巷子","product_name":"綠茶養樂多","has_allergens":false,"allergens":"","allergen_count":0,"county":"臺北市"}},{"type":"Feature","geometry":{"type":"Point","coordinates":[121.51977,25.057396]},"properties":{"company_name":"巷弄茶飲","brand_name":"白巷子","product_name":"微檸檬冬瓜","has_allergens":false,"allergens":"","allergen_count":0,"county":"臺北市"}},{"type":"Feature","geometry":{"type":"Point","coordinates":[121.51977,25.057396]},"properties":{"company_name":"巷弄茶飲","brand_name":"白巷子","product_name":"百香綠茶","has_allergens":false,"allergens":"","allergen_count":0,"county":"臺北市"}},{"type":"Feature","geometry":{"type":"Point","coordinates":[121.51977,25.057396]},"properties":{"company_name":"巷弄茶飲","brand_name":"白巷子","product_name":"四季春雙Q果","has_allergens":false,"allergens":"","allergen_count":0,"county":"臺北市"}},{"type":"Feature","geometry":{"type":"Point","coordinates":[121.51977,25.057396]},"properties":{"company_name":"巷弄茶飲","brand_name":"白巷子","product_name":"扬支甘露","has_allergens":false,"allergens":"","allergen_count":0,"county":"臺北市"}},{"type":"Feature","geometry":{"type":"Point","coordinates":[121.51977,25.057396]},"properties":{"company_name":"巷弄茶飲","brand_name":"白巷子","product_name":"布丁奶茶","has_allergens":false,"allergens":"","allergen_count":0,"county":"臺北市"}},{"type":"Feature","geometry":{"type":"Point","coordinates":[121.51977,25.057396]},"properties":{"company_name":"巷弄茶飲","brand_name":"白巷子","product_name":"芋頭鮮奶","has_allergens":true,"allergens":"乳製品","allergen_count":1,"county":"臺北市"}},{"type":"Feature","geometry":{"type":"Point","coordinates":[121.51977,25.057396]},"properties":{"company_name":"巷弄茶飲","brand_name":"白巷子","product_name":"雙Q果奶茶","has_allergens":true,"allergens":"乳製品","allergen_count":1,"county":"臺北市"}},{"type":"Feature","geometry":{"type":"Point","coordinates":[121.51977,25.057396]},"properties":{"company_name":"巷弄茶飲","brand_name":"白巷子","product_name":"滿杯紅柚","has_allergens":false,"allergens":"","allergen_count":0,"county":"臺北市"}},{"type":"Feature","geometry":{"type":"Point","coordinates":[121.51977,25.057396]},"properties":{"company_name":"巷弄茶飲","brand_name":"白巷子","product_name":"冬瓜仙草凍","has_allergens":false,"allergens":"","allergen_count":0,"county":"臺北市"}},{"type":"Feature","geometry":{"type":"Point","coordinates":[121.51977,25.057396]},"properties":{"company_name":"巷弄茶飲","brand_name":"白巷子","product_name":"啵啵黑糖奶蓋紅","has_allergens":true,"allergens":"乳製品","allergen_count":1,"county":"臺北市"}},{"type":"Feature","geometry":{"type":"Point","coordinates":[121.51977,25.057396]},"properties":{"company_name":"巷弄茶飲","brand_name":"白巷子","product_name":"桂圓紅棗茶","has_allergens":true,"allergens":"乳製品","allergen_count":1,"county":"臺北市"}},{"type":"Feature","geometry":{"type":"Point","coordinates":[121.51977,25.057396]},"properties":{"company_name":"巷弄茶飲","brand_name":"白巷子","product_name":"冬瓜青茶","has_allergens":false,"allergens":"","allergen_count":0,"county":"臺北市"}},{"type":"Feature","geometry":{"type":"Point","coordinates":[121.51977,25.057396]},"properties":{"company_name":"巷弄茶飲","brand_name":"白巷子","product_name":"芝士芒果","has_allergens":false,"allergens":"","allergen_count":0,"county":"臺北市"}},{"type":"Feature","geometry":{"type":"Point","coordinates":[121.43255,25.032164]},"properties":{"company_name":"金好家股份有限公司","brand_name":"進發家","product_name":"蕎麥鮮奶茶","has_allergens":false,"allergens":"","allergen_count":0,"county":"新北市"}},{"type":"Feature","geometry":{"type":"Point","coordinates":[121.43255,25.032164]},"properties":{"company_name":"金好家股份有限公司","brand_name":"進發家","product_name":"桑椹鮮奶茶雙Q","has_allergens":false,"allergens":"","allergen_count":0,"county":"新北市"}},{"type":"Feature","geometry":{"type":"Point","coordinates":[121.43255,25.032164]},"properties":{"company_name":"金好家股份有限公司","brand_name":"進發家","product_name":"烤糖鮮橙綠","has_allergens":true,"allergens":"乳製品","allergen_count":1,"county":"新北市"}},{"type":"Feature","geometry":{"type":"Point","coordinates":[121.43255,25.032164]},"properties":{"company_name":"金好家股份有限公司","brand_name":"進發家","product_name":"烤糖鳳梨青","has_allergens":false,"allergens":"","allergen_count":0,"county":"新北市"}},{"type":"Feature","geometry":{"type":"Point","coordinates":[121.43255,25.032164]},"properties":{"company_name":"金好家股份有限公司","brand_name":"進發家","product_name":"西瓜鮮奶綠","has_allergens":false,"allergens":"","allergen_count":0,"county":"新北市"}},{"type":"Feature","geometry":{"type":"Point","coordinates":[121.43255,25.032164]},"properties":{"company_name":"金好家股份有限公司","brand_name":"進發家","product_name":"祖傳綠豆沙","has_allergens":false,"allergens":"","allergen_count":0,"county":"新北市"}},{"type":"Feature","geometry":{"type":"Point","coordinates":[121.43255,25.032164]},"properties":{"company_name":"金好家股份有限公司","brand_name":"進發家","product_name":"青梅果綠茶","has_allergens":true,"allergens":"乳製品","allergen_count":1,"county":"新北市"}},{"type":"Feature","geometry":{"type":"Point","coordinates":[121.43255,25.032164]},"properties":{"company_name":"金好家股份有限公司","brand_name":"進發家","product_name":"蕎糬紅茶鮮奶茶","has_allergens":false,"allergens":"","allergen_count":0,"county":"新北市"}},{"type":"Feature","geometry":{"type":"Point","coordinates":[121.43255,25.032164]},"properties":{"company_name":"金好家股份有限公司","brand_name":"進發家","product_name":"仙草奶茶","has_allergens":false,"allergens":"","allergen_count":0,"county":"新北市"}},{"type":"Feature","geometry":{"type":"Point","coordinates":[121.43255,25.032164]},"properties":{"company_name":"金好家股份有限公司","brand_name":"進發家","product_name":"手作冬瓜露","has_allergens":false,"allergens":"","allergen_count":0,"county":"新北市"}},{"type":"Feature","geometry":{"type":"Point","coordinates":[121.43255,25.032164]},"properties":{"company_name":"金好家股份有限公司","brand_name":"進發家","product_name":"西瓜綠茶","has_allergens":false,"allergens":"","allergen_count":0,"county":"新北市"}},{"type":"Feature","geometry":{"type":"Point","coordinates":[121.43255,25.032164]},"properties":{"company_name":"金好家股份有限公司","brand_name":"進發家","product_name":"進發厚奶茶","has_allergens":false,"allergens":"","allergen_count":0,"county":"新北市"}},{"type":"Feature","geometry":{"type":"Point","coordinates":[121.43255,25.032164]},"properties":{"company_name":"金好家股份有限公司","brand_name":"進發家","product_name":"鹿谷四季春","has_allergens":false,"allergens":"","allergen_count":0,"county":"新北市"}},{"type":"Feature","geometry":{"type":"Point","coordinates":[121.43255,25.032164]},"properties":{"company_name":"金好家股份有限公司","brand_name":"進發家","product_name":"紅豆紫米鮮奶","has_allergens":false,"allergens":"","allergen_count":0,"county":"新北市"}},{"type":"Feature","geometry":{"type":"Point","coordinates":[121.43255,25.032164]},"properties":{"company_name":"金好家股份有限公司","brand_name":"進發家","product_name":"招牌奶綠","has_allergens":false,"allergens":"","allergen_count":0,"county":"新北市"}},{"type":"Feature","geometry":{"type":"Point","coordinates":[121.43255,25.032164]},"properties":{"company_name":"金好家股份有限公司","brand_name":"進發家","product_name":"古早味冬瓜紅茶","has_allergens":false,"allergens":"","allergen_count":0,"county":"新北市"}},{"type":"Feature","geometry":{"type":"Point","coordinates":[121.43255,25.032164]},"properties":{"company_name":"金好家股份有限公司","brand_name":"進發家","product_name":"黃金蕎麥茶","has_allergens":false,"allergens":"","allergen_count":0,"county":"新北市"}},{"type":"Feature","geometry":{"type":"Point","coordinates":[121.43255,25.032164]},"properties":{"company_name":"金好家股份有限公司","brand_name":"進發家","product_name":"埔里甘蔗青","has_allergens":false,"allergens":"","allergen_count":0,"county":"新北市"}},{"type":"Feature","geometry":{"type":"Point","coordinates":[121.43255,25.032164]},"properties":{"company_name":"金好家股份有限公司","brand_name":"進發家","product_name":"水蜜桃烏龍桂花凍","has_allergens":false,"allergens":"","allergen_count":0,"county":"新北市"}},{"type":"Feature","geometry":{"type":"Point","coordinates":[121.43255,25.032164]},"properties":{"company_name":"金好家股份有限公司","brand_name":"進發家","product_name":"冬瓜綠雙凍","has_allergens":false,"allergens":"","allergen_count":0,"county":"新北市"}},{"type":"Feature","geometry":{"type":"Point","coordinates":[121.43255,25.032164]},"properties":{"company_name":"金好家股份有限公司","brand_name":"進發家","product_name":"綠豆沙厚奶","has_allergens":false,"allergens":"","allergen_count":0,"county":"新北市"}},{"type":"Feature","geometry":{"type":"Point","coordinates":[121.43255,25.032164]},"properties":{"company_name":"金好家股份有限公司","brand_name":"進發家","product_name":"炭焙烏龍茶","has_allergens":false,"allergens":"","allergen_count":0,"county":"新北市"}},{"type":"Feature","geometry":{"type":"Point","coordinates":[121.43255,25.032164]},"properties":{"company_name":"金好家股份有限公司","brand_name":"進發家","product_name":"綠茶鮮奶","has_allergens":false,"allergens":"","allergen_count":0,"county":"新北市"}},{"type":"Feature","geometry":{"type":"Point","coordinates":[121.43255,25.032164]},"properties":{"company_name":"金好家股份有限公司","brand_name":"進發家","product_name":"紅茶鮮奶","has_allergens":false,"allergens":"","allergen_count":0,"county":"新北市"}},{"type":"Feature","geometry":{"type":"Point","coordinates":[121.43255,25.032164]},"properties":{"company_name":"金好家股份有限公司","brand_name":"進發家","product_name":"黑糖薑母奶茶","has_allergens":false,"allergens":"","allergen_count":0,"county":"新北市"}},{"type":"Feature","geometry":{"type":"Point","coordinates":[121.43255,25.032164]},"properties":{"company_name":"金好家股份有限公司","brand_name":"進發家","product_name":"愛玉檸檬蜜冬瓜","has_allergens":false,"allergens":"","allergen_count":0,"county":"新北市"}},{"type":"Feature","geometry":{"type":"Point","coordinates":[121.43255,25.032164]},"properties":{"company_name":"金好家股份有限公司","brand_name":"進發家","product_name":"蕎麥鮮奶桂花凍","has_allergens":false,"allergens":"","allergen_count":0,"county":"新北市"}},{"type":"Feature","geometry":{"type":"Point","coordinates":[121.43255,25.032164]},"properties":{"company_name":"金好家股份有限公司","brand_name":"進發家","product_name":"檸檬蜜綠茶","has_allergens":false,"allergens":"","allergen_count":0,"county":"新北市"}},{"type":"Feature","geometry":{"type":"Point","coordinates":[121.43255,25.032164]},"properties":{"company_name":"金好家股份有限公司","brand_name":"進發家","product_name":"熟成紅茶","has_allergens":false,"allergens":"","allergen_count":0,"county":"新北市"}},{"type":"Feature","geometry":{"type":"Point","coordinates":[121.43255,25.032164]},"properties":{"company_name":"金好家股份有限公司","brand_name":"進發家","product_name":"古早味冬瓜綠茶","has_allergens":false,"allergens":"","allergen_count":0,"county":"新北市"}},{"type":"Feature","geometry":{"type":"Point","coordinates":[121.42499,24.990927]},"properties":{"company_name":"老賴國際有限公司","brand_name":"老賴茶棧","product_name":"冬瓜檸檬","has_allergens":false,"allergens":"","allergen_count":0,"county":"新北市"}},{"type":"Feature","geometry":{"type":"Point","coordinates":[121.42499,24.990927]},"properties":{"company_name":"老賴國際有限公司","brand_name":"老賴茶棧","product_name":"冬瓜紅茶","has_allergens":false,"allergens":"","allergen_count":0,"county":"新北市"}},{"type":"Feature","geometry":{"type":"Point","coordinates":[121.42499,24.990927]},"properties":{"company_name":"老賴國際有限公司","brand_name":"老賴茶棧","product_name":"熬煮冬瓜茶","has_allergens":false,"allergens":"","allergen_count":0,"county":"新北市"}},{"type":"Feature","geometry":{"type":"Point","coordinates":[121.42499,24.990927]},"properties":{"company_name":"老賴國際有限公司","brand_name":"老賴茶棧","product_name":"青霧綠茶","has_allergens":false,"allergens":"","allergen_count":0,"county":"新北市"}},{"type":"Feature","geometry":{"type":"Point","coordinates":[121.42499,24.990927]},"properties":{"company_name":"老賴國際有限公司","brand_name":"老賴茶棧","product_name":"鮮檸香綠","has_allergens":false,"allergens":"","allergen_count":0,"county":"新北市"}},{"type":"Feature","geometry":{"type":"Point","coordinates":[121.42499,24.990927]},"properties":{"company_name":"老賴國際有限公司","brand_name":"老賴茶棧","product_name":"香綠太后牛乳","has_allergens":false,"allergens":"","allergen_count":0,"county":"新北市"}},{"type":"Feature","geometry":{"type":"Point","coordinates":[121.42499,24.990927]},"properties":{"company_name":"老賴國際有限公司","brand_name":"老賴茶棧","product_name":"樂多香綠","has_allergens":false,"allergens":"","allergen_count":0,"county":"新北市"}},{"type":"Feature","geometry":{"type":"Point","coordinates":[121.42499,24.990927]},"properties":{"company_name":"老賴國際有限公司","brand_name":"老賴茶棧","product_name":"冬瓜香綠","has_allergens":false,"allergens":"","allergen_count":0,"county":"新北市"}},{"type":"Feature","geometry":{"type":"Point","coordinates":[121.42499,24.990927]},"properties":{"company_name":"老賴國際有限公司","brand_name":"老賴茶棧","product_name":"茉翠香綠","has_allergens":false,"allergens":"","allergen_count":0,"county":"新北市"}},{"type":"Feature","geometry":{"type":"Point","coordinates":[121.42499,24.990927]},"properties":{"company_name":"老賴國際有限公司","brand_name":"老賴茶棧","product_name":"布丁奶茶","has_allergens":false,"allergens":"","allergen_count":0,"county":"新北市"}},{"type":"Feature","geometry":{"type":"Point","coordinates":[121.42499,24.990927]},"properties":{"company_name":"老賴國際有限公司","brand_name":"老賴茶棧","product_name":"四季青茶","has_allergens":false,"allergens":"","allergen_count":0,"county":"新北市"}},{"type":"Feature","geometry":{"type":"Point","coordinates":[121.42499,24.990927]},"properties":{"company_name":"老賴國際有限公司","brand_name":"老賴茶棧","product_name":"烏梅紅茶","has_allergens":false,"allergens":"","allergen_count":0,"county":"新北市"}},{"type":"Feature","geometry":{"type":"Point","coordinates":[121.42499,24.990927]},"properties":{"company_name":"老賴國際有限公司","brand_name":"老賴茶棧","product_name":"招牌奶茶","has_allergens":false,"allergens":"","allergen_count":0,"county":"新北市"}},{"type":"Feature","geometry":{"type":"Point","coordinates":[121.42499,24.990927]},"properties":{"company_name":"老賴國際有限公司","brand_name":"老賴茶棧","product_name":"豆香紅茶","has_allergens":false,"allergens":"","allergen_count":0,"county":"新北市"}},{"type":"Feature","geometry":{"type":"Point","coordinates":[121.42499,24.990927]},"properties":{"company_name":"老賴國際有限公司","brand_name":"老賴茶棧","product_name":"手工豆漿","has_allergens":false,"allergens":"","allergen_count":0,"county":"新北市"}},{"type":"Feature","geometry":{"type":"Point","coordinates":[121.42499,24.990927]},"properties":{"company_name":"老賴國際有限公司","brand_name":"老賴茶棧","product_name":"老賴紅茶","has_allergens":false,"allergens":"","allergen_count":0,"county":"新北市"}},{"type":"Feature","geometry":{"type":"Point","coordinates":[121.42499,24.990927]},"properties":{"company_name":"老賴國際有限公司","brand_name":"老賴茶棧","product_name":"鮮檬紅茶","has_allergens":false,"allergens":"","allergen_count":0,"county":"新北市"}},{"type":"Feature","geometry":{"type":"Point","coordinates":[121.42499,24.990927]},"properties":{"company_name":"老賴國際有限公司","brand_name":"老賴茶棧","product_name":"珍珠奶茶","has_allergens":false,"allergens":"","allergen_count":0,"county":"新北市"}},{"type":"Feature","geometry":{"type":"Point","coordinates":[121.42499,24.990927]},"properties":{"company_name":"老賴國際有限公司","brand_name":"老賴茶棧","product_name":"太后牛乳","has_allergens":false,"allergens":"","allergen_count":0,"county":"新北市"}},{"type":"Feature","geometry":{"type":"Point","coordinates":[121.42499,24.990927]},"properties":{"company_name":"老賴國際有限公司","brand_name":"老賴茶棧","product_name":"冬瓜太后牛乳","has_allergens":false,"allergens":"","allergen_count":0,"county":"新北市"}},{"type":"Feature","geometry":{"type":"Point","coordinates":[121.42499,24.990927]},"properties":{"company_name":"老賴國際有限公司","brand_name":"老賴茶棧","product_name":"香綠奶茶","has_allergens":false,"allergens":"","allergen_count":0,"county":"新北市"}},{"type":"Feature","geometry":{"type":"Point","coordinates":[121.53492,25.052673]},"properties":{"company_name":"發發牧場股份有限公司","brand_name":"發發","product_name":"發發私藏珍珠鮮奶茶","has_allergens":true,"allergens":"乳製品","allergen_count":1,"county":"臺北市"}},{"type":"Feature","geometry":{"type":"Point","coordinates":[121.53492,25.052673]},"properties":{"company_name":"發發牧場股份有限公司","brand_name":"發發","product_name":"仙女燕麥穀粒鮮奶茶","has_allergens":false,"allergens":"","allergen_count":0,"county":"臺北市"}},{"type":"Feature","geometry":{"type":"Point","coordinates":[121.53492,25.052673]},"properties":{"company_name":"發發牧場股份有限公司","brand_name":"發發","product_name":"茶中香檳鮮奶茶","has_allergens":false,"allergens":"","allergen_count":0,"county":"臺北市"}},{"type":"Feature","geometry":{"type":"Point","coordinates":[121.53492,25.052673]},"properties":{"company_name":"發發牧場股份有限公司","brand_name":"發發","product_name":"牧香十穀物茶","has_allergens":false,"allergens":"","allergen_count":0,"county":"臺北市"}},{"type":"Feature","geometry":{"type":"Point","coordinates":[121.53492,25.052673]},"properties":{"company_name":"發發牧場股份有限公司","brand_name":"發發","product_name":"伯爵茶優格","has_allergens":false,"allergens":"","allergen_count":0,"county":"臺北市"}},{"type":"Feature","geometry":{"type":"Point","coordinates":[121.53492,25.052673]},"properties":{"company_name":"發發牧場股份有限公司","brand_name":"發發","product_name":"野生藍莓優格","has_allergens":false,"allergens":"","allergen_count":0,"county":"臺北市"}},{"type":"Feature","geometry":{"type":"Point","coordinates":[121.53492,25.052673]},"properties":{"company_name":"發發牧場股份有限公司","brand_name":"發發","product_name":"元氣燕麥優格","has_allergens":false,"allergens":"","allergen_count":0,"county":"臺北市"}},{"type":"Feature","geometry":{"type":"Point","coordinates":[121.53492,25.052673]},"properties":{"company_name":"發發牧場股份有限公司","brand_name":"發發","product_name":"芽香綠金萱","has_allergens":false,"allergens":"","allergen_count":0,"county":"臺北市"}},{"type":"Feature","geometry":{"type":"Point","coordinates":[121.53492,25.052673]},"properties":{"company_name":"發發牧場股份有限公司","brand_name":"發發","product_name":"厚韻紅金萱","has_allergens":true,"allergens":"乳製品,麩質穀物","allergen_count":2,"county":"臺北市"}},{"type":"Feature","geometry":{"type":"Point","coordinates":[121.53492,25.052673]},"properties":{"company_name":"發發牧場股份有限公司","brand_name":"發發","product_name":"蘋果百香優格","has_allergens":true,"allergens":"乳製品","allergen_count":1,"county":"臺北市"}},{"type":"Feature","geometry":{"type":"Point","coordinates":[121.53492,25.052673]},"properties":{"company_name":"發發牧場股份有限公司","brand_name":"發發","product_name":"發發好芒優格","has_allergens":true,"allergens":"乳製品","allergen_count":1,"county":"臺北市"}},{"type":"Feature","geometry":{"type":"Point","coordinates":[121.53492,25.052673]},"properties":{"company_name":"發發牧場股份有限公司","brand_name":"發發","product_name":"葡萄啵啵優格","has_allergens":false,"allergens":"麩質穀物","allergen_count":1,"county":"臺北市"}},{"type":"Feature","geometry":{"type":"Point","coordinates":[121.53492,25.052673]},"properties":{"company_name":"發發牧場股份有限公司","brand_name":"發發","product_name":"青青芭樂優格","has_allergens":false,"allergens":"","allergen_count":0,"county":"臺北市"}},{"type":"Feature","geometry":{"type":"Point","coordinates":[121.53492,25.052673]},"properties":{"company_name":"發發牧場股份有限公司","brand_name":"發發","product_name":"紅柚啵啵優格","has_allergens":true,"allergens":"乳製品","allergen_count":1,"county":"臺北市"}},{"type":"Feature","geometry":{"type":"Point","coordinates":[121.53492,25.052673]},"properties":{"company_name":"發發牧場股份有限公司","brand_name":"發發","product_name":"莓果派對優格","has_allergens":false,"allergens":"","allergen_count":0,"county":"臺北市"}},{"type":"Feature","geometry":{"type":"Point","coordinates":[121.52285,25.027252]},"properties":{"company_name":"柏元國際餐飲有限公司","brand_name":"五桐號","product_name":"粉粿青檸冬瓜 Lemon Winter Melon Tea with Brown Sugar Jelly","has_allergens":false,"allergens":"","allergen_count":0,"county":"臺北市"}},{"type":"Feature","geometry":{"type":"Point","coordinates":[121.52285,25.027252]},"properties":{"company_name":"柏元國際餐飲有限公司","brand_name":"五桐號","product_name":"珍珠奶茶 Tapioca & Black Tea with Creamer","has_allergens":false,"allergens":"","allergen_count":0,"county":"臺北市"}},{"type":"Feature","geometry":{"type":"Point","coordinates":[121.52285,25.027252]},"properties":{"company_name":"柏元國際餐飲有限公司","brand_name":"五桐號","product_name":"桂花烏龍凍飲 Osmanthus Oolong Tea with Green Tea Jelly","has_allergens":false,"allergens":"","allergen_count":0,"county":"臺北市"}},{"type":"Feature","geometry":{"type":"Point","coordinates":[121.52285,25.027252]},"properties":{"company_name":"柏元國際餐飲有限公司","brand_name":"五桐號","product_name":"老實人紅茶 Black Tea","has_allergens":false,"allergens":"","allergen_count":0,"county":"臺北市"}},{"type":"Feature","geometry":{"type":"Point","coordinates":[121.52285,25.027252]},"properties":{"company_name":"柏元國際餐飲有限公司","brand_name":"五桐號","product_name":"清香烏龍 Oolong Tea","has_allergens":false,"allergens":"","allergen_count":0,"county":"臺北市"}},{"type":"Feature","geometry":{"type":"Point","coordinates":[121.52285,25.027252]},"properties":{"company_name":"柏元國際餐飲有限公司","brand_name":"五桐號","product_name":"烏龍奶霜 Oolong Tea with Cream","has_allergens":false,"allergens":"","allergen_count":0,"county":"臺北市"}},{"type":"Feature","geometry":{"type":"Point","coordinates":[121.52285,25.027252]},"properties":{"company_name":"柏元國際餐飲有限公司","brand_name":"五桐號","product_name":"紅心芭樂烏龍 Oolong Tea With Red Guava","has_allergens":false,"allergens":"","allergen_count":0,"county":"臺北市"}},{"type":"Feature","geometry":{"type":"Point","coordinates":[121.52285,25.027252]},"properties":{"company_name":"柏元國際餐飲有限公司","brand_name":"五桐號","product_name":"濃煮奶茶 Black Tea with Creamer","has_allergens":false,"allergens":"","allergen_count":0,"county":"臺北市"}},{"type":"Feature","geometry":{"type":"Point","coordinates":[121.52285,25.027252]},"properties":{"company_name":"柏元國際餐飲有限公司","brand_name":"五桐號","product_name":"玄米蕎麥 Buckwheat Tea","has_allergens":false,"allergens":"","allergen_count":0,"county":"臺北市"}},{"type":"Feature","geometry":{"type":"Point","coordinates":[121.52285,25.027252]},"properties":{"company_name":"柏元國際餐飲有限公司","brand_name":"五桐號","product_name":"紅柚青茶凍飲 Grapefruit Turquoise Tea with Green Tea Jelly","has_allergens":false,"allergens":"","allergen_count":0,"county":"臺北市"}},{"type":"Feature","geometry":{"type":"Point","coordinates":[121.52285,25.027252]},"properties":{"company_name":"柏元國際餐飲有限公司","brand_name":"五桐號","product_name":"茉莉奶霜 Green Tea with Cream","has_allergens":false,"allergens":"","allergen_count":0,"county":"臺北市"}},{"type":"Feature","geometry":{"type":"Point","coordinates":[121.52285,25.027252]},"properties":{"company_name":"柏元國際餐飲有限公司","brand_name":"五桐號","product_name":"鐵觀音奶茶 Iron Guanyin Milk Tea","has_allergens":false,"allergens":"","allergen_count":0,"county":"臺北市"}},{"type":"Feature","geometry":{"type":"Point","coordinates":[121.52285,25.027252]},"properties":{"company_name":"柏元國際餐飲有限公司","brand_name":"五桐號","product_name":"山形蜜桃凍飲 Yamagata Peach Tea with Green Tea Jelly","has_allergens":false,"allergens":"","allergen_count":0,"county":"臺北市"}},{"type":"Feature","geometry":{"type":"Point","coordinates":[121.52285,25.027252]},"properties":{"company_name":"柏元國際餐飲有限公司","brand_name":"五桐號","product_name":"茉莉綠茶拿鐵 Green Tea with Milk","has_allergens":false,"allergens":"","allergen_count":0,"county":"臺北市"}},{"type":"Feature","geometry":{"type":"Point","coordinates":[121.52285,25.027252]},"properties":{"company_name":"柏元國際餐飲有限公司","brand_name":"五桐號","product_name":"玄米蕎麥奶茶 Buckwheat Creamer Tea","has_allergens":false,"allergens":"","allergen_count":0,"county":"臺北市"}},{"type":"Feature","geometry":{"type":"Point","coordinates":[121.52285,25.027252]},"properties":{"company_name":"柏元國際餐飲有限公司","brand_name":"五桐號","product_name":"珍珠手沖泰奶 Bubble with Authentic Thai Milk Tea","has_allergens":true,"allergens":"乳製品","allergen_count":1,"county":"臺北市"}},{"type":"Feature","geometry":{"type":"Point","coordinates":[121.52285,25.027252]},"properties":{"company_name":"柏元國際餐飲有限公司","brand_name":"五桐號","product_name":"最完美手沖泰奶 Authentic Thai Milk Tea","has_allergens":true,"allergens":"乳製品","allergen_count":1,"county":"臺北市"}},{"type":"Feature","geometry":{"type":"Point","coordinates":[121.52285,25.027252]},"properties":{"company_name":"柏元國際餐飲有限公司","brand_name":"五桐號","product_name":"茉莉香片Green Tea","has_allergens":true,"allergens":"乳製品","allergen_count":1,"county":"臺北市"}},{"type":"Feature","geometry":{"type":"Point","coordinates":[121.52285,25.027252]},"properties":{"company_name":"柏元國際餐飲有限公司","brand_name":"五桐號","product_name":"鐵觀音拿鐵 Iron Guanyin Latte","has_allergens":false,"allergens":"","allergen_count":0,"county":"臺北市"}},{"type":"Feature","geometry":{"type":"Point","coordinates":[121.52285,25.027252]},"properties":{"company_name":"柏元國際餐飲有限公司","brand_name":"五桐號","product_name":"青梅烏龍凍飲 Greengage Oolong Drink","has_allergens":true,"allergens":"乳製品,麩質穀物","allergen_count":2,"county":"臺北市"}},{"type":"Feature","geometry":{"type":"Point","coordinates":[121.52285,25.027252]},"properties":{"company_name":"柏元國際餐飲有限公司","brand_name":"五桐號","product_name":"柚香荔枝凍飲 Yuja Lychee Turquoise Tea with Green Tea Jelly","has_allergens":false,"allergens":"","allergen_count":0,"county":"臺北市"}},{"type":"Feature","geometry":{"type":"Point","coordinates":[121.52285,25.027252]},"properties":{"company_name":"柏元國際餐飲有限公司","brand_name":"五桐號","product_name":"珍珠濃煮拿鐵 Quality Mellow Black Milk Tea with Bubble","has_allergens":false,"allergens":"","allergen_count":0,"county":"臺北市"}},{"type":"Feature","geometry":{"type":"Point","coordinates":[121.52285,25.027252]},"properties":{"company_name":"柏元國際餐飲有限公司","brand_name":"五桐號","product_name":"綠茶凍濃煮拿鐵 Quality Mellow Black Milk Tea with Green Tea Jelly","has_allergens":false,"allergens":"","allergen_count":0,"county":"臺北市"}},{"type":"Feature","geometry":{"type":"Point","coordinates":[121.52285,25.027252]},"properties":{"company_name":"柏元國際餐飲有限公司","brand_name":"五桐號","product_name":"玄米蕎麥拿鐵 Buckwheat Milk Tea","has_allergens":true,"allergens":"乳製品,麩質穀物","allergen_count":2,"county":"臺北市"}},{"type":"Feature","geometry":{"type":"Point","coordinates":[121.52285,25.027252]},"properties":{"company_name":"柏元國際餐飲有限公司","brand_name":"五桐號","product_name":"農榨青檸冬瓜 Lemon Winter Melon Tea","has_allergens":true,"allergens":"乳製品","allergen_count":1,"county":"臺北市"}},{"type":"Feature","geometry":{"type":"Point","coordinates":[121.52285,25.027252]},"properties":{"company_name":"柏元國際餐飲有限公司","brand_name":"五桐號","product_name":"綠茶凍濃煮奶茶 Quality Mellow Black Creeamer Tea with Green Tea Jelly","has_allergens":true,"allergens":"乳製品","allergen_count":1,"county":"臺北市"}},{"type":"Feature","geometry":{"type":"Point","coordinates":[121.52285,25.027252]},"properties":{"company_name":"柏元國際餐飲有限公司","brand_name":"五桐號","product_name":"蕎麥奶霜 Buckwheat with Cream","has_allergens":false,"allergens":"","allergen_count":0,"county":"臺北市"}},{"type":"Feature","geometry":{"type":"Point","coordinates":[121.52285,25.027252]},"properties":{"company_name":"柏元國際餐飲有限公司","brand_name":"五桐號","product_name":"青檸青茶 Lemon Gardenia Tea","has_allergens":true,"allergens":"乳製品","allergen_count":1,"county":"臺北市"}},{"type":"Feature","geometry":{"type":"Point","coordinates":[121.52285,25.027252]},"properties":{"company_name":"柏元國際餐飲有限公司","brand_name":"五桐號","product_name":"茶花烏龍奶茶 Camellia Oolong Creamer Tea","has_allergens":true,"allergens":"乳製品","allergen_count":1,"county":"臺北市"}},{"type":"Feature","geometry":{"type":"Point","coordinates":[121.52285,25.027252]},"properties":{"company_name":"柏元國際餐飲有限公司","brand_name":"五桐號","product_name":"五桐奶霜 Wootea with Cream","has_allergens":true,"allergens":"乳製品","allergen_count":1,"county":"臺北市"}},{"type":"Feature","geometry":{"type":"Point","coordinates":[121.418625,24.981016]},"properties":{"company_name":"丸芋堂國際餐飲股份有限公司","brand_name":"清原芋圓","product_name":"小芋圓熟成奶茶","has_allergens":true,"allergens":"乳製品","allergen_count":1,"county":"新北市"}},{"type":"Feature","geometry":{"type":"Point","coordinates":[121.418625,24.981016]},"properties":{"company_name":"丸芋堂國際餐飲股份有限公司","brand_name":"清原芋圓","product_name":"芋頭牛奶沙","has_allergens":true,"allergens":"乳製品","allergen_count":1,"county":"新北市"}},{"type":"Feature","geometry":{"type":"Point","coordinates":[121.418625,24.981016]},"properties":{"company_name":"丸芋堂國際餐飲股份有限公司","brand_name":"清原芋圓","product_name":"專屬招牌","has_allergens":true,"allergens":"乳製品","allergen_count":1,"county":"新北市"}},{"type":"Feature","geometry":{"type":"Point","coordinates":[121.418625,24.981016]},"properties":{"company_name":"丸芋堂國際餐飲股份有限公司","brand_name":"清原芋圓","product_name":"雙芋冰嫩仙草凍","has_allergens":false,"allergens":"","allergen_count":0,"county":"新北市"}},{"type":"Feature","geometry":{"type":"Point","coordinates":[121.418625,24.981016]},"properties":{"company_name":"丸芋堂國際餐飲股份有限公司","brand_name":"清原芋圓","product_name":"燒仙草奶茶","has_allergens":true,"allergens":"乳製品","allergen_count":1,"county":"新北市"}},{"type":"Feature","geometry":{"type":"Point","coordinates":[121.418625,24.981016]},"properties":{"company_name":"丸芋堂國際餐飲股份有限公司","brand_name":"清原芋圓","product_name":"芋頭鮮奶波波","has_allergens":false,"allergens":"","allergen_count":0,"county":"新北市"}},{"type":"Feature","geometry":{"type":"Point","coordinates":[121.418625,24.981016]},"properties":{"company_name":"丸芋堂國際餐飲股份有限公司","brand_name":"清原芋圓","product_name":"仙草甘蜜露","has_allergens":true,"allergens":"乳製品","allergen_count":1,"county":"新北市"}},{"type":"Feature","geometry":{"type":"Point","coordinates":[121.418625,24.981016]},"properties":{"company_name":"丸芋堂國際餐飲股份有限公司","brand_name":"清原芋圓","product_name":"紫米紅豆粥湯圓","has_allergens":false,"allergens":"","allergen_count":0,"county":"新北市"}},{"type":"Feature","geometry":{"type":"Point","coordinates":[121.418625,24.981016]},"properties":{"company_name":"丸芋堂國際餐飲股份有限公司","brand_name":"清原芋圓","product_name":"薑母茶","has_allergens":true,"allergens":"乳製品","allergen_count":1,"county":"新北市"}},{"type":"Feature","geometry":{"type":"Point","coordinates":[121.418625,24.981016]},"properties":{"company_name":"丸芋堂國際餐飲股份有限公司","brand_name":"清原芋圓","product_name":"芋見幸福","has_allergens":false,"allergens":"","allergen_count":0,"county":"新北市"}},{"type":"Feature","geometry":{"type":"Point","coordinates":[121.418625,24.981016]},"properties":{"company_name":"丸芋堂國際餐飲股份有限公司","brand_name":"清原芋圓","product_name":"熟成紅茶","has_allergens":true,"allergens":"乳製品","allergen_count":1,"county":"新北市"}},{"type":"Feature","geometry":{"type":"Point","coordinates":[121.418625,24.981016]},"properties":{"company_name":"丸芋堂國際餐飲股份有限公司","brand_name":"清原芋圓","product_name":"冬瓜青茶","has_allergens":true,"allergens":"乳製品,麩質穀物","allergen_count":2,"county":"新北市"}},{"type":"Feature","geometry":{"type":"Point","coordinates":[121.418625,24.981016]},"properties":{"company_name":"丸芋堂國際餐飲股份有限公司","brand_name":"清原芋圓","product_name":"薑母鮮奶","has_allergens":true,"allergens":"乳製品","allergen_count":1,"county":"新北市"}},{"type":"Feature","geometry":{"type":"Point","coordinates":[121.418625,24.981016]},"properties":{"company_name":"丸芋堂國際餐飲股份有限公司","brand_name":"清原芋圓","product_name":"芋頭紅豆牛奶冰","has_allergens":true,"allergens":"乳製品","allergen_count":1,"county":"新北市"}},{"type":"Feature","geometry":{"type":"Point","coordinates":[121.418625,24.981016]},"properties":{"company_name":"丸芋堂國際餐飲股份有限公司","brand_name":"清原芋圓","product_name":"薑汁湯圓豆花","has_allergens":true,"allergens":"乳製品,麩質穀物","allergen_count":2,"county":"新北市"}},{"type":"Feature","geometry":{"type":"Point","coordinates":[121.418625,24.981016]},"properties":{"company_name":"丸芋堂國際餐飲股份有限公司","brand_name":"清原芋圓","product_name":"黑金豆花沙","has_allergens":true,"allergens":"乳製品","allergen_count":1,"county":"新北市"}},{"type":"Feature","geometry":{"type":"Point","coordinates":[121.418625,24.981016]},"properties":{"company_name":"丸芋堂國際餐飲股份有限公司","brand_name":"清原芋圓","product_name":"鮮奶紅茶","has_allergens":true,"allergens":"乳製品","allergen_count":1,"county":"新北市"}},{"type":"Feature","geometry":{"type":"Point","coordinates":[121.418625,24.981016]},"properties":{"company_name":"丸芋堂國際餐飲股份有限公司","brand_name":"清原芋圓","product_name":"小芋圓燒奶","has_allergens":false,"allergens":"","allergen_count":0,"county":"新北市"}},{"type":"Feature","geometry":{"type":"Point","coordinates":[121.418625,24.981016]},"properties":{"company_name":"丸芋堂國際餐飲股份有限公司","brand_name":"清原芋圓","product_name":"專屬蔗糖","has_allergens":false,"allergens":"","allergen_count":0,"county":"新北市"}},{"type":"Feature","geometry":{"type":"Point","coordinates":[121.418625,24.981016]},"properties":{"company_name":"丸芋堂國際餐飲股份有限公司","brand_name":"清原芋圓","product_name":"芋見泥珍好","has_allergens":false,"allergens":"","allergen_count":0,"county":"新北市"}},{"type":"Feature","geometry":{"type":"Point","coordinates":[121.418625,24.981016]},"properties":{"company_name":"丸芋堂國際餐飲股份有限公司","brand_name":"清原芋圓","product_name":"芋見幸福熱戀中","has_allergens":false,"allergens":"","allergen_count":0,"county":"新北市"}},{"type":"Feature","geometry":{"type":"Point","coordinates":[121.418625,24.981016]},"properties":{"company_name":"丸芋堂國際餐飲股份有限公司","brand_name":"清原芋圓","product_name":"Q角紅豆飲","has_allergens":false,"allergens":"","allergen_count":0,"county":"新北市"}},{"type":"Feature","geometry":{"type":"Point","coordinates":[121.418625,24.981016]},"properties":{"company_name":"丸芋堂國際餐飲股份有限公司","brand_name":"清原芋圓","product_name":"濃芋珍珠純鮮奶","has_allergens":false,"allergens":"","allergen_count":0,"county":"新北市"}},{"type":"Feature","geometry":{"type":"Point","coordinates":[121.418625,24.981016]},"properties":{"company_name":"丸芋堂國際餐飲股份有限公司","brand_name":"清原芋圓","product_name":"熟成奶茶","has_allergens":false,"allergens":"","allergen_count":0,"county":"新北市"}},{"type":"Feature","geometry":{"type":"Point","coordinates":[121.418625,24.981016]},"properties":{"company_name":"丸芋堂國際餐飲股份有限公司","brand_name":"清原芋圓","product_name":"原味嫩仙草凍","has_allergens":false,"allergens":"","allergen_count":0,"county":"新北市"}},{"type":"Feature","geometry":{"type":"Point","coordinates":[121.418625,24.981016]},"properties":{"company_name":"丸芋堂國際餐飲股份有限公司","brand_name":"清原芋圓","product_name":"四季青茶","has_allergens":false,"allergens":"","allergen_count":0,"county":"新北市"}},{"type":"Feature","geometry":{"type":"Point","coordinates":[121.418625,24.981016]},"properties":{"company_name":"丸芋堂國際餐飲股份有限公司","brand_name":"清原芋圓","product_name":"半杯紅豆飲","has_allergens":false,"allergens":"","allergen_count":0,"county":"新北市"}},{"type":"Feature","geometry":{"type":"Point","coordinates":[121.418625,24.981016]},"properties":{"company_name":"丸芋堂國際餐飲股份有限公司","brand_name":"清原芋圓","product_name":"蔗糖2號","has_allergens":false,"allergens":"","allergen_count":0,"county":"新北市"}},{"type":"Feature","geometry":{"type":"Point","coordinates":[121.418625,24.981016]},"properties":{"company_name":"丸芋堂國際餐飲股份有限公司","brand_name":"清原芋圓","product_name":"芋頭沙西米露","has_allergens":false,"allergens":"","allergen_count":0,"county":"新北市"}},{"type":"Feature","geometry":{"type":"Point","coordinates":[121.418625,24.981016]},"properties":{"company_name":"丸芋堂國際餐飲股份有限公司","brand_name":"清原芋圓","product_name":"茉香綠茶","has_allergens":false,"allergens":"","allergen_count":0,"county":"新北市"}},{"type":"Feature","geometry":{"type":"Point","coordinates":[121.541565,24.98259]},"properties":{"company_name":"拾汣茶屋股份有限公司","brand_name":"拾汣茶屋","product_name":"覓蜜檸檬蘆薈","has_allergens":true,"allergens":"乳製品","allergen_count":1,"county":"新北市"}},{"type":"Feature","geometry":{"type":"Point","coordinates":[121.541565,24.98259]},"properties":{"company_name":"拾汣茶屋股份有限公司","brand_name":"拾汣茶屋","product_name":"黑糖蕎麥拿鐵","has_allergens":true,"allergens":"乳製品","allergen_count":1,"county":"新北市"}},{"type":"Feature","geometry":{"type":"Point","coordinates":[121.541565,24.98259]},"properties":{"company_name":"拾汣茶屋股份有限公司","brand_name":"拾汣茶屋","product_name":"抹茶蕎麥拿鐵","has_allergens":true,"allergens":"乳製品","allergen_count":1,"county":"新北市"}},{"type":"Feature","geometry":{"type":"Point","coordinates":[121.541565,24.98259]},"properties":{"company_name":"拾汣茶屋股份有限公司","brand_name":"拾汣茶屋","product_name":"養樂多綠茶","has_allergens":false,"allergens":"","allergen_count":0,"county":"新北市"}},{"type":"Feature","geometry":{"type":"Point","coordinates":[121.541565,24.98259]},"properties":{"company_name":"拾汣茶屋股份有限公司","brand_name":"拾汣茶屋","product_name":"本家厚奶綠","has_allergens":false,"allergens":"","allergen_count":0,"county":"新北市"}},{"type":"Feature","geometry":{"type":"Point","coordinates":[121.541565,24.98259]},"properties":{"company_name":"拾汣茶屋股份有限公司","brand_name":"拾汣茶屋","product_name":"靜岡抹茶厚奶","has_allergens":false,"allergens":"","allergen_count":0,"county":"新北市"}},{"type":"Feature","geometry":{"type":"Point","coordinates":[121.541565,24.98259]},"properties":{"company_name":"拾汣茶屋股份有限公司","brand_name":"拾汣茶屋","product_name":"金蜜珍珠鮮奶烏","has_allergens":true,"allergens":"乳製品","allergen_count":1,"county":"新北市"}},{"type":"Feature","geometry":{"type":"Point","coordinates":[121.541565,24.98259]},"properties":{"company_name":"拾汣茶屋股份有限公司","brand_name":"拾汣茶屋","product_name":"中焙生乳紅茶","has_allergens":true,"allergens":"乳製品","allergen_count":1,"county":"新北市"}},{"type":"Feature","geometry":{"type":"Point","coordinates":[121.541565,24.98259]},"properties":{"company_name":"拾汣茶屋股份有限公司","brand_name":"拾汣茶屋","product_name":"醇味鮮奶綠","has_allergens":false,"allergens":"","allergen_count":0,"county":"新北市"}},{"type":"Feature","geometry":{"type":"Point","coordinates":[121.541565,24.98259]},"properties":{"company_name":"拾汣茶屋股份有限公司","brand_name":"拾汣茶屋","product_name":"料老大奶茶","has_allergens":true,"allergens":"乳製品","allergen_count":1,"county":"新北市"}},{"type":"Feature","geometry":{"type":"Point","coordinates":[121.541565,24.98259]},"properties":{"company_name":"拾汣茶屋股份有限公司","brand_name":"拾汣茶屋","product_name":"靜岡一番抹茶","has_allergens":false,"allergens":"","allergen_count":0,"county":"新北市"}},{"type":"Feature","geometry":{"type":"Point","coordinates":[121.541565,24.98259]},"properties":{"company_name":"拾汣茶屋股份有限公司","brand_name":"拾汣茶屋","product_name":"醇味鮮奶烏","has_allergens":false,"allergens":"","allergen_count":0,"county":"新北市"}},{"type":"Feature","geometry":{"type":"Point","coordinates":[121.541565,24.98259]},"properties":{"company_name":"拾汣茶屋股份有限公司","brand_name":"拾汣茶屋","product_name":"清茶珍淑薈","has_allergens":true,"allergens":"乳製品","allergen_count":1,"county":"新北市"}},{"type":"Feature","geometry":{"type":"Point","coordinates":[121.541565,24.98259]},"properties":{"company_name":"拾汣茶屋股份有限公司","brand_name":"拾汣茶屋","product_name":"烏龍翠綠","has_allergens":true,"allergens":"乳製品","allergen_count":1,"county":"新北市"}},{"type":"Feature","geometry":{"type":"Point","coordinates":[121.541565,24.98259]},"properties":{"company_name":"拾汣茶屋股份有限公司","brand_name":"拾汣茶屋","product_name":"榛果起司奶蓋烏","has_allergens":true,"allergens":"乳製品","allergen_count":1,"county":"新北市"}},{"type":"Feature","geometry":{"type":"Point","coordinates":[121.541565,24.98259]},"properties":{"company_name":"拾汣茶屋股份有限公司","brand_name":"拾汣茶屋","product_name":"本家厚奶茶","has_allergens":false,"allergens":"","allergen_count":0,"county":"新北市"}},{"type":"Feature","geometry":{"type":"Point","coordinates":[121.541565,24.98259]},"properties":{"company_name":"拾汣茶屋股份有限公司","brand_name":"拾汣茶屋","product_name":"五告有料","has_allergens":false,"allergens":"","allergen_count":0,"county":"新北市"}},{"type":"Feature","geometry":{"type":"Point","coordinates":[121.541565,24.98259]},"properties":{"company_name":"拾汣茶屋股份有限公司","brand_name":"拾汣茶屋","product_name":"醇味鮮奶蕎麥","has_allergens":true,"allergens":"乳製品","allergen_count":1,"county":"新北市"}},{"type":"Feature","geometry":{"type":"Point","coordinates":[121.541565,24.98259]},"properties":{"company_name":"拾汣茶屋股份有限公司","brand_name":"拾汣茶屋","product_name":"焙煎蕎麥","has_allergens":true,"allergens":"乳製品","allergen_count":1,"county":"新北市"}},{"type":"Feature","geometry":{"type":"Point","coordinates":[121.541565,24.98259]},"properties":{"company_name":"拾汣茶屋股份有限公司","brand_name":"拾汣茶屋","product_name":"金蜜珍珠鮮奶蕎麥","has_allergens":true,"allergens":"乳製品","allergen_count":1,"county":"新北市"}},{"type":"Feature","geometry":{"type":"Point","coordinates":[121.541565,24.98259]},"properties":{"company_name":"拾汣茶屋股份有限公司","brand_name":"拾汣茶屋","product_name":"港式奶茶","has_allergens":true,"allergens":"乳製品","allergen_count":1,"county":"新北市"}},{"type":"Feature","geometry":{"type":"Point","coordinates":[121.541565,24.98259]},"properties":{"company_name":"拾汣茶屋股份有限公司","brand_name":"拾汣茶屋","product_name":"冬片青茶","has_allergens":true,"allergens":"乳製品","allergen_count":1,"county":"新北市"}},{"type":"Feature","geometry":{"type":"Point","coordinates":[121.541565,24.98259]},"properties":{"company_name":"拾汣茶屋股份有限公司","brand_name":"拾汣茶屋","product_name":"本家厚奶青","has_allergens":true,"allergens":"乳製品","allergen_count":1,"county":"新北市"}},{"type":"Feature","geometry":{"type":"Point","coordinates":[121.541565,24.98259]},"properties":{"company_name":"拾汣茶屋股份有限公司","brand_name":"拾汣茶屋","product_name":"抹茶蕨餅厚奶","has_allergens":false,"allergens":"","allergen_count":0,"county":"新北市"}},{"type":"Feature","geometry":{"type":"Point","coordinates":[121.541565,24.98259]},"properties":{"company_name":"拾汣茶屋股份有限公司","brand_name":"拾汣茶屋","product_name":"金蜜珍珠厚奶茶","has_allergens":true,"allergens":"乳製品","allergen_count":1,"county":"新北市"}},{"type":"Feature","geometry":{"type":"Point","coordinates":[121.541565,24.98259]},"properties":{"company_name":"拾汣茶屋股份有限公司","brand_name":"拾汣茶屋","product_name":"金蜜珍珠鮮奶綠","has_allergens":true,"allergens":"乳製品","allergen_count":1,"county":"新北市"}},{"type":"Feature","geometry":{"type":"Point","coordinates":[121.541565,24.98259]},"properties":{"company_name":"拾汣茶屋股份有限公司","brand_name":"拾汣茶屋","product_name":"焰香烏龍","has_allergens":true,"allergens":"乳製品","allergen_count":1,"county":"新北市"}},{"type":"Feature","geometry":{"type":"Point","coordinates":[121.541565,24.98259]},"properties":{"company_name":"拾汣茶屋股份有限公司","brand_name":"拾汣茶屋","product_name":"檸檬紅茶","has_allergens":false,"allergens":"","allergen_count":0,"county":"新北市"}},{"type":"Feature","geometry":{"type":"Point","coordinates":[121.541565,24.98259]},"properties":{"company_name":"拾汣茶屋股份有限公司","brand_name":"拾汣茶屋","product_name":"本家厚奶蕎麥","has_allergens":true,"allergens":"乳製品","allergen_count":1,"county":"新北市"}},{"type":"Feature","geometry":{"type":"Point","coordinates":[121.541565,24.98259]},"properties":{"company_name":"拾汣茶屋股份有限公司","brand_name":"拾汣茶屋","product_name":"甘蔗青茶","has_allergens":false,"allergens":"","allergen_count":0,"county":"新北市"}},{"type":"Feature","geometry":{"type":"Point","coordinates":[121.54318,25.02241]},"properties":{"company_name":"樂陶國際餐飲股份有限公司","brand_name":"鬍子茶","product_name":"三薰綠茶","has_allergens":false,"allergens":"","allergen_count":0,"county":"臺北市"}},{"type":"Feature","geometry":{"type":"Point","coordinates":[121.54318,25.02241]},"properties":{"company_name":"樂陶國際餐飲股份有限公司","brand_name":"鬍子茶","product_name":"黑鬍子紅茶拿提","has_allergens":true,"allergens":"蠶豆","allergen_count":1,"county":"臺北市"}},{"type":"Feature","geometry":{"type":"Point","coordinates":[121.54318,25.02241]},"properties":{"company_name":"樂陶國際餐飲股份有限公司","brand_name":"鬍子茶","product_name":"梔子花厚乳","has_allergens":true,"allergens":"蠶豆","allergen_count":1,"county":"臺北市"}},{"type":"Feature","geometry":{"type":"Point","coordinates":[121.54318,25.02241]},"properties":{"company_name":"樂陶國際餐飲股份有限公司","brand_name":"鬍子茶","product_name":"白鬍子鐵觀音","has_allergens":true,"allergens":"乳製品","allergen_count":1,"county":"臺北市"}},{"type":"Feature","geometry":{"type":"Point","coordinates":[121.54318,25.02241]},"properties":{"company_name":"樂陶國際餐飲股份有限公司","brand_name":"鬍子茶","product_name":"黑糖珍珠鮮奶","has_allergens":false,"allergens":"","allergen_count":0,"county":"臺北市"}},{"type":"Feature","geometry":{"type":"Point","coordinates":[121.54318,25.02241]},"properties":{"company_name":"樂陶國際餐飲股份有限公司","brand_name":"鬍子茶","product_name":"百香綠玉露凍","has_allergens":true,"allergens":"乳製品","allergen_count":1,"county":"臺北市"}},{"type":"Feature","geometry":{"type":"Point","coordinates":[121.54318,25.02241]},"properties":{"company_name":"樂陶國際餐飲股份有限公司","brand_name":"鬍子茶","product_name":"鐵觀音奶茶","has_allergens":true,"allergens":"乳製品","allergen_count":1,"county":"臺北市"}},{"type":"Feature","geometry":{"type":"Point","coordinates":[121.54318,25.02241]},"properties":{"company_name":"樂陶國際餐飲股份有限公司","brand_name":"鬍子茶","product_name":"黑鬍子厚奶","has_allergens":true,"allergens":"麩質穀物","allergen_count":1,"county":"臺北市"}},{"type":"Feature","geometry":{"type":"Point","coordinates":[121.54318,25.02241]},"properties":{"company_name":"樂陶國際餐飲股份有限公司","brand_name":"鬍子茶","product_name":"蕎麥烏龍","has_allergens":true,"allergens":"乳製品","allergen_count":1,"county":"臺北市"}},{"type":"Feature","geometry":{"type":"Point","coordinates":[121.54318,25.02241]},"properties":{"company_name":"樂陶國際餐飲股份有限公司","brand_name":"鬍子茶","product_name":"三薰綠奶茶","has_allergens":false,"allergens":"","allergen_count":0,"county":"臺北市"}},{"type":"Feature","geometry":{"type":"Point","coordinates":[121.54318,25.02241]},"properties":{"company_name":"樂陶國際餐飲股份有限公司","brand_name":"鬍子茶","product_name":"乾隆鐵觀音拿提","has_allergens":false,"allergens":"","allergen_count":0,"county":"臺北市"}},{"type":"Feature","geometry":{"type":"Point","coordinates":[121.54318,25.02241]},"properties":{"company_name":"樂陶國際餐飲股份有限公司","brand_name":"鬍子茶","product_name":"茶花沐烏龍拿提","has_allergens":true,"allergens":"蠶豆","allergen_count":1,"county":"臺北市"}},{"type":"Feature","geometry":{"type":"Point","coordinates":[121.54318,25.02241]},"properties":{"company_name":"樂陶國際餐飲股份有限公司","brand_name":"鬍子茶","product_name":"黑鬍子觀音拿提","has_allergens":true,"allergens":"乳製品","allergen_count":1,"county":"臺北市"}},{"type":"Feature","geometry":{"type":"Point","coordinates":[121.54318,25.02241]},"properties":{"company_name":"樂陶國際餐飲股份有限公司","brand_name":"鬍子茶","product_name":"冰淇淋雪霜紅茶","has_allergens":true,"allergens":"乳製品","allergen_count":1,"county":"臺北市"}},{"type":"Feature","geometry":{"type":"Point","coordinates":[121.54318,25.02241]},"properties":{"company_name":"樂陶國際餐飲股份有限公司","brand_name":"鬍子茶","product_name":"白鬍子綠茶","has_allergens":true,"allergens":"乳製品","allergen_count":1,"county":"臺北市"}},{"type":"Feature","geometry":{"type":"Point","coordinates":[121.54318,25.02241]},"properties":{"company_name":"樂陶國際餐飲股份有限公司","brand_name":"鬍子茶","product_name":"玉露凍奶茶","has_allergens":true,"allergens":"乳製品","allergen_count":1,"county":"臺北市"}},{"type":"Feature","geometry":{"type":"Point","coordinates":[121.54318,25.02241]},"properties":{"company_name":"樂陶國際餐飲股份有限公司","brand_name":"鬍子茶","product_name":"樂橙青檸","has_allergens":false,"allergens":"","allergen_count":0,"county":"臺北市"}},{"type":"Feature","geometry":{"type":"Point","coordinates":[121.54318,25.02241]},"properties":{"company_name":"樂陶國際餐飲股份有限公司","brand_name":"鬍子茶","product_name":"四果冰茶","has_allergens":false,"allergens":"","allergen_count":0,"county":"臺北市"}},{"type":"Feature","geometry":{"type":"Point","coordinates":[121.54318,25.02241]},"properties":{"company_name":"樂陶國際餐飲股份有限公司","brand_name":"鬍子茶","product_name":"黑鬍子紅茶","has_allergens":false,"allergens":"","allergen_count":0,"county":"臺北市"}},{"type":"Feature","geometry":{"type":"Point","coordinates":[121.54318,25.02241]},"properties":{"company_name":"樂陶國際餐飲股份有限公司","brand_name":"鬍子茶","product_name":"甘蔗青茶","has_allergens":true,"allergens":"乳製品","allergen_count":1,"county":"臺北市"}},{"type":"Feature","geometry":{"type":"Point","coordinates":[121.54318,25.02241]},"properties":{"company_name":"樂陶國際餐飲股份有限公司","brand_name":"鬍子茶","product_name":"白鬍子茶花沐烏龍","has_allergens":false,"allergens":"","allergen_count":0,"county":"臺北市"}},{"type":"Feature","geometry":{"type":"Point","coordinates":[121.54318,25.02241]},"properties":{"company_name":"樂陶國際餐飲股份有限公司","brand_name":"鬍子茶","product_name":"杉3檸檬烏龍","has_allergens":false,"allergens":"","allergen_count":0,"county":"臺北市"}},{"type":"Feature","geometry":{"type":"Point","coordinates":[121.54318,25.02241]},"properties":{"company_name":"樂陶國際餐飲股份有限公司","brand_name":"鬍子茶","product_name":"蜜桃茶花沐烏龍","has_allergens":true,"allergens":"乳製品","allergen_count":1,"county":"臺北市"}},{"type":"Feature","geometry":{"type":"Point","coordinates":[121.54318,25.02241]},"properties":{"company_name":"樂陶國際餐飲股份有限公司","brand_name":"鬍子茶","product_name":"乾隆鐵觀音","has_allergens":false,"allergens":"","allergen_count":0,"county":"臺北市"}},{"type":"Feature","geometry":{"type":"Point","coordinates":[121.54318,25.02241]},"properties":{"company_name":"樂陶國際餐飲股份有限公司","brand_name":"鬍子茶","product_name":"金旺來百香","has_allergens":true,"allergens":"麩質穀物","allergen_count":1,"county":"臺北市"}},{"type":"Feature","geometry":{"type":"Point","coordinates":[121.54318,25.02241]},"properties":{"company_name":"樂陶國際餐飲股份有限公司","brand_name":"鬍子茶","product_name":"極．蕎麥拿提","has_allergens":false,"allergens":"","allergen_count":0,"county":"臺北市"}},{"type":"Feature","geometry":{"type":"Point","coordinates":[121.54318,25.02241]},"properties":{"company_name":"樂陶國際餐飲股份有限公司","brand_name":"鬍子茶","product_name":"檸檬梔子花蜜凍","has_allergens":false,"allergens":"","allergen_count":0,"county":"臺北市"}},{"type":"Feature","geometry":{"type":"Point","coordinates":[121.54318,25.02241]},"properties":{"company_name":"樂陶國際餐飲股份有限公司","brand_name":"鬍子茶","product_name":"極．蕎麥茶","has_allergens":false,"allergens":"","allergen_count":0,"county":"臺北市"}},{"type":"Feature","geometry":{"type":"Point","coordinates":[121.54318,25.02241]},"properties":{"company_name":"樂陶國際餐飲股份有限公司","brand_name":"鬍子茶","product_name":"杉3烏龍","has_allergens":false,"allergens":"","allergen_count":0,"county":"臺北市"}},{"type":"Feature","geometry":{"type":"Point","coordinates":[121.54318,25.02241]},"properties":{"company_name":"樂陶國際餐飲股份有限公司","brand_name":"鬍子茶","product_name":"梔子花拿提","has_allergens":true,"allergens":"乳製品","allergen_count":1,"county":"臺北市"}},{"type":"Feature","geometry":{"type":"Point","coordinates":[121.53492,25.05313]},"properties":{"company_name":"有飲創意飲品有限公司","brand_name":"有飲","product_name":"波霸咕拎","has_allergens":false,"allergens":"","allergen_count":0,"county":"臺北市"}},{"type":"Feature","geometry":{"type":"Point","coordinates":[121.53492,25.05313]},"properties":{"company_name":"有飲創意飲品有限公司","brand_name":"有飲","product_name":"蜜香檸檬四季春","has_allergens":false,"allergens":"","allergen_count":0,"county":"臺北市"}},{"type":"Feature","geometry":{"type":"Point","coordinates":[121.53492,25.05313]},"properties":{"company_name":"有飲創意飲品有限公司","brand_name":"有飲","product_name":"炭焙鐵觀音","has_allergens":true,"allergens":"乳製品","allergen_count":1,"county":"臺北市"}},{"type":"Feature","geometry":{"type":"Point","coordinates":[121.53492,25.05313]},"properties":{"company_name":"有飲創意飲品有限公司","brand_name":"有飲","product_name":"粉紅泡泡草莓優優","has_allergens":false,"allergens":"","allergen_count":0,"county":"臺北市"}},{"type":"Feature","geometry":{"type":"Point","coordinates":[121.53492,25.05313]},"properties":{"company_name":"有飲創意飲品有限公司","brand_name":"有飲","product_name":"純真無邪原味優優","has_allergens":true,"allergens":"麩質穀物","allergen_count":1,"county":"臺北市"}},{"type":"Feature","geometry":{"type":"Point","coordinates":[121.53492,25.05313]},"properties":{"company_name":"有飲創意飲品有限公司","brand_name":"有飲","product_name":"黑糖珍珠鮮奶茶","has_allergens":false,"allergens":"","allergen_count":0,"county":"臺北市"}},{"type":"Feature","geometry":{"type":"Point","coordinates":[121.53492,25.05313]},"properties":{"company_name":"有飲創意飲品有限公司","brand_name":"有飲","product_name":"咔滋咔滋椪糖優優","has_allergens":false,"allergens":"","allergen_count":0,"county":"臺北市"}},{"type":"Feature","geometry":{"type":"Point","coordinates":[121.53492,25.05313]},"properties":{"company_name":"有飲創意飲品有限公司","brand_name":"有飲","product_name":"古早味憨厚紅茶","has_allergens":false,"allergens":"","allergen_count":0,"county":"臺北市"}},{"type":"Feature","geometry":{"type":"Point","coordinates":[121.53492,25.05313]},"properties":{"company_name":"有飲創意飲品有限公司","brand_name":"有飲","product_name":"椪糖粿紅茶拿鐵","has_allergens":false,"allergens":"","allergen_count":0,"county":"臺北市"}},{"type":"Feature","geometry":{"type":"Point","coordinates":[121.53492,25.05313]},"properties":{"company_name":"有飲創意飲品有限公司","brand_name":"有飲","product_name":"焙香穀物拿鐵","has_allergens":false,"allergens":"","allergen_count":0,"county":"臺北市"}},{"type":"Feature","geometry":{"type":"Point","coordinates":[121.53492,25.05313]},"properties":{"company_name":"有飲創意飲品有限公司","brand_name":"有飲","product_name":"重焙鐵觀音奶茶","has_allergens":true,"allergens":"乳製品","allergen_count":1,"county":"臺北市"}},{"type":"Feature","geometry":{"type":"Point","coordinates":[121.53492,25.05313]},"properties":{"company_name":"有飲創意飲品有限公司","brand_name":"有飲","product_name":"臉紅紅蘋果優優","has_allergens":false,"allergens":"","allergen_count":0,"county":"臺北市"}},{"type":"Feature","geometry":{"type":"Point","coordinates":[121.53492,25.05313]},"properties":{"company_name":"有飲創意飲品有限公司","brand_name":"有飲","product_name":"旺旺來鐵觀音","has_allergens":true,"allergens":"乳製品","allergen_count":1,"county":"臺北市"}},{"type":"Feature","geometry":{"type":"Point","coordinates":[121.53492,25.05313]},"properties":{"company_name":"有飲創意飲品有限公司","brand_name":"有飲","product_name":"宇治濃抹茶拿鐵","has_allergens":true,"allergens":"乳製品","allergen_count":1,"county":"臺北市"}},{"type":"Feature","geometry":{"type":"Point","coordinates":[121.53492,25.05313]},"properties":{"company_name":"有飲創意飲品有限公司","brand_name":"有飲","product_name":"酸甘甜百香果優優","has_allergens":true,"allergens":"乳製品","allergen_count":1,"county":"臺北市"}},{"type":"Feature","geometry":{"type":"Point","coordinates":[121.53492,25.05313]},"properties":{"company_name":"有飲創意飲品有限公司","brand_name":"有飲","product_name":"玫瑰鹽奶霜綠茶","has_allergens":false,"allergens":"","allergen_count":0,"county":"臺北市"}},{"type":"Feature","geometry":{"type":"Point","coordinates":[121.53492,25.05313]},"properties":{"company_name":"有飲創意飲品有限公司","brand_name":"有飲","product_name":"青青小樹蘋果綠","has_allergens":false,"allergens":"","allergen_count":0,"county":"臺北市"}},{"type":"Feature","geometry":{"type":"Point","coordinates":[121.53492,25.05313]},"properties":{"company_name":"有飲創意飲品有限公司","brand_name":"有飲","product_name":"椪糖奶霜紅茶","has_allergens":false,"allergens":"","allergen_count":0,"county":"臺北市"}},{"type":"Feature","geometry":{"type":"Point","coordinates":[121.53492,25.05313]},"properties":{"company_name":"有飲創意飲品有限公司","brand_name":"有飲","product_name":"椪糖奶霜綠茶","has_allergens":true,"allergens":"乳製品","allergen_count":1,"county":"臺北市"}},{"type":"Feature","geometry":{"type":"Point","coordinates":[121.53492,25.05313]},"properties":{"company_name":"有飲創意飲品有限公司","brand_name":"有飲","product_name":"焙香黃金穀物茶","has_allergens":true,"allergens":"乳製品","allergen_count":1,"county":"臺北市"}},{"type":"Feature","geometry":{"type":"Point","coordinates":[121.53492,25.05313]},"properties":{"company_name":"有飲創意飲品有限公司","brand_name":"有飲","product_name":"古早味憨厚奶茶","has_allergens":true,"allergens":"乳製品","allergen_count":1,"county":"臺北市"}},{"type":"Feature","geometry":{"type":"Point","coordinates":[121.53492,25.05313]},"properties":{"company_name":"有飲創意飲品有限公司","brand_name":"有飲","product_name":"醇濃可可拿鐵","has_allergens":false,"allergens":"","allergen_count":0,"county":"臺北市"}},{"type":"Feature","geometry":{"type":"Point","coordinates":[121.53492,25.05313]},"properties":{"company_name":"有飲創意飲品有限公司","brand_name":"有飲","product_name":"玫瑰鹽奶霜四季春","has_allergens":true,"allergens":"乳製品","allergen_count":1,"county":"臺北市"}},{"type":"Feature","geometry":{"type":"Point","coordinates":[121.53492,25.05313]},"properties":{"company_name":"有飲創意飲品有限公司","brand_name":"有飲","product_name":"珍珠奶茶爆擊","has_allergens":false,"allergens":"","allergen_count":0,"county":"臺北市"}},{"type":"Feature","geometry":{"type":"Point","coordinates":[121.53492,25.05313]},"properties":{"company_name":"有飲創意飲品有限公司","brand_name":"有飲","product_name":"炎炎夏日水果茶","has_allergens":true,"allergens":"乳製品","allergen_count":1,"county":"臺北市"}},{"type":"Feature","geometry":{"type":"Point","coordinates":[121.53492,25.05313]},"properties":{"company_name":"有飲創意飲品有限公司","brand_name":"有飲","product_name":"焦香椪糖四季春","has_allergens":true,"allergens":"乳製品","allergen_count":1,"county":"臺北市"}},{"type":"Feature","geometry":{"type":"Point","coordinates":[121.53492,25.05313]},"properties":{"company_name":"有飲創意飲品有限公司","brand_name":"有飲","product_name":"焦香椪糖紅茶","has_allergens":true,"allergens":"乳製品","allergen_count":1,"county":"臺北市"}},{"type":"Feature","geometry":{"type":"Point","coordinates":[121.53492,25.05313]},"properties":{"company_name":"有飲創意飲品有限公司","brand_name":"有飲","product_name":"憨厚紅茶拿鐵","has_allergens":true,"allergens":"乳製品","allergen_count":1,"county":"臺北市"}},{"type":"Feature","geometry":{"type":"Point","coordinates":[121.53492,25.05313]},"properties":{"company_name":"有飲創意飲品有限公司","brand_name":"有飲","product_name":"蜂蜜檸檬啵啵","has_allergens":true,"allergens":"乳製品","allergen_count":1,"county":"臺北市"}},{"type":"Feature","geometry":{"type":"Point","coordinates":[121.53492,25.05313]},"properties":{"company_name":"有飲創意飲品有限公司","brand_name":"有飲","product_name":"柳橙養樂多啵啵","has_allergens":false,"allergens":"","allergen_count":0,"county":"臺北市"}},{"type":"Feature","geometry":{"type":"Point","coordinates":[121.53392,25.013752]},"properties":{"company_name":"夆心實業有限公司","brand_name":"十盛","product_name":"冬焙蕎麥","has_allergens":false,"allergens":"","allergen_count":0,"county":"臺北市"}},{"type":"Feature","geometry":{"type":"Point","coordinates":[121.53392,25.013752]},"properties":{"company_name":"夆心實業有限公司","brand_name":"十盛","product_name":"鳳梨蕎麥冰茶","has_allergens":false,"allergens":"","allergen_count":0,"county":"臺北市"}},{"type":"Feature","geometry":{"type":"Point","coordinates":[121.53392,25.013752]},"properties":{"company_name":"夆心實業有限公司","brand_name":"十盛","product_name":"雪映蕎麥","has_allergens":false,"allergens":"","allergen_count":0,"county":"臺北市"}},{"type":"Feature","geometry":{"type":"Point","coordinates":[121.53392,25.013752]},"properties":{"company_name":"夆心實業有限公司","brand_name":"十盛","product_name":"荔枝蕎麥冰茶","has_allergens":true,"allergens":"乳製品","allergen_count":1,"county":"臺北市"}},{"type":"Feature","geometry":{"type":"Point","coordinates":[121.53392,25.013752]},"properties":{"company_name":"夆心實業有限公司","brand_name":"十盛","product_name":"百香蕎麥冬露","has_allergens":false,"allergens":"","allergen_count":0,"county":"臺北市"}},{"type":"Feature","geometry":{"type":"Point","coordinates":[121.53392,25.013752]},"properties":{"company_name":"夆心實業有限公司","brand_name":"十盛","product_name":"十盛蕎麥脆奶霜","has_allergens":true,"allergens":"乳製品","allergen_count":1,"county":"臺北市"}},{"type":"Feature","geometry":{"type":"Point","coordinates":[121.53392,25.013752]},"properties":{"company_name":"夆心實業有限公司","brand_name":"十盛","product_name":"琥珀紅玉脆奶霜","has_allergens":false,"allergens":"","allergen_count":0,"county":"臺北市"}},{"type":"Feature","geometry":{"type":"Point","coordinates":[121.53392,25.013752]},"properties":{"company_name":"夆心實業有限公司","brand_name":"十盛","product_name":"雪映紅玉","has_allergens":true,"allergens":"乳製品","allergen_count":1,"county":"臺北市"}},{"type":"Feature","geometry":{"type":"Point","coordinates":[121.53392,25.013752]},"properties":{"company_name":"夆心實業有限公司","brand_name":"十盛","product_name":"琥珀紅玉","has_allergens":true,"allergens":"乳製品","allergen_count":1,"county":"臺北市"}},{"type":"Feature","geometry":{"type":"Point","coordinates":[121.53392,25.013752]},"properties":{"company_name":"夆心實業有限公司","brand_name":"十盛","product_name":"馥桂紅柚冰茶","has_allergens":false,"allergens":"","allergen_count":0,"county":"臺北市"}},{"type":"Feature","geometry":{"type":"Point","coordinates":[121.53392,25.013752]},"properties":{"company_name":"夆心實業有限公司","brand_name":"十盛","product_name":"伯爵康提","has_allergens":false,"allergens":"","allergen_count":0,"county":"臺北市"}},{"type":"Feature","geometry":{"type":"Point","coordinates":[121.53392,25.013752]},"properties":{"company_name":"夆心實業有限公司","brand_name":"十盛","product_name":"極濃鍋煮","has_allergens":false,"allergens":"","allergen_count":0,"county":"臺北市"}},{"type":"Feature","geometry":{"type":"Point","coordinates":[121.53392,25.013752]},"properties":{"company_name":"夆心實業有限公司","brand_name":"十盛","product_name":"玉露香片","has_allergens":false,"allergens":"","allergen_count":0,"county":"臺北市"}},{"type":"Feature","geometry":{"type":"Point","coordinates":[121.53392,25.013752]},"properties":{"company_name":"夆心實業有限公司","brand_name":"十盛","product_name":"濃煮米麻糬","has_allergens":true,"allergens":"乳製品","allergen_count":1,"county":"臺北市"}},{"type":"Feature","geometry":{"type":"Point","coordinates":[121.53392,25.013752]},"properties":{"company_name":"夆心實業有限公司","brand_name":"十盛","product_name":"焙茶米麻糬","has_allergens":true,"allergens":"乳製品","allergen_count":1,"county":"臺北市"}},{"type":"Feature","geometry":{"type":"Point","coordinates":[121.53392,25.013752]},"properties":{"company_name":"夆心實業有限公司","brand_name":"十盛","product_name":"抹茶米麻糬","has_allergens":false,"allergens":"","allergen_count":0,"county":"臺北市"}},{"type":"Feature","geometry":{"type":"Point","coordinates":[121.53392,25.013752]},"properties":{"company_name":"夆心實業有限公司","brand_name":"十盛","product_name":"雪映茶花","has_allergens":true,"allergens":"乳製品","allergen_count":1,"county":"臺北市"}},{"type":"Feature","geometry":{"type":"Point","coordinates":[121.53392,25.013752]},"properties":{"company_name":"夆心實業有限公司","brand_name":"十盛","product_name":"馥鐵觀音","has_allergens":false,"allergens":"","allergen_count":0,"county":"臺北市"}},{"type":"Feature","geometry":{"type":"Point","coordinates":[121.53392,25.013752]},"properties":{"company_name":"夆心實業有限公司","brand_name":"十盛","product_name":"馥桂奶烏","has_allergens":false,"allergens":"","allergen_count":0,"county":"臺北市"}},{"type":"Feature","geometry":{"type":"Point","coordinates":[121.53392,25.013752]},"properties":{"company_name":"夆心實業有限公司","brand_name":"十盛","product_name":"抹茶玉露脆奶霜","has_allergens":false,"allergens":"","allergen_count":0,"county":"臺北市"}},{"type":"Feature","geometry":{"type":"Point","coordinates":[121.53392,25.013752]},"properties":{"company_name":"夆心實業有限公司","brand_name":"十盛","product_name":"焙茶烏龍脆奶霜","has_allergens":false,"allergens":"","allergen_count":0,"county":"臺北市"}},{"type":"Feature","geometry":{"type":"Point","coordinates":[121.53392,25.013752]},"properties":{"company_name":"夆心實業有限公司","brand_name":"十盛","product_name":"茶花紅烏","has_allergens":true,"allergens":"花生","allergen_count":1,"county":"臺北市"}},{"type":"Feature","geometry":{"type":"Point","coordinates":[121.53392,25.013752]},"properties":{"company_name":"夆心實業有限公司","brand_name":"十盛","product_name":"茶花蜜桃冰茶","has_allergens":false,"allergens":"","allergen_count":0,"county":"臺北市"}},{"type":"Feature","geometry":{"type":"Point","coordinates":[121.53392,25.013752]},"properties":{"company_name":"夆心實業有限公司","brand_name":"十盛","product_name":"茶花烤糖脆奶霜","has_allergens":false,"allergens":"","allergen_count":0,"county":"臺北市"}},{"type":"Feature","geometry":{"type":"Point","coordinates":[121.53392,25.013752]},"properties":{"company_name":"夆心實業有限公司","brand_name":"十盛","product_name":"茶花奶烏","has_allergens":false,"allergens":"","allergen_count":0,"county":"臺北市"}},{"type":"Feature","geometry":{"type":"Point","coordinates":[121.53392,25.013752]},"properties":{"company_name":"夆心實業有限公司","brand_name":"十盛","product_name":"馥桂烏龍","has_allergens":false,"allergens":"","allergen_count":0,"county":"臺北市"}},{"type":"Feature","geometry":{"type":"Point","coordinates":[121.53392,25.013752]},"properties":{"company_name":"夆心實業有限公司","brand_name":"十盛","product_name":"十盛蕎麥","has_allergens":false,"allergens":"","allergen_count":0,"county":"臺北市"}},{"type":"Feature","geometry":{"type":"Point","coordinates":[121.549286,25.043364]},"properties":{"company_name":"台灣一風堂股份有限公司","brand_name":"一風堂","product_name":"白丸元味","has_allergens":false,"allergens":"","allergen_count":0,"county":"臺北市"}},{"type":"Feature","geometry":{"type":"Point","coordinates":[121.549286,25.043364]},"properties":{"company_name":"台灣一風堂股份有限公司","brand_name":"一風堂","product_name":"赤丸新味","has_allergens":false,"allergens":"","allergen_count":0,"county":"臺北市"}},{"type":"Feature","geometry":{"type":"Point","coordinates":[121.549286,25.043364]},"properties":{"company_name":"台灣一風堂股份有限公司","brand_name":"一風堂","product_name":"辣肉味噌麵","has_allergens":false,"allergens":"","allergen_count":0,"county":"臺北市"}},{"type":"Feature","geometry":{"type":"Point","coordinates":[121.549286,25.043364]},"properties":{"company_name":"台灣一風堂股份有限公司","brand_name":"一風堂","product_name":"大名家系","has_allergens":false,"allergens":"","allergen_count":0,"county":"臺北市"}},{"type":"Feature","geometry":{"type":"Point","coordinates":[121.60567,25.07405]},"properties":{"company_name":"博多開發有限公司","brand_name":"博多拉麵","product_name":"博多炸雞拉麵","has_allergens":false,"allergens":"","allergen_count":0,"county":"臺北市"}},{"type":"Feature","geometry":{"type":"Point","coordinates":[121.60567,25.07405]},"properties":{"company_name":"博多開發有限公司","brand_name":"博多拉麵","product_name":"博多叉燒拉麵","has_allergens":false,"allergens":"","allergen_count":0,"county":"臺北市"}},{"type":"Feature","geometry":{"type":"Point","coordinates":[121.60567,25.07405]},"properties":{"company_name":"博多開發有限公司","brand_name":"博多拉麵","product_name":"博多玉米海帶芽拉麵","has_allergens":false,"allergens":"","allergen_count":0,"county":"臺北市"}},{"type":"Feature","geometry":{"type":"Point","coordinates":[121.60567,25.07405]},"properties":{"company_name":"博多開發有限公司","brand_name":"博多拉麵","product_name":"博多肉排拉麵","has_allergens":false,"allergens":"","allergen_count":0,"county":"臺北市"}},{"type":"Feature","geometry":{"type":"Point","coordinates":[121.60567,25.07405]},"properties":{"company_name":"博多開發有限公司","brand_name":"博多拉麵","product_name":"咖哩玉米海帶芽拉麵","has_allergens":false,"allergens":"","allergen_count":0,"county":"臺北市"}},{"type":"Feature","geometry":{"type":"Point","coordinates":[121.60567,25.07405]},"properties":{"company_name":"博多開發有限公司","brand_name":"博多拉麵","product_name":"味噌叉燒拉麵","has_allergens":false,"allergens":"","allergen_count":0,"county":"臺北市"}},{"type":"Feature","geometry":{"type":"Point","coordinates":[121.60567,25.07405]},"properties":{"company_name":"博多開發有限公司","brand_name":"博多拉麵","product_name":"咖哩炸雞拉麵","has_allergens":false,"allergens":"","allergen_count":0,"county":"臺北市"}},{"type":"Feature","geometry":{"type":"Point","coordinates":[121.60567,25.07405]},"properties":{"company_name":"博多開發有限公司","brand_name":"博多拉麵","product_name":"咖哩叉燒拉麵","has_allergens":false,"allergens":"","allergen_count":0,"county":"臺北市"}},{"type":"Feature","geometry":{"type":"Point","coordinates":[121.60567,25.07405]},"properties":{"company_name":"博多開發有限公司","brand_name":"博多拉麵","product_name":"咖哩肉排拉麵","has_allergens":false,"allergens":"","allergen_count":0,"county":"臺北市"}},{"type":"Feature","geometry":{"type":"Point","coordinates":[121.506,25.038002]},"properties":{"company_name":"晶旺餐飲股份有限公司","brand_name":"花月嵐拉麵","product_name":"大蒜拳骨味噌拉麵","has_allergens":false,"allergens":"","allergen_count":0,"county":"臺北市"}},{"type":"Feature","geometry":{"type":"Point","coordinates":[121.506,25.038002]},"properties":{"company_name":"晶旺餐飲股份有限公司","brand_name":"花月嵐拉麵","product_name":"大蒜拳骨激辣味噌拉麵","has_allergens":false,"allergens":"","allergen_count":0,"county":"臺北市"}},{"type":"Feature","geometry":{"type":"Point","coordinates":[121.506,25.038002]},"properties":{"company_name":"晶旺餐飲股份有限公司","brand_name":"花月嵐拉麵","product_name":"大蒜拳骨味噌叉燒拉麵","has_allergens":false,"allergens":"","allergen_count":0,"county":"臺北市"}},{"type":"Feature","geometry":{"type":"Point","coordinates":[121.506,25.038002]},"properties":{"company_name":"晶旺餐飲股份有限公司","brand_name":"花月嵐拉麵","product_name":"大蒜拳骨激辣味噌叉燒拉麵","has_allergens":false,"allergens":"","allergen_count":0,"county":"臺北市"}},{"type":"Feature","geometry":{"type":"Point","coordinates":[121.506,25.038002]},"properties":{"company_name":"晶旺餐飲股份有限公司","brand_name":"花月嵐拉麵","product_name":"花月嵐兒童拉麵(味噌拉麵)","has_allergens":false,"allergens":"","allergen_count":0,"county":"臺北市"}},{"type":"Feature","geometry":{"type":"Point","coordinates":[121.506,25.038002]},"properties":{"company_name":"晶旺餐飲股份有限公司","brand_name":"花月嵐拉麵","product_name":"大蒜拳骨白濃拉麵","has_allergens":false,"allergens":"","allergen_count":0,"county":"臺北市"}},{"type":"Feature","geometry":{"type":"Point","coordinates":[121.506,25.038002]},"properties":{"company_name":"晶旺餐飲股份有限公司","brand_name":"花月嵐拉麵","product_name":"大蒜拳骨激辣白濃拉麵","has_allergens":false,"allergens":"","allergen_count":0,"county":"臺北市"}},{"type":"Feature","geometry":{"type":"Point","coordinates":[121.506,25.038002]},"properties":{"company_name":"晶旺餐飲股份有限公司","brand_name":"花月嵐拉麵","product_name":"大蒜拳骨白濃叉燒拉麵","has_allergens":false,"allergens":"","allergen_count":0,"county":"臺北市"}},{"type":"Feature","geometry":{"type":"Point","coordinates":[121.506,25.038002]},"properties":{"company_name":"晶旺餐飲股份有限公司","brand_name":"花月嵐拉麵","product_name":"大蒜拳骨激辣白濃叉燒拉麵","has_allergens":false,"allergens":"","allergen_count":0,"county":"臺北市"}},{"type":"Feature","geometry":{"type":"Point","coordinates":[121.506,25.038002]},"properties":{"company_name":"晶旺餐飲股份有限公司","brand_name":"花月嵐拉麵","product_name":"花月嵐兒童拉麵(白濃拉麵)","has_allergens":false,"allergens":"","allergen_count":0,"county":"臺北市"}},{"type":"Feature","geometry":{"type":"Point","coordinates":[121.506,25.038002]},"properties":{"company_name":"晶旺餐飲股份有限公司","brand_name":"花月嵐拉麵","product_name":"大蒜拳骨拉麵(原湯)","has_allergens":false,"allergens":"","allergen_count":0,"county":"臺北市"}},{"type":"Feature","geometry":{"type":"Point","coordinates":[121.506,25.038002]},"properties":{"company_name":"晶旺餐飲股份有限公司","brand_name":"花月嵐拉麵","product_name":"大蒜拳骨激辣拉麵","has_allergens":false,"allergens":"","allergen_count":0,"county":"臺北市"}},{"type":"Feature","geometry":{"type":"Point","coordinates":[121.506,25.038002]},"properties":{"company_name":"晶旺餐飲股份有限公司","brand_name":"花月嵐拉麵","product_name":"大蒜拳骨叉燒拉麵","has_allergens":false,"allergens":"","allergen_count":0,"county":"臺北市"}},{"type":"Feature","geometry":{"type":"Point","coordinates":[121.506,25.038002]},"properties":{"company_name":"晶旺餐飲股份有限公司","brand_name":"花月嵐拉麵","product_name":"大蒜拳骨激辣叉燒拉麵","has_allergens":false,"allergens":"","allergen_count":0,"county":"臺北市"}},{"type":"Feature","geometry":{"type":"Point","coordinates":[121.506,25.038002]},"properties":{"company_name":"晶旺餐飲股份有限公司","brand_name":"花月嵐拉麵","product_name":"花月嵐兒童拉麵(拳骨拉麵)","has_allergens":false,"allergens":"","allergen_count":0,"county":"臺北市"}},{"type":"Feature","geometry":{"type":"Point","coordinates":[121.506,25.038002]},"properties":{"company_name":"晶旺餐飲股份有限公司","brand_name":"花月嵐拉麵","product_name":"銀次郎魚豚骨拉麵(三代目)","has_allergens":false,"allergens":"","allergen_count":0,"county":"臺北市"}},{"type":"Feature","geometry":{"type":"Point","coordinates":[121.506,25.038002]},"properties":{"company_name":"晶旺餐飲股份有限公司","brand_name":"花月嵐拉麵","product_name":"藤崎家拉麵","has_allergens":false,"allergens":"","allergen_count":0,"county":"臺北市"}},{"type":"Feature","geometry":{"type":"Point","coordinates":[121.506,25.038002]},"properties":{"company_name":"晶旺餐飲股份有限公司","brand_name":"花月嵐拉麵","product_name":"黃金味噌拉麵","has_allergens":false,"allergens":"","allergen_count":0,"county":"臺北市"}},{"type":"Feature","geometry":{"type":"Point","coordinates":[121.51629,25.046175]},"properties":{"company_name":"台灣福代克思股份有限公司","brand_name":"屯京拉麵","product_name":"味噌豚骨拉麵","has_allergens":false,"allergens":"","allergen_count":0,"county":"臺北市"}},{"type":"Feature","geometry":{"type":"Point","coordinates":[121.51629,25.046175]},"properties":{"company_name":"台灣福代克思股份有限公司","brand_name":"屯京拉麵","product_name":"超值豪華味噌拉麵","has_allergens":false,"allergens":"","allergen_count":0,"county":"臺北市"}},{"type":"Feature","geometry":{"type":"Point","coordinates":[121.51629,25.046175]},"properties":{"company_name":"台灣福代克思股份有限公司","brand_name":"屯京拉麵","product_name":"奶油玉米味噌拉麵","has_allergens":false,"allergens":"","allergen_count":0,"county":"臺北市"}},{"type":"Feature","geometry":{"type":"Point","coordinates":[121.51629,25.046175]},"properties":{"company_name":"台灣福代克思股份有限公司","brand_name":"屯京拉麵","product_name":"東京豚骨拉麵","has_allergens":false,"allergens":"","allergen_count":0,"county":"臺北市"}},{"type":"Feature","geometry":{"type":"Point","coordinates":[121.51629,25.046175]},"properties":{"company_name":"台灣福代克思股份有限公司","brand_name":"屯京拉麵","product_name":"東京豚骨黃金蛋拉麵","has_allergens":false,"allergens":"","allergen_count":0,"county":"臺北市"}},{"type":"Feature","geometry":{"type":"Point","coordinates":[121.51629,25.046175]},"properties":{"company_name":"台灣福代克思股份有限公司","brand_name":"屯京拉麵","product_name":"東京豚骨叉燒拉麵","has_allergens":false,"allergens":"","allergen_count":0,"county":"臺北市"}},{"type":"Feature","geometry":{"type":"Point","coordinates":[121.51629,25.046175]},"properties":{"company_name":"台灣福代克思股份有限公司","brand_name":"屯京拉麵","product_name":"東京豚骨京蔥拉麵","has_allergens":false,"allergens":"","allergen_count":0,"county":"臺北市"}},{"type":"Feature","geometry":{"type":"Point","coordinates":[121.51629,25.046175]},"properties":{"company_name":"台灣福代克思股份有限公司","brand_name":"屯京拉麵","product_name":"麻辣豚骨京蔥拉麵","has_allergens":false,"allergens":"","allergen_count":0,"county":"臺北市"}},{"type":"Feature","geometry":{"type":"Point","coordinates":[121.51629,25.046175]},"properties":{"company_name":"台灣福代克思股份有限公司","brand_name":"屯京拉麵","product_name":"超值東京豚骨拉麵","has_allergens":false,"allergens":"","allergen_count":0,"county":"臺北市"}},{"type":"Feature","geometry":{"type":"Point","coordinates":[121.51695,25.046001]},"properties":{"company_name":"大品國際聯合餐飲股份有限公司","brand_name":"麵屋武藏","product_name":"雞白湯拉麵","has_allergens":false,"allergens":"","allergen_count":0,"county":"臺北市"}},{"type":"Feature","geometry":{"type":"Point","coordinates":[121.51695,25.046001]},"properties":{"company_name":"大品國際聯合餐飲股份有限公司","brand_name":"麵屋武藏","product_name":"味玉雞白湯拉麵","has_allergens":false,"allergens":"","allergen_count":0,"county":"臺北市"}},{"type":"Feature","geometry":{"type":"Point","coordinates":[121.51695,25.046001]},"properties":{"company_name":"大品國際聯合餐飲股份有限公司","brand_name":"麵屋武藏","product_name":"味玉叉燒雞白湯拉麵","has_allergens":false,"allergens":"","allergen_count":0,"county":"臺北市"}},{"type":"Feature","geometry":{"type":"Point","coordinates":[121.51695,25.046001]},"properties":{"company_name":"大品國際聯合餐飲股份有限公司","brand_name":"麵屋武藏","product_name":"味玉辛雞白湯拉麵","has_allergens":false,"allergens":"","allergen_count":0,"county":"臺北市"}},{"type":"Feature","geometry":{"type":"Point","coordinates":[121.51695,25.046001]},"properties":{"company_name":"大品國際聯合餐飲股份有限公司","brand_name":"麵屋武藏","product_name":"太刀拉麵","has_allergens":false,"allergens":"","allergen_count":0,"county":"臺北市"}},{"type":"Feature","geometry":{"type":"Point","coordinates":[121.51695,25.046001]},"properties":{"company_name":"大品國際聯合餐飲股份有限公司","brand_name":"麵屋武藏","product_name":"辛辣拉麵","has_allergens":false,"allergens":"","allergen_count":0,"county":"臺北市"}},{"type":"Feature","geometry":{"type":"Point","coordinates":[121.51695,25.046001]},"properties":{"company_name":"大品國際聯合餐飲股份有限公司","brand_name":"麵屋武藏","product_name":"味玉辛辣拉麵","has_allergens":false,"allergens":"","allergen_count":0,"county":"臺北市"}},{"type":"Feature","geometry":{"type":"Point","coordinates":[121.51695,25.046001]},"properties":{"company_name":"大品國際聯合餐飲股份有限公司","brand_name":"麵屋武藏","product_name":"神山拉麵","has_allergens":false,"allergens":"","allergen_count":0,"county":"臺北市"}},{"type":"Feature","geometry":{"type":"Point","coordinates":[121.51695,25.046001]},"properties":{"company_name":"大品國際聯合餐飲股份有限公司","brand_name":"麵屋武藏","product_name":"味玉神山拉麵","has_allergens":false,"allergens":"","allergen_count":0,"county":"臺北市"}},{"type":"Feature","geometry":{"type":"Point","coordinates":[121.51695,25.046001]},"properties":{"company_name":"大品國際聯合餐飲股份有限公司","brand_name":"麵屋武藏","product_name":"味玉叉燒神山拉麵","has_allergens":false,"allergens":"","allergen_count":0,"county":"臺北市"}},{"type":"Feature","geometry":{"type":"Point","coordinates":[121.51695,25.046001]},"properties":{"company_name":"大品國際聯合餐飲股份有限公司","brand_name":"麵屋武藏","product_name":"鹽味拉麵","has_allergens":false,"allergens":"","allergen_count":0,"county":"臺北市"}},{"type":"Feature","geometry":{"type":"Point","coordinates":[121.51695,25.046001]},"properties":{"company_name":"大品國際聯合餐飲股份有限公司","brand_name":"麵屋武藏","product_name":"味玉鹽味拉麵","has_allergens":false,"allergens":"","allergen_count":0,"county":"臺北市"}},{"type":"Feature","geometry":{"type":"Point","coordinates":[121.51695,25.046001]},"properties":{"company_name":"大品國際聯合餐飲股份有限公司","brand_name":"麵屋武藏","product_name":"武藏拉麵","has_allergens":false,"allergens":"","allergen_count":0,"county":"臺北市"}},{"type":"Feature","geometry":{"type":"Point","coordinates":[121.51695,25.046001]},"properties":{"company_name":"大品國際聯合餐飲股份有限公司","brand_name":"麵屋武藏","product_name":"味玉叉燒武藏拉麵","has_allergens":false,"allergens":"","allergen_count":0,"county":"臺北市"}},{"type":"Feature","geometry":{"type":"Point","coordinates":[121.51695,25.046001]},"properties":{"company_name":"大品國際聯合餐飲股份有限公司","brand_name":"麵屋武藏","product_name":"味玉武藏拉麵","has_allergens":true,"allergens":"乳製品,麩質穀物","allergen_count":2,"county":"臺北市"}},{"type":"Feature","geometry":{"type":"Point","coordinates":[121.51635,25.046164]},"properties":{"company_name":"綠洲餐飲管理顧問股份有限公司","brand_name":"太陽蕃茄拉麵","product_name":"太陽起司拉麵","has_allergens":false,"allergens":"","allergen_count":0,"county":"臺北市"}},{"type":"Feature","geometry":{"type":"Point","coordinates":[121.51635,25.046164]},"properties":{"company_name":"綠洲餐飲管理顧問股份有限公司","brand_name":"太陽蕃茄拉麵","product_name":"太陽滑蛋拉麵","has_allergens":true,"allergens":"麩質穀物","allergen_count":1,"county":"臺北市"}},{"type":"Feature","geometry":{"type":"Point","coordinates":[121.51635,25.046164]},"properties":{"company_name":"綠洲餐飲管理顧問股份有限公司","brand_name":"太陽蕃茄拉麵","product_name":"太陽鮮蔬拉麵","has_allergens":false,"allergens":"","allergen_count":0,"county":"臺北市"}},{"type":"Feature","geometry":{"type":"Point","coordinates":[121.51635,25.046164]},"properties":{"company_name":"綠洲餐飲管理顧問股份有限公司","brand_name":"太陽蕃茄拉麵","product_name":"太陽拉麵","has_allergens":true,"allergens":"乳製品","allergen_count":1,"county":"臺北市"}},{"type":"Feature","geometry":{"type":"Point","coordinates":[121.51635,25.046164]},"properties":{"company_name":"綠洲餐飲管理顧問股份有限公司","brand_name":"太陽蕃茄拉麵","product_name":"太陽酸辣拉麵","has_allergens":true,"allergens":"乳製品","allergen_count":1,"county":"臺北市"}},{"type":"Feature","geometry":{"type":"Point","coordinates":[121.51635,25.046164]},"properties":{"company_name":"綠洲餐飲管理顧問股份有限公司","brand_name":"太陽蕃茄拉麵","product_name":"雞骨白湯拉麵","has_allergens":false,"allergens":"","allergen_count":0,"county":"臺北市"}},{"type":"Feature","geometry":{"type":"Point","coordinates":[121.51635,25.046164]},"properties":{"company_name":"綠洲餐飲管理顧問股份有限公司","brand_name":"太陽蕃茄拉麵","product_name":"青醬起司拉麵","has_allergens":false,"allergens":"","allergen_count":0,"county":"臺北市"}},{"type":"Feature","geometry":{"type":"Point","coordinates":[121.51635,25.046164]},"properties":{"company_name":"綠洲餐飲管理顧問股份有限公司","brand_name":"太陽蕃茄拉麵","product_name":"青醬滑蛋拉麵","has_allergens":true,"allergens":"乳製品","allergen_count":1,"county":"臺北市"}},{"type":"Feature","geometry":{"type":"Point","coordinates":[121.51635,25.046164]},"properties":{"company_name":"綠洲餐飲管理顧問股份有限公司","brand_name":"太陽蕃茄拉麵","product_name":"青醬拉麵","has_allergens":true,"allergens":"乳製品","allergen_count":1,"county":"臺北市"}},{"type":"Feature","geometry":{"type":"Point","coordinates":[121.51635,25.046164]},"properties":{"company_name":"綠洲餐飲管理顧問股份有限公司","brand_name":"太陽蕃茄拉麵","product_name":"炙燒雞白湯拉麵","has_allergens":true,"allergens":"乳製品","allergen_count":1,"county":"臺北市"}},{"type":"Feature","geometry":{"type":"Point","coordinates":[121.51635,25.046164]},"properties":{"company_name":"綠洲餐飲管理顧問股份有限公司","brand_name":"太陽蕃茄拉麵","product_name":"雞骨白湯鮮蔬拉麵","has_allergens":true,"allergens":"乳製品","allergen_count":1,"county":"臺北市"}},{"type":"Feature","geometry":{"type":"Point","coordinates":[121.51635,25.046164]},"properties":{"company_name":"綠洲餐飲管理顧問股份有限公司","brand_name":"太陽蕃茄拉麵","product_name":"咖哩起司拉麵","has_allergens":false,"allergens":"","allergen_count":0,"county":"臺北市"}},{"type":"Feature","geometry":{"type":"Point","coordinates":[121.51635,25.046164]},"properties":{"company_name":"綠洲餐飲管理顧問股份有限公司","brand_name":"太陽蕃茄拉麵","product_name":"咖哩滑蛋拉麵","has_allergens":true,"allergens":"乳製品","allergen_count":1,"county":"臺北市"}},{"type":"Feature","geometry":{"type":"Point","coordinates":[121.51635,25.046164]},"properties":{"company_name":"綠洲餐飲管理顧問股份有限公司","brand_name":"太陽蕃茄拉麵","product_name":"咖哩拉麵","has_allergens":true,"allergens":"乳製品","allergen_count":1,"county":"臺北市"}},{"type":"Feature","geometry":{"type":"Point","coordinates":[121.51635,25.046164]},"properties":{"company_name":"綠洲餐飲管理顧問股份有限公司","brand_name":"太陽蕃茄拉麵","product_name":"咖哩鮮蔬拉麵","has_allergens":true,"allergens":"乳製品","allergen_count":1,"county":"臺北市"}},{"type":"Feature","geometry":{"type":"Point","coordinates":[121.51635,25.046164]},"properties":{"company_name":"綠洲餐飲管理顧問股份有限公司","brand_name":"太陽蕃茄拉麵","product_name":"太陽蛤唎拉麵","has_allergens":true,"allergens":"乳製品","allergen_count":1,"county":"臺北市"}},{"type":"Feature","geometry":{"type":"Point","coordinates":[121.51635,25.046164]},"properties":{"company_name":"綠洲餐飲管理顧問股份有限公司","brand_name":"太陽蕃茄拉麵","product_name":"青醬蛤唎拉麵","has_allergens":true,"allergens":"乳製品","allergen_count":1,"county":"臺北市"}},{"type":"Feature","geometry":{"type":"Point","coordinates":[121.51635,25.046164]},"properties":{"company_name":"綠洲餐飲管理顧問股份有限公司","brand_name":"太陽蕃茄拉麵","product_name":"素太陽滑蛋拉麵","has_allergens":true,"allergens":"乳製品","allergen_count":1,"county":"臺北市"}},{"type":"Feature","geometry":{"type":"Point","coordinates":[121.51635,25.046164]},"properties":{"company_name":"綠洲餐飲管理顧問股份有限公司","brand_name":"太陽蕃茄拉麵","product_name":"素咖哩滑蛋拉麵","has_allergens":true,"allergens":"乳製品","allergen_count":1,"county":"臺北市"}},{"type":"Feature","geometry":{"type":"Point","coordinates":[121.51635,25.046164]},"properties":{"company_name":"綠洲餐飲管理顧問股份有限公司","brand_name":"太陽蕃茄拉麵","product_name":"素太陽起司拉麵","has_allergens":true,"allergens":"乳製品","allergen_count":1,"county":"臺北市"}},{"type":"Feature","geometry":{"type":"Point","coordinates":[121.51635,25.046164]},"properties":{"company_name":"綠洲餐飲管理顧問股份有限公司","brand_name":"太陽蕃茄拉麵","product_name":"素太陽鮮蔬拉麵","has_allergens":true,"allergens":"乳製品","allergen_count":1,"county":"臺北市"}},{"type":"Feature","geometry":{"type":"Point","coordinates":[121.51635,25.046164]},"properties":{"company_name":"綠洲餐飲管理顧問股份有限公司","brand_name":"太陽蕃茄拉麵","product_name":"素咖哩起司拉麵","has_allergens":true,"allergens":"乳製品","allergen_count":1,"county":"臺北市"}},{"type":"Feature","geometry":{"type":"Point","coordinates":[121.51635,25.046164]},"properties":{"company_name":"綠洲餐飲管理顧問股份有限公司","brand_name":"太陽蕃茄拉麵","product_name":"素咖哩鮮蔬拉麵","has_allergens":true,"allergens":"乳製品","allergen_count":1,"county":"臺北市"}},{"type":"Feature","geometry":{"type":"Point","coordinates":[121.51407,25.044706]},"properties":{"company_name":"九湯國際有限公司","brand_name":"九湯屋日本拉麵","product_name":"東京醬油拉麵","has_allergens":false,"allergens":"","allergen_count":0,"county":"臺北市"}},{"type":"Feature","geometry":{"type":"Point","coordinates":[121.51407,25.044706]},"properties":{"company_name":"九湯國際有限公司","brand_name":"九湯屋日本拉麵","product_name":"九州白湯拉麵","has_allergens":true,"allergens":"乳製品","allergen_count":1,"county":"臺北市"}},{"type":"Feature","geometry":{"type":"Point","coordinates":[121.51407,25.044706]},"properties":{"company_name":"九湯國際有限公司","brand_name":"九湯屋日本拉麵","product_name":"札幌味噌拉麵","has_allergens":true,"allergens":"乳製品","allergen_count":1,"county":"臺北市"}},{"type":"Feature","geometry":{"type":"Point","coordinates":[121.51407,25.044706]},"properties":{"company_name":"九湯國際有限公司","brand_name":"九湯屋日本拉麵","product_name":"韓式泡菜拉麵","has_allergens":true,"allergens":"乳製品","allergen_count":1,"county":"臺北市"}},{"type":"Feature","geometry":{"type":"Point","coordinates":[121.51407,25.044706]},"properties":{"company_name":"九湯國際有限公司","brand_name":"九湯屋日本拉麵","product_name":"釜山紅湯拉麵","has_allergens":true,"allergens":"乳製品","allergen_count":1,"county":"臺北市"}},{"type":"Feature","geometry":{"type":"Point","coordinates":[121.51407,25.044706]},"properties":{"company_name":"九湯國際有限公司","brand_name":"九湯屋日本拉麵","product_name":"四川麻辣拉麵","has_allergens":false,"allergens":"","allergen_count":0,"county":"臺北市"}},{"type":"Feature","geometry":{"type":"Point","coordinates":[121.51407,25.044706]},"properties":{"company_name":"九湯國際有限公司","brand_name":"九湯屋日本拉麵","product_name":"東京煉獄拉麵","has_allergens":false,"allergens":"","allergen_count":0,"county":"臺北市"}},{"type":"Feature","geometry":{"type":"Point","coordinates":[121.51407,25.044706]},"properties":{"company_name":"九湯國際有限公司","brand_name":"九湯屋日本拉麵","product_name":"九州地獄拉麵","has_allergens":true,"allergens":"乳製品","allergen_count":1,"county":"臺北市"}},{"type":"Feature","geometry":{"type":"Point","coordinates":[121.51407,25.044706]},"properties":{"company_name":"九湯國際有限公司","brand_name":"九湯屋日本拉麵","product_name":"札幌魔獄拉麵","has_allergens":false,"allergens":"","allergen_count":0,"county":"臺北市"}},{"type":"Feature","geometry":{"type":"Point","coordinates":[121.51407,25.044706]},"properties":{"company_name":"九湯國際有限公司","brand_name":"九湯屋日本拉麵","product_name":"東京豚骨拉麵","has_allergens":true,"allergens":"乳製品","allergen_count":1,"county":"臺北市"}},{"type":"Feature","geometry":{"type":"Point","coordinates":[121.51617,25.044884]},"properties":{"company_name":"樂活速食坊股份有限公司","brand_name":"勝十蘭","product_name":"博多豚骨拉麵","has_allergens":true,"allergens":"乳製品,麩質穀物","allergen_count":2,"county":"臺北市"}},{"type":"Feature","geometry":{"type":"Point","coordinates":[121.51617,25.044884]},"properties":{"company_name":"樂活速食坊股份有限公司","brand_name":"勝十蘭","product_name":"九州地獄拉麵","has_allergens":true,"allergens":"乳製品,麩質穀物","allergen_count":2,"county":"臺北市"}},{"type":"Feature","geometry":{"type":"Point","coordinates":[121.51617,25.044884]},"properties":{"company_name":"樂活速食坊股份有限公司","brand_name":"勝十蘭","product_name":"札幌味噌拉麵","has_allergens":true,"allergens":"乳製品,麩質穀物","allergen_count":2,"county":"臺北市"}},{"type":"Feature","geometry":{"type":"Point","coordinates":[121.51617,25.044884]},"properties":{"company_name":"樂活速食坊股份有限公司","brand_name":"勝十蘭","product_name":"東京醬油拉麵","has_allergens":true,"allergens":"乳製品","allergen_count":1,"county":"臺北市"}},{"type":"Feature","geometry":{"type":"Point","coordinates":[121.51617,25.044884]},"properties":{"company_name":"樂活速食坊股份有限公司","brand_name":"勝十蘭","product_name":"熊本豚骨拉麵","has_allergens":false,"allergens":"","allergen_count":0,"county":"臺北市"}},{"type":"Feature","geometry":{"type":"Point","coordinates":[121.51617,25.044884]},"properties":{"company_name":"樂活速食坊股份有限公司","brand_name":"勝十蘭","product_name":"紅燒蕈菇拉麵","has_allergens":false,"allergens":"","allergen_count":0,"county":"臺北市"}},{"type":"Feature","geometry":{"type":"Point","coordinates":[121.51617,25.044884]},"properties":{"company_name":"樂活速食坊股份有限公司","brand_name":"勝十蘭","product_name":"藥膳蔬食拉麵","has_allergens":true,"allergens":"乳製品","allergen_count":1,"county":"臺北市"}},{"type":"Feature","geometry":{"type":"Point","coordinates":[121.50542,25.044807]},"properties":{"company_name":"太魯閣國際股份有限公司","brand_name":"樂麵屋","product_name":"叉燒派對豚骨拉麵","has_allergens":true,"allergens":"乳製品","allergen_count":1,"county":"臺北市"}},{"type":"Feature","geometry":{"type":"Point","coordinates":[121.50542,25.044807]},"properties":{"company_name":"太魯閣國際股份有限公司","brand_name":"樂麵屋","product_name":"辣辣豚骨拉麵","has_allergens":false,"allergens":"","allergen_count":0,"county":"臺北市"}},{"type":"Feature","geometry":{"type":"Point","coordinates":[121.50542,25.044807]},"properties":{"company_name":"太魯閣國際股份有限公司","brand_name":"樂麵屋","product_name":"蕃茄豚骨沾麵","has_allergens":true,"allergens":"乳製品","allergen_count":1,"county":"臺北市"}},{"type":"Feature","geometry":{"type":"Point","coordinates":[121.50542,25.044807]},"properties":{"company_name":"太魯閣國際股份有限公司","brand_name":"樂麵屋","product_name":"原味豚骨拉麵","has_allergens":true,"allergens":"乳製品","allergen_count":1,"county":"臺北市"}},{"type":"Feature","geometry":{"type":"Point","coordinates":[121.50542,25.044807]},"properties":{"company_name":"太魯閣國際股份有限公司","brand_name":"樂麵屋","product_name":"焦蔥豚骨拉麵","has_allergens":true,"allergens":"乳製品","allergen_count":1,"county":"臺北市"}},{"type":"Feature","geometry":{"type":"Point","coordinates":[121.50542,25.044807]},"properties":{"company_name":"太魯閣國際股份有限公司","brand_name":"樂麵屋","product_name":"醬油豚骨拉麵","has_allergens":true,"allergens":"乳製品","allergen_count":1,"county":"臺北市"}},{"type":"Feature","geometry":{"type":"Point","coordinates":[121.50542,25.044807]},"properties":{"company_name":"太魯閣國際股份有限公司","brand_name":"樂麵屋","product_name":"叉燒原味豚骨拉麵","has_allergens":true,"allergens":"乳製品","allergen_count":1,"county":"臺北市"}},{"type":"Feature","geometry":{"type":"Point","coordinates":[121.50542,25.044807]},"properties":{"company_name":"太魯閣國際股份有限公司","brand_name":"樂麵屋","product_name":"叉燒焦蔥豚骨拉麵","has_allergens":true,"allergens":"乳製品","allergen_count":1,"county":"臺北市"}},{"type":"Feature","geometry":{"type":"Point","coordinates":[121.50542,25.044807]},"properties":{"company_name":"太魯閣國際股份有限公司","brand_name":"樂麵屋","product_name":"蚌蚌豚骨拉麵","has_allergens":true,"allergens":"乳製品","allergen_count":1,"county":"臺北市"}},{"type":"Feature","geometry":{"type":"Point","coordinates":[121.50542,25.044807]},"properties":{"company_name":"太魯閣國際股份有限公司","brand_name":"樂麵屋","product_name":"叉燒蚌蚌豚骨拉麵","has_allergens":true,"allergens":"乳製品","allergen_count":1,"county":"臺北市"}},{"type":"Feature","geometry":{"type":"Point","coordinates":[121.50542,25.044807]},"properties":{"company_name":"太魯閣國際股份有限公司","brand_name":"樂麵屋","product_name":"叉燒二郎風蒜味拉麵","has_allergens":true,"allergens":"乳製品","allergen_count":1,"county":"臺北市"}},{"type":"Feature","geometry":{"type":"Point","coordinates":[121.50542,25.044807]},"properties":{"company_name":"太魯閣國際股份有限公司","brand_name":"樂麵屋","product_name":"二郎風蒜味拉麵","has_allergens":false,"allergens":"","allergen_count":0,"county":"臺北市"}},{"type":"Feature","geometry":{"type":"Point","coordinates":[121.50542,25.044807]},"properties":{"company_name":"太魯閣國際股份有限公司","brand_name":"樂麵屋","product_name":"叉燒辣辣豚骨拉麵","has_allergens":false,"allergens":"","allergen_count":0,"county":"臺北市"}},{"type":"Feature","geometry":{"type":"Point","coordinates":[121.50542,25.044807]},"properties":{"company_name":"太魯閣國際股份有限公司","brand_name":"樂麵屋","product_name":"叉燒醬油豚骨拉麵","has_allergens":true,"allergens":"乳製品","allergen_count":1,"county":"臺北市"}},{"type":"Feature","geometry":{"type":"Point","coordinates":[121.50542,25.044807]},"properties":{"company_name":"太魯閣國際股份有限公司","brand_name":"樂麵屋","product_name":"兒童套餐","has_allergens":true,"allergens":"乳製品","allergen_count":1,"county":"臺北市"}},{"type":"Feature","geometry":{"type":"Point","coordinates":[121.50542,25.044807]},"properties":{"company_name":"太魯閣國際股份有限公司","brand_name":"樂麵屋","product_name":"無敵兒童套餐","has_allergens":true,"allergens":"乳製品","allergen_count":1,"county":"臺北市"}},{"type":"Feature","geometry":{"type":"Point","coordinates":[121.50542,25.044807]},"properties":{"company_name":"太魯閣國際股份有限公司","brand_name":"樂麵屋","product_name":"軟骨焦蔥豚骨拉麵","has_allergens":false,"allergens":"","allergen_count":0,"county":"臺北市"}},{"type":"Feature","geometry":{"type":"Point","coordinates":[121.50542,25.044807]},"properties":{"company_name":"太魯閣國際股份有限公司","brand_name":"樂麵屋","product_name":"叉燒蕃茄豚骨沾麵","has_allergens":false,"allergens":"","allergen_count":0,"county":"臺北市"}},{"type":"Feature","geometry":{"type":"Point","coordinates":[121.53217,25.108942]},"properties":{"company_name":"芳旺潔食堂","brand_name":"男子漢拉麵食堂","product_name":"男子漢元祖叉燒拉麵","has_allergens":false,"allergens":"","allergen_count":0,"county":"臺北市"}},{"type":"Feature","geometry":{"type":"Point","coordinates":[121.53217,25.108942]},"properties":{"company_name":"芳旺潔食堂","brand_name":"男子漢拉麵食堂","product_name":"焦蒜黑武士叉燒拉麵","has_allergens":true,"allergens":"乳製品","allergen_count":1,"county":"臺北市"}},{"type":"Feature","geometry":{"type":"Point","coordinates":[121.53217,25.108942]},"properties":{"company_name":"芳旺潔食堂","brand_name":"男子漢拉麵食堂","product_name":"藤元味噌叉燒拉麵","has_allergens":true,"allergens":"乳製品","allergen_count":1,"county":"臺北市"}},{"type":"Feature","geometry":{"type":"Point","coordinates":[121.53217,25.108942]},"properties":{"company_name":"芳旺潔食堂","brand_name":"男子漢拉麵食堂","product_name":"東京醬油拉麵","has_allergens":false,"allergens":"","allergen_count":0,"county":"臺北市"}},{"type":"Feature","geometry":{"type":"Point","coordinates":[121.53217,25.108942]},"properties":{"company_name":"芳旺潔食堂","brand_name":"男子漢拉麵食堂","product_name":"札幌味噌拉麵","has_allergens":false,"allergens":"","allergen_count":0,"county":"臺北市"}},{"type":"Feature","geometry":{"type":"Point","coordinates":[121.53217,25.108942]},"properties":{"company_name":"芳旺潔食堂","brand_name":"男子漢拉麵食堂","product_name":"豚骨叉燒拉麵","has_allergens":false,"allergens":"","allergen_count":0,"county":"臺北市"}},{"type":"Feature","geometry":{"type":"Point","coordinates":[121.53217,25.108942]},"properties":{"company_name":"芳旺潔食堂","brand_name":"男子漢拉麵食堂","product_name":"豚骨醬油叉拉麵","has_allergens":false,"allergens":"","allergen_count":0,"county":"臺北市"}},{"type":"Feature","geometry":{"type":"Point","coordinates":[121.53217,25.108942]},"properties":{"company_name":"芳旺潔食堂","brand_name":"男子漢拉麵食堂","product_name":"蒜味豚骨叉燒拉麵","has_allergens":false,"allergens":"","allergen_count":0,"county":"臺北市"}},{"type":"Feature","geometry":{"type":"Point","coordinates":[121.53217,25.108942]},"properties":{"company_name":"芳旺潔食堂","brand_name":"男子漢拉麵食堂","product_name":"豚骨地獄叉燒拉麵","has_allergens":false,"allergens":"","allergen_count":0,"county":"臺北市"}},{"type":"Feature","geometry":{"type":"Point","coordinates":[121.55132,25.040718]},"properties":{"company_name":"焱焱國際有限公司","brand_name":"豚人拉麵","product_name":"徹濃豚骨","has_allergens":false,"allergens":"","allergen_count":0,"county":"臺北市"}},{"type":"Feature","geometry":{"type":"Point","coordinates":[121.55132,25.040718]},"properties":{"company_name":"焱焱國際有限公司","brand_name":"豚人拉麵","product_name":"清爽豚骨","has_allergens":false,"allergens":"","allergen_count":0,"county":"臺北市"}},{"type":"Feature","geometry":{"type":"Point","coordinates":[121.55132,25.040718]},"properties":{"company_name":"焱焱國際有限公司","brand_name":"豚人拉麵","product_name":"麻辣豚骨","has_allergens":false,"allergens":"","allergen_count":0,"county":"臺北市"}},{"type":"Feature","geometry":{"type":"Point","coordinates":[121.55132,25.040718]},"properties":{"company_name":"焱焱國際有限公司","brand_name":"豚人拉麵","product_name":"唐揚炸雞","has_allergens":false,"allergens":"","allergen_count":0,"county":"臺北市"}},{"type":"Feature","geometry":{"type":"Point","coordinates":[121.55132,25.040718]},"properties":{"company_name":"焱焱國際有限公司","brand_name":"豚人拉麵","product_name":"炒飯","has_allergens":false,"allergens":"","allergen_count":0,"county":"臺北市"}},{"type":"Feature","geometry":{"type":"Point","coordinates":[121.527504,25.093294]},"properties":{"company_name":"隱家有限公司","brand_name":"隱家拉麵","product_name":"豚骨醬油拉麵","has_allergens":false,"allergens":"","allergen_count":0,"county":"臺北市"}},{"type":"Feature","geometry":{"type":"Point","coordinates":[121.527504,25.093294]},"properties":{"company_name":"隱家有限公司","brand_name":"隱家拉麵","product_name":"辛豚骨拉麵","has_allergens":false,"allergens":"","allergen_count":0,"county":"臺北市"}},{"type":"Feature","geometry":{"type":"Point","coordinates":[121.527504,25.093294]},"properties":{"company_name":"隱家有限公司","brand_name":"隱家拉麵","product_name":"松露雞白湯拉麵","has_allergens":false,"allergens":"","allergen_count":0,"county":"臺北市"}},{"type":"Feature","geometry":{"type":"Point","coordinates":[121.527504,25.093294]},"properties":{"company_name":"隱家有限公司","brand_name":"隱家拉麵","product_name":"松露辛雞白湯拉麵","has_allergens":false,"allergens":"","allergen_count":0,"county":"臺北市"}},{"type":"Feature","geometry":{"type":"Point","coordinates":[121.527504,25.093294]},"properties":{"company_name":"隱家有限公司","brand_name":"隱家拉麵","product_name":"鴨白湯拉麵","has_allergens":false,"allergens":"","allergen_count":0,"county":"臺北市"}},{"type":"Feature","geometry":{"type":"Point","coordinates":[121.527504,25.093294]},"properties":{"company_name":"隱家有限公司","brand_name":"隱家拉麵","product_name":"黃金雞湯拉麵","has_allergens":false,"allergens":"","allergen_count":0,"county":"臺北市"}},{"type":"Feature","geometry":{"type":"Point","coordinates":[121.527504,25.093294]},"properties":{"company_name":"隱家有限公司","brand_name":"隱家拉麵","product_name":"濃厚海老沾麵","has_allergens":false,"allergens":"","allergen_count":0,"county":"臺北市"}},{"type":"Feature","geometry":{"type":"Point","coordinates":[121.527504,25.093294]},"properties":{"company_name":"隱家有限公司","brand_name":"隱家拉麵","product_name":"濃厚擔擔麵","has_allergens":false,"allergens":"","allergen_count":0,"county":"臺北市"}},{"type":"Feature","geometry":{"type":"Point","coordinates":[121.527504,25.093294]},"properties":{"company_name":"隱家有限公司","brand_name":"隱家拉麵","product_name":"牛骨白湯拉麵","has_allergens":false,"allergens":"","allergen_count":0,"county":"臺北市"}},{"type":"Feature","geometry":{"type":"Point","coordinates":[121.527504,25.093294]},"properties":{"company_name":"隱家有限公司","brand_name":"隱家拉麵","product_name":"柚香干貝拉麵","has_allergens":false,"allergens":"","allergen_count":0,"county":"臺北市"}},{"type":"Feature","geometry":{"type":"Point","coordinates":[121.527504,25.093294]},"properties":{"company_name":"隱家有限公司","brand_name":"隱家拉麵","product_name":"真鯛魚白湯拉麵","has_allergens":false,"allergens":"","allergen_count":0,"county":"臺北市"}},{"type":"Feature","geometry":{"type":"Point","coordinates":[121.527504,25.093294]},"properties":{"company_name":"隱家有限公司","brand_name":"隱家拉麵","product_name":"濃厚雞白擔擔麵","has_allergens":false,"allergens":"","allergen_count":0,"county":"臺北市"}},{"type":"Feature","geometry":{"type":"Point","coordinates":[121.527504,25.093294]},"properties":{"company_name":"隱家有限公司","brand_name":"隱家拉麵","product_name":"TKG飯","has_allergens":false,"allergens":"","allergen_count":0,"county":"臺北市"}},{"type":"Feature","geometry":{"type":"Point","coordinates":[121.5737,25.041197]},"properties":{"company_name":"遠百企業股份有限公司","brand_name":"愛買","product_name":"涼拌毛豆夾","has_allergens":false,"allergens":"","allergen_count":0,"county":"臺北市"}},{"type":"Feature","geometry":{"type":"Point","coordinates":[121.5737,25.041197]},"properties":{"company_name":"遠百企業股份有限公司","brand_name":"愛買","product_name":"涼拌豬耳絲","has_allergens":false,"allergens":"","allergen_count":0,"county":"臺北市"}},{"type":"Feature","geometry":{"type":"Point","coordinates":[121.5737,25.041197]},"properties":{"company_name":"遠百企業股份有限公司","brand_name":"愛買","product_name":"麻油粉肝","has_allergens":false,"allergens":"","allergen_count":0,"county":"臺北市"}},{"type":"Feature","geometry":{"type":"Point","coordinates":[121.5737,25.041197]},"properties":{"company_name":"遠百企業股份有限公司","brand_name":"愛買","product_name":"炸棒腿","has_allergens":false,"allergens":"","allergen_count":0,"county":"臺北市"}},{"type":"Feature","geometry":{"type":"Point","coordinates":[121.5737,25.041197]},"properties":{"company_name":"遠百企業股份有限公司","brand_name":"愛買","product_name":"炸雞排","has_allergens":false,"allergens":"","allergen_count":0,"county":"臺北市"}},{"type":"Feature","geometry":{"type":"Point","coordinates":[121.5737,25.041197]},"properties":{"company_name":"遠百企業股份有限公司","brand_name":"愛買","product_name":"士林大香腸","has_allergens":false,"allergens":"","allergen_count":0,"county":"臺北市"}},{"type":"Feature","geometry":{"type":"Point","coordinates":[121.55861,25.035273]},"properties":{"company_name":"三商家購股份有限公司","brand_name":"美廉社","product_name":"美廉茶葉蛋","has_allergens":false,"allergens":"","allergen_count":0,"county":"臺北市"}},{"type":"Feature","geometry":{"type":"Point","coordinates":[121.55861,25.035273]},"properties":{"company_name":"三商家購股份有限公司","brand_name":"美廉社","product_name":"地瓜","has_allergens":false,"allergens":"","allergen_count":0,"county":"臺北市"}},{"type":"Feature","geometry":{"type":"Point","coordinates":[121.595505,25.083569]},"properties":{"company_name":"統健實業股份有限公司","brand_name":"聖德科斯","product_name":"活力精力湯","has_allergens":false,"allergens":"","allergen_count":0,"county":"臺北市"}},{"type":"Feature","geometry":{"type":"Point","coordinates":[121.595505,25.083569]},"properties":{"company_name":"統健實業股份有限公司","brand_name":"聖德科斯","product_name":"藍莓果汁","has_allergens":false,"allergens":"","allergen_count":0,"county":"臺北市"}},{"type":"Feature","geometry":{"type":"Point","coordinates":[121.595505,25.083569]},"properties":{"company_name":"統健實業股份有限公司","brand_name":"聖德科斯","product_name":"綜合莓果汁","has_allergens":false,"allergens":"","allergen_count":0,"county":"臺北市"}},{"type":"Feature","geometry":{"type":"Point","coordinates":[121.595505,25.083569]},"properties":{"company_name":"統健實業股份有限公司","brand_name":"聖德科斯","product_name":"沐甄豆堅果豆奶","has_allergens":false,"allergens":"","allergen_count":0,"county":"臺北市"}},{"type":"Feature","geometry":{"type":"Point","coordinates":[121.595505,25.083569]},"properties":{"company_name":"統健實業股份有限公司","brand_name":"聖德科斯","product_name":"沐甄豆原味豆奶","has_allergens":false,"allergens":"","allergen_count":0,"county":"臺北市"}},{"type":"Feature","geometry":{"type":"Point","coordinates":[121.595505,25.083569]},"properties":{"company_name":"統健實業股份有限公司","brand_name":"聖德科斯","product_name":"五蔬果精力湯","has_allergens":false,"allergens":"","allergen_count":0,"county":"臺北市"}},{"type":"Feature","geometry":{"type":"Point","coordinates":[121.595505,25.083569]},"properties":{"company_name":"統健實業股份有限公司","brand_name":"聖德科斯","product_name":"鮮菓萃綠拿鐵","has_allergens":false,"allergens":"","allergen_count":0,"county":"臺北市"}},{"type":"Feature","geometry":{"type":"Point","coordinates":[121.595505,25.083569]},"properties":{"company_name":"統健實業股份有限公司","brand_name":"聖德科斯","product_name":"香蕉牛奶","has_allergens":false,"allergens":"","allergen_count":0,"county":"臺北市"}},{"type":"Feature","geometry":{"type":"Point","coordinates":[121.595505,25.083569]},"properties":{"company_name":"統健實業股份有限公司","brand_name":"聖德科斯","product_name":"余仁生茶葉蛋","has_allergens":false,"allergens":"","allergen_count":0,"county":"臺北市"}}]}