{
  "type": "FeatureCollection",
  "features": [
    {
      "type": "Feature",
      "properties": {
        "source_row_no": 1,
        "city": "臺北市",
        "normalized_city": "台北市",
        "district": "內湖區",
        "vendor_category_code": "6",
        "vendor_category": "物流業",
        "registration_item": "物流營業場所",
        "registration_no": "A-156701026-00002-7",
        "name": "得連物流股份有限公司",
        "address": "台北市內湖區潭美街583號2樓",
        "company_registration_name": "得連物流股份有限公司",
        "source_page": 1,
        "point_type": "業者點位",
        "location_method": "臺北市門牌位置數值資料",
        "source_count": 256,
        "geocoding_address": "臺北市內湖區潭美街583號",
        "lng": 121.60287651497129,
        "lat": 25.06129891943463,
        "osm_query": "臺北市內湖區潭美街",
        "osm_display_name": "潭美街, 蘆洲里, 內湖區, 五分, 臺北市, 11503, 臺灣",
        "taipei_house_key": "內湖區|潭美街|||583號"
      },
      "geometry": {
        "type": "Point",
        "coordinates": [
          121.60287651497129,
          25.06129891943463
        ]
      }
    },
    {
      "type": "Feature",
      "properties": {
        "source_row_no": 2,
        "city": "臺北市",
        "normalized_city": "台北市",
        "district": "松山區",
        "vendor_category_code": "6",
        "vendor_category": "物流業",
        "registration_item": "物流營業場所",
        "registration_no": "A-105415773-00001-1",
        "name": "總公司",
        "address": "台北市松山區寶清街99號1樓",
        "company_registration_name": "玉佳貨運有限公司",
        "source_page": 1,
        "point_type": "業者點位",
        "location_method": "臺北市門牌位置數值資料",
        "source_count": 256,
        "geocoding_address": "臺北市松山區寶清街99號",
        "lng": 121.5679741669165,
        "lat": 25.052808308505973,
        "osm_query": "臺北市松山區寶清街",
        "osm_display_name": "寶清街, 安平里, 松山區, 潭美, 臺北市, 105059, 臺灣",
        "taipei_house_key": "松山區|寶清街|||99號"
      },
      "geometry": {
        "type": "Point",
        "coordinates": [
          121.5679741669165,
          25.052808308505973
        ]
      }
    },
    {
      "type": "Feature",
      "properties": {
        "source_row_no": 3,
        "city": "臺北市",
        "normalized_city": "台北市",
        "district": "中山區",
        "vendor_category_code": "6",
        "vendor_category": "物流業",
        "registration_item": "物流營業場所",
        "registration_no": "A-101340766-00001-6",
        "name": "欣濱江商行",
        "address": "台北市中山區龍江路356巷82號",
        "company_registration_name": "欣濱江商行",
        "source_page": 1,
        "point_type": "業者點位",
        "location_method": "臺北市門牌位置數值資料",
        "source_count": 256,
        "geocoding_address": "臺北市中山區龍江路356巷82號",
        "lng": 121.53755580940326,
        "lat": 25.065935384142442,
        "osm_query": "臺北市中山區龍江路",
        "osm_display_name": "龍江路, 朱馥里, 中山區, 朱厝崙, 臺北市, 10478, 臺灣",
        "taipei_house_key": "中山區|龍江路|356巷||82號"
      },
      "geometry": {
        "type": "Point",
        "coordinates": [
          121.53755580940326,
          25.065935384142442
        ]
      }
    },
    {
      "type": "Feature",
      "properties": {
        "source_row_no": 4,
        "city": "臺北市",
        "normalized_city": "台北市",
        "district": "萬華區",
        "vendor_category_code": "6",
        "vendor_category": "物流業",
        "registration_item": "物流營業場所",
        "registration_no": "A-278959062-00001-6",
        "name": "台北第一果菜市場",
        "address": "台北市萬華區萬大路533號",
        "company_registration_name": "臻誠鮮菓行",
        "source_page": 1,
        "point_type": "業者點位",
        "location_method": "臺北市門牌位置數值資料",
        "source_count": 256,
        "geocoding_address": "臺北市萬華區萬大路533號",
        "lng": 121.49713199522044,
        "lat": 25.018499829728977,
        "osm_query": "臺北市萬華區萬大路",
        "osm_display_name": "萬大路, 新安里, 萬華區, 東園, 臺北市, 108032, 臺灣",
        "taipei_house_key": "萬華區|萬大路|||533號"
      },
      "geometry": {
        "type": "Point",
        "coordinates": [
          121.49713199522044,
          25.018499829728977
        ]
      }
    },
    {
      "type": "Feature",
      "properties": {
        "source_row_no": 5,
        "city": "臺北市",
        "normalized_city": "台北市",
        "district": "大安區",
        "vendor_category_code": "6",
        "vendor_category": "物流業",
        "registration_item": "物流營業場所",
        "registration_no": "A-175567610-00002-7",
        "name": "和平東路2段118巷6弄31號",
        "address": "台北市大安區和平東路2段118巷6弄31號",
        "company_registration_name": "英泰商行",
        "source_page": 1,
        "point_type": "業者點位",
        "location_method": "OpenStreetMap道路/地名定位",
        "source_count": 256,
        "geocoding_address": "臺北市大安區和平東路2段118巷6弄31號",
        "lng": 121.54117414778777,
        "lat": 25.024837964106712,
        "osm_query": "臺北市大安區和平東路2段",
        "osm_display_name": "和平東路二段, 龍淵里, 大安區, 六張犁, 臺北市, 10663, 臺灣"
      },
      "geometry": {
        "type": "Point",
        "coordinates": [
          121.54117414778777,
          25.024837964106712
        ]
      }
    },
    {
      "type": "Feature",
      "properties": {
        "source_row_no": 6,
        "city": "臺北市",
        "normalized_city": "台北市",
        "district": "中山區",
        "vendor_category_code": "6",
        "vendor_category": "物流業",
        "registration_item": "物流營業場所",
        "registration_no": "A-122870001-00001-9",
        "name": "式邦船務代理有限公司",
        "address": "台北市中山區南京東路3段217號11樓",
        "company_registration_name": "式邦船務代理股份有限公司",
        "source_page": 1,
        "point_type": "業者點位",
        "location_method": "OpenStreetMap道路/地名定位",
        "source_count": 256,
        "geocoding_address": "臺北市中山區南京東路3段217號",
        "lng": 121.5373180248878,
        "lat": 25.05208708664962,
        "osm_query": "臺北市中山區南京東路3段",
        "osm_display_name": "南京東路三段, 復華里, 中山區, 朱厝崙, 臺北市, 104103, 臺灣"
      },
      "geometry": {
        "type": "Point",
        "coordinates": [
          121.5373180248878,
          25.05208708664962
        ]
      }
    },
    {
      "type": "Feature",
      "properties": {
        "source_row_no": 7,
        "city": "臺北市",
        "normalized_city": "台北市",
        "district": "大安區",
        "vendor_category_code": "6",
        "vendor_category": "物流業",
        "registration_item": "物流營業場所",
        "registration_no": "A-175567610-00003-8",
        "name": "和平東路2段118巷6弄31號",
        "address": "台北市大安區和平東路2段118巷6弄31號",
        "company_registration_name": "英泰商行",
        "source_page": 1,
        "point_type": "業者點位",
        "location_method": "OpenStreetMap道路/地名定位",
        "source_count": 256,
        "geocoding_address": "臺北市大安區和平東路2段118巷6弄31號",
        "lng": 121.54118822485874,
        "lat": 25.025307321355587,
        "osm_query": "臺北市大安區和平東路2段",
        "osm_display_name": "和平東路二段, 龍淵里, 大安區, 六張犁, 臺北市, 10663, 臺灣"
      },
      "geometry": {
        "type": "Point",
        "coordinates": [
          121.54118822485874,
          25.025307321355587
        ]
      }
    },
    {
      "type": "Feature",
      "properties": {
        "source_row_no": 8,
        "city": "臺北市",
        "normalized_city": "台北市",
        "district": "中山區",
        "vendor_category_code": "6",
        "vendor_category": "物流業",
        "registration_item": "物流營業場所",
        "registration_no": "A-180685291-00001-8",
        "name": "十二籃搬家貨運有限公司",
        "address": "台北市中山區松江路206號8樓之4",
        "company_registration_name": "十二籃搬家貨運股份有限公司",
        "source_page": 1,
        "point_type": "業者點位",
        "location_method": "臺北市門牌位置數值資料",
        "source_count": 256,
        "geocoding_address": "臺北市中山區松江路206號",
        "lng": 121.53290721175394,
        "lat": 25.057535913385678,
        "osm_query": "臺北市中山區松江路",
        "osm_display_name": "松江路, 中央里, 中山區, 朱厝崙, 臺北市, 10485, 臺灣",
        "taipei_house_key": "中山區|松江路|||206號"
      },
      "geometry": {
        "type": "Point",
        "coordinates": [
          121.53290721175394,
          25.057535913385678
        ]
      }
    },
    {
      "type": "Feature",
      "properties": {
        "source_row_no": 9,
        "city": "臺北市",
        "normalized_city": "台北市",
        "district": "松山區",
        "vendor_category_code": "6",
        "vendor_category": "物流業",
        "registration_item": "物流營業場所",
        "registration_no": "A-197212135-00001-9",
        "name": "公司(無物流場所)",
        "address": "台北市松山區光復北路35號5樓",
        "company_registration_name": "小蜂鳥國際物流有限公司",
        "source_page": 1,
        "point_type": "業者點位",
        "location_method": "臺北市門牌位置數值資料",
        "source_count": 256,
        "geocoding_address": "臺北市松山區光復北路35號",
        "lng": 121.55806609972473,
        "lat": 25.049891202501257,
        "osm_query": "臺北市松山區光復北路",
        "osm_display_name": "光復北路, 精忠里, 松山區, 下埤頭, 臺北市, 10576, 臺灣",
        "taipei_house_key": "松山區|光復北路|||35號"
      },
      "geometry": {
        "type": "Point",
        "coordinates": [
          121.55806609972473,
          25.049891202501257
        ]
      }
    },
    {
      "type": "Feature",
      "properties": {
        "source_row_no": 10,
        "city": "臺北市",
        "normalized_city": "台北市",
        "district": "大安區",
        "vendor_category_code": "6",
        "vendor_category": "物流業",
        "registration_item": "物流營業場所",
        "registration_no": "A-170762591-01001-7",
        "name": "東豐營業所",
        "address": "台北市大安區信義路四段53巷10號",
        "company_registration_name": "統一速達股份有限公司",
        "source_page": 1,
        "point_type": "業者點位",
        "location_method": "臺北市門牌位置數值資料",
        "source_count": 256,
        "geocoding_address": "臺北市大安區信義路四段53巷10號",
        "lng": 121.54500899223505,
        "lat": 25.03386086266982,
        "osm_query": "臺北市大安區信義路四段",
        "osm_display_name": "信義路四段, 通化里, 大安區, 車罾, 臺北市, 10695, 臺灣",
        "taipei_house_key": "大安區|信義路四段|53巷||10號"
      },
      "geometry": {
        "type": "Point",
        "coordinates": [
          121.54500899223505,
          25.03386086266982
        ]
      }
    },
    {
      "type": "Feature",
      "properties": {
        "source_row_no": 11,
        "city": "臺北市",
        "normalized_city": "台北市",
        "district": "士林區",
        "vendor_category_code": "6",
        "vendor_category": "物流業",
        "registration_item": "物流營業場所",
        "registration_no": "A-122662860-00011-2",
        "name": "廣田洋菓子",
        "address": "台北市士林區忠誠路2段55號B1",
        "company_registration_name": "台灣廣田食品股份有限公司",
        "source_page": 1,
        "point_type": "業者點位",
        "location_method": "OpenStreetMap道路/地名定位",
        "source_count": 256,
        "geocoding_address": "臺北市士林區忠誠路2段55號B1",
        "lng": 121.53432157186458,
        "lat": 25.118090558812884,
        "osm_query": "臺北市士林區忠誠路2段",
        "osm_display_name": "忠誠路二段, 天福里, 士林區, 東勢, 臺北市, 11153, 臺灣"
      },
      "geometry": {
        "type": "Point",
        "coordinates": [
          121.53432157186458,
          25.118090558812884
        ]
      }
    },
    {
      "type": "Feature",
      "properties": {
        "source_row_no": 12,
        "city": "臺北市",
        "normalized_city": "台北市",
        "district": "中正區",
        "vendor_category_code": "6",
        "vendor_category": "物流業",
        "registration_item": "物流營業場所",
        "registration_no": "A-170762591-01004-0",
        "name": "光華營業所",
        "address": "台北市中正區八德路一段5-1號1F",
        "company_registration_name": "統一速達股份有限公司",
        "source_page": 1,
        "point_type": "業者點位",
        "location_method": "臺北市門牌位置數值資料",
        "source_count": 256,
        "geocoding_address": "臺北市中正區八德路一段5-1號",
        "osm_query": "八德路一段 中正區 臺北市",
        "osm_display_name": "八德路一段, 光華商場, 梅花里, 中正區, 華山, 臺北市, 10053, 臺灣",
        "lng": 121.5304671771293,
        "lat": 25.043898844124673,
        "taipei_house_key": "中正區|八德路一段|||5之1號"
      },
      "geometry": {
        "type": "Point",
        "coordinates": [
          121.5304671771293,
          25.043898844124673
        ]
      }
    },
    {
      "type": "Feature",
      "properties": {
        "source_row_no": 13,
        "city": "臺北市",
        "normalized_city": "台北市",
        "district": "士林區",
        "vendor_category_code": "6",
        "vendor_category": "物流業",
        "registration_item": "物流營業場所",
        "registration_no": "A-180542610-00001-5",
        "name": "宅速配搬家貨運有限公司",
        "address": "台北市士林區通河西街2段24號3樓",
        "company_registration_name": "宅速配搬家貨運股份有限公司",
        "source_page": 1,
        "point_type": "業者點位",
        "location_method": "OpenStreetMap道路/地名定位",
        "source_count": 256,
        "geocoding_address": "臺北市士林區通河西街2段24號",
        "lng": 121.50614731822535,
        "lat": 25.09341663933401,
        "osm_query": "臺北市士林區通河西街2段",
        "osm_display_name": "通河西街二段, 社園里, 士林區, 社子, 臺北市, 111075, 臺灣"
      },
      "geometry": {
        "type": "Point",
        "coordinates": [
          121.50614731822535,
          25.09341663933401
        ]
      }
    },
    {
      "type": "Feature",
      "properties": {
        "source_row_no": 14,
        "city": "臺北市",
        "normalized_city": "台北市",
        "district": "中山區",
        "vendor_category_code": "6",
        "vendor_category": "物流業",
        "registration_item": "物流營業場所",
        "registration_no": "A-197478872-00001-1",
        "name": "世邦國際物流股份有限公司",
        "address": "台北市中山區南京東路3段217號4樓",
        "company_registration_name": "世邦國際物流股份有限公司",
        "source_page": 1,
        "point_type": "業者點位",
        "location_method": "OpenStreetMap道路/地名定位",
        "source_count": 256,
        "geocoding_address": "臺北市中山區南京東路3段217號",
        "lng": 121.53723595415995,
        "lat": 25.052240147910208,
        "osm_query": "臺北市中山區南京東路3段",
        "osm_display_name": "南京東路三段, 復華里, 中山區, 朱厝崙, 臺北市, 104103, 臺灣"
      },
      "geometry": {
        "type": "Point",
        "coordinates": [
          121.53723595415995,
          25.052240147910208
        ]
      }
    },
    {
      "type": "Feature",
      "properties": {
        "source_row_no": 15,
        "city": "臺北市",
        "normalized_city": "台北市",
        "district": "大安區",
        "vendor_category_code": "6",
        "vendor_category": "物流業",
        "registration_item": "物流營業場所",
        "registration_no": "A-116313020-00001-5",
        "name": "長怡交通有限公司",
        "address": "台北市大安區延吉街156號4樓",
        "company_registration_name": "長怡交通有限公司",
        "source_page": 1,
        "point_type": "業者點位",
        "location_method": "臺北市門牌位置數值資料",
        "source_count": 256,
        "geocoding_address": "臺北市大安區延吉街156號",
        "lng": 121.55487581225053,
        "lat": 25.039540435442987,
        "osm_query": "臺北市大安區延吉街",
        "osm_display_name": "延吉街, 光信里, 大安區, 車罾, 臺北市, 10696, 臺灣",
        "taipei_house_key": "大安區|延吉街|||156號"
      },
      "geometry": {
        "type": "Point",
        "coordinates": [
          121.55487581225053,
          25.039540435442987
        ]
      }
    },
    {
      "type": "Feature",
      "properties": {
        "source_row_no": 16,
        "city": "臺北市",
        "normalized_city": "台北市",
        "district": "大安區",
        "vendor_category_code": "6",
        "vendor_category": "物流業",
        "registration_item": "物流營業場所",
        "registration_no": "A-170762591-00999-2",
        "name": "臥龍營業所",
        "address": "台北市大安區和平東路三段406巷21號",
        "company_registration_name": "統一速達股份有限公司",
        "source_page": 1,
        "point_type": "業者點位",
        "location_method": "臺北市門牌位置數值資料",
        "source_count": 256,
        "geocoding_address": "臺北市大安區和平東路三段406巷21號",
        "lng": 121.55753596471371,
        "lat": 25.01860574183944,
        "osm_query": "臺北市大安區和平東路三段",
        "osm_display_name": "和平東路三段, 黎和里, 大安區, 六張犁, 臺北市, 10676, 臺灣",
        "taipei_house_key": "大安區|和平東路三段|406巷||21號"
      },
      "geometry": {
        "type": "Point",
        "coordinates": [
          121.55753596471371,
          25.01860574183944
        ]
      }
    },
    {
      "type": "Feature",
      "properties": {
        "source_row_no": 17,
        "city": "臺北市",
        "normalized_city": "台北市",
        "district": "中山區",
        "vendor_category_code": "6",
        "vendor_category": "物流業",
        "registration_item": "物流營業場所",
        "registration_no": "A-184938207-00001-0",
        "name": "昱臺溫控物流股份有限公司",
        "address": "台北市中山區南京東路3段28號4樓",
        "company_registration_name": "昱臺國際股份有限公司",
        "source_page": 1,
        "point_type": "業者點位",
        "location_method": "OpenStreetMap道路/地名定位",
        "source_count": 256,
        "geocoding_address": "臺北市中山區南京東路3段28號",
        "lng": 121.53716157794113,
        "lat": 25.052275862861773,
        "osm_query": "臺北市中山區南京東路3段",
        "osm_display_name": "南京東路三段, 復華里, 中山區, 朱厝崙, 臺北市, 104103, 臺灣"
      },
      "geometry": {
        "type": "Point",
        "coordinates": [
          121.53716157794113,
          25.052275862861773
        ]
      }
    },
    {
      "type": "Feature",
      "properties": {
        "source_row_no": 18,
        "city": "臺北市",
        "normalized_city": "台北市",
        "district": "大安區",
        "vendor_category_code": "6",
        "vendor_category": "物流業",
        "registration_item": "物流營業場所",
        "registration_no": "A-170762591-01003-9",
        "name": "北大安營業所",
        "address": "台北市大安區光復南路96巷25號",
        "company_registration_name": "統一速達股份有限公司",
        "source_page": 1,
        "point_type": "業者點位",
        "location_method": "臺北市門牌位置數值資料",
        "source_count": 256,
        "geocoding_address": "臺北市大安區光復南路96巷25號",
        "lng": 121.55545600259323,
        "lat": 25.0436324476084,
        "osm_query": "臺北市大安區光復南路",
        "osm_display_name": "光復南路, 通化里, 大安區, 三張犁, 臺北市, 10695, 臺灣",
        "taipei_house_key": "大安區|光復南路|96巷||25號"
      },
      "geometry": {
        "type": "Point",
        "coordinates": [
          121.55545600259323,
          25.0436324476084
        ]
      }
    },
    {
      "type": "Feature",
      "properties": {
        "source_row_no": 19,
        "city": "臺北市",
        "normalized_city": "台北市",
        "district": "萬華區",
        "vendor_category_code": "6",
        "vendor_category": "物流業",
        "registration_item": "物流營業場所",
        "registration_no": "A-129212860-00001-9",
        "name": "兆豐蔬果行",
        "address": "台北市萬華區富民路57巷7號之1",
        "company_registration_name": "兆豐蔬果行",
        "source_page": 1,
        "point_type": "業者點位",
        "location_method": "臺北市門牌位置數值資料",
        "source_count": 256,
        "geocoding_address": "臺北市萬華區富民路57巷7號之1",
        "lng": 121.49797665516914,
        "lat": 25.019261553055355,
        "osm_query": "臺北市萬華區富民路",
        "osm_display_name": "富民路, 興德里, 萬華區, 東園, 臺北市, 10872, 臺灣",
        "taipei_house_key": "萬華區|富民路|57巷||7號"
      },
      "geometry": {
        "type": "Point",
        "coordinates": [
          121.49797665516914,
          25.019261553055355
        ]
      }
    },
    {
      "type": "Feature",
      "properties": {
        "source_row_no": 20,
        "city": "臺北市",
        "normalized_city": "台北市",
        "district": "中正區",
        "vendor_category_code": "6",
        "vendor_category": "物流業",
        "registration_item": "物流營業場所",
        "registration_no": "A-170762591-00993-6",
        "name": "東門營業所",
        "address": "台北市中正區台北市中正區辛亥路一段13、15號",
        "company_registration_name": "統一速達股份有限公司",
        "source_page": 1,
        "point_type": "業者點位",
        "location_method": "臺北市門牌位置數值資料",
        "source_count": 256,
        "geocoding_address": "臺北市中正區臺北市中正區辛亥路一段13、15號",
        "lng": 121.52795446496096,
        "lat": 25.019081507450704,
        "osm_query": "臺北市中正區臺北市中正區辛亥路一段",
        "osm_display_name": "辛亥路一段, 林興里, 中正區, 古亭, 臺北市, 10089, 臺灣",
        "taipei_house_key": "中正區|辛亥路一段|||15號"
      },
      "geometry": {
        "type": "Point",
        "coordinates": [
          121.52795446496096,
          25.019081507450704
        ]
      }
    },
    {
      "type": "Feature",
      "properties": {
        "source_row_no": 21,
        "city": "臺北市",
        "normalized_city": "台北市",
        "district": "中山區",
        "vendor_category_code": "6",
        "vendor_category": "物流業",
        "registration_item": "物流營業場所",
        "registration_no": "A-170762591-01044-4",
        "name": "北中山營業所",
        "address": "台北市中山區濱江街308-1號",
        "company_registration_name": "統一速達股份有限公司",
        "source_page": 1,
        "point_type": "業者點位",
        "location_method": "OpenStreetMap道路/地名定位",
        "source_count": 256,
        "geocoding_address": "臺北市中山區濱江街308-1號",
        "lng": 121.53793665805664,
        "lat": 25.07261355645877,
        "osm_query": "臺北市中山區濱江街",
        "osm_display_name": "濱江街, 濱江汽修區, 大佳里, 中山區, 下埤頭, 臺北市, 10472, 臺灣"
      },
      "geometry": {
        "type": "Point",
        "coordinates": [
          121.53793665805664,
          25.07261355645877
        ]
      }
    },
    {
      "type": "Feature",
      "properties": {
        "source_row_no": 22,
        "city": "臺北市",
        "normalized_city": "台北市",
        "district": "士林區",
        "vendor_category_code": "6",
        "vendor_category": "物流業",
        "registration_item": "物流營業場所",
        "registration_no": "A-127316170-00001-6",
        "name": "以樂搬家貨運有限公司",
        "address": "台北市士林區通河西街2段24號3樓",
        "company_registration_name": "以樂搬家貨運股份有限公司",
        "source_page": 1,
        "point_type": "業者點位",
        "location_method": "OpenStreetMap道路/地名定位",
        "source_count": 256,
        "geocoding_address": "臺北市士林區通河西街2段24號",
        "lng": 121.50601183939702,
        "lat": 25.093226277516624,
        "osm_query": "臺北市士林區通河西街2段",
        "osm_display_name": "通河西街二段, 社園里, 士林區, 社子, 臺北市, 111075, 臺灣"
      },
      "geometry": {
        "type": "Point",
        "coordinates": [
          121.50601183939702,
          25.093226277516624
        ]
      }
    },
    {
      "type": "Feature",
      "properties": {
        "source_row_no": 23,
        "city": "臺北市",
        "normalized_city": "台北市",
        "district": "大安區",
        "vendor_category_code": "6",
        "vendor_category": "物流業",
        "registration_item": "物流營業場所",
        "registration_no": "A-170762591-01002-8",
        "name": "延吉營業所",
        "address": "台北市大安區光復南路96巷25號",
        "company_registration_name": "統一速達股份有限公司",
        "source_page": 1,
        "point_type": "業者點位",
        "location_method": "臺北市門牌位置數值資料",
        "source_count": 256,
        "geocoding_address": "臺北市大安區光復南路96巷25號",
        "lng": 121.55545600259323,
        "lat": 25.0436324476084,
        "osm_query": "臺北市大安區光復南路",
        "osm_display_name": "光復南路, 通化里, 大安區, 三張犁, 臺北市, 10695, 臺灣",
        "taipei_house_key": "大安區|光復南路|96巷||25號"
      },
      "geometry": {
        "type": "Point",
        "coordinates": [
          121.55545600259323,
          25.0436324476084
        ]
      }
    },
    {
      "type": "Feature",
      "properties": {
        "source_row_no": 24,
        "city": "臺北市",
        "normalized_city": "台北市",
        "district": "士林區",
        "vendor_category_code": "6",
        "vendor_category": "物流業",
        "registration_item": "物流營業場所",
        "registration_no": "A-193378541-00001-9",
        "name": "住家",
        "address": "台北市士林區德行東路136號4樓",
        "company_registration_name": "維鑫金屬有限公司",
        "source_page": 1,
        "point_type": "業者點位",
        "location_method": "臺北市門牌位置數值資料",
        "source_count": 256,
        "geocoding_address": "臺北市士林區德行東路136號",
        "lng": 121.5291999986009,
        "lat": 25.10791402261615,
        "osm_query": "臺北市士林區德行東路",
        "osm_display_name": "德行東路, 忠誠里, 士林區, 蘭雅, 臺北市, 111020, 臺灣",
        "taipei_house_key": "士林區|德行東路|||136號"
      },
      "geometry": {
        "type": "Point",
        "coordinates": [
          121.5291999986009,
          25.10791402261615
        ]
      }
    },
    {
      "type": "Feature",
      "properties": {
        "source_row_no": 25,
        "city": "臺北市",
        "normalized_city": "台北市",
        "district": "大安區",
        "vendor_category_code": "6",
        "vendor_category": "物流業",
        "registration_item": "物流營業場所",
        "registration_no": "A-170762591-00998-1",
        "name": "通化營業所",
        "address": "台北市大安區四維路150號",
        "company_registration_name": "統一速達股份有限公司",
        "source_page": 1,
        "point_type": "業者點位",
        "location_method": "臺北市門牌位置數值資料",
        "source_count": 256,
        "geocoding_address": "臺北市大安區四維路150號",
        "osm_query": "四維路 大安區 臺北市",
        "osm_display_name": "四維路, 德安里, 大安區, 東區商圈, 臺北市, 10684, 臺灣",
        "lng": 121.54791173468719,
        "lat": 25.03113810564926,
        "taipei_house_key": "大安區|四維路|||150號"
      },
      "geometry": {
        "type": "Point",
        "coordinates": [
          121.54791173468719,
          25.03113810564926
        ]
      }
    },
    {
      "type": "Feature",
      "properties": {
        "source_row_no": 26,
        "city": "臺北市",
        "normalized_city": "台北市",
        "district": "中山區",
        "vendor_category_code": "6",
        "vendor_category": "物流業",
        "registration_item": "物流營業場所",
        "registration_no": "A-170762591-01042-2",
        "name": "濱江營業所",
        "address": "台北市中山區民族東路266號",
        "company_registration_name": "統一速達股份有限公司",
        "source_page": 1,
        "point_type": "業者點位",
        "location_method": "臺北市門牌位置數值資料",
        "source_count": 256,
        "geocoding_address": "臺北市中山區民族東路266號",
        "lng": 121.53521275269345,
        "lat": 25.068025268726775,
        "osm_query": "臺北市中山區民族東路",
        "osm_display_name": "民族東路, 圓山里, 中山區, 大龍峒, 臺北市, 10461, 臺灣",
        "taipei_house_key": "中山區|民族東路|||266號"
      },
      "geometry": {
        "type": "Point",
        "coordinates": [
          121.53521275269345,
          25.068025268726775
        ]
      }
    },
    {
      "type": "Feature",
      "properties": {
        "source_row_no": 27,
        "city": "臺北市",
        "normalized_city": "台北市",
        "district": "士林區",
        "vendor_category_code": "6",
        "vendor_category": "物流業",
        "registration_item": "物流營業場所",
        "registration_no": "A-184981978-00001-3",
        "name": "健新食品有限公司",
        "address": "台北市士林區延平北路8段2巷196號",
        "company_registration_name": "健新食品有限公司",
        "source_page": 1,
        "point_type": "業者點位",
        "location_method": "OpenStreetMap道路/地名定位",
        "source_count": 256,
        "geocoding_address": "臺北市士林區延平北路8段2巷196號",
        "lng": 121.48294394511264,
        "lat": 25.10571504027828,
        "osm_query": "臺北市士林區延平北路8段",
        "osm_display_name": "延平北路八段, 富洲里, 士林區, 臺北市, 11174, 臺灣"
      },
      "geometry": {
        "type": "Point",
        "coordinates": [
          121.48294394511264,
          25.10571504027828
        ]
      }
    },
    {
      "type": "Feature",
      "properties": {
        "source_row_no": 28,
        "city": "臺北市",
        "normalized_city": "台北市",
        "district": "中山區",
        "vendor_category_code": "6",
        "vendor_category": "物流業",
        "registration_item": "物流營業場所",
        "registration_no": "A-111609045-00001-5",
        "name": "Taipei main office",
        "address": "台北市中山區民生東路3段8號13樓",
        "company_registration_name": "捷飛運通股份有限公司",
        "source_page": 1,
        "point_type": "業者點位",
        "location_method": "OpenStreetMap道路/地名定位",
        "source_count": 256,
        "geocoding_address": "臺北市中山區民生東路3段8號",
        "lng": 121.53718787868945,
        "lat": 25.057885261440568,
        "osm_query": "臺北市中山區民生東路3段",
        "osm_display_name": "民生東路三段, 江山里, 中山區, 朱厝崙, 臺北市, 10491, 臺灣"
      },
      "geometry": {
        "type": "Point",
        "coordinates": [
          121.53718787868945,
          25.057885261440568
        ]
      }
    },
    {
      "type": "Feature",
      "properties": {
        "source_row_no": 29,
        "city": "臺北市",
        "normalized_city": "台北市",
        "district": "內湖區",
        "vendor_category_code": "6",
        "vendor_category": "物流業",
        "registration_item": "物流營業場所",
        "registration_no": "A-111832971-00001-1",
        "name": "台灣德迅國際運輸股份有限公司",
        "address": "台北市內湖區內湖路1段246號10樓",
        "company_registration_name": "台灣德迅國際運輸股份有限公司",
        "source_page": 1,
        "point_type": "業者點位",
        "location_method": "OpenStreetMap道路/地名定位",
        "source_count": 256,
        "geocoding_address": "臺北市內湖區內湖路1段246號",
        "lng": 121.56198111497775,
        "lat": 25.08429533363525,
        "osm_query": "臺北市內湖區內湖路1段",
        "osm_display_name": "內湖路一段, 西康里, 內湖區, 下塔悠, 臺北市, 11442, 臺灣"
      },
      "geometry": {
        "type": "Point",
        "coordinates": [
          121.56198111497775,
          25.08429533363525
        ]
      }
    },
    {
      "type": "Feature",
      "properties": {
        "source_row_no": 30,
        "city": "臺北市",
        "normalized_city": "台北市",
        "district": "中山區",
        "vendor_category_code": "6",
        "vendor_category": "物流業",
        "registration_item": "物流營業場所",
        "registration_no": "A-153732948-00002-1",
        "name": "東方航空貨運承攬有限公司",
        "address": "台北市中山區長春路380號5樓",
        "company_registration_name": "東方航空貨運承攬有限公司",
        "source_page": 1,
        "point_type": "業者點位",
        "location_method": "臺北市門牌位置數值資料",
        "source_count": 256,
        "geocoding_address": "臺北市中山區長春路380號",
        "lng": 121.54329107672679,
        "lat": 25.054457311603112,
        "osm_query": "臺北市中山區長春路",
        "osm_display_name": "長春路, 民安里, 中山區, 南西商圈, 臺北市, 10412, 臺灣",
        "taipei_house_key": "中山區|長春路|||380號"
      },
      "geometry": {
        "type": "Point",
        "coordinates": [
          121.54329107672679,
          25.054457311603112
        ]
      }
    },
    {
      "type": "Feature",
      "properties": {
        "source_row_no": 31,
        "city": "臺北市",
        "normalized_city": "台北市",
        "district": "士林區",
        "vendor_category_code": "6",
        "vendor_category": "物流業",
        "registration_item": "物流營業場所",
        "registration_no": "A-200138458-00001-9",
        "name": "無",
        "address": "台北市士林區社子街32號5樓",
        "company_registration_name": "永富經貿有限公司",
        "source_page": 1,
        "point_type": "業者點位",
        "location_method": "臺北市門牌位置數值資料",
        "source_count": 256,
        "geocoding_address": "臺北市士林區社子街32號",
        "lng": 121.50777524137172,
        "lat": 25.087418610655533,
        "osm_query": "臺北市士林區社子街",
        "osm_display_name": "社子街, 社新里, 士林區, 社子, 臺北市, 111075, 臺灣",
        "taipei_house_key": "士林區|社子街|||32號"
      },
      "geometry": {
        "type": "Point",
        "coordinates": [
          121.50777524137172,
          25.087418610655533
        ]
      }
    },
    {
      "type": "Feature",
      "properties": {
        "source_row_no": 32,
        "city": "臺北市",
        "normalized_city": "台北市",
        "district": "士林區",
        "vendor_category_code": "6",
        "vendor_category": "物流業",
        "registration_item": "物流營業場所",
        "registration_no": "A-124956089-00001-2",
        "name": "鵬達搬家貨運有限公司",
        "address": "台北市士林區承德路4段33巷12號3樓",
        "company_registration_name": "創勝精緻搬家有限公司",
        "source_page": 1,
        "point_type": "業者點位",
        "location_method": "OpenStreetMap道路/地名定位",
        "source_count": 256,
        "geocoding_address": "臺北市士林區承德路4段33巷12號",
        "lng": 121.52021408308167,
        "lat": 25.089554726833658,
        "osm_query": "臺北市士林區承德路4段",
        "osm_display_name": "承德路四段, 後港里, 士林區, 社子, 臺北市, 11169, 臺灣"
      },
      "geometry": {
        "type": "Point",
        "coordinates": [
          121.52021408308167,
          25.089554726833658
        ]
      }
    },
    {
      "type": "Feature",
      "properties": {
        "source_row_no": 33,
        "city": "臺北市",
        "normalized_city": "台北市",
        "district": "松山區",
        "vendor_category_code": "6",
        "vendor_category": "物流業",
        "registration_item": "物流營業場所",
        "registration_no": "A-170624227-00118-8",
        "name": "松機營業所",
        "address": "台北市松山區敦化北路340-9號",
        "company_registration_name": "台灣宅配通股份有限公司",
        "source_page": 1,
        "point_type": "業者點位",
        "location_method": "OpenStreetMap道路/地名定位",
        "source_count": 256,
        "geocoding_address": "臺北市松山區敦化北路340-9號",
        "lng": 121.55087211386733,
        "lat": 25.062091029772336,
        "osm_query": "臺北市松山區敦化北路",
        "osm_display_name": "敦化北路, 精忠里, 松山區, 下埤頭, 臺北市, 10548, 臺灣"
      },
      "geometry": {
        "type": "Point",
        "coordinates": [
          121.55087211386733,
          25.062091029772336
        ]
      }
    },
    {
      "type": "Feature",
      "properties": {
        "source_row_no": 34,
        "city": "臺北市",
        "normalized_city": "台北市",
        "district": "信義區",
        "vendor_category_code": "6",
        "vendor_category": "物流業",
        "registration_item": "物流營業場所",
        "registration_no": "A-170624227-00119-9",
        "name": "101營業所",
        "address": "台北市信義區信義路五段7號B2理貨中心",
        "company_registration_name": "台灣宅配通股份有限公司",
        "source_page": 1,
        "point_type": "業者點位",
        "location_method": "臺北市門牌位置數值資料",
        "source_count": 256,
        "geocoding_address": "臺北市信義區信義路五段7號B2理貨中心",
        "lng": 121.56478963684691,
        "lat": 25.033416694652388,
        "osm_query": "臺北市信義區信義路五段",
        "osm_display_name": "松勤街, 景新里, 信義區, 三張犁, 臺北市, 110615, 臺灣",
        "taipei_house_key": "信義區|信義路五段|||7號"
      },
      "geometry": {
        "type": "Point",
        "coordinates": [
          121.56478963684691,
          25.033416694652388
        ]
      }
    },
    {
      "type": "Feature",
      "properties": {
        "source_row_no": 35,
        "city": "臺北市",
        "normalized_city": "台北市",
        "district": "南港區",
        "vendor_category_code": "6",
        "vendor_category": "物流業",
        "registration_item": "物流營業場所",
        "registration_no": "A-113466368-00001-6",
        "name": "宜倫商行",
        "address": "台北市南港區南港路一段263號",
        "company_registration_name": "宜倫商行",
        "source_page": 1,
        "point_type": "業者點位",
        "location_method": "臺北市門牌位置數值資料",
        "source_count": 256,
        "geocoding_address": "臺北市南港區南港路一段263號",
        "lng": 121.6096626747413,
        "lat": 25.054721443160915,
        "osm_query": "臺北市南港區南港路一段",
        "osm_display_name": "南港路一段, 三重里, 南港區, 三重埔, 臺北市, 11568, 臺灣",
        "taipei_house_key": "南港區|南港路一段|||263號"
      },
      "geometry": {
        "type": "Point",
        "coordinates": [
          121.6096626747413,
          25.054721443160915
        ]
      }
    },
    {
      "type": "Feature",
      "properties": {
        "source_row_no": 36,
        "city": "臺北市",
        "normalized_city": "台北市",
        "district": "中正區",
        "vendor_category_code": "6",
        "vendor_category": "物流業",
        "registration_item": "物流營業場所",
        "registration_no": "A-170762591-01006-2",
        "name": "北門營業所",
        "address": "台北市中正區延平南路32號",
        "company_registration_name": "統一速達股份有限公司",
        "source_page": 1,
        "point_type": "業者點位",
        "location_method": "臺北市門牌位置數值資料",
        "source_count": 256,
        "geocoding_address": "臺北市中正區延平南路32號",
        "lng": 121.51079024491598,
        "lat": 25.04653507493541,
        "osm_query": "臺北市中正區延平南路",
        "osm_display_name": "延平南路, 建國里, 中正區, 龍匣口, 臺北市, 10042, 臺灣",
        "taipei_house_key": "中正區|延平南路|||32號"
      },
      "geometry": {
        "type": "Point",
        "coordinates": [
          121.51079024491598,
          25.04653507493541
        ]
      }
    },
    {
      "type": "Feature",
      "properties": {
        "source_row_no": 37,
        "city": "臺北市",
        "normalized_city": "台北市",
        "district": "萬華區",
        "vendor_category_code": "6",
        "vendor_category": "物流業",
        "registration_item": "物流營業場所",
        "registration_no": "A-121715137-00002-7",
        "name": "庫房",
        "address": "台北市萬華區環河南路三段89號1樓",
        "company_registration_name": "吉盛行",
        "source_page": 1,
        "point_type": "業者點位",
        "location_method": "臺北市門牌位置數值資料",
        "source_count": 256,
        "geocoding_address": "臺北市萬華區環河南路三段89號",
        "lng": 121.49060308088859,
        "lat": 25.025254057985638,
        "osm_query": "臺北市萬華區環河南路三段",
        "osm_display_name": "環河南路三段, 銘德里, 萬華區, 西園, 臺北市, 108039, 臺灣",
        "taipei_house_key": "萬華區|環河南路三段|||89號"
      },
      "geometry": {
        "type": "Point",
        "coordinates": [
          121.49060308088859,
          25.025254057985638
        ]
      }
    },
    {
      "type": "Feature",
      "properties": {
        "source_row_no": 38,
        "city": "臺北市",
        "normalized_city": "台北市",
        "district": "中山區",
        "vendor_category_code": "6",
        "vendor_category": "物流業",
        "registration_item": "物流營業場所",
        "registration_no": "A-190356277-00005-2",
        "name": "倉庫",
        "address": "台北市中山區中山北路2段24號2樓",
        "company_registration_name": "林檎有限公司",
        "source_page": 1,
        "point_type": "業者點位",
        "location_method": "OpenStreetMap道路/地名定位",
        "source_count": 256,
        "geocoding_address": "臺北市中山區中山北路2段24號",
        "lng": 121.52298078713046,
        "lat": 25.056267550038356,
        "osm_query": "臺北市中山區中山北路2段",
        "osm_display_name": "中山北路二段, 中山里, 中山區, 南西商圈, 臺北市, 104611, 臺灣"
      },
      "geometry": {
        "type": "Point",
        "coordinates": [
          121.52298078713046,
          25.056267550038356
        ]
      }
    },
    {
      "type": "Feature",
      "properties": {
        "source_row_no": 39,
        "city": "臺北市",
        "normalized_city": "台北市",
        "district": "萬華區",
        "vendor_category_code": "6",
        "vendor_category": "物流業",
        "registration_item": "物流營業場所",
        "registration_no": "A-202299591-00001-7",
        "name": "欣鮮商行",
        "address": "台北市萬華區環河南路2段245號公有環南中繼市場1樓166號蔬菜類攤位",
        "company_registration_name": "欣鮮商行",
        "source_page": 1,
        "point_type": "業者點位",
        "location_method": "OpenStreetMap道路/地名定位",
        "source_count": 256,
        "geocoding_address": "臺北市萬華區環河南路2段245號公有環南中繼市場",
        "lng": 121.49281328062878,
        "lat": 25.03307699886516,
        "osm_query": "臺北市萬華區環河南路2段",
        "osm_display_name": "環河南路二段, 華江里, 萬華區, 下崁, 臺北市, 10857, 臺灣"
      },
      "geometry": {
        "type": "Point",
        "coordinates": [
          121.49281328062878,
          25.03307699886516
        ]
      }
    },
    {
      "type": "Feature",
      "properties": {
        "source_row_no": 40,
        "city": "臺北市",
        "normalized_city": "台北市",
        "district": "大安區",
        "vendor_category_code": "6",
        "vendor_category": "物流業",
        "registration_item": "物流營業場所",
        "registration_no": "A-200182823-00002-5",
        "name": "松滿樓餐廳",
        "address": "台北市大安區濟南路3段26號1樓",
        "company_registration_name": "松滿樓股份有限公司",
        "source_page": 1,
        "point_type": "業者點位",
        "location_method": "OpenStreetMap道路/地名定位",
        "source_count": 256,
        "geocoding_address": "臺北市大安區濟南路3段26號",
        "lng": 121.53290013515661,
        "lat": 25.040424776511845,
        "osm_query": "臺北市大安區濟南路3段",
        "osm_display_name": "濟南路三段, 民輝里, 大安區, 華山, 臺北市, 106237, 臺灣"
      },
      "geometry": {
        "type": "Point",
        "coordinates": [
          121.53290013515661,
          25.040424776511845
        ]
      }
    },
    {
      "type": "Feature",
      "properties": {
        "source_row_no": 41,
        "city": "臺北市",
        "normalized_city": "台北市",
        "district": "松山區",
        "vendor_category_code": "6",
        "vendor_category": "物流業",
        "registration_item": "物流營業場所",
        "registration_no": "A-155847754-00007-0",
        "name": "小蜂鳥國際物流有限公司",
        "address": "台北市松山區光復北路35號5樓",
        "company_registration_name": "艾斯奇餐飲股份有限公司",
        "source_page": 2,
        "point_type": "業者點位",
        "location_method": "臺北市門牌位置數值資料",
        "source_count": 256,
        "geocoding_address": "臺北市松山區光復北路35號",
        "lng": 121.55806609972473,
        "lat": 25.049891202501257,
        "osm_query": "臺北市松山區光復北路",
        "osm_display_name": "光復北路, 精忠里, 松山區, 下埤頭, 臺北市, 10576, 臺灣",
        "taipei_house_key": "松山區|光復北路|||35號"
      },
      "geometry": {
        "type": "Point",
        "coordinates": [
          121.55806609972473,
          25.049891202501257
        ]
      }
    },
    {
      "type": "Feature",
      "properties": {
        "source_row_no": 42,
        "city": "臺北市",
        "normalized_city": "台北市",
        "district": "北投區",
        "vendor_category_code": "6",
        "vendor_category": "物流業",
        "registration_item": "物流營業場所",
        "registration_no": "A-202301799-00001-1",
        "name": "搖搖豬現炒麻油雞腿肉油飯",
        "address": "台北市北投區清江路177巷2弄15號3樓",
        "company_registration_name": "搖搖豬現炒麻油雞腿肉油飯",
        "source_page": 2,
        "point_type": "業者點位",
        "location_method": "臺北市門牌位置數值資料",
        "source_count": 256,
        "geocoding_address": "臺北市北投區清江路177巷2弄15號",
        "lng": 121.5023050332354,
        "lat": 25.127685245557704,
        "osm_query": "臺北市北投區清江路",
        "osm_display_name": "清江路, 北投市場, 清江里, 北投區, 奇岩, 臺北市, 11264, 臺灣",
        "taipei_house_key": "北投區|清江路|177巷|2弄|15號"
      },
      "geometry": {
        "type": "Point",
        "coordinates": [
          121.5023050332354,
          25.127685245557704
        ]
      }
    },
    {
      "type": "Feature",
      "properties": {
        "source_row_no": 43,
        "city": "臺北市",
        "normalized_city": "台北市",
        "district": "南港區",
        "vendor_category_code": "6",
        "vendor_category": "物流業",
        "registration_item": "物流營業場所",
        "registration_no": "A-113466368-00001-6",
        "name": "宜倫商行",
        "address": "台北市南港區南港路一段263號",
        "company_registration_name": "宜倫商行",
        "source_page": 2,
        "point_type": "業者點位",
        "location_method": "臺北市門牌位置數值資料",
        "source_count": 256,
        "geocoding_address": "臺北市南港區南港路一段263號",
        "lng": 121.6096626747413,
        "lat": 25.054721443160915,
        "osm_query": "臺北市南港區南港路一段",
        "osm_display_name": "南港路一段, 三重里, 南港區, 三重埔, 臺北市, 11568, 臺灣",
        "taipei_house_key": "南港區|南港路一段|||263號"
      },
      "geometry": {
        "type": "Point",
        "coordinates": [
          121.6096626747413,
          25.054721443160915
        ]
      }
    },
    {
      "type": "Feature",
      "properties": {
        "source_row_no": 44,
        "city": "臺北市",
        "normalized_city": "台北市",
        "district": "中山區",
        "vendor_category_code": "6",
        "vendor_category": "物流業",
        "registration_item": "物流營業場所",
        "registration_no": "A-123463468-00003-7",
        "name": "世醫股份有限公司",
        "address": "台北市中山區建國北路3段42號7樓",
        "company_registration_name": "世醫股份有限公司",
        "source_page": 2,
        "point_type": "業者點位",
        "location_method": "OpenStreetMap道路/地名定位",
        "source_count": 256,
        "geocoding_address": "臺北市中山區建國北路3段42號",
        "lng": 121.53693456172525,
        "lat": 25.065003804486118,
        "osm_query": "臺北市中山區建國北路3段",
        "osm_display_name": "建國北路三段, 行孝里, 中山區, 下埤頭, 臺北市, 104068, 臺灣"
      },
      "geometry": {
        "type": "Point",
        "coordinates": [
          121.53693456172525,
          25.065003804486118
        ]
      }
    },
    {
      "type": "Feature",
      "properties": {
        "source_row_no": 45,
        "city": "臺北市",
        "normalized_city": "台北市",
        "district": "信義區",
        "vendor_category_code": "6",
        "vendor_category": "物流業",
        "registration_item": "物流營業場所",
        "registration_no": "A-170762591-01031-0",
        "name": "北信義營業所",
        "address": "台北市信義區松信路63號",
        "company_registration_name": "統一速達股份有限公司",
        "source_page": 2,
        "point_type": "業者點位",
        "location_method": "臺北市門牌位置數值資料",
        "source_count": 256,
        "geocoding_address": "臺北市信義區松信路63號",
        "lng": 121.57231577730208,
        "lat": 25.047232311530813,
        "osm_query": "臺北市信義區松信路",
        "osm_display_name": "松信路, 六藝里, 信義區, 興雅, 臺北市, 110072, 臺灣",
        "taipei_house_key": "信義區|松信路|||63號"
      },
      "geometry": {
        "type": "Point",
        "coordinates": [
          121.57231577730208,
          25.047232311530813
        ]
      }
    },
    {
      "type": "Feature",
      "properties": {
        "source_row_no": 46,
        "city": "臺北市",
        "normalized_city": "台北市",
        "district": "內湖區",
        "vendor_category_code": "6",
        "vendor_category": "物流業",
        "registration_item": "物流營業場所",
        "registration_no": "A-193156750-00001-5",
        "name": "冠緯商行",
        "address": "台北市內湖區環山路2段109巷3弄5號1樓",
        "company_registration_name": "冠緯商行",
        "source_page": 2,
        "point_type": "業者點位",
        "location_method": "OpenStreetMap道路/地名定位",
        "source_count": 256,
        "geocoding_address": "臺北市內湖區環山路2段109巷3弄5號",
        "lng": 121.57464053433513,
        "lat": 25.084925898206357,
        "osm_query": "臺北市內湖區環山路2段",
        "osm_display_name": "環山路二段, 港華里, 內湖區, 臺北市, 11446, 臺灣"
      },
      "geometry": {
        "type": "Point",
        "coordinates": [
          121.57464053433513,
          25.084925898206357
        ]
      }
    },
    {
      "type": "Feature",
      "properties": {
        "source_row_no": 47,
        "city": "臺北市",
        "normalized_city": "台北市",
        "district": "松山區",
        "vendor_category_code": "6",
        "vendor_category": "物流業",
        "registration_item": "物流營業場所",
        "registration_no": "A-193520152-00001-6",
        "name": "華克台灣有限公司",
        "address": "台北市松山區南京東路3段346之3號4樓",
        "company_registration_name": "華克台灣有限公司",
        "source_page": 2,
        "point_type": "業者點位",
        "location_method": "OpenStreetMap道路/地名定位",
        "source_count": 256,
        "geocoding_address": "臺北市松山區南京東路3段346之3號",
        "lng": 121.5451716263622,
        "lat": 25.052044634175733,
        "osm_query": "臺北市松山區南京東路3段",
        "osm_display_name": "南京東路三段, 中正里, 松山區, 中崙, 臺北市, 105405, 臺灣"
      },
      "geometry": {
        "type": "Point",
        "coordinates": [
          121.5451716263622,
          25.052044634175733
        ]
      }
    },
    {
      "type": "Feature",
      "properties": {
        "source_row_no": 48,
        "city": "臺北市",
        "normalized_city": "台北市",
        "district": "中山區",
        "vendor_category_code": "6",
        "vendor_category": "物流業",
        "registration_item": "物流營業場所",
        "registration_no": "A-189139626-00001-3",
        "name": "凱泰國際展覽物流股份有限公司",
        "address": "台北市中山區八德路2段308號5樓",
        "company_registration_name": "凱泰國際展覽物流股份有限公司",
        "source_page": 2,
        "point_type": "業者點位",
        "location_method": "OpenStreetMap道路/地名定位",
        "source_count": 256,
        "geocoding_address": "臺北市中山區八德路2段308號",
        "osm_query": "八德路2段 中山區 臺北市",
        "osm_display_name": "八德路二段, 朱園里, 中山區, 朱厝崙, 臺北市, 10608, 臺灣",
        "lng": 121.5363084320783,
        "lat": 25.04594801824994
      },
      "geometry": {
        "type": "Point",
        "coordinates": [
          121.5363084320783,
          25.04594801824994
        ]
      }
    },
    {
      "type": "Feature",
      "properties": {
        "source_row_no": 49,
        "city": "臺北市",
        "normalized_city": "台北市",
        "district": "松山區",
        "vendor_category_code": "6",
        "vendor_category": "物流業",
        "registration_item": "物流營業場所",
        "registration_no": "A-170762591-01020-8",
        "name": "東興營業所",
        "address": "台北市松山區八德路四段245巷32弄17號",
        "company_registration_name": "統一速達股份有限公司",
        "source_page": 2,
        "point_type": "業者點位",
        "location_method": "臺北市門牌位置數值資料",
        "source_count": 256,
        "geocoding_address": "臺北市松山區八德路四段245巷32弄17號",
        "osm_query": "八德路四段 松山區 臺北市",
        "osm_display_name": "八德路四段, 慈祐里, 松山區, 潭美, 臺北市, 10567, 臺灣",
        "lng": 121.56399457227806,
        "lat": 25.049873485621628,
        "taipei_house_key": "松山區|八德路四段|245巷|32弄|17號"
      },
      "geometry": {
        "type": "Point",
        "coordinates": [
          121.56399457227806,
          25.049873485621628
        ]
      }
    },
    {
      "type": "Feature",
      "properties": {
        "source_row_no": 50,
        "city": "臺北市",
        "normalized_city": "台北市",
        "district": "大安區",
        "vendor_category_code": "6",
        "vendor_category": "物流業",
        "registration_item": "物流營業場所",
        "registration_no": "A-112278584-00001-6",
        "name": "台北郵件處理中心",
        "address": "台北市大安區愛國東路246號",
        "company_registration_name": "立勤儲運股份有限公司",
        "source_page": 2,
        "point_type": "業者點位",
        "location_method": "臺北市門牌位置數值資料",
        "source_count": 256,
        "geocoding_address": "臺北市大安區愛國東路246號",
        "lng": 121.52620523727236,
        "lat": 25.031598562200042,
        "osm_query": "臺北市大安區愛國東路",
        "osm_display_name": "愛國東路, 永康里, 大安區, 古亭, 臺北市, 106302, 臺灣",
        "taipei_house_key": "大安區|愛國東路|||246號"
      },
      "geometry": {
        "type": "Point",
        "coordinates": [
          121.52620523727236,
          25.031598562200042
        ]
      }
    },
    {
      "type": "Feature",
      "properties": {
        "source_row_no": 51,
        "city": "臺北市",
        "normalized_city": "台北市",
        "district": "南港區",
        "vendor_category_code": "6",
        "vendor_category": "物流業",
        "registration_item": "物流營業場所",
        "registration_no": "A-189622136-00002-7",
        "name": "大元氣體有限公司",
        "address": "台北市南港區成福路171巷30號1樓",
        "company_registration_name": "大元氣體有限公司",
        "source_page": 2,
        "point_type": "業者點位",
        "location_method": "臺北市門牌位置數值資料",
        "source_count": 256,
        "geocoding_address": "臺北市南港區成福路171巷30號",
        "lng": 121.58908372252644,
        "lat": 25.041523129187514,
        "osm_query": "臺北市南港區成福路",
        "osm_display_name": "成福路, 鴻福里, 南港區, 潭美, 臺北市, 11569, 臺灣",
        "taipei_house_key": "南港區|成福路|171巷||30號"
      },
      "geometry": {
        "type": "Point",
        "coordinates": [
          121.58908372252644,
          25.041523129187514
        ]
      }
    },
    {
      "type": "Feature",
      "properties": {
        "source_row_no": 52,
        "city": "臺北市",
        "normalized_city": "台北市",
        "district": "松山區",
        "vendor_category_code": "6",
        "vendor_category": "物流業",
        "registration_item": "物流營業場所",
        "registration_no": "A-128483484-00002-1",
        "name": "台灣順豐股份有限公司",
        "address": "台北市松山區敦化北路201之18號11樓",
        "company_registration_name": "台灣順豐速運股份有限公司",
        "source_page": 2,
        "point_type": "業者點位",
        "location_method": "OpenStreetMap道路/地名定位",
        "source_count": 256,
        "geocoding_address": "臺北市松山區敦化北路201之18號",
        "lng": 121.55109895032876,
        "lat": 25.062240905518287,
        "osm_query": "臺北市松山區敦化北路",
        "osm_display_name": "敦化北路, 精忠里, 松山區, 下埤頭, 臺北市, 10548, 臺灣"
      },
      "geometry": {
        "type": "Point",
        "coordinates": [
          121.55109895032876,
          25.062240905518287
        ]
      }
    },
    {
      "type": "Feature",
      "properties": {
        "source_row_no": 53,
        "city": "臺北市",
        "normalized_city": "台北市",
        "district": "北投區",
        "vendor_category_code": "6",
        "vendor_category": "物流業",
        "registration_item": "物流營業場所",
        "registration_no": "A-170762591-01036-5",
        "name": "石牌營業所",
        "address": "台北市北投區承德路六段335-2號",
        "company_registration_name": "統一速達股份有限公司",
        "source_page": 2,
        "point_type": "業者點位",
        "location_method": "OpenStreetMap道路/地名定位",
        "source_count": 256,
        "geocoding_address": "臺北市北投區承德路六段335-2號",
        "lng": 121.51172727641043,
        "lat": 25.107365669300133,
        "osm_query": "臺北市北投區承德路六段",
        "osm_display_name": "承德路六段, 建民里, 北投區, 社子, 臺北市, 11290, 臺灣"
      },
      "geometry": {
        "type": "Point",
        "coordinates": [
          121.51172727641043,
          25.107365669300133
        ]
      }
    },
    {
      "type": "Feature",
      "properties": {
        "source_row_no": 54,
        "city": "臺北市",
        "normalized_city": "台北市",
        "district": "中山區",
        "vendor_category_code": "6",
        "vendor_category": "物流業",
        "registration_item": "物流營業場所",
        "registration_no": "A-184278704-00002-0",
        "name": "漢陞聯運股份有限公司",
        "address": "台北市中山區民權東路1段76號5樓",
        "company_registration_name": "漢陞聯運股份有限公司",
        "source_page": 2,
        "point_type": "業者點位",
        "location_method": "OpenStreetMap道路/地名定位",
        "source_count": 256,
        "geocoding_address": "臺北市中山區民權東路1段76號",
        "lng": 121.52422963391454,
        "lat": 25.062583705824313,
        "osm_query": "臺北市中山區民權東路1段",
        "osm_display_name": "民權東路一段, 恆安里, 中山區, 雙連, 臺北市, 104029, 臺灣"
      },
      "geometry": {
        "type": "Point",
        "coordinates": [
          121.52422963391454,
          25.062583705824313
        ]
      }
    },
    {
      "type": "Feature",
      "properties": {
        "source_row_no": 55,
        "city": "臺北市",
        "normalized_city": "台北市",
        "district": "內湖區",
        "vendor_category_code": "6",
        "vendor_category": "物流業",
        "registration_item": "物流營業場所",
        "registration_no": "A-155847754-00008-1",
        "name": "艾斯奇餐飲",
        "address": "台北市內湖區瑞光路210號10樓",
        "company_registration_name": "艾斯奇餐飲股份有限公司",
        "source_page": 2,
        "point_type": "業者點位",
        "location_method": "臺北市門牌位置數值資料",
        "source_count": 256,
        "geocoding_address": "臺北市內湖區瑞光路210號",
        "lng": 121.5763180622298,
        "lat": 25.075200422176984,
        "osm_query": "臺北市內湖區瑞光路",
        "osm_display_name": "瑞光路, 寶湖里, 內湖區, 潭美, 臺北市, 114062, 臺灣",
        "taipei_house_key": "內湖區|瑞光路|||210號"
      },
      "geometry": {
        "type": "Point",
        "coordinates": [
          121.5763180622298,
          25.075200422176984
        ]
      }
    },
    {
      "type": "Feature",
      "properties": {
        "source_row_no": 56,
        "city": "臺北市",
        "normalized_city": "台北市",
        "district": "北投區",
        "vendor_category_code": "6",
        "vendor_category": "物流業",
        "registration_item": "物流營業場所",
        "registration_no": "A-170762591-01039-8",
        "name": "士林營業所",
        "address": "台北市北投區承德路六段335-2號",
        "company_registration_name": "統一速達股份有限公司",
        "source_page": 2,
        "point_type": "業者點位",
        "location_method": "OpenStreetMap道路/地名定位",
        "source_count": 256,
        "geocoding_address": "臺北市北投區承德路六段335-2號",
        "lng": 121.51189381969098,
        "lat": 25.107181351103307,
        "osm_query": "臺北市北投區承德路六段",
        "osm_display_name": "承德路六段, 建民里, 北投區, 社子, 臺北市, 11290, 臺灣"
      },
      "geometry": {
        "type": "Point",
        "coordinates": [
          121.51189381969098,
          25.107181351103307
        ]
      }
    },
    {
      "type": "Feature",
      "properties": {
        "source_row_no": 57,
        "city": "臺北市",
        "normalized_city": "台北市",
        "district": "萬華區",
        "vendor_category_code": "6",
        "vendor_category": "物流業",
        "registration_item": "物流營業場所",
        "registration_no": "A-170762591-01022-0",
        "name": "環南營業所",
        "address": "台北市萬華區環河南路三段159號",
        "company_registration_name": "統一速達股份有限公司",
        "source_page": 2,
        "point_type": "業者點位",
        "location_method": "臺北市門牌位置數值資料",
        "source_count": 256,
        "geocoding_address": "臺北市萬華區環河南路三段159號",
        "lng": 121.49166408047023,
        "lat": 25.022917769353857,
        "osm_query": "臺北市萬華區環河南路三段",
        "osm_display_name": "環河南路三段, 銘德里, 萬華區, 西園, 臺北市, 108039, 臺灣",
        "taipei_house_key": "萬華區|環河南路三段|||159號"
      },
      "geometry": {
        "type": "Point",
        "coordinates": [
          121.49166408047023,
          25.022917769353857
        ]
      }
    },
    {
      "type": "Feature",
      "properties": {
        "source_row_no": 58,
        "city": "臺北市",
        "normalized_city": "台北市",
        "district": "士林區",
        "vendor_category_code": "6",
        "vendor_category": "物流業",
        "registration_item": "物流營業場所",
        "registration_no": "A-180660806-00003-5",
        "name": "永茗酒業有限公司",
        "address": "台北市士林區德行東路363號1樓",
        "company_registration_name": "永茗酒業有限公司",
        "source_page": 2,
        "point_type": "業者點位",
        "location_method": "臺北市門牌位置數值資料",
        "source_count": 256,
        "geocoding_address": "臺北市士林區德行東路363號",
        "lng": 121.53881844639841,
        "lat": 25.110594913393328,
        "osm_query": "臺北市士林區德行東路",
        "osm_display_name": "德行東路, 忠誠里, 士林區, 蘭雅, 臺北市, 111020, 臺灣",
        "taipei_house_key": "士林區|德行東路|||363號"
      },
      "geometry": {
        "type": "Point",
        "coordinates": [
          121.53881844639841,
          25.110594913393328
        ]
      }
    },
    {
      "type": "Feature",
      "properties": {
        "source_row_no": 59,
        "city": "臺北市",
        "normalized_city": "台北市",
        "district": "松山區",
        "vendor_category_code": "6",
        "vendor_category": "物流業",
        "registration_item": "物流營業場所",
        "registration_no": "A-170762591-01021-9",
        "name": "東松山營業所",
        "address": "台北市松山區八德路四段245巷32弄17號",
        "company_registration_name": "統一速達股份有限公司",
        "source_page": 2,
        "point_type": "業者點位",
        "location_method": "臺北市門牌位置數值資料",
        "source_count": 256,
        "geocoding_address": "臺北市松山區八德路四段245巷32弄17號",
        "osm_query": "八德路四段 松山區 臺北市",
        "osm_display_name": "八德路四段, 慈祐里, 松山區, 潭美, 臺北市, 10567, 臺灣",
        "lng": 121.56399457227806,
        "lat": 25.049873485621628,
        "taipei_house_key": "松山區|八德路四段|245巷|32弄|17號"
      },
      "geometry": {
        "type": "Point",
        "coordinates": [
          121.56399457227806,
          25.049873485621628
        ]
      }
    },
    {
      "type": "Feature",
      "properties": {
        "source_row_no": 60,
        "city": "臺北市",
        "normalized_city": "台北市",
        "district": "中山區",
        "vendor_category_code": "6",
        "vendor_category": "物流業",
        "registration_item": "物流營業場所",
        "registration_no": "A-127952966-00058-7",
        "name": "誠品生活建北辦公室",
        "address": "台北市中山區建國北路二段135-137號B1",
        "company_registration_name": "誠品生活股份有限公司",
        "source_page": 2,
        "point_type": "業者點位",
        "location_method": "OpenStreetMap道路/地名定位",
        "source_count": 256,
        "geocoding_address": "臺北市中山區建國北路二段135-137號B1",
        "lng": 121.53667661941508,
        "lat": 25.056137670775996,
        "osm_query": "臺北市中山區建國北路二段",
        "osm_display_name": "建國北路二段, 中央里, 中山區, 朱厝崙, 臺北市, 10491, 臺灣"
      },
      "geometry": {
        "type": "Point",
        "coordinates": [
          121.53667661941508,
          25.056137670775996
        ]
      }
    },
    {
      "type": "Feature",
      "properties": {
        "source_row_no": 61,
        "city": "臺北市",
        "normalized_city": "台北市",
        "district": "中山區",
        "vendor_category_code": "6",
        "vendor_category": "物流業",
        "registration_item": "物流營業場所",
        "registration_no": "A-170762591-01040-0",
        "name": "松江營業所",
        "address": "台北市中山區渭水路52號",
        "company_registration_name": "統一速達股份有限公司",
        "source_page": 2,
        "point_type": "業者點位",
        "location_method": "臺北市門牌位置數值資料",
        "source_count": 256,
        "geocoding_address": "臺北市中山區渭水路52號",
        "lng": 121.53489700732362,
        "lat": 25.045558305104993,
        "osm_query": "臺北市中山區渭水路",
        "osm_display_name": "渭水路, 朱園里, 中山區, 朱厝崙, 臺北市, 10455, 臺灣",
        "taipei_house_key": "中山區|渭水路|||52號"
      },
      "geometry": {
        "type": "Point",
        "coordinates": [
          121.53489700732362,
          25.045558305104993
        ]
      }
    },
    {
      "type": "Feature",
      "properties": {
        "source_row_no": 62,
        "city": "臺北市",
        "normalized_city": "台北市",
        "district": "士林區",
        "vendor_category_code": "6",
        "vendor_category": "物流業",
        "registration_item": "物流營業場所",
        "registration_no": "A-124543567-00001-5",
        "name": "立邁實業有限公司",
        "address": "台北市士林區德行東路365巷21號1樓",
        "company_registration_name": "立邁實業有限公司",
        "source_page": 2,
        "point_type": "業者點位",
        "location_method": "臺北市門牌位置數值資料",
        "source_count": 256,
        "geocoding_address": "臺北市士林區德行東路365巷21號",
        "lng": 121.53863785717294,
        "lat": 25.11154292061498,
        "osm_query": "臺北市士林區德行東路",
        "osm_display_name": "德行東路, 忠誠里, 士林區, 蘭雅, 臺北市, 111020, 臺灣",
        "taipei_house_key": "士林區|德行東路|365巷||21號"
      },
      "geometry": {
        "type": "Point",
        "coordinates": [
          121.53863785717294,
          25.11154292061498
        ]
      }
    },
    {
      "type": "Feature",
      "properties": {
        "source_row_no": 63,
        "city": "臺北市",
        "normalized_city": "台北市",
        "district": "北投區",
        "vendor_category_code": "6",
        "vendor_category": "物流業",
        "registration_item": "物流營業場所",
        "registration_no": "A-116318685-00002-8",
        "name": "鶴康國際實業有限公司",
        "address": "台北市北投區裕民六路110號9樓",
        "company_registration_name": "鶴康國際實業有限公司",
        "source_page": 2,
        "point_type": "業者點位",
        "location_method": "臺北市門牌位置數值資料",
        "source_count": 256,
        "geocoding_address": "臺北市北投區裕民六路110號",
        "lng": 121.51753837597529,
        "lat": 25.114221152778395,
        "osm_query": "臺北市北投區裕民六路",
        "osm_display_name": "台北市第五信用合作社, 132;136, 裕民六路, 石牌市場, 裕民里, 北投區, 蘭雅, 臺北市, 112042, 臺灣",
        "taipei_house_key": "北投區|裕民六路|||110號"
      },
      "geometry": {
        "type": "Point",
        "coordinates": [
          121.51753837597529,
          25.114221152778395
        ]
      }
    },
    {
      "type": "Feature",
      "properties": {
        "source_row_no": 64,
        "city": "臺北市",
        "normalized_city": "台北市",
        "district": "士林區",
        "vendor_category_code": "6",
        "vendor_category": "物流業",
        "registration_item": "物流營業場所",
        "registration_no": "A-153729654-00005-4",
        "name": "社子倉庫",
        "address": "台北市士林區延平北路七段186號1樓",
        "company_registration_name": "鮮采實業有限公司",
        "source_page": 2,
        "point_type": "業者點位",
        "location_method": "OpenStreetMap道路/地名定位",
        "source_count": 256,
        "geocoding_address": "臺北市士林區延平北路七段186號",
        "lng": 121.49013866941719,
        "lat": 25.10058822531381,
        "osm_query": "臺北市士林區延平北路七段",
        "osm_display_name": "延平北路七段, 福安里, 士林區, 臺北市, 241083, 臺灣"
      },
      "geometry": {
        "type": "Point",
        "coordinates": [
          121.49013866941719,
          25.10058822531381
        ]
      }
    },
    {
      "type": "Feature",
      "properties": {
        "source_row_no": 65,
        "city": "臺北市",
        "normalized_city": "台北市",
        "district": "松山區",
        "vendor_category_code": "6",
        "vendor_category": "物流業",
        "registration_item": "物流營業場所",
        "registration_no": "A-189305309-00002-7",
        "name": "國昌貨運股份有限公司",
        "address": "台北市松山區南京東路5段336號7樓之4",
        "company_registration_name": "國昌貨運股份有限公司",
        "source_page": 2,
        "point_type": "業者點位",
        "location_method": "OpenStreetMap道路/地名定位",
        "source_count": 256,
        "geocoding_address": "臺北市松山區南京東路5段336號",
        "lng": 121.56226467617121,
        "lat": 25.051276871297798,
        "osm_query": "臺北市松山區南京東路5段",
        "osm_display_name": "南京東路五段, 吉祥里, 松山區, 臺北市, 10561, 臺灣"
      },
      "geometry": {
        "type": "Point",
        "coordinates": [
          121.56226467617121,
          25.051276871297798
        ]
      }
    },
    {
      "type": "Feature",
      "properties": {
        "source_row_no": 66,
        "city": "臺北市",
        "normalized_city": "台北市",
        "district": "中山區",
        "vendor_category_code": "6",
        "vendor_category": "物流業",
        "registration_item": "物流營業場所",
        "registration_no": "A-100155773-00001-7",
        "name": "第三方物流業者倉儲",
        "address": "台北市中山區長安東路2段169號5樓",
        "company_registration_name": "卡迪食品有限公司",
        "source_page": 2,
        "point_type": "業者點位",
        "location_method": "OpenStreetMap道路/地名定位",
        "source_count": 256,
        "geocoding_address": "臺北市中山區長安東路2段169號",
        "lng": 121.52972443838574,
        "lat": 25.04821648950384,
        "osm_query": "臺北市中山區長安東路2段",
        "osm_display_name": "長安東路二段, 興亞里, 中山區, 華山, 臺北市, 10456, 臺灣"
      },
      "geometry": {
        "type": "Point",
        "coordinates": [
          121.52972443838574,
          25.04821648950384
        ]
      }
    },
    {
      "type": "Feature",
      "properties": {
        "source_row_no": 67,
        "city": "臺北市",
        "normalized_city": "台北市",
        "district": "文山區",
        "vendor_category_code": "6",
        "vendor_category": "物流業",
        "registration_item": "物流營業場所",
        "registration_no": "A-129176127-00002-5",
        "name": "亞洲物流總公司",
        "address": "台北市文山區羅斯福路六段142巷13號",
        "company_registration_name": "亞洲智慧物流股份有限公司",
        "source_page": 2,
        "point_type": "業者點位",
        "location_method": "臺北市門牌位置數值資料",
        "source_count": 256,
        "geocoding_address": "臺北市文山區羅斯福路六段142巷13號",
        "lng": 121.53755290781774,
        "lat": 24.9975025571269,
        "osm_query": "臺北市文山區羅斯福路六段",
        "osm_display_name": "滬江中學, 336, 羅斯福路六段, 景美里, 文山區, 臺北市, 11674, 臺灣",
        "taipei_house_key": "文山區|羅斯福路六段|142巷||13號"
      },
      "geometry": {
        "type": "Point",
        "coordinates": [
          121.53755290781774,
          24.9975025571269
        ]
      }
    },
    {
      "type": "Feature",
      "properties": {
        "source_row_no": 68,
        "city": "臺北市",
        "normalized_city": "台北市",
        "district": "萬華區",
        "vendor_category_code": "6",
        "vendor_category": "物流業",
        "registration_item": "物流營業場所",
        "registration_no": "A-148946414-00001-9",
        "name": "台北農產運銷有限公司",
        "address": "台北市萬華區萬大路533號",
        "company_registration_name": "精奇商行",
        "source_page": 2,
        "point_type": "業者點位",
        "location_method": "臺北市門牌位置數值資料",
        "source_count": 256,
        "geocoding_address": "臺北市萬華區萬大路533號",
        "lng": 121.49713199522044,
        "lat": 25.018499829728977,
        "osm_query": "臺北市萬華區萬大路",
        "osm_display_name": "萬大路, 新安里, 萬華區, 東園, 臺北市, 108032, 臺灣",
        "taipei_house_key": "萬華區|萬大路|||533號"
      },
      "geometry": {
        "type": "Point",
        "coordinates": [
          121.49713199522044,
          25.018499829728977
        ]
      }
    },
    {
      "type": "Feature",
      "properties": {
        "source_row_no": 69,
        "city": "臺北市",
        "normalized_city": "台北市",
        "district": "松山區",
        "vendor_category_code": "6",
        "vendor_category": "物流業",
        "registration_item": "物流營業場所",
        "registration_no": "A-183260641-00002-0",
        "name": "史登有限公司",
        "address": "台北市松山區撫遠街249巷2號1樓",
        "company_registration_name": "雙生光國際有限公司",
        "source_page": 2,
        "point_type": "業者點位",
        "location_method": "臺北市門牌位置數值資料",
        "source_count": 256,
        "geocoding_address": "臺北市松山區撫遠街249巷2號",
        "lng": 121.5677709129996,
        "lat": 25.060452890334872,
        "osm_query": "臺北市松山區撫遠街",
        "osm_display_name": "撫遠街, 水族街, 新益里, 松山區, 下塔悠, 臺北市, 10591, 臺灣",
        "taipei_house_key": "松山區|撫遠街|249巷||2號"
      },
      "geometry": {
        "type": "Point",
        "coordinates": [
          121.5677709129996,
          25.060452890334872
        ]
      }
    },
    {
      "type": "Feature",
      "properties": {
        "source_row_no": 70,
        "city": "臺北市",
        "normalized_city": "台北市",
        "district": "內湖區",
        "vendor_category_code": "6",
        "vendor_category": "物流業",
        "registration_item": "物流營業場所",
        "registration_no": "A-170762591-01033-2",
        "name": "西內湖營業所",
        "address": "台北市內湖區安康路32巷24弄8號",
        "company_registration_name": "統一速達股份有限公司",
        "source_page": 2,
        "point_type": "業者點位",
        "location_method": "臺北市門牌位置數值資料",
        "source_count": 256,
        "geocoding_address": "臺北市內湖區安康路32巷24弄8號",
        "lng": 121.59458800680287,
        "lat": 25.06178500393871,
        "osm_query": "臺北市內湖區安康路",
        "osm_display_name": "安康路, 蘆洲里, 內湖區, 五分, 臺北市, 11484, 臺灣",
        "taipei_house_key": "內湖區|安康路|32巷|24弄|8號"
      },
      "geometry": {
        "type": "Point",
        "coordinates": [
          121.59458800680287,
          25.06178500393871
        ]
      }
    },
    {
      "type": "Feature",
      "properties": {
        "source_row_no": 71,
        "city": "臺北市",
        "normalized_city": "台北市",
        "district": "信義區",
        "vendor_category_code": "6",
        "vendor_category": "物流業",
        "registration_item": "物流營業場所",
        "registration_no": "A-190286245-00003-7",
        "name": "台北101-35樓",
        "address": "台北市信義區信義路五段7號35樓",
        "company_registration_name": "初茶弁飯科技股份有限公司",
        "source_page": 2,
        "point_type": "業者點位",
        "location_method": "臺北市門牌位置數值資料",
        "source_count": 256,
        "geocoding_address": "臺北市信義區信義路五段7號",
        "lng": 121.56478963684691,
        "lat": 25.033416694652388,
        "osm_query": "臺北市信義區信義路五段",
        "osm_display_name": "松勤街, 景新里, 信義區, 三張犁, 臺北市, 110615, 臺灣",
        "taipei_house_key": "信義區|信義路五段|||7號"
      },
      "geometry": {
        "type": "Point",
        "coordinates": [
          121.56478963684691,
          25.033416694652388
        ]
      }
    },
    {
      "type": "Feature",
      "properties": {
        "source_row_no": 72,
        "city": "臺北市",
        "normalized_city": "台北市",
        "district": "中山區",
        "vendor_category_code": "6",
        "vendor_category": "物流業",
        "registration_item": "物流營業場所",
        "registration_no": "A-180685291-00001-8",
        "name": "十二籃搬家貨運有限公司",
        "address": "台北市中山區松江路206號8樓之4",
        "company_registration_name": "十二籃搬家貨運股份有限公司",
        "source_page": 2,
        "point_type": "業者點位",
        "location_method": "臺北市門牌位置數值資料",
        "source_count": 256,
        "geocoding_address": "臺北市中山區松江路206號",
        "lng": 121.53290721175394,
        "lat": 25.057535913385678,
        "osm_query": "臺北市中山區松江路",
        "osm_display_name": "松江路, 中央里, 中山區, 朱厝崙, 臺北市, 10485, 臺灣",
        "taipei_house_key": "中山區|松江路|||206號"
      },
      "geometry": {
        "type": "Point",
        "coordinates": [
          121.53290721175394,
          25.057535913385678
        ]
      }
    },
    {
      "type": "Feature",
      "properties": {
        "source_row_no": 73,
        "city": "臺北市",
        "normalized_city": "台北市",
        "district": "大同區",
        "vendor_category_code": "6",
        "vendor_category": "物流業",
        "registration_item": "物流營業場所",
        "registration_no": "A-200138664-00002-9",
        "name": "牛窟",
        "address": "台北市大同區歸綏街127號",
        "company_registration_name": "牛窟小吃店",
        "source_page": 2,
        "point_type": "業者點位",
        "location_method": "臺北市門牌位置數值資料",
        "source_count": 256,
        "geocoding_address": "臺北市大同區歸綏街127號",
        "lng": 121.5154589452318,
        "lat": 25.05854530246893,
        "osm_query": "臺北市大同區歸綏街",
        "osm_display_name": "歸綏街, 雙連里, 大同區, 雙連, 臺北市, 103324, 臺灣",
        "taipei_house_key": "大同區|歸綏街|||127號"
      },
      "geometry": {
        "type": "Point",
        "coordinates": [
          121.5154589452318,
          25.05854530246893
        ]
      }
    },
    {
      "type": "Feature",
      "properties": {
        "source_row_no": 74,
        "city": "臺北市",
        "normalized_city": "台北市",
        "district": "萬華區",
        "vendor_category_code": "6",
        "vendor_category": "物流業",
        "registration_item": "物流營業場所",
        "registration_no": "A-170762591-01023-1",
        "name": "西門營業所",
        "address": "台北市萬華區峨眉街127號",
        "company_registration_name": "統一速達股份有限公司",
        "source_page": 2,
        "point_type": "業者點位",
        "location_method": "臺北市門牌位置數值資料",
        "source_count": 256,
        "geocoding_address": "臺北市萬華區峨眉街127號",
        "lng": 121.50235081267945,
        "lat": 25.044698914984917,
        "osm_query": "臺北市萬華區峨眉街",
        "osm_display_name": "峨眉街, 西門里, 萬華區, 艋舺, 臺北市, 10843, 臺灣",
        "taipei_house_key": "萬華區|峨眉街|||127號"
      },
      "geometry": {
        "type": "Point",
        "coordinates": [
          121.50235081267945,
          25.044698914984917
        ]
      }
    },
    {
      "type": "Feature",
      "properties": {
        "source_row_no": 75,
        "city": "臺北市",
        "normalized_city": "台北市",
        "district": "內湖區",
        "vendor_category_code": "6",
        "vendor_category": "物流業",
        "registration_item": "物流營業場所",
        "registration_no": "A-180273072-00001-8",
        "name": "增鴻科技國際(股)",
        "address": "台北市內湖區瑞光路583巷26號6樓之1",
        "company_registration_name": "增鴻科技國際股份有限公司",
        "source_page": 2,
        "point_type": "業者點位",
        "location_method": "臺北市門牌位置數值資料",
        "source_count": 256,
        "geocoding_address": "臺北市內湖區瑞光路583巷26號",
        "lng": 121.56820847899719,
        "lat": 25.08064140857454,
        "osm_query": "臺北市內湖區瑞光路",
        "osm_display_name": "瑞光路, 寶湖里, 內湖區, 潭美, 臺北市, 114062, 臺灣",
        "taipei_house_key": "內湖區|瑞光路|583巷||26號"
      },
      "geometry": {
        "type": "Point",
        "coordinates": [
          121.56820847899719,
          25.08064140857454
        ]
      }
    },
    {
      "type": "Feature",
      "properties": {
        "source_row_no": 76,
        "city": "臺北市",
        "normalized_city": "台北市",
        "district": "萬華區",
        "vendor_category_code": "6",
        "vendor_category": "物流業",
        "registration_item": "物流營業場所",
        "registration_no": "A-170762591-01024-2",
        "name": "萬華營業所",
        "address": "台北市萬華區西藏路430號",
        "company_registration_name": "統一速達股份有限公司",
        "source_page": 2,
        "point_type": "業者點位",
        "location_method": "OpenStreetMap道路/地名定位",
        "source_count": 256,
        "geocoding_address": "臺北市萬華區西藏路430號",
        "lng": 121.50251039442941,
        "lat": 25.029729334500377,
        "osm_query": "臺北市萬華區西藏路",
        "osm_display_name": "西藏路, 頂碩里, 萬華區, 下崁, 臺北市, 108030, 臺灣"
      },
      "geometry": {
        "type": "Point",
        "coordinates": [
          121.50251039442941,
          25.029729334500377
        ]
      }
    },
    {
      "type": "Feature",
      "properties": {
        "source_row_no": 77,
        "city": "臺北市",
        "normalized_city": "台北市",
        "district": "士林區",
        "vendor_category_code": "6",
        "vendor_category": "物流業",
        "registration_item": "物流營業場所",
        "registration_no": "A-200180393-00001-4",
        "name": "台北站所",
        "address": "台北市士林區延平北路八段2巷178-2號",
        "company_registration_name": "長快物流有限公司",
        "source_page": 2,
        "point_type": "業者點位",
        "location_method": "OpenStreetMap道路/地名定位",
        "source_count": 256,
        "geocoding_address": "臺北市士林區延平北路八段2巷178-2號",
        "lng": 121.4831196218607,
        "lat": 25.105639200107735,
        "osm_query": "臺北市士林區延平北路八段",
        "osm_display_name": "延平北路八段, 富洲里, 士林區, 臺北市, 11174, 臺灣"
      },
      "geometry": {
        "type": "Point",
        "coordinates": [
          121.4831196218607,
          25.105639200107735
        ]
      }
    },
    {
      "type": "Feature",
      "properties": {
        "source_row_no": 78,
        "city": "臺北市",
        "normalized_city": "台北市",
        "district": "南港區",
        "vendor_category_code": "6",
        "vendor_category": "物流業",
        "registration_item": "物流營業場所",
        "registration_no": "A-122163415-00001-3",
        "name": "義達包裝",
        "address": "台北市南港區重陽路335號1樓",
        "company_registration_name": "義達包裝實業有限公司",
        "source_page": 2,
        "point_type": "業者點位",
        "location_method": "臺北市門牌位置數值資料",
        "source_count": 256,
        "geocoding_address": "臺北市南港區重陽路335號",
        "lng": 121.60620499696417,
        "lat": 25.05818205761604,
        "osm_query": "臺北市南港區重陽路",
        "osm_display_name": "重陽路, 南港里, 南港區, 三重埔, 臺北市, 11560, 臺灣",
        "taipei_house_key": "南港區|重陽路|||335號"
      },
      "geometry": {
        "type": "Point",
        "coordinates": [
          121.60620499696417,
          25.05818205761604
        ]
      }
    },
    {
      "type": "Feature",
      "properties": {
        "source_row_no": 79,
        "city": "臺北市",
        "normalized_city": "台北市",
        "district": "南港區",
        "vendor_category_code": "6",
        "vendor_category": "物流業",
        "registration_item": "物流營業場所",
        "registration_no": "A-170762591-01030-9",
        "name": "大道營業所",
        "address": "台北市南港區重陽路237號",
        "company_registration_name": "統一速達股份有限公司",
        "source_page": 2,
        "point_type": "業者點位",
        "location_method": "臺北市門牌位置數值資料",
        "source_count": 256,
        "geocoding_address": "臺北市南港區重陽路237號",
        "lng": 121.60257302254129,
        "lat": 25.057850797842892,
        "osm_query": "臺北市南港區重陽路",
        "osm_display_name": "重陽路, 南港里, 南港區, 三重埔, 臺北市, 11560, 臺灣",
        "taipei_house_key": "南港區|重陽路|||237號"
      },
      "geometry": {
        "type": "Point",
        "coordinates": [
          121.60257302254129,
          25.057850797842892
        ]
      }
    },
    {
      "type": "Feature",
      "properties": {
        "source_row_no": 80,
        "city": "臺北市",
        "normalized_city": "台北市",
        "district": "松山區",
        "vendor_category_code": "6",
        "vendor_category": "物流業",
        "registration_item": "物流營業場所",
        "registration_no": "A-278957465-00001-1",
        "name": "台北市松山區南京東路5段336號7樓之4",
        "address": "台北市松山區南京東路5段336號7樓之4",
        "company_registration_name": "吉樺貨運交通有限公司",
        "source_page": 2,
        "point_type": "業者點位",
        "location_method": "OpenStreetMap道路/地名定位",
        "source_count": 256,
        "geocoding_address": "臺北市松山區南京東路5段336號",
        "lng": 121.56227988163637,
        "lat": 25.051167698685017,
        "osm_query": "臺北市松山區南京東路5段",
        "osm_display_name": "南京東路五段, 吉祥里, 松山區, 臺北市, 10561, 臺灣"
      },
      "geometry": {
        "type": "Point",
        "coordinates": [
          121.56227988163637,
          25.051167698685017
        ]
      }
    },
    {
      "type": "Feature",
      "properties": {
        "source_row_no": 81,
        "city": "臺北市",
        "normalized_city": "台北市",
        "district": "內湖區",
        "vendor_category_code": "6",
        "vendor_category": "物流業",
        "registration_item": "物流營業場所",
        "registration_no": "A-156701026-00002-7",
        "name": "得連物流股份有限公司",
        "address": "台北市內湖區潭美街583號2樓",
        "company_registration_name": "得連物流股份有限公司",
        "source_page": 3,
        "point_type": "業者點位",
        "location_method": "臺北市門牌位置數值資料",
        "source_count": 256,
        "geocoding_address": "臺北市內湖區潭美街583號",
        "lng": 121.60287651497129,
        "lat": 25.06129891943463,
        "osm_query": "臺北市內湖區潭美街",
        "osm_display_name": "潭美街, 蘆洲里, 內湖區, 五分, 臺北市, 11503, 臺灣",
        "taipei_house_key": "內湖區|潭美街|||583號"
      },
      "geometry": {
        "type": "Point",
        "coordinates": [
          121.60287651497129,
          25.06129891943463
        ]
      }
    },
    {
      "type": "Feature",
      "properties": {
        "source_row_no": 82,
        "city": "臺北市",
        "normalized_city": "台北市",
        "district": "大同區",
        "vendor_category_code": "6",
        "vendor_category": "物流業",
        "registration_item": "物流營業場所",
        "registration_no": "A-170762591-01025-3",
        "name": "華陰營業所",
        "address": "台北市大同區華陰街15號",
        "company_registration_name": "統一速達股份有限公司",
        "source_page": 3,
        "point_type": "業者點位",
        "location_method": "OpenStreetMap道路/地名定位",
        "source_count": 256,
        "geocoding_address": "臺北市大同區華陰街15號",
        "lng": 121.51714059526624,
        "lat": 25.04967875904376,
        "osm_query": "臺北市大同區華陰街",
        "osm_display_name": "華陰街, 飾品街, 建明里, 大同區, 後車頭, 臺北市, 10349, 臺灣"
      },
      "geometry": {
        "type": "Point",
        "coordinates": [
          121.51714059526624,
          25.04967875904376
        ]
      }
    },
    {
      "type": "Feature",
      "properties": {
        "source_row_no": 83,
        "city": "臺北市",
        "normalized_city": "台北市",
        "district": "南港區",
        "vendor_category_code": "6",
        "vendor_category": "物流業",
        "registration_item": "物流營業場所",
        "registration_no": "A-113466368-00001-6",
        "name": "宜倫商行",
        "address": "台北市南港區南港路一段263號",
        "company_registration_name": "宜倫商行",
        "source_page": 3,
        "point_type": "業者點位",
        "location_method": "臺北市門牌位置數值資料",
        "source_count": 256,
        "geocoding_address": "臺北市南港區南港路一段263號",
        "lng": 121.6096626747413,
        "lat": 25.054721443160915,
        "osm_query": "臺北市南港區南港路一段",
        "osm_display_name": "南港路一段, 三重里, 南港區, 三重埔, 臺北市, 11568, 臺灣",
        "taipei_house_key": "南港區|南港路一段|||263號"
      },
      "geometry": {
        "type": "Point",
        "coordinates": [
          121.6096626747413,
          25.054721443160915
        ]
      }
    },
    {
      "type": "Feature",
      "properties": {
        "source_row_no": 84,
        "city": "臺北市",
        "normalized_city": "台北市",
        "district": "萬華區",
        "vendor_category_code": "6",
        "vendor_category": "物流業",
        "registration_item": "物流營業場所",
        "registration_no": "A-181646846-00002-3",
        "name": "庫房",
        "address": "台北市萬華區環河南路三段89號1樓",
        "company_registration_name": "葉貿號",
        "source_page": 3,
        "point_type": "業者點位",
        "location_method": "臺北市門牌位置數值資料",
        "source_count": 256,
        "geocoding_address": "臺北市萬華區環河南路三段89號",
        "lng": 121.49060308088859,
        "lat": 25.025254057985638,
        "osm_query": "臺北市萬華區環河南路三段",
        "osm_display_name": "環河南路三段, 銘德里, 萬華區, 西園, 臺北市, 108039, 臺灣",
        "taipei_house_key": "萬華區|環河南路三段|||89號"
      },
      "geometry": {
        "type": "Point",
        "coordinates": [
          121.49060308088859,
          25.025254057985638
        ]
      }
    },
    {
      "type": "Feature",
      "properties": {
        "source_row_no": 85,
        "city": "臺北市",
        "normalized_city": "台北市",
        "district": "內湖區",
        "vendor_category_code": "6",
        "vendor_category": "物流業",
        "registration_item": "物流營業場所",
        "registration_no": "A-111832971-00001-1",
        "name": "台灣德迅國際運輸股份有限公司",
        "address": "台北市內湖區內湖路1段246號10樓",
        "company_registration_name": "台灣德迅國際運輸股份有限公司",
        "source_page": 3,
        "point_type": "業者點位",
        "location_method": "OpenStreetMap道路/地名定位",
        "source_count": 256,
        "geocoding_address": "臺北市內湖區內湖路1段246號",
        "lng": 121.5623489873992,
        "lat": 25.083981346949283,
        "osm_query": "臺北市內湖區內湖路1段",
        "osm_display_name": "內湖路一段, 西康里, 內湖區, 下塔悠, 臺北市, 11442, 臺灣"
      },
      "geometry": {
        "type": "Point",
        "coordinates": [
          121.5623489873992,
          25.083981346949283
        ]
      }
    },
    {
      "type": "Feature",
      "properties": {
        "source_row_no": 86,
        "city": "臺北市",
        "normalized_city": "台北市",
        "district": "士林區",
        "vendor_category_code": "6",
        "vendor_category": "物流業",
        "registration_item": "物流營業場所",
        "registration_no": "A-127316170-00001-6",
        "name": "以樂搬家貨運有限公司",
        "address": "台北市士林區通河西街2段24號3樓",
        "company_registration_name": "以樂搬家貨運股份有限公司",
        "source_page": 3,
        "point_type": "業者點位",
        "location_method": "OpenStreetMap道路/地名定位",
        "source_count": 256,
        "geocoding_address": "臺北市士林區通河西街2段24號",
        "lng": 121.50615105117554,
        "lat": 25.09330171530092,
        "osm_query": "臺北市士林區通河西街2段",
        "osm_display_name": "通河西街二段, 社園里, 士林區, 社子, 臺北市, 111075, 臺灣"
      },
      "geometry": {
        "type": "Point",
        "coordinates": [
          121.50615105117554,
          25.09330171530092
        ]
      }
    },
    {
      "type": "Feature",
      "properties": {
        "source_row_no": 87,
        "city": "臺北市",
        "normalized_city": "台北市",
        "district": "大安區",
        "vendor_category_code": "6",
        "vendor_category": "物流業",
        "registration_item": "物流營業場所",
        "registration_no": "A-100191124-00002-8",
        "name": "茂林",
        "address": "台北市大安區敦化南路2段77號9樓之1",
        "company_registration_name": "茂林國際有限公司",
        "source_page": 3,
        "point_type": "業者點位",
        "location_method": "OpenStreetMap道路/地名定位",
        "source_count": 256,
        "geocoding_address": "臺北市大安區敦化南路2段77號",
        "lng": 121.54900757551064,
        "lat": 25.025085494786207,
        "osm_query": "臺北市大安區敦化南路2段",
        "osm_display_name": "敦化南路二段, 群賢里, 大安區, 六張犁, 臺北市, 106033, 臺灣"
      },
      "geometry": {
        "type": "Point",
        "coordinates": [
          121.54900757551064,
          25.025085494786207
        ]
      }
    },
    {
      "type": "Feature",
      "properties": {
        "source_row_no": 88,
        "city": "臺北市",
        "normalized_city": "台北市",
        "district": "萬華區",
        "vendor_category_code": "6",
        "vendor_category": "物流業",
        "registration_item": "物流營業場所",
        "registration_no": "A-202300362-00002-7",
        "name": "倉庫",
        "address": "台北市萬華區西園路二段281巷6弄28號",
        "company_registration_name": "謙毅國際有限公司",
        "source_page": 3,
        "point_type": "業者點位",
        "location_method": "臺北市門牌位置數值資料",
        "source_count": 256,
        "geocoding_address": "臺北市萬華區西園路二段281巷6弄28號",
        "lng": 121.4913593379073,
        "lat": 25.024211243601112,
        "osm_query": "臺北市萬華區西園路二段",
        "osm_display_name": "西園路二段, 和德里, 萬華區, 西園, 臺北市, 108036, 臺灣",
        "taipei_house_key": "萬華區|西園路二段|281巷|6弄|28號"
      },
      "geometry": {
        "type": "Point",
        "coordinates": [
          121.4913593379073,
          25.024211243601112
        ]
      }
    },
    {
      "type": "Feature",
      "properties": {
        "source_row_no": 89,
        "city": "臺北市",
        "normalized_city": "台北市",
        "district": "松山區",
        "vendor_category_code": "6",
        "vendor_category": "物流業",
        "registration_item": "物流營業場所",
        "registration_no": "A-197212135-00001-9",
        "name": "公司(無物流場所)",
        "address": "台北市松山區光復北路35號5樓",
        "company_registration_name": "小蜂鳥國際物流有限公司",
        "source_page": 3,
        "point_type": "業者點位",
        "location_method": "臺北市門牌位置數值資料",
        "source_count": 256,
        "geocoding_address": "臺北市松山區光復北路35號",
        "lng": 121.55806609972473,
        "lat": 25.049891202501257,
        "osm_query": "臺北市松山區光復北路",
        "osm_display_name": "光復北路, 精忠里, 松山區, 下埤頭, 臺北市, 10576, 臺灣",
        "taipei_house_key": "松山區|光復北路|||35號"
      },
      "geometry": {
        "type": "Point",
        "coordinates": [
          121.55806609972473,
          25.049891202501257
        ]
      }
    },
    {
      "type": "Feature",
      "properties": {
        "source_row_no": 90,
        "city": "臺北市",
        "normalized_city": "台北市",
        "district": "內湖區",
        "vendor_category_code": "6",
        "vendor_category": "物流業",
        "registration_item": "物流營業場所",
        "registration_no": "A-170762591-01032-1",
        "name": "金龍營業所",
        "address": "台北市內湖區環山路二段85號",
        "company_registration_name": "統一速達股份有限公司",
        "source_page": 3,
        "point_type": "業者點位",
        "location_method": "OpenStreetMap道路/地名定位",
        "source_count": 256,
        "geocoding_address": "臺北市內湖區環山路二段85號",
        "lng": 121.57411047685335,
        "lat": 25.085129899109813,
        "osm_query": "臺北市內湖區環山路二段",
        "osm_display_name": "環山路二段, 港華里, 內湖區, 臺北市, 11446, 臺灣"
      },
      "geometry": {
        "type": "Point",
        "coordinates": [
          121.57411047685335,
          25.085129899109813
        ]
      }
    },
    {
      "type": "Feature",
      "properties": {
        "source_row_no": 91,
        "city": "臺北市",
        "normalized_city": "台北市",
        "district": "南港區",
        "vendor_category_code": "6",
        "vendor_category": "物流業",
        "registration_item": "物流營業場所",
        "registration_no": "A-189622136-00002-7",
        "name": "大元氣體有限公司",
        "address": "台北市南港區成福路171巷30號1樓",
        "company_registration_name": "大元氣體有限公司",
        "source_page": 3,
        "point_type": "業者點位",
        "location_method": "臺北市門牌位置數值資料",
        "source_count": 256,
        "geocoding_address": "臺北市南港區成福路171巷30號",
        "lng": 121.58908372252644,
        "lat": 25.041523129187514,
        "osm_query": "臺北市南港區成福路",
        "osm_display_name": "成福路, 鴻福里, 南港區, 潭美, 臺北市, 11569, 臺灣",
        "taipei_house_key": "南港區|成福路|171巷||30號"
      },
      "geometry": {
        "type": "Point",
        "coordinates": [
          121.58908372252644,
          25.041523129187514
        ]
      }
    },
    {
      "type": "Feature",
      "properties": {
        "source_row_no": 92,
        "city": "臺北市",
        "normalized_city": "台北市",
        "district": "大同區",
        "vendor_category_code": "6",
        "vendor_category": "物流業",
        "registration_item": "物流營業場所",
        "registration_no": "A-150900054-00001-2",
        "name": "辦公室",
        "address": "台北市大同區民族西路75巷6弄6號1樓",
        "company_registration_name": "拓久有限公司",
        "source_page": 3,
        "point_type": "業者點位",
        "location_method": "臺北市門牌位置數值資料",
        "source_count": 256,
        "geocoding_address": "臺北市大同區民族西路75巷6弄6號",
        "lng": 121.517758680706,
        "lat": 25.06893417613673,
        "osm_query": "臺北市大同區民族西路",
        "osm_display_name": "民族西路, 國慶里, 大同區, 大龍峒, 臺北市, 10375, 臺灣",
        "taipei_house_key": "大同區|民族西路|75巷|6弄|6號"
      },
      "geometry": {
        "type": "Point",
        "coordinates": [
          121.517758680706,
          25.06893417613673
        ]
      }
    },
    {
      "type": "Feature",
      "properties": {
        "source_row_no": 93,
        "city": "臺北市",
        "normalized_city": "台北市",
        "district": "信義區",
        "vendor_category_code": "6",
        "vendor_category": "物流業",
        "registration_item": "物流營業場所",
        "registration_no": "A-170762591-01031-0",
        "name": "北信義營業所",
        "address": "台北市信義區松信路63號",
        "company_registration_name": "統一速達股份有限公司",
        "source_page": 3,
        "point_type": "業者點位",
        "location_method": "臺北市門牌位置數值資料",
        "source_count": 256,
        "geocoding_address": "臺北市信義區松信路63號",
        "lng": 121.57231577730208,
        "lat": 25.047232311530813,
        "osm_query": "臺北市信義區松信路",
        "osm_display_name": "松信路, 六藝里, 信義區, 興雅, 臺北市, 110072, 臺灣",
        "taipei_house_key": "信義區|松信路|||63號"
      },
      "geometry": {
        "type": "Point",
        "coordinates": [
          121.57231577730208,
          25.047232311530813
        ]
      }
    },
    {
      "type": "Feature",
      "properties": {
        "source_row_no": 94,
        "city": "臺北市",
        "normalized_city": "台北市",
        "district": "中山區",
        "vendor_category_code": "6",
        "vendor_category": "物流業",
        "registration_item": "物流營業場所",
        "registration_no": "A-153732948-00002-1",
        "name": "東方航空貨運承攬有限公司",
        "address": "台北市中山區長春路380號5樓",
        "company_registration_name": "東方航空貨運承攬有限公司",
        "source_page": 3,
        "point_type": "業者點位",
        "location_method": "臺北市門牌位置數值資料",
        "source_count": 256,
        "geocoding_address": "臺北市中山區長春路380號",
        "lng": 121.54329107672679,
        "lat": 25.054457311603112,
        "osm_query": "臺北市中山區長春路",
        "osm_display_name": "長春路, 民安里, 中山區, 南西商圈, 臺北市, 10412, 臺灣",
        "taipei_house_key": "中山區|長春路|||380號"
      },
      "geometry": {
        "type": "Point",
        "coordinates": [
          121.54329107672679,
          25.054457311603112
        ]
      }
    },
    {
      "type": "Feature",
      "properties": {
        "source_row_no": 95,
        "city": "臺北市",
        "normalized_city": "台北市",
        "district": "松山區",
        "vendor_category_code": "6",
        "vendor_category": "物流業",
        "registration_item": "物流營業場所",
        "registration_no": "A-193520152-00001-6",
        "name": "華克台灣有限公司",
        "address": "台北市松山區南京東路3段346之3號4樓",
        "company_registration_name": "華克台灣有限公司",
        "source_page": 3,
        "point_type": "業者點位",
        "location_method": "OpenStreetMap道路/地名定位",
        "source_count": 256,
        "geocoding_address": "臺北市松山區南京東路3段346之3號",
        "lng": 121.54486993044871,
        "lat": 25.051958892523267,
        "osm_query": "臺北市松山區南京東路3段",
        "osm_display_name": "南京東路三段, 中正里, 松山區, 中崙, 臺北市, 105405, 臺灣"
      },
      "geometry": {
        "type": "Point",
        "coordinates": [
          121.54486993044871,
          25.051958892523267
        ]
      }
    },
    {
      "type": "Feature",
      "properties": {
        "source_row_no": 96,
        "city": "臺北市",
        "normalized_city": "台北市",
        "district": "南港區",
        "vendor_category_code": "6",
        "vendor_category": "物流業",
        "registration_item": "物流營業場所",
        "registration_no": "A-197162640-04115-4",
        "name": "45",
        "address": "台北市南港區三重路19之1",
        "company_registration_name": "關貿網路股份有限公司",
        "source_page": 3,
        "point_type": "業者點位",
        "location_method": "臺北市門牌位置數值資料",
        "source_count": 256,
        "geocoding_address": "臺北市南港區三重路19之1",
        "osm_query": "三重路 南港區 臺北市",
        "osm_display_name": "三重路, 三重里, 南港區, 三重埔, 臺北市, 11503, 臺灣",
        "lng": 121.61386612453909,
        "lat": 25.05608098323779,
        "taipei_house_key": "南港區|三重路|||19之1號"
      },
      "geometry": {
        "type": "Point",
        "coordinates": [
          121.61386612453909,
          25.05608098323779
        ]
      }
    },
    {
      "type": "Feature",
      "properties": {
        "source_row_no": 97,
        "city": "臺北市",
        "normalized_city": "台北市",
        "district": "松山區",
        "vendor_category_code": "6",
        "vendor_category": "物流業",
        "registration_item": "物流營業場所",
        "registration_no": "A-170762591-01020-8",
        "name": "東興營業所",
        "address": "台北市松山區八德路四段245巷32弄17號",
        "company_registration_name": "統一速達股份有限公司",
        "source_page": 3,
        "point_type": "業者點位",
        "location_method": "臺北市門牌位置數值資料",
        "source_count": 256,
        "geocoding_address": "臺北市松山區八德路四段245巷32弄17號",
        "osm_query": "八德路四段 松山區 臺北市",
        "osm_display_name": "八德路四段, 慈祐里, 松山區, 潭美, 臺北市, 10567, 臺灣",
        "lng": 121.56399457227806,
        "lat": 25.049873485621628,
        "taipei_house_key": "松山區|八德路四段|245巷|32弄|17號"
      },
      "geometry": {
        "type": "Point",
        "coordinates": [
          121.56399457227806,
          25.049873485621628
        ]
      }
    },
    {
      "type": "Feature",
      "properties": {
        "source_row_no": 98,
        "city": "臺北市",
        "normalized_city": "台北市",
        "district": "內湖區",
        "vendor_category_code": "6",
        "vendor_category": "物流業",
        "registration_item": "物流營業場所",
        "registration_no": "A-170762591-01034-3",
        "name": "東湖營業所",
        "address": "台北市內湖區民權東路六段21巷69號",
        "company_registration_name": "統一速達股份有限公司",
        "source_page": 3,
        "point_type": "業者點位",
        "location_method": "臺北市門牌位置數值資料",
        "source_count": 256,
        "geocoding_address": "臺北市內湖區民權東路六段21巷69號",
        "lng": 121.57978714566441,
        "lat": 25.06963179531681,
        "osm_query": "臺北市內湖區民權東路六段",
        "osm_display_name": "民權東路六段, 湖元里, 內湖區, 下塔悠, 臺北市, 11494, 臺灣",
        "taipei_house_key": "內湖區|民權東路六段|21巷||69號"
      },
      "geometry": {
        "type": "Point",
        "coordinates": [
          121.57978714566441,
          25.06963179531681
        ]
      }
    },
    {
      "type": "Feature",
      "properties": {
        "source_row_no": 99,
        "city": "臺北市",
        "normalized_city": "台北市",
        "district": "南港區",
        "vendor_category_code": "6",
        "vendor_category": "物流業",
        "registration_item": "物流營業場所",
        "registration_no": "A-154325770-00001-2",
        "name": "新達貨運有限公司",
        "address": "台北市南港區南港路3段130巷2弄2號5樓",
        "company_registration_name": "新達貨運有限公司",
        "source_page": 3,
        "point_type": "業者點位",
        "location_method": "OpenStreetMap道路/地名定位",
        "source_count": 256,
        "geocoding_address": "臺北市南港區南港路3段130巷2弄2號",
        "lng": 121.58717893574064,
        "lat": 25.052912031990033,
        "osm_query": "臺北市南港區南港路3段",
        "osm_display_name": "南港路三段, 玉成里, 南港區, 潭美, 臺北市, 11551, 臺灣"
      },
      "geometry": {
        "type": "Point",
        "coordinates": [
          121.58717893574064,
          25.052912031990033
        ]
      }
    },
    {
      "type": "Feature",
      "properties": {
        "source_row_no": 100,
        "city": "臺北市",
        "normalized_city": "台北市",
        "district": "松山區",
        "vendor_category_code": "6",
        "vendor_category": "物流業",
        "registration_item": "物流營業場所",
        "registration_no": "A-124535428-00002-3",
        "name": "竑拓國際物流股份有限公司",
        "address": "台北市松山區復興北路33號3樓之2",
        "company_registration_name": "竑拓國際物流股份有限公司",
        "source_page": 3,
        "point_type": "業者點位",
        "location_method": "臺北市門牌位置數值資料",
        "source_count": 256,
        "geocoding_address": "臺北市松山區復興北路33號",
        "lng": 121.54421654151173,
        "lat": 25.049984941729402,
        "osm_query": "臺北市松山區復興北路",
        "osm_display_name": "復興北路, 中正里, 松山區, 中崙, 臺北市, 10595, 臺灣",
        "taipei_house_key": "松山區|復興北路|||33號"
      },
      "geometry": {
        "type": "Point",
        "coordinates": [
          121.54421654151173,
          25.049984941729402
        ]
      }
    },
    {
      "type": "Feature",
      "properties": {
        "source_row_no": 101,
        "city": "臺北市",
        "normalized_city": "台北市",
        "district": "北投區",
        "vendor_category_code": "6",
        "vendor_category": "物流業",
        "registration_item": "物流營業場所",
        "registration_no": "A-170762591-01036-5",
        "name": "石牌營業所",
        "address": "台北市北投區承德路六段335-2號",
        "company_registration_name": "統一速達股份有限公司",
        "source_page": 3,
        "point_type": "業者點位",
        "location_method": "OpenStreetMap道路/地名定位",
        "source_count": 256,
        "geocoding_address": "臺北市北投區承德路六段335-2號",
        "lng": 121.51207499469844,
        "lat": 25.10728640695363,
        "osm_query": "臺北市北投區承德路六段",
        "osm_display_name": "承德路六段, 建民里, 北投區, 社子, 臺北市, 11290, 臺灣"
      },
      "geometry": {
        "type": "Point",
        "coordinates": [
          121.51207499469844,
          25.10728640695363
        ]
      }
    },
    {
      "type": "Feature",
      "properties": {
        "source_row_no": 102,
        "city": "臺北市",
        "normalized_city": "台北市",
        "district": "中山區",
        "vendor_category_code": "6",
        "vendor_category": "物流業",
        "registration_item": "物流營業場所",
        "registration_no": "A-184278704-00002-0",
        "name": "漢陞聯運股份有限公司",
        "address": "台北市中山區民權東路1段76號5樓",
        "company_registration_name": "漢陞聯運股份有限公司",
        "source_page": 3,
        "point_type": "業者點位",
        "location_method": "OpenStreetMap道路/地名定位",
        "source_count": 256,
        "geocoding_address": "臺北市中山區民權東路1段76號",
        "lng": 121.52398852976584,
        "lat": 25.062603786157457,
        "osm_query": "臺北市中山區民權東路1段",
        "osm_display_name": "民權東路一段, 恆安里, 中山區, 雙連, 臺北市, 104029, 臺灣"
      },
      "geometry": {
        "type": "Point",
        "coordinates": [
          121.52398852976584,
          25.062603786157457
        ]
      }
    },
    {
      "type": "Feature",
      "properties": {
        "source_row_no": 103,
        "city": "臺北市",
        "normalized_city": "台北市",
        "district": "內湖區",
        "vendor_category_code": "6",
        "vendor_category": "物流業",
        "registration_item": "物流營業場所",
        "registration_no": "A-155847754-00008-1",
        "name": "艾斯奇餐飲",
        "address": "台北市內湖區瑞光路210號10樓",
        "company_registration_name": "艾斯奇餐飲股份有限公司",
        "source_page": 3,
        "point_type": "業者點位",
        "location_method": "臺北市門牌位置數值資料",
        "source_count": 256,
        "geocoding_address": "臺北市內湖區瑞光路210號",
        "lng": 121.5763180622298,
        "lat": 25.075200422176984,
        "osm_query": "臺北市內湖區瑞光路",
        "osm_display_name": "瑞光路, 寶湖里, 內湖區, 潭美, 臺北市, 114062, 臺灣",
        "taipei_house_key": "內湖區|瑞光路|||210號"
      },
      "geometry": {
        "type": "Point",
        "coordinates": [
          121.5763180622298,
          25.075200422176984
        ]
      }
    },
    {
      "type": "Feature",
      "properties": {
        "source_row_no": 104,
        "city": "臺北市",
        "normalized_city": "台北市",
        "district": "大安區",
        "vendor_category_code": "6",
        "vendor_category": "物流業",
        "registration_item": "物流營業場所",
        "registration_no": "A-200182823-00002-5",
        "name": "松滿樓餐廳",
        "address": "台北市大安區濟南路3段26號1樓",
        "company_registration_name": "松滿樓股份有限公司",
        "source_page": 3,
        "point_type": "業者點位",
        "location_method": "OpenStreetMap道路/地名定位",
        "source_count": 256,
        "geocoding_address": "臺北市大安區濟南路3段26號",
        "lng": 121.53280876276422,
        "lat": 25.039896832109775,
        "osm_query": "臺北市大安區濟南路3段",
        "osm_display_name": "濟南路三段, 民輝里, 大安區, 華山, 臺北市, 106237, 臺灣"
      },
      "geometry": {
        "type": "Point",
        "coordinates": [
          121.53280876276422,
          25.039896832109775
        ]
      }
    },
    {
      "type": "Feature",
      "properties": {
        "source_row_no": 105,
        "city": "臺北市",
        "normalized_city": "台北市",
        "district": "萬華區",
        "vendor_category_code": "6",
        "vendor_category": "物流業",
        "registration_item": "物流營業場所",
        "registration_no": "A-170762591-01022-0",
        "name": "環南營業所",
        "address": "台北市萬華區環河南路三段159號",
        "company_registration_name": "統一速達股份有限公司",
        "source_page": 3,
        "point_type": "業者點位",
        "location_method": "臺北市門牌位置數值資料",
        "source_count": 256,
        "geocoding_address": "臺北市萬華區環河南路三段159號",
        "lng": 121.49166408047023,
        "lat": 25.022917769353857,
        "osm_query": "臺北市萬華區環河南路三段",
        "osm_display_name": "環河南路三段, 銘德里, 萬華區, 西園, 臺北市, 108039, 臺灣",
        "taipei_house_key": "萬華區|環河南路三段|||159號"
      },
      "geometry": {
        "type": "Point",
        "coordinates": [
          121.49166408047023,
          25.022917769353857
        ]
      }
    },
    {
      "type": "Feature",
      "properties": {
        "source_row_no": 106,
        "city": "臺北市",
        "normalized_city": "台北市",
        "district": "內湖區",
        "vendor_category_code": "6",
        "vendor_category": "物流業",
        "registration_item": "物流營業場所",
        "registration_no": "A-170762591-01035-4",
        "name": "東內湖營業所",
        "address": "台北市內湖區民權東路六段21巷69號",
        "company_registration_name": "統一速達股份有限公司",
        "source_page": 3,
        "point_type": "業者點位",
        "location_method": "臺北市門牌位置數值資料",
        "source_count": 256,
        "geocoding_address": "臺北市內湖區民權東路六段21巷69號",
        "lng": 121.57978714566441,
        "lat": 25.06963179531681,
        "osm_query": "臺北市內湖區民權東路六段",
        "osm_display_name": "民權東路六段, 湖元里, 內湖區, 下塔悠, 臺北市, 11494, 臺灣",
        "taipei_house_key": "內湖區|民權東路六段|21巷||69號"
      },
      "geometry": {
        "type": "Point",
        "coordinates": [
          121.57978714566441,
          25.06963179531681
        ]
      }
    },
    {
      "type": "Feature",
      "properties": {
        "source_row_no": 107,
        "city": "臺北市",
        "normalized_city": "台北市",
        "district": "大同區",
        "vendor_category_code": "6",
        "vendor_category": "物流業",
        "registration_item": "物流營業場所",
        "registration_no": "A-170762591-01026-4",
        "name": "迪化營業所",
        "address": "台北市大同區西寧北路71號",
        "company_registration_name": "統一速達股份有限公司",
        "source_page": 3,
        "point_type": "業者點位",
        "location_method": "臺北市門牌位置數值資料",
        "source_count": 256,
        "geocoding_address": "臺北市大同區西寧北路71號",
        "lng": 121.50900924333297,
        "lat": 25.055154635018,
        "osm_query": "臺北市大同區西寧北路",
        "osm_display_name": "西寧北路, 永樂里, 大同區, 大稻埕, 臺北市, 10342, 臺灣",
        "taipei_house_key": "大同區|西寧北路|||71號"
      },
      "geometry": {
        "type": "Point",
        "coordinates": [
          121.50900924333297,
          25.055154635018
        ]
      }
    },
    {
      "type": "Feature",
      "properties": {
        "source_row_no": 108,
        "city": "臺北市",
        "normalized_city": "台北市",
        "district": "萬華區",
        "vendor_category_code": "6",
        "vendor_category": "物流業",
        "registration_item": "物流營業場所",
        "registration_no": "A-200146452-00002-3",
        "name": "懿鮮農產實業社",
        "address": "台北市萬華區萬大路486巷28弄19號",
        "company_registration_name": "臺北市第一果菜批發市場(承銷號:3287)",
        "source_page": 3,
        "point_type": "業者點位",
        "location_method": "臺北市門牌位置數值資料",
        "source_count": 256,
        "geocoding_address": "臺北市萬華區萬大路486巷28弄19號",
        "lng": 121.49684357661101,
        "lat": 25.02077771375146,
        "osm_query": "臺北市萬華區萬大路",
        "osm_display_name": "萬大路, 新安里, 萬華區, 東園, 臺北市, 108032, 臺灣",
        "taipei_house_key": "萬華區|萬大路|486巷|28弄|19號"
      },
      "geometry": {
        "type": "Point",
        "coordinates": [
          121.49684357661101,
          25.02077771375146
        ]
      }
    },
    {
      "type": "Feature",
      "properties": {
        "source_row_no": 109,
        "city": "臺北市",
        "normalized_city": "台北市",
        "district": "中山區",
        "vendor_category_code": "6",
        "vendor_category": "物流業",
        "registration_item": "物流營業場所",
        "registration_no": "A-170762591-01040-0",
        "name": "松江營業所",
        "address": "台北市中山區渭水路52號",
        "company_registration_name": "統一速達股份有限公司",
        "source_page": 3,
        "point_type": "業者點位",
        "location_method": "臺北市門牌位置數值資料",
        "source_count": 256,
        "geocoding_address": "臺北市中山區渭水路52號",
        "lng": 121.53489700732362,
        "lat": 25.045558305104993,
        "osm_query": "臺北市中山區渭水路",
        "osm_display_name": "渭水路, 朱園里, 中山區, 朱厝崙, 臺北市, 10455, 臺灣",
        "taipei_house_key": "中山區|渭水路|||52號"
      },
      "geometry": {
        "type": "Point",
        "coordinates": [
          121.53489700732362,
          25.045558305104993
        ]
      }
    },
    {
      "type": "Feature",
      "properties": {
        "source_row_no": 110,
        "city": "臺北市",
        "normalized_city": "台北市",
        "district": "士林區",
        "vendor_category_code": "6",
        "vendor_category": "物流業",
        "registration_item": "物流營業場所",
        "registration_no": "A-124543567-00001-5",
        "name": "立邁實業有限公司",
        "address": "台北市士林區德行東路365巷21號1樓",
        "company_registration_name": "立邁實業有限公司",
        "source_page": 3,
        "point_type": "業者點位",
        "location_method": "臺北市門牌位置數值資料",
        "source_count": 256,
        "geocoding_address": "臺北市士林區德行東路365巷21號",
        "lng": 121.53863785717294,
        "lat": 25.11154292061498,
        "osm_query": "臺北市士林區德行東路",
        "osm_display_name": "德行東路, 忠誠里, 士林區, 蘭雅, 臺北市, 111020, 臺灣",
        "taipei_house_key": "士林區|德行東路|365巷||21號"
      },
      "geometry": {
        "type": "Point",
        "coordinates": [
          121.53863785717294,
          25.11154292061498
        ]
      }
    },
    {
      "type": "Feature",
      "properties": {
        "source_row_no": 111,
        "city": "臺北市",
        "normalized_city": "台北市",
        "district": "南港區",
        "vendor_category_code": "6",
        "vendor_category": "物流業",
        "registration_item": "物流營業場所",
        "registration_no": "A-197162640-04109-7",
        "name": "test",
        "address": "台北市南港區三重路19之13號6樓",
        "company_registration_name": "關貿網路股份有限公司",
        "source_page": 3,
        "point_type": "業者點位",
        "location_method": "臺北市門牌位置數值資料",
        "source_count": 256,
        "geocoding_address": "臺北市南港區三重路19之13號",
        "osm_query": "三重路 南港區 臺北市",
        "osm_display_name": "三重路, 三重里, 南港區, 三重埔, 臺北市, 11503, 臺灣",
        "lng": 121.61322862642804,
        "lat": 25.058551661293066,
        "taipei_house_key": "南港區|三重路|||19之13號"
      },
      "geometry": {
        "type": "Point",
        "coordinates": [
          121.61322862642804,
          25.058551661293066
        ]
      }
    },
    {
      "type": "Feature",
      "properties": {
        "source_row_no": 112,
        "city": "臺北市",
        "normalized_city": "台北市",
        "district": "北投區",
        "vendor_category_code": "6",
        "vendor_category": "物流業",
        "registration_item": "物流營業場所",
        "registration_no": "A-170762591-01039-8",
        "name": "士林營業所",
        "address": "台北市北投區承德路六段335-2號",
        "company_registration_name": "統一速達股份有限公司",
        "source_page": 3,
        "point_type": "業者點位",
        "location_method": "OpenStreetMap道路/地名定位",
        "source_count": 256,
        "geocoding_address": "臺北市北投區承德路六段335-2號",
        "lng": 121.51189681646208,
        "lat": 25.107306684607536,
        "osm_query": "臺北市北投區承德路六段",
        "osm_display_name": "承德路六段, 建民里, 北投區, 社子, 臺北市, 11290, 臺灣"
      },
      "geometry": {
        "type": "Point",
        "coordinates": [
          121.51189681646208,
          25.107306684607536
        ]
      }
    },
    {
      "type": "Feature",
      "properties": {
        "source_row_no": 113,
        "city": "臺北市",
        "normalized_city": "台北市",
        "district": "松山區",
        "vendor_category_code": "6",
        "vendor_category": "物流業",
        "registration_item": "物流營業場所",
        "registration_no": "A-189305309-00002-7",
        "name": "國昌貨運股份有限公司",
        "address": "台北市松山區南京東路5段336號7樓之4",
        "company_registration_name": "國昌貨運股份有限公司",
        "source_page": 3,
        "point_type": "業者點位",
        "location_method": "OpenStreetMap道路/地名定位",
        "source_count": 256,
        "geocoding_address": "臺北市松山區南京東路5段336號",
        "lng": 121.56224669216158,
        "lat": 25.05140394870487,
        "osm_query": "臺北市松山區南京東路5段",
        "osm_display_name": "南京東路五段, 吉祥里, 松山區, 臺北市, 10561, 臺灣"
      },
      "geometry": {
        "type": "Point",
        "coordinates": [
          121.56224669216158,
          25.05140394870487
        ]
      }
    },
    {
      "type": "Feature",
      "properties": {
        "source_row_no": 114,
        "city": "臺北市",
        "normalized_city": "台北市",
        "district": "中山區",
        "vendor_category_code": "6",
        "vendor_category": "物流業",
        "registration_item": "物流營業場所",
        "registration_no": "A-116042250-00002-0",
        "name": "全球快遞股份有限公司",
        "address": "台北市中山區長安東路二段162號2樓",
        "company_registration_name": "全球商務科技股份有限公司",
        "source_page": 3,
        "point_type": "業者點位",
        "location_method": "臺北市門牌位置數值資料",
        "source_count": 256,
        "geocoding_address": "臺北市中山區長安東路二段162號",
        "lng": 121.53935319242186,
        "lat": 25.048239834760818,
        "osm_query": "臺北市中山區長安東路二段",
        "osm_display_name": "長安東路二段, 興亞里, 中山區, 朱厝崙, 臺北市, 104096, 臺灣",
        "taipei_house_key": "中山區|長安東路二段|||162號"
      },
      "geometry": {
        "type": "Point",
        "coordinates": [
          121.53935319242186,
          25.048239834760818
        ]
      }
    },
    {
      "type": "Feature",
      "properties": {
        "source_row_no": 115,
        "city": "臺北市",
        "normalized_city": "台北市",
        "district": "中山區",
        "vendor_category_code": "6",
        "vendor_category": "物流業",
        "registration_item": "物流營業場所",
        "registration_no": "A-170762591-01027-5",
        "name": "大同營業所",
        "address": "台北市中山區濱江街99號",
        "company_registration_name": "統一速達股份有限公司",
        "source_page": 3,
        "point_type": "業者點位",
        "location_method": "臺北市門牌位置數值資料",
        "source_count": 256,
        "geocoding_address": "臺北市中山區濱江街99號",
        "lng": 121.53496006033059,
        "lat": 25.073303497867848,
        "osm_query": "臺北市中山區濱江街",
        "osm_display_name": "濱江街, 濱江汽修區, 大佳里, 中山區, 下埤頭, 臺北市, 10472, 臺灣",
        "taipei_house_key": "中山區|濱江街|||99號"
      },
      "geometry": {
        "type": "Point",
        "coordinates": [
          121.53496006033059,
          25.073303497867848
        ]
      }
    },
    {
      "type": "Feature",
      "properties": {
        "source_row_no": 116,
        "city": "臺北市",
        "normalized_city": "台北市",
        "district": "松山區",
        "vendor_category_code": "6",
        "vendor_category": "物流業",
        "registration_item": "物流營業場所",
        "registration_no": "A-186693380-00001-2",
        "name": "吉祥國際運通有限公司",
        "address": "台北市松山區寶清街17號3樓",
        "company_registration_name": "吉祥國際運通有限公司",
        "source_page": 3,
        "point_type": "業者點位",
        "location_method": "臺北市門牌位置數值資料",
        "source_count": 256,
        "geocoding_address": "臺北市松山區寶清街17號",
        "lng": 121.56898753421042,
        "lat": 25.04999451356711,
        "osm_query": "臺北市松山區寶清街",
        "osm_display_name": "寶清街, 安平里, 松山區, 潭美, 臺北市, 105059, 臺灣",
        "taipei_house_key": "松山區|寶清街|||17號"
      },
      "geometry": {
        "type": "Point",
        "coordinates": [
          121.56898753421042,
          25.04999451356711
        ]
      }
    },
    {
      "type": "Feature",
      "properties": {
        "source_row_no": 117,
        "city": "臺北市",
        "normalized_city": "台北市",
        "district": "萬華區",
        "vendor_category_code": "6",
        "vendor_category": "物流業",
        "registration_item": "物流營業場所",
        "registration_no": "A-121715137-00002-7",
        "name": "庫房",
        "address": "台北市萬華區環河南路三段89號1樓",
        "company_registration_name": "吉盛行",
        "source_page": 3,
        "point_type": "業者點位",
        "location_method": "臺北市門牌位置數值資料",
        "source_count": 256,
        "geocoding_address": "臺北市萬華區環河南路三段89號",
        "lng": 121.49060308088859,
        "lat": 25.025254057985638,
        "osm_query": "臺北市萬華區環河南路三段",
        "osm_display_name": "環河南路三段, 銘德里, 萬華區, 西園, 臺北市, 108039, 臺灣",
        "taipei_house_key": "萬華區|環河南路三段|||89號"
      },
      "geometry": {
        "type": "Point",
        "coordinates": [
          121.49060308088859,
          25.025254057985638
        ]
      }
    },
    {
      "type": "Feature",
      "properties": {
        "source_row_no": 118,
        "city": "臺北市",
        "normalized_city": "台北市",
        "district": "內湖區",
        "vendor_category_code": "6",
        "vendor_category": "物流業",
        "registration_item": "物流營業場所",
        "registration_no": "A-170762591-01033-2",
        "name": "西內湖營業所",
        "address": "台北市內湖區安康路32巷24弄8號",
        "company_registration_name": "統一速達股份有限公司",
        "source_page": 3,
        "point_type": "業者點位",
        "location_method": "臺北市門牌位置數值資料",
        "source_count": 256,
        "geocoding_address": "臺北市內湖區安康路32巷24弄8號",
        "lng": 121.59458800680287,
        "lat": 25.06178500393871,
        "osm_query": "臺北市內湖區安康路",
        "osm_display_name": "安康路, 蘆洲里, 內湖區, 五分, 臺北市, 11484, 臺灣",
        "taipei_house_key": "內湖區|安康路|32巷|24弄|8號"
      },
      "geometry": {
        "type": "Point",
        "coordinates": [
          121.59458800680287,
          25.06178500393871
        ]
      }
    },
    {
      "type": "Feature",
      "properties": {
        "source_row_no": 119,
        "city": "臺北市",
        "normalized_city": "台北市",
        "district": "萬華區",
        "vendor_category_code": "6",
        "vendor_category": "物流業",
        "registration_item": "物流營業場所",
        "registration_no": "A-202299591-00001-7",
        "name": "欣鮮商行",
        "address": "台北市萬華區環河南路2段245號公有環南中繼市場1樓166號蔬菜類攤位",
        "company_registration_name": "欣鮮商行",
        "source_page": 3,
        "point_type": "業者點位",
        "location_method": "OpenStreetMap道路/地名定位",
        "source_count": 256,
        "geocoding_address": "臺北市萬華區環河南路2段245號公有環南中繼市場",
        "lng": 121.49271077216608,
        "lat": 25.03317589820932,
        "osm_query": "臺北市萬華區環河南路2段",
        "osm_display_name": "環河南路二段, 華江里, 萬華區, 下崁, 臺北市, 10857, 臺灣"
      },
      "geometry": {
        "type": "Point",
        "coordinates": [
          121.49271077216608,
          25.03317589820932
        ]
      }
    },
    {
      "type": "Feature",
      "properties": {
        "source_row_no": 120,
        "city": "臺北市",
        "normalized_city": "台北市",
        "district": "士林區",
        "vendor_category_code": "6",
        "vendor_category": "物流業",
        "registration_item": "物流營業場所",
        "registration_no": "A-153729654-00005-4",
        "name": "社子倉庫",
        "address": "台北市士林區延平北路七段186號1樓",
        "company_registration_name": "鮮采實業有限公司",
        "source_page": 3,
        "point_type": "業者點位",
        "location_method": "OpenStreetMap道路/地名定位",
        "source_count": 256,
        "geocoding_address": "臺北市士林區延平北路七段186號",
        "lng": 121.49000036507029,
        "lat": 25.100506649357435,
        "osm_query": "臺北市士林區延平北路七段",
        "osm_display_name": "延平北路七段, 福安里, 士林區, 臺北市, 241083, 臺灣"
      },
      "geometry": {
        "type": "Point",
        "coordinates": [
          121.49000036507029,
          25.100506649357435
        ]
      }
    },
    {
      "type": "Feature",
      "properties": {
        "source_row_no": 121,
        "city": "臺北市",
        "normalized_city": "台北市",
        "district": "中山區",
        "vendor_category_code": "6",
        "vendor_category": "物流業",
        "registration_item": "物流營業場所",
        "registration_no": "A-153542692-00001-5",
        "name": "新方國際有限公司",
        "address": "台北市中山區長春路380號5樓之1",
        "company_registration_name": "新方國際有限公司",
        "source_page": 4,
        "point_type": "業者點位",
        "location_method": "臺北市門牌位置數值資料",
        "source_count": 256,
        "geocoding_address": "臺北市中山區長春路380號",
        "lng": 121.54329107672679,
        "lat": 25.054457311603112,
        "osm_query": "臺北市中山區長春路",
        "osm_display_name": "長春路, 民安里, 中山區, 南西商圈, 臺北市, 10412, 臺灣",
        "taipei_house_key": "中山區|長春路|||380號"
      },
      "geometry": {
        "type": "Point",
        "coordinates": [
          121.54329107672679,
          25.054457311603112
        ]
      }
    },
    {
      "type": "Feature",
      "properties": {
        "source_row_no": 122,
        "city": "臺北市",
        "normalized_city": "台北市",
        "district": "文山區",
        "vendor_category_code": "6",
        "vendor_category": "物流業",
        "registration_item": "物流營業場所",
        "registration_no": "A-116865676-00001-4",
        "name": "金和通運有限公司",
        "address": "台北市文山區忠順街2段25號2樓",
        "company_registration_name": "金和通運有限公司",
        "source_page": 4,
        "point_type": "業者點位",
        "location_method": "OpenStreetMap道路/地名定位",
        "source_count": 256,
        "geocoding_address": "臺北市文山區忠順街2段25號",
        "lng": 121.56422170298816,
        "lat": 24.984598789300726,
        "osm_query": "臺北市文山區忠順街2段",
        "osm_display_name": "忠順街二段, 順興里, 文山區, 臺北市, 116021, 臺灣"
      },
      "geometry": {
        "type": "Point",
        "coordinates": [
          121.56422170298816,
          24.984598789300726
        ]
      }
    },
    {
      "type": "Feature",
      "properties": {
        "source_row_no": 123,
        "city": "臺北市",
        "normalized_city": "台北市",
        "district": "士林區",
        "vendor_category_code": "6",
        "vendor_category": "物流業",
        "registration_item": "物流營業場所",
        "registration_no": "A-123219388-00002-6",
        "name": "台北運務中心",
        "address": "台北市士林區大南路361號地下1樓",
        "company_registration_name": "美商優比速國際股份有限公司",
        "source_page": 4,
        "point_type": "業者點位",
        "location_method": "臺北市門牌位置數值資料",
        "source_count": 256,
        "geocoding_address": "臺北市士林區大南路361號地下",
        "lng": 121.51648131168683,
        "lat": 25.088892203218307,
        "osm_query": "臺北市士林區大南路",
        "osm_display_name": "大南路, 後港里, 士林區, 社子, 臺北市, 11165, 臺灣",
        "taipei_house_key": "士林區|大南路|||361號"
      },
      "geometry": {
        "type": "Point",
        "coordinates": [
          121.51648131168683,
          25.088892203218307
        ]
      }
    },
    {
      "type": "Feature",
      "properties": {
        "source_row_no": 124,
        "city": "臺北市",
        "normalized_city": "台北市",
        "district": "信義區",
        "vendor_category_code": "6",
        "vendor_category": "物流業",
        "registration_item": "物流營業場所",
        "registration_no": "A-142639488-00001-3",
        "name": "賽米資訊股份有限公司",
        "address": "台北市信義區忠孝東路4段560號13樓",
        "company_registration_name": "賽米資訊股份有限公司",
        "source_page": 4,
        "point_type": "業者點位",
        "location_method": "OpenStreetMap道路/地名定位",
        "source_count": 256,
        "geocoding_address": "臺北市信義區忠孝東路4段560號",
        "lng": 121.5595107949779,
        "lat": 25.04119265446383,
        "osm_query": "臺北市信義區忠孝東路4段",
        "osm_display_name": "忠孝東路四段, 興隆里, 信義區, 車罾, 臺北市, 106079, 臺灣"
      },
      "geometry": {
        "type": "Point",
        "coordinates": [
          121.5595107949779,
          25.04119265446383
        ]
      }
    },
    {
      "type": "Feature",
      "properties": {
        "source_row_no": 125,
        "city": "臺北市",
        "normalized_city": "台北市",
        "district": "中正區",
        "vendor_category_code": "6",
        "vendor_category": "物流業",
        "registration_item": "物流營業場所",
        "registration_no": "A-200226543-00002-3",
        "name": "南門市場",
        "address": "台北市中正區羅斯福路一段8號B2",
        "company_registration_name": "祥全行",
        "source_page": 4,
        "point_type": "業者點位",
        "location_method": "臺北市門牌位置數值資料",
        "source_count": 256,
        "geocoding_address": "臺北市中正區羅斯福路一段8號B2",
        "lng": 121.51807667027246,
        "lat": 25.03260659892876,
        "osm_query": "臺北市中正區羅斯福路一段",
        "osm_display_name": "臺北服飾快速設計打樣中心, 羅斯福路一段, 新營里, 中正區, 龍匣口, 臺北市, 100215, 臺灣",
        "taipei_house_key": "中正區|羅斯福路一段|||8號"
      },
      "geometry": {
        "type": "Point",
        "coordinates": [
          121.51807667027246,
          25.03260659892876
        ]
      }
    },
    {
      "type": "Feature",
      "properties": {
        "source_row_no": 126,
        "city": "臺北市",
        "normalized_city": "台北市",
        "district": "萬華區",
        "vendor_category_code": "6",
        "vendor_category": "物流業",
        "registration_item": "物流營業場所",
        "registration_no": "A-185002021-00001-7",
        "name": "鑫羿蔬果物流有限公司",
        "address": "台北市萬華區萬大路449巷32號1樓",
        "company_registration_name": "鑫羿蔬果物流有限公司",
        "source_page": 4,
        "point_type": "業者點位",
        "location_method": "臺北市門牌位置數值資料",
        "source_count": 256,
        "geocoding_address": "臺北市萬華區萬大路449巷32號",
        "lng": 121.49949511090261,
        "lat": 25.020233380190668,
        "osm_query": "臺北市萬華區萬大路",
        "osm_display_name": "萬大路, 新安里, 萬華區, 東園, 臺北市, 108032, 臺灣",
        "taipei_house_key": "萬華區|萬大路|449巷||32號"
      },
      "geometry": {
        "type": "Point",
        "coordinates": [
          121.49949511090261,
          25.020233380190668
        ]
      }
    },
    {
      "type": "Feature",
      "properties": {
        "source_row_no": 127,
        "city": "臺北市",
        "normalized_city": "台北市",
        "district": "南港區",
        "vendor_category_code": "6",
        "vendor_category": "物流業",
        "registration_item": "物流營業場所",
        "registration_no": "A-170762591-00996-9",
        "name": "南港一營業所",
        "address": "台北市南港區重陽路237號",
        "company_registration_name": "統一速達股份有限公司",
        "source_page": 4,
        "point_type": "業者點位",
        "location_method": "臺北市門牌位置數值資料",
        "source_count": 256,
        "geocoding_address": "臺北市南港區重陽路237號",
        "lng": 121.60257302254129,
        "lat": 25.057850797842892,
        "osm_query": "臺北市南港區重陽路",
        "osm_display_name": "重陽路, 南港里, 南港區, 三重埔, 臺北市, 11560, 臺灣",
        "taipei_house_key": "南港區|重陽路|||237號"
      },
      "geometry": {
        "type": "Point",
        "coordinates": [
          121.60257302254129,
          25.057850797842892
        ]
      }
    },
    {
      "type": "Feature",
      "properties": {
        "source_row_no": 128,
        "city": "臺北市",
        "normalized_city": "台北市",
        "district": "中山區",
        "vendor_category_code": "6",
        "vendor_category": "物流業",
        "registration_item": "物流營業場所",
        "registration_no": "A-122958771-00001-0",
        "name": "松山機場",
        "address": "台北市中山區長安東路2段117號8樓",
        "company_registration_name": "立榮航空股份有限公司",
        "source_page": 4,
        "point_type": "業者點位",
        "location_method": "OpenStreetMap道路/地名定位",
        "source_count": 256,
        "geocoding_address": "臺北市中山區長安東路2段117號",
        "lng": 121.52991582140308,
        "lat": 25.048079040460486,
        "osm_query": "臺北市中山區長安東路2段",
        "osm_display_name": "長安東路二段, 興亞里, 中山區, 華山, 臺北市, 10456, 臺灣"
      },
      "geometry": {
        "type": "Point",
        "coordinates": [
          121.52991582140308,
          25.048079040460486
        ]
      }
    },
    {
      "type": "Feature",
      "properties": {
        "source_row_no": 129,
        "city": "臺北市",
        "normalized_city": "台北市",
        "district": "萬華區",
        "vendor_category_code": "6",
        "vendor_category": "物流業",
        "registration_item": "物流營業場所",
        "registration_no": "A-183751822-00001-5",
        "name": "峻鍢企業股份有限公司",
        "address": "台北市萬華區富民路155巷33號6樓之1",
        "company_registration_name": "峻鍢企業股份有限公司",
        "source_page": 4,
        "point_type": "業者點位",
        "location_method": "臺北市門牌位置數值資料",
        "source_count": 256,
        "geocoding_address": "臺北市萬華區富民路155巷33號",
        "lng": 121.5009147210257,
        "lat": 25.018461817353835,
        "osm_query": "臺北市萬華區富民路",
        "osm_display_name": "富民路, 興德里, 萬華區, 東園, 臺北市, 10872, 臺灣",
        "taipei_house_key": "萬華區|富民路|155巷||33號"
      },
      "geometry": {
        "type": "Point",
        "coordinates": [
          121.5009147210257,
          25.018461817353835
        ]
      }
    },
    {
      "type": "Feature",
      "properties": {
        "source_row_no": 130,
        "city": "臺北市",
        "normalized_city": "台北市",
        "district": "松山區",
        "vendor_category_code": "6",
        "vendor_category": "物流業",
        "registration_item": "物流營業場所",
        "registration_no": "A-105415773-00001-1",
        "name": "總公司",
        "address": "台北市松山區寶清街99號1樓",
        "company_registration_name": "玉佳貨運有限公司",
        "source_page": 4,
        "point_type": "業者點位",
        "location_method": "臺北市門牌位置數值資料",
        "source_count": 256,
        "geocoding_address": "臺北市松山區寶清街99號",
        "lng": 121.5679741669165,
        "lat": 25.052808308505973,
        "osm_query": "臺北市松山區寶清街",
        "osm_display_name": "寶清街, 安平里, 松山區, 潭美, 臺北市, 105059, 臺灣",
        "taipei_house_key": "松山區|寶清街|||99號"
      },
      "geometry": {
        "type": "Point",
        "coordinates": [
          121.5679741669165,
          25.052808308505973
        ]
      }
    },
    {
      "type": "Feature",
      "properties": {
        "source_row_no": 131,
        "city": "臺北市",
        "normalized_city": "台北市",
        "district": "中山區",
        "vendor_category_code": "6",
        "vendor_category": "物流業",
        "registration_item": "物流營業場所",
        "registration_no": "A-112414455-00001-5",
        "name": "飛運有限公司",
        "address": "台北市中山區長安東路2段181號9樓之1",
        "company_registration_name": "飛運有限公司",
        "source_page": 4,
        "point_type": "業者點位",
        "location_method": "OpenStreetMap道路/地名定位",
        "source_count": 256,
        "geocoding_address": "臺北市中山區長安東路2段181號",
        "lng": 121.52977000346924,
        "lat": 25.048566010159647,
        "osm_query": "臺北市中山區長安東路2段",
        "osm_display_name": "長安東路二段, 興亞里, 中山區, 華山, 臺北市, 10456, 臺灣"
      },
      "geometry": {
        "type": "Point",
        "coordinates": [
          121.52977000346924,
          25.048566010159647
        ]
      }
    },
    {
      "type": "Feature",
      "properties": {
        "source_row_no": 132,
        "city": "臺北市",
        "normalized_city": "台北市",
        "district": "萬華區",
        "vendor_category_code": "6",
        "vendor_category": "物流業",
        "registration_item": "物流營業場所",
        "registration_no": "A-181646846-00002-3",
        "name": "庫房",
        "address": "台北市萬華區環河南路三段89號1樓",
        "company_registration_name": "葉貿號",
        "source_page": 4,
        "point_type": "業者點位",
        "location_method": "臺北市門牌位置數值資料",
        "source_count": 256,
        "geocoding_address": "臺北市萬華區環河南路三段89號",
        "lng": 121.49060308088859,
        "lat": 25.025254057985638,
        "osm_query": "臺北市萬華區環河南路三段",
        "osm_display_name": "環河南路三段, 銘德里, 萬華區, 西園, 臺北市, 108039, 臺灣",
        "taipei_house_key": "萬華區|環河南路三段|||89號"
      },
      "geometry": {
        "type": "Point",
        "coordinates": [
          121.49060308088859,
          25.025254057985638
        ]
      }
    },
    {
      "type": "Feature",
      "properties": {
        "source_row_no": 133,
        "city": "臺北市",
        "normalized_city": "台北市",
        "district": "大安區",
        "vendor_category_code": "6",
        "vendor_category": "物流業",
        "registration_item": "物流營業場所",
        "registration_no": "A-153940349-00002-7",
        "name": "公司",
        "address": "台北市大安區忠孝東路4段2號6樓之3",
        "company_registration_name": "墨客媒體有限公司",
        "source_page": 4,
        "point_type": "業者點位",
        "location_method": "OpenStreetMap道路/地名定位",
        "source_count": 256,
        "geocoding_address": "臺北市大安區忠孝東路4段2號",
        "lng": 121.5439555583801,
        "lat": 25.041325285811997,
        "osm_query": "臺北市大安區忠孝東路4段",
        "osm_display_name": "忠孝東路四段, 光武里, 大安區, 東區商圈, 臺北市, 10654, 臺灣"
      },
      "geometry": {
        "type": "Point",
        "coordinates": [
          121.5439555583801,
          25.041325285811997
        ]
      }
    },
    {
      "type": "Feature",
      "properties": {
        "source_row_no": 134,
        "city": "臺北市",
        "normalized_city": "台北市",
        "district": "內湖區",
        "vendor_category_code": "6",
        "vendor_category": "物流業",
        "registration_item": "物流營業場所",
        "registration_no": "A-170762591-01017-4",
        "name": "復北營業所",
        "address": "台北市內湖區安康路32巷24弄8號",
        "company_registration_name": "統一速達股份有限公司",
        "source_page": 4,
        "point_type": "業者點位",
        "location_method": "臺北市門牌位置數值資料",
        "source_count": 256,
        "geocoding_address": "臺北市內湖區安康路32巷24弄8號",
        "lng": 121.59458800680287,
        "lat": 25.06178500393871,
        "osm_query": "臺北市內湖區安康路",
        "osm_display_name": "安康路, 蘆洲里, 內湖區, 五分, 臺北市, 11484, 臺灣",
        "taipei_house_key": "內湖區|安康路|32巷|24弄|8號"
      },
      "geometry": {
        "type": "Point",
        "coordinates": [
          121.59458800680287,
          25.06178500393871
        ]
      }
    },
    {
      "type": "Feature",
      "properties": {
        "source_row_no": 135,
        "city": "臺北市",
        "normalized_city": "台北市",
        "district": "南港區",
        "vendor_category_code": "6",
        "vendor_category": "物流業",
        "registration_item": "物流營業場所",
        "registration_no": "A-170762591-01030-9",
        "name": "大道營業所",
        "address": "台北市南港區重陽路237號",
        "company_registration_name": "統一速達股份有限公司",
        "source_page": 4,
        "point_type": "業者點位",
        "location_method": "臺北市門牌位置數值資料",
        "source_count": 256,
        "geocoding_address": "臺北市南港區重陽路237號",
        "lng": 121.60257302254129,
        "lat": 25.057850797842892,
        "osm_query": "臺北市南港區重陽路",
        "osm_display_name": "重陽路, 南港里, 南港區, 三重埔, 臺北市, 11560, 臺灣",
        "taipei_house_key": "南港區|重陽路|||237號"
      },
      "geometry": {
        "type": "Point",
        "coordinates": [
          121.60257302254129,
          25.057850797842892
        ]
      }
    },
    {
      "type": "Feature",
      "properties": {
        "source_row_no": 136,
        "city": "臺北市",
        "normalized_city": "台北市",
        "district": "中正區",
        "vendor_category_code": "6",
        "vendor_category": "物流業",
        "registration_item": "物流營業場所",
        "registration_no": "A-170762591-00994-7",
        "name": "南中正營業所",
        "address": "台北市中正區三元街154號",
        "company_registration_name": "統一速達股份有限公司",
        "source_page": 4,
        "point_type": "業者點位",
        "location_method": "臺北市門牌位置數值資料",
        "source_count": 256,
        "geocoding_address": "臺北市中正區三元街154號",
        "osm_query": "三元街 中正區 臺北市",
        "osm_display_name": "三元街, 永功里, 中正區, 龍匣口, 臺北市, 100052, 臺灣",
        "lng": 121.51076437846422,
        "lat": 25.028037080979065,
        "taipei_house_key": "中正區|三元街|||154號"
      },
      "geometry": {
        "type": "Point",
        "coordinates": [
          121.51076437846422,
          25.028037080979065
        ]
      }
    },
    {
      "type": "Feature",
      "properties": {
        "source_row_no": 137,
        "city": "臺北市",
        "normalized_city": "台北市",
        "district": "松山區",
        "vendor_category_code": "6",
        "vendor_category": "物流業",
        "registration_item": "物流營業場所",
        "registration_no": "A-104825785-00001-8",
        "name": "國輝通運有限公司",
        "address": "台北市松山區南京東路5段336號7樓之4",
        "company_registration_name": "國輝通運有限公司",
        "source_page": 4,
        "point_type": "業者點位",
        "location_method": "OpenStreetMap道路/地名定位",
        "source_count": 256,
        "geocoding_address": "臺北市松山區南京東路5段336號",
        "lng": 121.56222895857785,
        "lat": 25.051445633396224,
        "osm_query": "臺北市松山區南京東路5段",
        "osm_display_name": "南京東路五段, 吉祥里, 松山區, 臺北市, 10561, 臺灣"
      },
      "geometry": {
        "type": "Point",
        "coordinates": [
          121.56222895857785,
          25.051445633396224
        ]
      }
    },
    {
      "type": "Feature",
      "properties": {
        "source_row_no": 138,
        "city": "臺北市",
        "normalized_city": "台北市",
        "district": "中山區",
        "vendor_category_code": "6",
        "vendor_category": "物流業",
        "registration_item": "物流營業場所",
        "registration_no": "A-100155773-00001-7",
        "name": "第三方物流業者倉儲",
        "address": "台北市中山區長安東路2段169號5樓",
        "company_registration_name": "卡迪食品有限公司",
        "source_page": 4,
        "point_type": "業者點位",
        "location_method": "OpenStreetMap道路/地名定位",
        "source_count": 256,
        "geocoding_address": "臺北市中山區長安東路2段169號",
        "lng": 121.5302196869072,
        "lat": 25.048527005370648,
        "osm_query": "臺北市中山區長安東路2段",
        "osm_display_name": "長安東路二段, 興亞里, 中山區, 華山, 臺北市, 10456, 臺灣"
      },
      "geometry": {
        "type": "Point",
        "coordinates": [
          121.5302196869072,
          25.048527005370648
        ]
      }
    },
    {
      "type": "Feature",
      "properties": {
        "source_row_no": 139,
        "city": "臺北市",
        "normalized_city": "台北市",
        "district": "萬華區",
        "vendor_category_code": "6",
        "vendor_category": "物流業",
        "registration_item": "物流營業場所",
        "registration_no": "A-142507705-00001-9",
        "name": "尚穎蔬果行",
        "address": "台北市萬華區富民路155巷33號6樓之1",
        "company_registration_name": "尚穎蔬果行",
        "source_page": 4,
        "point_type": "業者點位",
        "location_method": "臺北市門牌位置數值資料",
        "source_count": 256,
        "geocoding_address": "臺北市萬華區富民路155巷33號",
        "lng": 121.5009147210257,
        "lat": 25.018461817353835,
        "osm_query": "臺北市萬華區富民路",
        "osm_display_name": "富民路, 興德里, 萬華區, 東園, 臺北市, 10872, 臺灣",
        "taipei_house_key": "萬華區|富民路|155巷||33號"
      },
      "geometry": {
        "type": "Point",
        "coordinates": [
          121.5009147210257,
          25.018461817353835
        ]
      }
    },
    {
      "type": "Feature",
      "properties": {
        "source_row_no": 140,
        "city": "臺北市",
        "normalized_city": "台北市",
        "district": "信義區",
        "vendor_category_code": "6",
        "vendor_category": "物流業",
        "registration_item": "物流營業場所",
        "registration_no": "A-120822588-00001-4",
        "name": "永隆貨運有限公司",
        "address": "台北市信義區基隆路2段23號4樓之5",
        "company_registration_name": "永隆貨運有限公司",
        "source_page": 4,
        "point_type": "業者點位",
        "location_method": "OpenStreetMap道路/地名定位",
        "source_count": 256,
        "geocoding_address": "臺北市信義區基隆路2段23號",
        "lng": 121.55442034516803,
        "lat": 25.026101001596157,
        "osm_query": "臺北市信義區基隆路2段",
        "osm_display_name": "基隆路二段, 黎順里, 信義區, 六張犁, 臺北市, 11054, 臺灣"
      },
      "geometry": {
        "type": "Point",
        "coordinates": [
          121.55442034516803,
          25.026101001596157
        ]
      }
    },
    {
      "type": "Feature",
      "properties": {
        "source_row_no": 141,
        "city": "臺北市",
        "normalized_city": "台北市",
        "district": "內湖區",
        "vendor_category_code": "6",
        "vendor_category": "物流業",
        "registration_item": "物流營業場所",
        "registration_no": "A-111832971-00001-1",
        "name": "台灣德迅國際運輸股份有限公司",
        "address": "台北市內湖區內湖路1段246號10樓",
        "company_registration_name": "台灣德迅國際運輸股份有限公司",
        "source_page": 4,
        "point_type": "業者點位",
        "location_method": "OpenStreetMap道路/地名定位",
        "source_count": 256,
        "geocoding_address": "臺北市內湖區內湖路1段246號",
        "lng": 121.56222916516475,
        "lat": 25.084097321623727,
        "osm_query": "臺北市內湖區內湖路1段",
        "osm_display_name": "內湖路一段, 西康里, 內湖區, 下塔悠, 臺北市, 11442, 臺灣"
      },
      "geometry": {
        "type": "Point",
        "coordinates": [
          121.56222916516475,
          25.084097321623727
        ]
      }
    },
    {
      "type": "Feature",
      "properties": {
        "source_row_no": 142,
        "city": "臺北市",
        "normalized_city": "台北市",
        "district": "內湖區",
        "vendor_category_code": "6",
        "vendor_category": "物流業",
        "registration_item": "物流營業場所",
        "registration_no": "A-170762591-01018-5",
        "name": "西松山營業所",
        "address": "台北市內湖區安康路32巷24弄8號",
        "company_registration_name": "統一速達股份有限公司",
        "source_page": 4,
        "point_type": "業者點位",
        "location_method": "臺北市門牌位置數值資料",
        "source_count": 256,
        "geocoding_address": "臺北市內湖區安康路32巷24弄8號",
        "lng": 121.59458800680287,
        "lat": 25.06178500393871,
        "osm_query": "臺北市內湖區安康路",
        "osm_display_name": "安康路, 蘆洲里, 內湖區, 五分, 臺北市, 11484, 臺灣",
        "taipei_house_key": "內湖區|安康路|32巷|24弄|8號"
      },
      "geometry": {
        "type": "Point",
        "coordinates": [
          121.59458800680287,
          25.06178500393871
        ]
      }
    },
    {
      "type": "Feature",
      "properties": {
        "source_row_no": 143,
        "city": "臺北市",
        "normalized_city": "台北市",
        "district": "北投區",
        "vendor_category_code": "6",
        "vendor_category": "物流業",
        "registration_item": "物流營業場所",
        "registration_no": "A-170762591-01038-7",
        "name": "天母營業所",
        "address": "台北市北投區承德路六段335-2號",
        "company_registration_name": "統一速達股份有限公司",
        "source_page": 4,
        "point_type": "業者點位",
        "location_method": "OpenStreetMap道路/地名定位",
        "source_count": 256,
        "geocoding_address": "臺北市北投區承德路六段335-2號",
        "lng": 121.51179804977535,
        "lat": 25.107753649552357,
        "osm_query": "臺北市北投區承德路六段",
        "osm_display_name": "承德路六段, 建民里, 北投區, 社子, 臺北市, 11290, 臺灣"
      },
      "geometry": {
        "type": "Point",
        "coordinates": [
          121.51179804977535,
          25.107753649552357
        ]
      }
    },
    {
      "type": "Feature",
      "properties": {
        "source_row_no": 144,
        "city": "臺北市",
        "normalized_city": "台北市",
        "district": "中正區",
        "vendor_category_code": "6",
        "vendor_category": "物流業",
        "registration_item": "物流營業場所",
        "registration_no": "A-170762591-01005-1",
        "name": "華山營業所",
        "address": "台北市中正區紹興北街10號",
        "company_registration_name": "統一速達股份有限公司",
        "source_page": 4,
        "point_type": "業者點位",
        "location_method": "臺北市門牌位置數值資料",
        "source_count": 256,
        "geocoding_address": "臺北市中正區紹興北街10號",
        "lng": 121.52534313134402,
        "lat": 25.04550649383891,
        "osm_query": "臺北市中正區紹興北街",
        "osm_display_name": "紹興北街, 光華商場, 梅花里, 中正區, 華山, 臺北市, 10049, 臺灣",
        "taipei_house_key": "中正區|紹興北街|||10號"
      },
      "geometry": {
        "type": "Point",
        "coordinates": [
          121.52534313134402,
          25.04550649383891
        ]
      }
    },
    {
      "type": "Feature",
      "properties": {
        "source_row_no": 145,
        "city": "臺北市",
        "normalized_city": "台北市",
        "district": "松山區",
        "vendor_category_code": "6",
        "vendor_category": "物流業",
        "registration_item": "物流營業場所",
        "registration_no": "A-104834095-00001-2",
        "name": "國暉通運有限公司",
        "address": "台北市松山區南京東路5段336號7樓之4",
        "company_registration_name": "國暉通運有限公司",
        "source_page": 4,
        "point_type": "業者點位",
        "location_method": "OpenStreetMap道路/地名定位",
        "source_count": 256,
        "geocoding_address": "臺北市松山區南京東路5段336號",
        "lng": 121.56225942464889,
        "lat": 25.05128205000221,
        "osm_query": "臺北市松山區南京東路5段",
        "osm_display_name": "南京東路五段, 吉祥里, 松山區, 臺北市, 10561, 臺灣"
      },
      "geometry": {
        "type": "Point",
        "coordinates": [
          121.56225942464889,
          25.05128205000221
        ]
      }
    },
    {
      "type": "Feature",
      "properties": {
        "source_row_no": 146,
        "city": "臺北市",
        "normalized_city": "台北市",
        "district": "萬華區",
        "vendor_category_code": "6",
        "vendor_category": "物流業",
        "registration_item": "物流營業場所",
        "registration_no": "A-170762591-01023-1",
        "name": "西門營業所",
        "address": "台北市萬華區峨眉街127號",
        "company_registration_name": "統一速達股份有限公司",
        "source_page": 4,
        "point_type": "業者點位",
        "location_method": "臺北市門牌位置數值資料",
        "source_count": 256,
        "geocoding_address": "臺北市萬華區峨眉街127號",
        "lng": 121.50235081267945,
        "lat": 25.044698914984917,
        "osm_query": "臺北市萬華區峨眉街",
        "osm_display_name": "峨眉街, 西門里, 萬華區, 艋舺, 臺北市, 10843, 臺灣",
        "taipei_house_key": "萬華區|峨眉街|||127號"
      },
      "geometry": {
        "type": "Point",
        "coordinates": [
          121.50235081267945,
          25.044698914984917
        ]
      }
    },
    {
      "type": "Feature",
      "properties": {
        "source_row_no": 147,
        "city": "臺北市",
        "normalized_city": "台北市",
        "district": "士林區",
        "vendor_category_code": "6",
        "vendor_category": "物流業",
        "registration_item": "物流營業場所",
        "registration_no": "A-184981978-00001-3",
        "name": "健新食品有限公司",
        "address": "台北市士林區延平北路8段2巷196號",
        "company_registration_name": "健新食品有限公司",
        "source_page": 4,
        "point_type": "業者點位",
        "location_method": "OpenStreetMap道路/地名定位",
        "source_count": 256,
        "geocoding_address": "臺北市士林區延平北路8段2巷196號",
        "lng": 121.48339715679681,
        "lat": 25.10617064582079,
        "osm_query": "臺北市士林區延平北路8段",
        "osm_display_name": "延平北路八段, 富洲里, 士林區, 臺北市, 11174, 臺灣"
      },
      "geometry": {
        "type": "Point",
        "coordinates": [
          121.48339715679681,
          25.10617064582079
        ]
      }
    },
    {
      "type": "Feature",
      "properties": {
        "source_row_no": 148,
        "city": "臺北市",
        "normalized_city": "台北市",
        "district": "中山區",
        "vendor_category_code": "6",
        "vendor_category": "物流業",
        "registration_item": "物流營業場所",
        "registration_no": "A-123463468-00003-7",
        "name": "世醫股份有限公司",
        "address": "台北市中山區建國北路3段42號7樓",
        "company_registration_name": "世醫股份有限公司",
        "source_page": 4,
        "point_type": "業者點位",
        "location_method": "OpenStreetMap道路/地名定位",
        "source_count": 256,
        "geocoding_address": "臺北市中山區建國北路3段42號",
        "lng": 121.53736887770252,
        "lat": 25.065064367274815,
        "osm_query": "臺北市中山區建國北路3段",
        "osm_display_name": "建國北路三段, 行孝里, 中山區, 下埤頭, 臺北市, 104068, 臺灣"
      },
      "geometry": {
        "type": "Point",
        "coordinates": [
          121.53736887770252,
          25.065064367274815
        ]
      }
    },
    {
      "type": "Feature",
      "properties": {
        "source_row_no": 149,
        "city": "臺北市",
        "normalized_city": "台北市",
        "district": "信義區",
        "vendor_category_code": "6",
        "vendor_category": "物流業",
        "registration_item": "物流營業場所",
        "registration_no": "A-153940853-00002-7",
        "name": "光動能生物科技股份有限公司",
        "address": "台北市信義區忠孝東路5段482號6樓",
        "company_registration_name": "光動能生物科技股份有限公司",
        "source_page": 4,
        "point_type": "業者點位",
        "location_method": "OpenStreetMap道路/地名定位",
        "source_count": 256,
        "geocoding_address": "臺北市信義區忠孝東路5段482號",
        "lng": 121.57299179264979,
        "lat": 25.04099412022169,
        "osm_query": "臺北市信義區忠孝東路5段",
        "osm_display_name": "忠孝東路五段, 富台里, 信義區, 興雅, 臺北市, 110069, 臺灣"
      },
      "geometry": {
        "type": "Point",
        "coordinates": [
          121.57299179264979,
          25.04099412022169
        ]
      }
    },
    {
      "type": "Feature",
      "properties": {
        "source_row_no": 150,
        "city": "臺北市",
        "normalized_city": "台北市",
        "district": "士林區",
        "vendor_category_code": "6",
        "vendor_category": "物流業",
        "registration_item": "物流營業場所",
        "registration_no": "A-124543567-00001-5",
        "name": "立邁實業有限公司",
        "address": "台北市士林區德行東路365巷21號1樓",
        "company_registration_name": "立邁實業有限公司",
        "source_page": 4,
        "point_type": "業者點位",
        "location_method": "臺北市門牌位置數值資料",
        "source_count": 256,
        "geocoding_address": "臺北市士林區德行東路365巷21號",
        "lng": 121.53863785717294,
        "lat": 25.11154292061498,
        "osm_query": "臺北市士林區德行東路",
        "osm_display_name": "德行東路, 忠誠里, 士林區, 蘭雅, 臺北市, 111020, 臺灣",
        "taipei_house_key": "士林區|德行東路|365巷||21號"
      },
      "geometry": {
        "type": "Point",
        "coordinates": [
          121.53863785717294,
          25.11154292061498
        ]
      }
    },
    {
      "type": "Feature",
      "properties": {
        "source_row_no": 151,
        "city": "臺北市",
        "normalized_city": "台北市",
        "district": "內湖區",
        "vendor_category_code": "6",
        "vendor_category": "物流業",
        "registration_item": "物流營業場所",
        "registration_no": "A-152822983-00016-4",
        "name": "內湖前進站",
        "address": "台北市內湖區潭美街550號",
        "company_registration_name": "嘉里快遞股份有限公司",
        "source_page": 4,
        "point_type": "業者點位",
        "location_method": "OpenStreetMap道路/地名定位",
        "source_count": 256,
        "geocoding_address": "臺北市內湖區潭美街550號",
        "lng": 121.60669496493206,
        "lat": 25.062270712948504,
        "osm_query": "臺北市內湖區潭美街",
        "osm_display_name": "潭美街, 蘆洲里, 內湖區, 五分, 臺北市, 11503, 臺灣"
      },
      "geometry": {
        "type": "Point",
        "coordinates": [
          121.60669496493206,
          25.062270712948504
        ]
      }
    },
    {
      "type": "Feature",
      "properties": {
        "source_row_no": 152,
        "city": "臺北市",
        "normalized_city": "台北市",
        "district": "北投區",
        "vendor_category_code": "6",
        "vendor_category": "物流業",
        "registration_item": "物流營業場所",
        "registration_no": "A-170762591-01039-8",
        "name": "士林營業所",
        "address": "台北市北投區承德路六段335-2號",
        "company_registration_name": "統一速達股份有限公司",
        "source_page": 4,
        "point_type": "業者點位",
        "location_method": "OpenStreetMap道路/地名定位",
        "source_count": 256,
        "geocoding_address": "臺北市北投區承德路六段335-2號",
        "lng": 121.5119278857675,
        "lat": 25.10737337961482,
        "osm_query": "臺北市北投區承德路六段",
        "osm_display_name": "承德路六段, 建民里, 北投區, 社子, 臺北市, 11290, 臺灣"
      },
      "geometry": {
        "type": "Point",
        "coordinates": [
          121.5119278857675,
          25.10737337961482
        ]
      }
    },
    {
      "type": "Feature",
      "properties": {
        "source_row_no": 153,
        "city": "臺北市",
        "normalized_city": "台北市",
        "district": "松山區",
        "vendor_category_code": "6",
        "vendor_category": "物流業",
        "registration_item": "物流營業場所",
        "registration_no": "A-184254766-00001-1",
        "name": "國順貨運股份有限公司",
        "address": "台北市松山區南京東路5段336號7樓之4",
        "company_registration_name": "國順貨運股份有限公司",
        "source_page": 4,
        "point_type": "業者點位",
        "location_method": "OpenStreetMap道路/地名定位",
        "source_count": 256,
        "geocoding_address": "臺北市松山區南京東路5段336號",
        "lng": 121.56207889503305,
        "lat": 25.051338520420533,
        "osm_query": "臺北市松山區南京東路5段",
        "osm_display_name": "南京東路五段, 吉祥里, 松山區, 臺北市, 10561, 臺灣"
      },
      "geometry": {
        "type": "Point",
        "coordinates": [
          121.56207889503305,
          25.051338520420533
        ]
      }
    },
    {
      "type": "Feature",
      "properties": {
        "source_row_no": 154,
        "city": "臺北市",
        "normalized_city": "台北市",
        "district": "大同區",
        "vendor_category_code": "6",
        "vendor_category": "物流業",
        "registration_item": "物流營業場所",
        "registration_no": "A-170762591-01025-3",
        "name": "華陰營業所",
        "address": "台北市大同區華陰街15號",
        "company_registration_name": "統一速達股份有限公司",
        "source_page": 4,
        "point_type": "業者點位",
        "location_method": "OpenStreetMap道路/地名定位",
        "source_count": 256,
        "geocoding_address": "臺北市大同區華陰街15號",
        "lng": 121.51707049158621,
        "lat": 25.049870889769977,
        "osm_query": "臺北市大同區華陰街",
        "osm_display_name": "華陰街, 飾品街, 建明里, 大同區, 後車頭, 臺北市, 10349, 臺灣"
      },
      "geometry": {
        "type": "Point",
        "coordinates": [
          121.51707049158621,
          25.049870889769977
        ]
      }
    },
    {
      "type": "Feature",
      "properties": {
        "source_row_no": 155,
        "city": "臺北市",
        "normalized_city": "台北市",
        "district": "萬華區",
        "vendor_category_code": "6",
        "vendor_category": "物流業",
        "registration_item": "物流營業場所",
        "registration_no": "A-170569673-00002-3",
        "name": "庫房",
        "address": "台北市萬華區環河南路三段89號1樓",
        "company_registration_name": "葉茂號有限公司",
        "source_page": 4,
        "point_type": "業者點位",
        "location_method": "臺北市門牌位置數值資料",
        "source_count": 256,
        "geocoding_address": "臺北市萬華區環河南路三段89號",
        "lng": 121.49060308088859,
        "lat": 25.025254057985638,
        "osm_query": "臺北市萬華區環河南路三段",
        "osm_display_name": "環河南路三段, 銘德里, 萬華區, 西園, 臺北市, 108039, 臺灣",
        "taipei_house_key": "萬華區|環河南路三段|||89號"
      },
      "geometry": {
        "type": "Point",
        "coordinates": [
          121.49060308088859,
          25.025254057985638
        ]
      }
    },
    {
      "type": "Feature",
      "properties": {
        "source_row_no": 156,
        "city": "臺北市",
        "normalized_city": "台北市",
        "district": "萬華區",
        "vendor_category_code": "6",
        "vendor_category": "物流業",
        "registration_item": "物流營業場所",
        "registration_no": "A-278959062-00001-6",
        "name": "台北第一果菜市場",
        "address": "台北市萬華區萬大路533號",
        "company_registration_name": "臻誠鮮菓行",
        "source_page": 4,
        "point_type": "業者點位",
        "location_method": "臺北市門牌位置數值資料",
        "source_count": 256,
        "geocoding_address": "臺北市萬華區萬大路533號",
        "lng": 121.49713199522044,
        "lat": 25.018499829728977,
        "osm_query": "臺北市萬華區萬大路",
        "osm_display_name": "萬大路, 新安里, 萬華區, 東園, 臺北市, 108032, 臺灣",
        "taipei_house_key": "萬華區|萬大路|||533號"
      },
      "geometry": {
        "type": "Point",
        "coordinates": [
          121.49713199522044,
          25.018499829728977
        ]
      }
    },
    {
      "type": "Feature",
      "properties": {
        "source_row_no": 157,
        "city": "臺北市",
        "normalized_city": "台北市",
        "district": "信義區",
        "vendor_category_code": "6",
        "vendor_category": "物流業",
        "registration_item": "物流營業場所",
        "registration_no": "A-120861239-00001-0",
        "name": "來發貨運交通有限公司",
        "address": "台北市信義區虎林街164巷60弄26號1樓",
        "company_registration_name": "來發貨運交通有限公司",
        "source_page": 4,
        "point_type": "業者點位",
        "location_method": "臺北市門牌位置數值資料",
        "source_count": 256,
        "geocoding_address": "臺北市信義區虎林街164巷60弄26號",
        "lng": 121.57402278365058,
        "lat": 25.038635018313055,
        "osm_query": "臺北市信義區虎林街",
        "osm_display_name": "虎林街, 四育里, 信義區, 潭美, 臺北市, 10566, 臺灣",
        "taipei_house_key": "信義區|虎林街|164巷|60弄|26號"
      },
      "geometry": {
        "type": "Point",
        "coordinates": [
          121.57402278365058,
          25.038635018313055
        ]
      }
    },
    {
      "type": "Feature",
      "properties": {
        "source_row_no": 158,
        "city": "臺北市",
        "normalized_city": "台北市",
        "district": "內湖區",
        "vendor_category_code": "6",
        "vendor_category": "物流業",
        "registration_item": "物流營業場所",
        "registration_no": "A-170762591-01033-2",
        "name": "西內湖營業所",
        "address": "台北市內湖區安康路32巷24弄8號",
        "company_registration_name": "統一速達股份有限公司",
        "source_page": 4,
        "point_type": "業者點位",
        "location_method": "臺北市門牌位置數值資料",
        "source_count": 256,
        "geocoding_address": "臺北市內湖區安康路32巷24弄8號",
        "lng": 121.59458800680287,
        "lat": 25.06178500393871,
        "osm_query": "臺北市內湖區安康路",
        "osm_display_name": "安康路, 蘆洲里, 內湖區, 五分, 臺北市, 11484, 臺灣",
        "taipei_house_key": "內湖區|安康路|32巷|24弄|8號"
      },
      "geometry": {
        "type": "Point",
        "coordinates": [
          121.59458800680287,
          25.06178500393871
        ]
      }
    },
    {
      "type": "Feature",
      "properties": {
        "source_row_no": 159,
        "city": "臺北市",
        "normalized_city": "台北市",
        "district": "大安區",
        "vendor_category_code": "6",
        "vendor_category": "物流業",
        "registration_item": "物流營業場所",
        "registration_no": "A-175567610-00003-8",
        "name": "和平東路2段118巷6弄31號",
        "address": "台北市大安區和平東路2段118巷6弄31號",
        "company_registration_name": "英泰商行",
        "source_page": 4,
        "point_type": "業者點位",
        "location_method": "OpenStreetMap道路/地名定位",
        "source_count": 256,
        "geocoding_address": "臺北市大安區和平東路2段118巷6弄31號",
        "lng": 121.5414454143729,
        "lat": 25.0251518130039,
        "osm_query": "臺北市大安區和平東路2段",
        "osm_display_name": "和平東路二段, 龍淵里, 大安區, 六張犁, 臺北市, 10663, 臺灣"
      },
      "geometry": {
        "type": "Point",
        "coordinates": [
          121.5414454143729,
          25.0251518130039
        ]
      }
    },
    {
      "type": "Feature",
      "properties": {
        "source_row_no": 160,
        "city": "臺北市",
        "normalized_city": "台北市",
        "district": "士林區",
        "vendor_category_code": "6",
        "vendor_category": "物流業",
        "registration_item": "物流營業場所",
        "registration_no": "A-193378541-00001-9",
        "name": "住家",
        "address": "台北市士林區德行東路136號4樓",
        "company_registration_name": "維鑫金屬有限公司",
        "source_page": 4,
        "point_type": "業者點位",
        "location_method": "臺北市門牌位置數值資料",
        "source_count": 256,
        "geocoding_address": "臺北市士林區德行東路136號",
        "lng": 121.5291999986009,
        "lat": 25.10791402261615,
        "osm_query": "臺北市士林區德行東路",
        "osm_display_name": "德行東路, 忠誠里, 士林區, 蘭雅, 臺北市, 111020, 臺灣",
        "taipei_house_key": "士林區|德行東路|||136號"
      },
      "geometry": {
        "type": "Point",
        "coordinates": [
          121.5291999986009,
          25.10791402261615
        ]
      }
    },
    {
      "type": "Feature",
      "properties": {
        "source_row_no": 161,
        "city": "臺北市",
        "normalized_city": "台北市",
        "district": "士林區",
        "vendor_category_code": "6",
        "vendor_category": "物流業",
        "registration_item": "物流營業場所",
        "registration_no": "A-180181897-00004-4",
        "name": "醫麗生技有限公司",
        "address": "台北市士林區文林路261號(3、4樓)",
        "company_registration_name": "醫麗生技有限公司",
        "source_page": 5,
        "point_type": "業者點位",
        "location_method": "臺北市門牌位置數值資料",
        "source_count": 256,
        "geocoding_address": "臺北市士林區文林路261號(3、",
        "lng": 121.52665315563034,
        "lat": 25.091081076565366,
        "osm_query": "臺北市士林區文林路",
        "osm_display_name": "文林路, 德華里, 士林區, 蘭雅, 臺北市, 11158, 臺灣",
        "taipei_house_key": "士林區|文林路|||261號"
      },
      "geometry": {
        "type": "Point",
        "coordinates": [
          121.52665315563034,
          25.091081076565366
        ]
      }
    },
    {
      "type": "Feature",
      "properties": {
        "source_row_no": 162,
        "city": "臺北市",
        "normalized_city": "台北市",
        "district": "中山區",
        "vendor_category_code": "6",
        "vendor_category": "物流業",
        "registration_item": "物流營業場所",
        "registration_no": "A-123156047-00001-7",
        "name": "世邦聯合空運代理股份有限公司",
        "address": "台北市中山區南京東路3段217號3樓",
        "company_registration_name": "世邦聯合空運代理股份有限公司",
        "source_page": 5,
        "point_type": "業者點位",
        "location_method": "OpenStreetMap道路/地名定位",
        "source_count": 256,
        "geocoding_address": "臺北市中山區南京東路3段217號",
        "lng": 121.53691790688109,
        "lat": 25.05185351173063,
        "osm_query": "臺北市中山區南京東路3段",
        "osm_display_name": "南京東路三段, 復華里, 中山區, 朱厝崙, 臺北市, 104103, 臺灣"
      },
      "geometry": {
        "type": "Point",
        "coordinates": [
          121.53691790688109,
          25.05185351173063
        ]
      }
    },
    {
      "type": "Feature",
      "properties": {
        "source_row_no": 163,
        "city": "臺北市",
        "normalized_city": "台北市",
        "district": "中山區",
        "vendor_category_code": "6",
        "vendor_category": "物流業",
        "registration_item": "物流營業場所",
        "registration_no": "A-112414455-00001-5",
        "name": "飛運有限公司",
        "address": "台北市中山區長安東路2段181號9樓之1",
        "company_registration_name": "飛運有限公司",
        "source_page": 5,
        "point_type": "業者點位",
        "location_method": "OpenStreetMap道路/地名定位",
        "source_count": 256,
        "geocoding_address": "臺北市中山區長安東路2段181號",
        "lng": 121.52985633521484,
        "lat": 25.048308287944007,
        "osm_query": "臺北市中山區長安東路2段",
        "osm_display_name": "長安東路二段, 興亞里, 中山區, 華山, 臺北市, 10456, 臺灣"
      },
      "geometry": {
        "type": "Point",
        "coordinates": [
          121.52985633521484,
          25.048308287944007
        ]
      }
    },
    {
      "type": "Feature",
      "properties": {
        "source_row_no": 164,
        "city": "臺北市",
        "normalized_city": "台北市",
        "district": "信義區",
        "vendor_category_code": "6",
        "vendor_category": "物流業",
        "registration_item": "物流營業場所",
        "registration_no": "A-154656686-00001-5",
        "name": "有無外送",
        "address": "台北市信義區莊敬路391巷3弄15號1樓",
        "company_registration_name": "聯岳交通控股股份有限公司",
        "source_page": 5,
        "point_type": "業者點位",
        "location_method": "臺北市門牌位置數值資料",
        "source_count": 256,
        "geocoding_address": "臺北市信義區莊敬路391巷3弄15號",
        "lng": 121.56494054674914,
        "lat": 25.028461552220698,
        "osm_query": "臺北市信義區莊敬路",
        "osm_display_name": "莊敬路, 三張里, 信義區, 三張犁, 臺北市, 11041, 臺灣",
        "taipei_house_key": "信義區|莊敬路|391巷|3弄|15號"
      },
      "geometry": {
        "type": "Point",
        "coordinates": [
          121.56494054674914,
          25.028461552220698
        ]
      }
    },
    {
      "type": "Feature",
      "properties": {
        "source_row_no": 165,
        "city": "臺北市",
        "normalized_city": "台北市",
        "district": "中山區",
        "vendor_category_code": "6",
        "vendor_category": "物流業",
        "registration_item": "物流營業場所",
        "registration_no": "A-120996222-00001-1",
        "name": "世邦國際集運股份有限公司",
        "address": "台北市中山區南京東路3段217號3樓",
        "company_registration_name": "世邦國際集運股份有限公司",
        "source_page": 5,
        "point_type": "業者點位",
        "location_method": "OpenStreetMap道路/地名定位",
        "source_count": 256,
        "geocoding_address": "臺北市中山區南京東路3段217號",
        "lng": 121.53705310391271,
        "lat": 25.05239078053251,
        "osm_query": "臺北市中山區南京東路3段",
        "osm_display_name": "南京東路三段, 復華里, 中山區, 朱厝崙, 臺北市, 104103, 臺灣"
      },
      "geometry": {
        "type": "Point",
        "coordinates": [
          121.53705310391271,
          25.05239078053251
        ]
      }
    },
    {
      "type": "Feature",
      "properties": {
        "source_row_no": 166,
        "city": "臺北市",
        "normalized_city": "台北市",
        "district": "中山區",
        "vendor_category_code": "6",
        "vendor_category": "物流業",
        "registration_item": "物流營業場所",
        "registration_no": "A-113081716-00001-6",
        "name": "台灣高虎股份有限公司",
        "address": "台北市中山區長春路328號9樓",
        "company_registration_name": "台灣高虎股份有限公司",
        "source_page": 5,
        "point_type": "業者點位",
        "location_method": "臺北市門牌位置數值資料",
        "source_count": 256,
        "geocoding_address": "臺北市中山區長春路328號",
        "lng": 121.5409357402863,
        "lat": 25.054529732891506,
        "osm_query": "臺北市中山區長春路",
        "osm_display_name": "長春路, 民安里, 中山區, 南西商圈, 臺北市, 10412, 臺灣",
        "taipei_house_key": "中山區|長春路|||328號"
      },
      "geometry": {
        "type": "Point",
        "coordinates": [
          121.5409357402863,
          25.054529732891506
        ]
      }
    },
    {
      "type": "Feature",
      "properties": {
        "source_row_no": 167,
        "city": "臺北市",
        "normalized_city": "台北市",
        "district": "內湖區",
        "vendor_category_code": "6",
        "vendor_category": "物流業",
        "registration_item": "物流營業場所",
        "registration_no": "A-202265286-00001-1",
        "name": "工廠",
        "address": "台北市內湖區港墘里瑞光路２７５號１樓",
        "company_registration_name": "好伯朗商行",
        "source_page": 5,
        "point_type": "業者點位",
        "location_method": "OpenStreetMap道路/地名定位",
        "source_count": 256,
        "geocoding_address": "臺北市內湖區港墘里瑞光路２７５號",
        "lng": 121.57824093255392,
        "lat": 25.07453324291441,
        "osm_query": "臺北市內湖區港墘里瑞光路",
        "osm_display_name": "瑞光路, 港墘里, 內湖區, 潭美, 臺北市, 114034, 臺灣"
      },
      "geometry": {
        "type": "Point",
        "coordinates": [
          121.57824093255392,
          25.07453324291441
        ]
      }
    },
    {
      "type": "Feature",
      "properties": {
        "source_row_no": 168,
        "city": "臺北市",
        "normalized_city": "台北市",
        "district": "內湖區",
        "vendor_category_code": "6",
        "vendor_category": "物流業",
        "registration_item": "物流營業場所",
        "registration_no": "A-194172650-00001-3",
        "name": "聯欣食品有限公司",
        "address": "台北市內湖區安康路246號1樓",
        "company_registration_name": "聯欣食品有限公司",
        "source_page": 5,
        "point_type": "業者點位",
        "location_method": "臺北市門牌位置數值資料",
        "source_count": 256,
        "geocoding_address": "臺北市內湖區安康路246號",
        "lng": 121.60388888487934,
        "lat": 25.06377039357618,
        "osm_query": "臺北市內湖區安康路",
        "osm_display_name": "安康路, 蘆洲里, 內湖區, 五分, 臺北市, 11484, 臺灣",
        "taipei_house_key": "內湖區|安康路|||246號"
      },
      "geometry": {
        "type": "Point",
        "coordinates": [
          121.60388888487934,
          25.06377039357618
        ]
      }
    },
    {
      "type": "Feature",
      "properties": {
        "source_row_no": 169,
        "city": "臺北市",
        "normalized_city": "台北市",
        "district": "中山區",
        "vendor_category_code": "6",
        "vendor_category": "物流業",
        "registration_item": "物流營業場所",
        "registration_no": "A-184925879-00001-1",
        "name": "銓營",
        "address": "台北市中山區中山北路2段99號5樓之2",
        "company_registration_name": "銓營股份有限公司",
        "source_page": 5,
        "point_type": "業者點位",
        "location_method": "OpenStreetMap道路/地名定位",
        "source_count": 256,
        "geocoding_address": "臺北市中山區中山北路2段99號",
        "lng": 121.52294581557165,
        "lat": 25.05656883471423,
        "osm_query": "臺北市中山區中山北路2段",
        "osm_display_name": "中山北路二段, 中山里, 中山區, 南西商圈, 臺北市, 104611, 臺灣"
      },
      "geometry": {
        "type": "Point",
        "coordinates": [
          121.52294581557165,
          25.05656883471423
        ]
      }
    },
    {
      "type": "Feature",
      "properties": {
        "source_row_no": 170,
        "city": "臺北市",
        "normalized_city": "台北市",
        "district": "內湖區",
        "vendor_category_code": "6",
        "vendor_category": "物流業",
        "registration_item": "物流營業場所",
        "registration_no": "A-150883175-00003-8",
        "name": "內湖所",
        "address": "台北市內湖區潭美街580號",
        "company_registration_name": "網家速配股份有限公司",
        "source_page": 5,
        "point_type": "業者點位",
        "location_method": "臺北市門牌位置數值資料",
        "source_count": 256,
        "geocoding_address": "臺北市內湖區潭美街580號",
        "lng": 121.5998394822877,
        "lat": 25.060551561578627,
        "osm_query": "臺北市內湖區潭美街",
        "osm_display_name": "潭美街, 蘆洲里, 內湖區, 五分, 臺北市, 11503, 臺灣",
        "taipei_house_key": "內湖區|潭美街|||580號"
      },
      "geometry": {
        "type": "Point",
        "coordinates": [
          121.5998394822877,
          25.060551561578627
        ]
      }
    },
    {
      "type": "Feature",
      "properties": {
        "source_row_no": 171,
        "city": "臺北市",
        "normalized_city": "台北市",
        "district": "內湖區",
        "vendor_category_code": "6",
        "vendor_category": "物流業",
        "registration_item": "物流營業場所",
        "registration_no": "A-153926705-00002-7",
        "name": "富胖達股份有限公司",
        "address": "台北市內湖區民善街61號6樓",
        "company_registration_name": "富胖達股份有限公司",
        "source_page": 5,
        "point_type": "業者點位",
        "location_method": "臺北市門牌位置數值資料",
        "source_count": 256,
        "geocoding_address": "臺北市內湖區民善街61號",
        "lng": 121.57617288025669,
        "lat": 25.059397505981895,
        "osm_query": "臺北市內湖區民善街",
        "osm_display_name": "民善街, 湖元里, 內湖區, 潭美, 臺北市, 11494, 臺灣",
        "taipei_house_key": "內湖區|民善街|||61號"
      },
      "geometry": {
        "type": "Point",
        "coordinates": [
          121.57617288025669,
          25.059397505981895
        ]
      }
    },
    {
      "type": "Feature",
      "properties": {
        "source_row_no": 172,
        "city": "臺北市",
        "normalized_city": "台北市",
        "district": "中山區",
        "vendor_category_code": "6",
        "vendor_category": "物流業",
        "registration_item": "物流營業場所",
        "registration_no": "A-127952966-00058-7",
        "name": "誠品生活建北辦公室",
        "address": "台北市中山區建國北路二段135-137號B1",
        "company_registration_name": "誠品生活股份有限公司",
        "source_page": 5,
        "point_type": "業者點位",
        "location_method": "OpenStreetMap道路/地名定位",
        "source_count": 256,
        "geocoding_address": "臺北市中山區建國北路二段135-137號B1",
        "lng": 121.53685623796595,
        "lat": 25.056310460313473,
        "osm_query": "臺北市中山區建國北路二段",
        "osm_display_name": "建國北路二段, 中央里, 中山區, 朱厝崙, 臺北市, 10491, 臺灣"
      },
      "geometry": {
        "type": "Point",
        "coordinates": [
          121.53685623796595,
          25.056310460313473
        ]
      }
    },
    {
      "type": "Feature",
      "properties": {
        "source_row_no": 173,
        "city": "臺北市",
        "normalized_city": "台北市",
        "district": "大同區",
        "vendor_category_code": "6",
        "vendor_category": "物流業",
        "registration_item": "物流營業場所",
        "registration_no": "A-153558954-00002-4",
        "name": "貝宇運通股份有限公司",
        "address": "台北市大同區長安西路66號9樓之1",
        "company_registration_name": "貝宇運通股份有限公司",
        "source_page": 5,
        "point_type": "業者點位",
        "location_method": "臺北市門牌位置數值資料",
        "source_count": 256,
        "geocoding_address": "臺北市大同區長安西路66號",
        "lng": 121.51963856966276,
        "lat": 25.050206459071767,
        "osm_query": "臺北市大同區長安西路",
        "osm_display_name": "長安西路, 建明里, 大同區, 南西商圈, 臺北市, 104001, 臺灣",
        "taipei_house_key": "大同區|長安西路|||66號"
      },
      "geometry": {
        "type": "Point",
        "coordinates": [
          121.51963856966276,
          25.050206459071767
        ]
      }
    },
    {
      "type": "Feature",
      "properties": {
        "source_row_no": 174,
        "city": "臺北市",
        "normalized_city": "台北市",
        "district": "中山區",
        "vendor_category_code": "6",
        "vendor_category": "物流業",
        "registration_item": "物流營業場所",
        "registration_no": "A-184278704-00002-0",
        "name": "漢陞聯運股份有限公司",
        "address": "台北市中山區民權東路1段76號5樓",
        "company_registration_name": "漢陞聯運股份有限公司",
        "source_page": 5,
        "point_type": "業者點位",
        "location_method": "OpenStreetMap道路/地名定位",
        "source_count": 256,
        "geocoding_address": "臺北市中山區民權東路1段76號",
        "lng": 121.52408243832794,
        "lat": 25.06251584772943,
        "osm_query": "臺北市中山區民權東路1段",
        "osm_display_name": "民權東路一段, 恆安里, 中山區, 雙連, 臺北市, 104029, 臺灣"
      },
      "geometry": {
        "type": "Point",
        "coordinates": [
          121.52408243832794,
          25.06251584772943
        ]
      }
    },
    {
      "type": "Feature",
      "properties": {
        "source_row_no": 175,
        "city": "臺北市",
        "normalized_city": "台北市",
        "district": "南港區",
        "vendor_category_code": "6",
        "vendor_category": "物流業",
        "registration_item": "物流營業場所",
        "registration_no": "A-170762591-01030-9",
        "name": "大道營業所",
        "address": "台北市南港區重陽路237號",
        "company_registration_name": "統一速達股份有限公司",
        "source_page": 5,
        "point_type": "業者點位",
        "location_method": "臺北市門牌位置數值資料",
        "source_count": 256,
        "geocoding_address": "臺北市南港區重陽路237號",
        "lng": 121.60257302254129,
        "lat": 25.057850797842892,
        "osm_query": "臺北市南港區重陽路",
        "osm_display_name": "重陽路, 南港里, 南港區, 三重埔, 臺北市, 11560, 臺灣",
        "taipei_house_key": "南港區|重陽路|||237號"
      },
      "geometry": {
        "type": "Point",
        "coordinates": [
          121.60257302254129,
          25.057850797842892
        ]
      }
    },
    {
      "type": "Feature",
      "properties": {
        "source_row_no": 176,
        "city": "臺北市",
        "normalized_city": "台北市",
        "district": "松山區",
        "vendor_category_code": "6",
        "vendor_category": "物流業",
        "registration_item": "物流營業場所",
        "registration_no": "A-133760451-00001-8",
        "name": "國瑞貨運有限公司",
        "address": "台北市松山區南京東路5段336號7樓之4",
        "company_registration_name": "國瑞貨運有限公司",
        "source_page": 5,
        "point_type": "業者點位",
        "location_method": "OpenStreetMap道路/地名定位",
        "source_count": 256,
        "geocoding_address": "臺北市松山區南京東路5段336號",
        "lng": 121.56216916217707,
        "lat": 25.05144731154961,
        "osm_query": "臺北市松山區南京東路5段",
        "osm_display_name": "南京東路五段, 吉祥里, 松山區, 臺北市, 10561, 臺灣"
      },
      "geometry": {
        "type": "Point",
        "coordinates": [
          121.56216916217707,
          25.05144731154961
        ]
      }
    },
    {
      "type": "Feature",
      "properties": {
        "source_row_no": 177,
        "city": "臺北市",
        "normalized_city": "台北市",
        "district": "中山區",
        "vendor_category_code": "6",
        "vendor_category": "物流業",
        "registration_item": "物流營業場所",
        "registration_no": "A-122721354-00001-5",
        "name": "世樺國際聯運有限公司",
        "address": "台北市中山區南京東路3段200號7樓",
        "company_registration_name": "世樺國際物流股份有限公司",
        "source_page": 5,
        "point_type": "業者點位",
        "location_method": "OpenStreetMap道路/地名定位",
        "source_count": 256,
        "geocoding_address": "臺北市中山區南京東路3段200號",
        "lng": 121.53691044277909,
        "lat": 25.05201851509978,
        "osm_query": "臺北市中山區南京東路3段",
        "osm_display_name": "南京東路三段, 復華里, 中山區, 朱厝崙, 臺北市, 104103, 臺灣"
      },
      "geometry": {
        "type": "Point",
        "coordinates": [
          121.53691044277909,
          25.05201851509978
        ]
      }
    },
    {
      "type": "Feature",
      "properties": {
        "source_row_no": 178,
        "city": "臺北市",
        "normalized_city": "台北市",
        "district": "士林區",
        "vendor_category_code": "6",
        "vendor_category": "物流業",
        "registration_item": "物流營業場所",
        "registration_no": "A-180660806-00003-5",
        "name": "永茗酒業有限公司",
        "address": "台北市士林區德行東路363號1樓",
        "company_registration_name": "永茗酒業有限公司",
        "source_page": 5,
        "point_type": "業者點位",
        "location_method": "臺北市門牌位置數值資料",
        "source_count": 256,
        "geocoding_address": "臺北市士林區德行東路363號",
        "lng": 121.53881844639841,
        "lat": 25.110594913393328,
        "osm_query": "臺北市士林區德行東路",
        "osm_display_name": "德行東路, 忠誠里, 士林區, 蘭雅, 臺北市, 111020, 臺灣",
        "taipei_house_key": "士林區|德行東路|||363號"
      },
      "geometry": {
        "type": "Point",
        "coordinates": [
          121.53881844639841,
          25.110594913393328
        ]
      }
    },
    {
      "type": "Feature",
      "properties": {
        "source_row_no": 179,
        "city": "臺北市",
        "normalized_city": "台北市",
        "district": "萬華區",
        "vendor_category_code": "6",
        "vendor_category": "物流業",
        "registration_item": "物流營業場所",
        "registration_no": "A-142507705-00001-9",
        "name": "尚穎蔬果行",
        "address": "台北市萬華區富民路155巷33號6樓之1",
        "company_registration_name": "尚穎蔬果行",
        "source_page": 5,
        "point_type": "業者點位",
        "location_method": "臺北市門牌位置數值資料",
        "source_count": 256,
        "geocoding_address": "臺北市萬華區富民路155巷33號",
        "lng": 121.5009147210257,
        "lat": 25.018461817353835,
        "osm_query": "臺北市萬華區富民路",
        "osm_display_name": "富民路, 興德里, 萬華區, 東園, 臺北市, 10872, 臺灣",
        "taipei_house_key": "萬華區|富民路|155巷||33號"
      },
      "geometry": {
        "type": "Point",
        "coordinates": [
          121.5009147210257,
          25.018461817353835
        ]
      }
    },
    {
      "type": "Feature",
      "properties": {
        "source_row_no": 180,
        "city": "臺北市",
        "normalized_city": "台北市",
        "district": "萬華區",
        "vendor_category_code": "6",
        "vendor_category": "物流業",
        "registration_item": "物流營業場所",
        "registration_no": "A-148946414-00001-9",
        "name": "台北農產運銷有限公司",
        "address": "台北市萬華區萬大路533號",
        "company_registration_name": "精奇商行",
        "source_page": 5,
        "point_type": "業者點位",
        "location_method": "臺北市門牌位置數值資料",
        "source_count": 256,
        "geocoding_address": "臺北市萬華區萬大路533號",
        "lng": 121.49713199522044,
        "lat": 25.018499829728977,
        "osm_query": "臺北市萬華區萬大路",
        "osm_display_name": "萬大路, 新安里, 萬華區, 東園, 臺北市, 108032, 臺灣",
        "taipei_house_key": "萬華區|萬大路|||533號"
      },
      "geometry": {
        "type": "Point",
        "coordinates": [
          121.49713199522044,
          25.018499829728977
        ]
      }
    },
    {
      "type": "Feature",
      "properties": {
        "source_row_no": 181,
        "city": "臺北市",
        "normalized_city": "台北市",
        "district": "南港區",
        "vendor_category_code": "6",
        "vendor_category": "物流業",
        "registration_item": "物流營業場所",
        "registration_no": "A-121244761-00001-6",
        "name": "松福運輸有限公司",
        "address": "台北市南港區南港路3段50巷10號2樓",
        "company_registration_name": "松福運輸有限公司",
        "source_page": 5,
        "point_type": "業者點位",
        "location_method": "OpenStreetMap道路/地名定位",
        "source_count": 256,
        "geocoding_address": "臺北市南港區南港路3段50巷10號",
        "lng": 121.58751534218268,
        "lat": 25.05285925318695,
        "osm_query": "臺北市南港區南港路3段",
        "osm_display_name": "南港路三段, 玉成里, 南港區, 潭美, 臺北市, 11551, 臺灣"
      },
      "geometry": {
        "type": "Point",
        "coordinates": [
          121.58751534218268,
          25.05285925318695
        ]
      }
    },
    {
      "type": "Feature",
      "properties": {
        "source_row_no": 182,
        "city": "臺北市",
        "normalized_city": "台北市",
        "district": "士林區",
        "vendor_category_code": "6",
        "vendor_category": "物流業",
        "registration_item": "物流營業場所",
        "registration_no": "A-124543567-00001-5",
        "name": "立邁實業有限公司",
        "address": "台北市士林區德行東路365巷21號1樓",
        "company_registration_name": "立邁實業有限公司",
        "source_page": 5,
        "point_type": "業者點位",
        "location_method": "臺北市門牌位置數值資料",
        "source_count": 256,
        "geocoding_address": "臺北市士林區德行東路365巷21號",
        "lng": 121.53863785717294,
        "lat": 25.11154292061498,
        "osm_query": "臺北市士林區德行東路",
        "osm_display_name": "德行東路, 忠誠里, 士林區, 蘭雅, 臺北市, 111020, 臺灣",
        "taipei_house_key": "士林區|德行東路|365巷||21號"
      },
      "geometry": {
        "type": "Point",
        "coordinates": [
          121.53863785717294,
          25.11154292061498
        ]
      }
    },
    {
      "type": "Feature",
      "properties": {
        "source_row_no": 183,
        "city": "臺北市",
        "normalized_city": "台北市",
        "district": "北投區",
        "vendor_category_code": "6",
        "vendor_category": "物流業",
        "registration_item": "物流營業場所",
        "registration_no": "A-170762591-01038-7",
        "name": "天母營業所",
        "address": "台北市北投區承德路六段335-2號",
        "company_registration_name": "統一速達股份有限公司",
        "source_page": 5,
        "point_type": "業者點位",
        "location_method": "OpenStreetMap道路/地名定位",
        "source_count": 256,
        "geocoding_address": "臺北市北投區承德路六段335-2號",
        "lng": 121.51175218049526,
        "lat": 25.107143355389283,
        "osm_query": "臺北市北投區承德路六段",
        "osm_display_name": "承德路六段, 建民里, 北投區, 社子, 臺北市, 11290, 臺灣"
      },
      "geometry": {
        "type": "Point",
        "coordinates": [
          121.51175218049526,
          25.107143355389283
        ]
      }
    },
    {
      "type": "Feature",
      "properties": {
        "source_row_no": 184,
        "city": "臺北市",
        "normalized_city": "台北市",
        "district": "北投區",
        "vendor_category_code": "6",
        "vendor_category": "物流業",
        "registration_item": "物流營業場所",
        "registration_no": "A-170762591-01039-8",
        "name": "士林營業所",
        "address": "台北市北投區承德路六段335-2號",
        "company_registration_name": "統一速達股份有限公司",
        "source_page": 5,
        "point_type": "業者點位",
        "location_method": "OpenStreetMap道路/地名定位",
        "source_count": 256,
        "geocoding_address": "臺北市北投區承德路六段335-2號",
        "lng": 121.51179179512046,
        "lat": 25.107139296552322,
        "osm_query": "臺北市北投區承德路六段",
        "osm_display_name": "承德路六段, 建民里, 北投區, 社子, 臺北市, 11290, 臺灣"
      },
      "geometry": {
        "type": "Point",
        "coordinates": [
          121.51179179512046,
          25.107139296552322
        ]
      }
    },
    {
      "type": "Feature",
      "properties": {
        "source_row_no": 185,
        "city": "臺北市",
        "normalized_city": "台北市",
        "district": "中山區",
        "vendor_category_code": "6",
        "vendor_category": "物流業",
        "registration_item": "物流營業場所",
        "registration_no": "A-170376155-00001-3",
        "name": "萬通船務代理股份有限公司",
        "address": "台北市中山區南京東路3段200號10樓之1",
        "company_registration_name": "萬通船務代理股份有限公司",
        "source_page": 5,
        "point_type": "業者點位",
        "location_method": "OpenStreetMap道路/地名定位",
        "source_count": 256,
        "geocoding_address": "臺北市中山區南京東路3段200號",
        "lng": 121.5370450165399,
        "lat": 25.051730599462243,
        "osm_query": "臺北市中山區南京東路3段",
        "osm_display_name": "南京東路三段, 復華里, 中山區, 朱厝崙, 臺北市, 104103, 臺灣"
      },
      "geometry": {
        "type": "Point",
        "coordinates": [
          121.5370450165399,
          25.051730599462243
        ]
      }
    },
    {
      "type": "Feature",
      "properties": {
        "source_row_no": 186,
        "city": "臺北市",
        "normalized_city": "台北市",
        "district": "松山區",
        "vendor_category_code": "6",
        "vendor_category": "物流業",
        "registration_item": "物流營業場所",
        "registration_no": "A-112549496-00001-9",
        "name": "昭順交通有限公司",
        "address": "台北市松山區八德路3段75號7樓",
        "company_registration_name": "昭順交通有限公司",
        "source_page": 5,
        "point_type": "業者點位",
        "location_method": "OpenStreetMap道路/地名定位",
        "source_count": 256,
        "geocoding_address": "臺北市松山區八德路3段75號",
        "osm_query": "八德路3段 松山區 臺北市",
        "osm_display_name": "八德路三段, 敦化里, 松山區, 中崙, 臺北市, 10554, 臺灣",
        "lng": 121.55145264277908,
        "lat": 25.04812911509978
      },
      "geometry": {
        "type": "Point",
        "coordinates": [
          121.55145264277908,
          25.04812911509978
        ]
      }
    },
    {
      "type": "Feature",
      "properties": {
        "source_row_no": 187,
        "city": "臺北市",
        "normalized_city": "台北市",
        "district": "南港區",
        "vendor_category_code": "6",
        "vendor_category": "物流業",
        "registration_item": "物流營業場所",
        "registration_no": "A-116234399-00001-6",
        "name": "公司",
        "address": "台北市南港區南港路三段50巷10號2F",
        "company_registration_name": "松讚搬家貨運有限公司",
        "source_page": 5,
        "point_type": "業者點位",
        "location_method": "臺北市門牌位置數值資料",
        "source_count": 256,
        "geocoding_address": "臺北市南港區南港路三段50巷10號",
        "lng": 121.59103875369765,
        "lat": 25.055377768681485,
        "osm_query": "臺北市南港區南港路三段",
        "osm_display_name": "南港路三段, 玉成里, 南港區, 潭美, 臺北市, 11551, 臺灣",
        "taipei_house_key": "南港區|南港路三段|50巷||10號"
      },
      "geometry": {
        "type": "Point",
        "coordinates": [
          121.59103875369765,
          25.055377768681485
        ]
      }
    },
    {
      "type": "Feature",
      "properties": {
        "source_row_no": 188,
        "city": "臺北市",
        "normalized_city": "台北市",
        "district": "中山區",
        "vendor_category_code": "6",
        "vendor_category": "物流業",
        "registration_item": "物流營業場所",
        "registration_no": "A-123463468-00003-7",
        "name": "世醫股份有限公司",
        "address": "台北市中山區建國北路3段42號7樓",
        "company_registration_name": "世醫股份有限公司",
        "source_page": 5,
        "point_type": "業者點位",
        "location_method": "OpenStreetMap道路/地名定位",
        "source_count": 256,
        "geocoding_address": "臺北市中山區建國北路3段42號",
        "lng": 121.53695672184827,
        "lat": 25.06480684416292,
        "osm_query": "臺北市中山區建國北路3段",
        "osm_display_name": "建國北路三段, 行孝里, 中山區, 下埤頭, 臺北市, 104068, 臺灣"
      },
      "geometry": {
        "type": "Point",
        "coordinates": [
          121.53695672184827,
          25.06480684416292
        ]
      }
    },
    {
      "type": "Feature",
      "properties": {
        "source_row_no": 189,
        "city": "臺北市",
        "normalized_city": "台北市",
        "district": "松山區",
        "vendor_category_code": "6",
        "vendor_category": "物流業",
        "registration_item": "物流營業場所",
        "registration_no": "A-112285656-00001-4",
        "name": "昭原交通有限公司",
        "address": "台北市松山區八德路3段75號7樓",
        "company_registration_name": "昭原交通有限公司",
        "source_page": 5,
        "point_type": "業者點位",
        "location_method": "OpenStreetMap道路/地名定位",
        "source_count": 256,
        "geocoding_address": "臺北市松山區八德路3段75號",
        "osm_query": "八德路3段 松山區 臺北市",
        "osm_display_name": "八德路三段, 敦化里, 松山區, 中崙, 臺北市, 10554, 臺灣",
        "lng": 121.55166005255165,
        "lat": 25.04839268590624
      },
      "geometry": {
        "type": "Point",
        "coordinates": [
          121.55166005255165,
          25.04839268590624
        ]
      }
    },
    {
      "type": "Feature",
      "properties": {
        "source_row_no": 190,
        "city": "臺北市",
        "normalized_city": "台北市",
        "district": "內湖區",
        "vendor_category_code": "6",
        "vendor_category": "物流業",
        "registration_item": "物流營業場所",
        "registration_no": "A-170762591-01033-2",
        "name": "西內湖營業所",
        "address": "台北市內湖區安康路32巷24弄8號",
        "company_registration_name": "統一速達股份有限公司",
        "source_page": 5,
        "point_type": "業者點位",
        "location_method": "臺北市門牌位置數值資料",
        "source_count": 256,
        "geocoding_address": "臺北市內湖區安康路32巷24弄8號",
        "lng": 121.59458800680287,
        "lat": 25.06178500393871,
        "osm_query": "臺北市內湖區安康路",
        "osm_display_name": "安康路, 蘆洲里, 內湖區, 五分, 臺北市, 11484, 臺灣",
        "taipei_house_key": "內湖區|安康路|32巷|24弄|8號"
      },
      "geometry": {
        "type": "Point",
        "coordinates": [
          121.59458800680287,
          25.06178500393871
        ]
      }
    },
    {
      "type": "Feature",
      "properties": {
        "source_row_no": 191,
        "city": "臺北市",
        "normalized_city": "台北市",
        "district": "信義區",
        "vendor_category_code": "6",
        "vendor_category": "物流業",
        "registration_item": "物流營業場所",
        "registration_no": "A-190286245-00003-7",
        "name": "台北101-35樓",
        "address": "台北市信義區信義路五段7號35樓",
        "company_registration_name": "初茶弁飯科技股份有限公司",
        "source_page": 5,
        "point_type": "業者點位",
        "location_method": "臺北市門牌位置數值資料",
        "source_count": 256,
        "geocoding_address": "臺北市信義區信義路五段7號",
        "lng": 121.56478963684691,
        "lat": 25.033416694652388,
        "osm_query": "臺北市信義區信義路五段",
        "osm_display_name": "松勤街, 景新里, 信義區, 三張犁, 臺北市, 110615, 臺灣",
        "taipei_house_key": "信義區|信義路五段|||7號"
      },
      "geometry": {
        "type": "Point",
        "coordinates": [
          121.56478963684691,
          25.033416694652388
        ]
      }
    },
    {
      "type": "Feature",
      "properties": {
        "source_row_no": 192,
        "city": "臺北市",
        "normalized_city": "台北市",
        "district": "士林區",
        "vendor_category_code": "6",
        "vendor_category": "物流業",
        "registration_item": "物流營業場所",
        "registration_no": "A-172977339-00001-6",
        "name": "盛光行",
        "address": "台北市士林區延平北路5段83巷28弄19號2樓",
        "company_registration_name": "盛光行",
        "source_page": 5,
        "point_type": "業者點位",
        "location_method": "OpenStreetMap道路/地名定位",
        "source_count": 256,
        "geocoding_address": "臺北市士林區延平北路5段83巷28弄19號",
        "lng": 121.50959352272704,
        "lat": 25.0865576491193,
        "osm_query": "臺北市士林區延平北路5段",
        "osm_display_name": "延平北路五段, 社子里, 士林區, 社子, 臺北市, 111075, 臺灣"
      },
      "geometry": {
        "type": "Point",
        "coordinates": [
          121.50959352272704,
          25.0865576491193
        ]
      }
    },
    {
      "type": "Feature",
      "properties": {
        "source_row_no": 193,
        "city": "臺北市",
        "normalized_city": "台北市",
        "district": "內湖區",
        "vendor_category_code": "6",
        "vendor_category": "物流業",
        "registration_item": "物流營業場所",
        "registration_no": "A-156701026-00002-7",
        "name": "得連物流股份有限公司",
        "address": "台北市內湖區潭美街583號2樓",
        "company_registration_name": "得連物流股份有限公司",
        "source_page": 5,
        "point_type": "業者點位",
        "location_method": "臺北市門牌位置數值資料",
        "source_count": 256,
        "geocoding_address": "臺北市內湖區潭美街583號",
        "lng": 121.60287651497129,
        "lat": 25.06129891943463,
        "osm_query": "臺北市內湖區潭美街",
        "osm_display_name": "潭美街, 蘆洲里, 內湖區, 五分, 臺北市, 11503, 臺灣",
        "taipei_house_key": "內湖區|潭美街|||583號"
      },
      "geometry": {
        "type": "Point",
        "coordinates": [
          121.60287651497129,
          25.06129891943463
        ]
      }
    },
    {
      "type": "Feature",
      "properties": {
        "source_row_no": 194,
        "city": "臺北市",
        "normalized_city": "台北市",
        "district": "中山區",
        "vendor_category_code": "6",
        "vendor_category": "物流業",
        "registration_item": "物流營業場所",
        "registration_no": "A-111649911-00001-1",
        "name": "世運船務代理股份有限公司",
        "address": "台北市中山區南京東路3段217號4樓",
        "company_registration_name": "世運船務代理股份有限公司",
        "source_page": 5,
        "point_type": "業者點位",
        "location_method": "OpenStreetMap道路/地名定位",
        "source_count": 256,
        "geocoding_address": "臺北市中山區南京東路3段217號",
        "lng": 121.53700087530937,
        "lat": 25.05201993219055,
        "osm_query": "臺北市中山區南京東路3段",
        "osm_display_name": "南京東路三段, 復華里, 中山區, 朱厝崙, 臺北市, 104103, 臺灣"
      },
      "geometry": {
        "type": "Point",
        "coordinates": [
          121.53700087530937,
          25.05201993219055
        ]
      }
    },
    {
      "type": "Feature",
      "properties": {
        "source_row_no": 195,
        "city": "臺北市",
        "normalized_city": "台北市",
        "district": "文山區",
        "vendor_category_code": "6",
        "vendor_category": "物流業",
        "registration_item": "物流營業場所",
        "registration_no": "A-129176127-00002-5",
        "name": "亞洲物流總公司",
        "address": "台北市文山區羅斯福路六段142巷13號",
        "company_registration_name": "亞洲智慧物流股份有限公司",
        "source_page": 5,
        "point_type": "業者點位",
        "location_method": "臺北市門牌位置數值資料",
        "source_count": 256,
        "geocoding_address": "臺北市文山區羅斯福路六段142巷13號",
        "lng": 121.53755290781774,
        "lat": 24.9975025571269,
        "osm_query": "臺北市文山區羅斯福路六段",
        "osm_display_name": "滬江中學, 336, 羅斯福路六段, 景美里, 文山區, 臺北市, 11674, 臺灣",
        "taipei_house_key": "文山區|羅斯福路六段|142巷||13號"
      },
      "geometry": {
        "type": "Point",
        "coordinates": [
          121.53755290781774,
          24.9975025571269
        ]
      }
    },
    {
      "type": "Feature",
      "properties": {
        "source_row_no": 196,
        "city": "臺北市",
        "normalized_city": "台北市",
        "district": "松山區",
        "vendor_category_code": "6",
        "vendor_category": "物流業",
        "registration_item": "物流營業場所",
        "registration_no": "A-124535428-00002-3",
        "name": "竑拓國際物流股份有限公司",
        "address": "台北市松山區復興北路33號3樓之2",
        "company_registration_name": "竑拓國際物流股份有限公司",
        "source_page": 5,
        "point_type": "業者點位",
        "location_method": "臺北市門牌位置數值資料",
        "source_count": 256,
        "geocoding_address": "臺北市松山區復興北路33號",
        "lng": 121.54421654151173,
        "lat": 25.049984941729402,
        "osm_query": "臺北市松山區復興北路",
        "osm_display_name": "復興北路, 中正里, 松山區, 中崙, 臺北市, 10595, 臺灣",
        "taipei_house_key": "松山區|復興北路|||33號"
      },
      "geometry": {
        "type": "Point",
        "coordinates": [
          121.54421654151173,
          25.049984941729402
        ]
      }
    },
    {
      "type": "Feature",
      "properties": {
        "source_row_no": 197,
        "city": "臺北市",
        "normalized_city": "台北市",
        "district": "中正區",
        "vendor_category_code": "6",
        "vendor_category": "物流業",
        "registration_item": "物流營業場所",
        "registration_no": "A-150991630-00001-2",
        "name": "辦公室",
        "address": "台北市中正區羅斯福路2段9號10樓之1",
        "company_registration_name": "昭博國際商務有限公司",
        "source_page": 5,
        "point_type": "業者點位",
        "location_method": "OpenStreetMap道路/地名定位",
        "source_count": 256,
        "geocoding_address": "臺北市中正區羅斯福路2段9號",
        "lng": 121.52335110691087,
        "lat": 25.025368812083954,
        "osm_query": "臺北市中正區羅斯福路2段",
        "osm_display_name": "羅斯福路二段, 頂東里, 中正區, 古亭, 臺北市, 106606, 臺灣"
      },
      "geometry": {
        "type": "Point",
        "coordinates": [
          121.52335110691087,
          25.025368812083954
        ]
      }
    },
    {
      "type": "Feature",
      "properties": {
        "source_row_no": 198,
        "city": "臺北市",
        "normalized_city": "台北市",
        "district": "內湖區",
        "vendor_category_code": "6",
        "vendor_category": "物流業",
        "registration_item": "物流營業場所",
        "registration_no": "A-110349211-00005-4",
        "name": "糕菲庇護工場",
        "address": "台北市內湖區行愛路140巷25號",
        "company_registration_name": "糕菲庇護工場",
        "source_page": 5,
        "point_type": "業者點位",
        "location_method": "臺北市門牌位置數值資料",
        "source_count": 256,
        "geocoding_address": "臺北市內湖區行愛路140巷25號",
        "lng": 121.57939311222701,
        "lat": 25.06360879991363,
        "osm_query": "臺北市內湖區行愛路",
        "osm_display_name": "行愛路, 湖元里, 內湖區, 潭美, 臺北市, 11494, 臺灣",
        "taipei_house_key": "內湖區|行愛路|140巷||25號"
      },
      "geometry": {
        "type": "Point",
        "coordinates": [
          121.57939311222701,
          25.06360879991363
        ]
      }
    },
    {
      "type": "Feature",
      "properties": {
        "source_row_no": 199,
        "city": "臺北市",
        "normalized_city": "台北市",
        "district": "內湖區",
        "vendor_category_code": "6",
        "vendor_category": "物流業",
        "registration_item": "物流營業場所",
        "registration_no": "A-155847754-00008-1",
        "name": "艾斯奇餐飲",
        "address": "台北市內湖區瑞光路210號10樓",
        "company_registration_name": "艾斯奇餐飲股份有限公司",
        "source_page": 5,
        "point_type": "業者點位",
        "location_method": "臺北市門牌位置數值資料",
        "source_count": 256,
        "geocoding_address": "臺北市內湖區瑞光路210號",
        "lng": 121.5763180622298,
        "lat": 25.075200422176984,
        "osm_query": "臺北市內湖區瑞光路",
        "osm_display_name": "瑞光路, 寶湖里, 內湖區, 潭美, 臺北市, 114062, 臺灣",
        "taipei_house_key": "內湖區|瑞光路|||210號"
      },
      "geometry": {
        "type": "Point",
        "coordinates": [
          121.5763180622298,
          25.075200422176984
        ]
      }
    },
    {
      "type": "Feature",
      "properties": {
        "source_row_no": 200,
        "city": "臺北市",
        "normalized_city": "台北市",
        "district": "松山區",
        "vendor_category_code": "6",
        "vendor_category": "物流業",
        "registration_item": "物流營業場所",
        "registration_no": "A-278957465-00001-1",
        "name": "台北市松山區南京東路5段336號7樓之4",
        "address": "台北市松山區南京東路5段336號7樓之4",
        "company_registration_name": "吉樺貨運交通有限公司",
        "source_page": 5,
        "point_type": "業者點位",
        "location_method": "OpenStreetMap道路/地名定位",
        "source_count": 256,
        "geocoding_address": "臺北市松山區南京東路5段336號",
        "lng": 121.5624527875388,
        "lat": 25.051298484372058,
        "osm_query": "臺北市松山區南京東路5段",
        "osm_display_name": "南京東路五段, 吉祥里, 松山區, 臺北市, 10561, 臺灣"
      },
      "geometry": {
        "type": "Point",
        "coordinates": [
          121.5624527875388,
          25.051298484372058
        ]
      }
    },
    {
      "type": "Feature",
      "properties": {
        "source_row_no": 201,
        "city": "臺北市",
        "normalized_city": "台北市",
        "district": "萬華區",
        "vendor_category_code": "6",
        "vendor_category": "物流業",
        "registration_item": "物流營業場所",
        "registration_no": "A-170762591-01022-0",
        "name": "環南營業所",
        "address": "台北市萬華區環河南路三段159號",
        "company_registration_name": "統一速達股份有限公司",
        "source_page": 6,
        "point_type": "業者點位",
        "location_method": "臺北市門牌位置數值資料",
        "source_count": 256,
        "geocoding_address": "臺北市萬華區環河南路三段159號",
        "lng": 121.49166408047023,
        "lat": 25.022917769353857,
        "osm_query": "臺北市萬華區環河南路三段",
        "osm_display_name": "環河南路三段, 銘德里, 萬華區, 西園, 臺北市, 108039, 臺灣",
        "taipei_house_key": "萬華區|環河南路三段|||159號"
      },
      "geometry": {
        "type": "Point",
        "coordinates": [
          121.49166408047023,
          25.022917769353857
        ]
      }
    },
    {
      "type": "Feature",
      "properties": {
        "source_row_no": 202,
        "city": "臺北市",
        "normalized_city": "台北市",
        "district": "文山區",
        "vendor_category_code": "6",
        "vendor_category": "物流業",
        "registration_item": "物流營業場所",
        "registration_no": "A-116865676-00001-4",
        "name": "金和通運有限公司",
        "address": "台北市文山區忠順街2段25號2樓",
        "company_registration_name": "金和通運有限公司",
        "source_page": 6,
        "point_type": "業者點位",
        "location_method": "OpenStreetMap道路/地名定位",
        "source_count": 256,
        "geocoding_address": "臺北市文山區忠順街2段25號",
        "lng": 121.5644962543018,
        "lat": 24.98473602903911,
        "osm_query": "臺北市文山區忠順街2段",
        "osm_display_name": "忠順街二段, 順興里, 文山區, 臺北市, 116021, 臺灣"
      },
      "geometry": {
        "type": "Point",
        "coordinates": [
          121.5644962543018,
          24.98473602903911
        ]
      }
    },
    {
      "type": "Feature",
      "properties": {
        "source_row_no": 203,
        "city": "臺北市",
        "normalized_city": "台北市",
        "district": "中正區",
        "vendor_category_code": "6",
        "vendor_category": "物流業",
        "registration_item": "物流營業場所",
        "registration_no": "A-112609661-00008-7",
        "name": "台北快樂檸檬公館店",
        "address": "台北市中正區羅斯福路4段24巷14號1樓",
        "company_registration_name": "宴美企業有限公司",
        "source_page": 6,
        "point_type": "業者點位",
        "location_method": "OpenStreetMap道路/地名定位",
        "source_count": 256,
        "geocoding_address": "臺北市中正區羅斯福路4段24巷14號",
        "lng": 121.53738528333847,
        "lat": 25.010644945534768,
        "osm_query": "臺北市中正區羅斯福路4段",
        "osm_display_name": "羅斯福路四段, 萬年里, 文山區, 公館, 臺北市, 107, 臺灣"
      },
      "geometry": {
        "type": "Point",
        "coordinates": [
          121.53738528333847,
          25.010644945534768
        ]
      }
    },
    {
      "type": "Feature",
      "properties": {
        "source_row_no": 204,
        "city": "臺北市",
        "normalized_city": "台北市",
        "district": "中山區",
        "vendor_category_code": "6",
        "vendor_category": "物流業",
        "registration_item": "物流營業場所",
        "registration_no": "A-189139626-00001-3",
        "name": "凱泰國際展覽物流股份有限公司",
        "address": "台北市中山區八德路2段308號5樓",
        "company_registration_name": "凱泰國際展覽物流股份有限公司",
        "source_page": 6,
        "point_type": "業者點位",
        "location_method": "OpenStreetMap道路/地名定位",
        "source_count": 256,
        "geocoding_address": "臺北市中山區八德路2段308號",
        "osm_query": "八德路2段 中山區 臺北市",
        "osm_display_name": "八德路二段, 朱園里, 中山區, 朱厝崙, 臺北市, 10608, 臺灣",
        "lng": 121.53593278433887,
        "lat": 25.04558790803797
      },
      "geometry": {
        "type": "Point",
        "coordinates": [
          121.53593278433887,
          25.04558790803797
        ]
      }
    },
    {
      "type": "Feature",
      "properties": {
        "source_row_no": 205,
        "city": "臺北市",
        "normalized_city": "台北市",
        "district": "信義區",
        "vendor_category_code": "6",
        "vendor_category": "物流業",
        "registration_item": "物流營業場所",
        "registration_no": "A-170762591-01031-0",
        "name": "北信義營業所",
        "address": "台北市信義區松信路63號",
        "company_registration_name": "統一速達股份有限公司",
        "source_page": 6,
        "point_type": "業者點位",
        "location_method": "臺北市門牌位置數值資料",
        "source_count": 256,
        "geocoding_address": "臺北市信義區松信路63號",
        "lng": 121.57231577730208,
        "lat": 25.047232311530813,
        "osm_query": "臺北市信義區松信路",
        "osm_display_name": "松信路, 六藝里, 信義區, 興雅, 臺北市, 110072, 臺灣",
        "taipei_house_key": "信義區|松信路|||63號"
      },
      "geometry": {
        "type": "Point",
        "coordinates": [
          121.57231577730208,
          25.047232311530813
        ]
      }
    },
    {
      "type": "Feature",
      "properties": {
        "source_row_no": 206,
        "city": "臺北市",
        "normalized_city": "台北市",
        "district": "中山區",
        "vendor_category_code": "6",
        "vendor_category": "物流業",
        "registration_item": "物流營業場所",
        "registration_no": "A-111522202-00001-4",
        "name": "信可股份有限公司台灣分公司",
        "address": "台北市中山區民生東路3段49號3樓",
        "company_registration_name": "香港商信可股份有限公司",
        "source_page": 6,
        "point_type": "業者點位",
        "location_method": "OpenStreetMap道路/地名定位",
        "source_count": 256,
        "geocoding_address": "臺北市中山區民生東路3段49號",
        "lng": 121.53676754155094,
        "lat": 25.058099914653443,
        "osm_query": "臺北市中山區民生東路3段",
        "osm_display_name": "民生東路三段, 江山里, 中山區, 朱厝崙, 臺北市, 10491, 臺灣"
      },
      "geometry": {
        "type": "Point",
        "coordinates": [
          121.53676754155094,
          25.058099914653443
        ]
      }
    },
    {
      "type": "Feature",
      "properties": {
        "source_row_no": 207,
        "city": "臺北市",
        "normalized_city": "台北市",
        "district": "萬華區",
        "vendor_category_code": "6",
        "vendor_category": "物流業",
        "registration_item": "物流營業場所",
        "registration_no": "A-202284825-00001-1",
        "name": "倉庫",
        "address": "台北市萬華區長順街14巷19號",
        "company_registration_name": "建農蔬果有限公司",
        "source_page": 6,
        "point_type": "業者點位",
        "location_method": "臺北市門牌位置數值資料",
        "source_count": 256,
        "geocoding_address": "臺北市萬華區長順街14巷19號",
        "lng": 121.48966000796297,
        "lat": 25.031001258946763,
        "osm_query": "臺北市萬華區長順街",
        "osm_display_name": "長順街, 綠堤里, 萬華區, 西園, 臺北市, 10858, 臺灣",
        "taipei_house_key": "萬華區|長順街|14巷||19號"
      },
      "geometry": {
        "type": "Point",
        "coordinates": [
          121.48966000796297,
          25.031001258946763
        ]
      }
    },
    {
      "type": "Feature",
      "properties": {
        "source_row_no": 208,
        "city": "臺北市",
        "normalized_city": "台北市",
        "district": "中山區",
        "vendor_category_code": "6",
        "vendor_category": "物流業",
        "registration_item": "物流營業場所",
        "registration_no": "A-122958771-00001-0",
        "name": "松山機場",
        "address": "台北市中山區長安東路2段117號8樓",
        "company_registration_name": "立榮航空股份有限公司",
        "source_page": 6,
        "point_type": "業者點位",
        "location_method": "OpenStreetMap道路/地名定位",
        "source_count": 256,
        "geocoding_address": "臺北市中山區長安東路2段117號",
        "lng": 121.53004422228327,
        "lat": 25.04829513532713,
        "osm_query": "臺北市中山區長安東路2段",
        "osm_display_name": "長安東路二段, 興亞里, 中山區, 華山, 臺北市, 10456, 臺灣"
      },
      "geometry": {
        "type": "Point",
        "coordinates": [
          121.53004422228327,
          25.04829513532713
        ]
      }
    },
    {
      "type": "Feature",
      "properties": {
        "source_row_no": 209,
        "city": "臺北市",
        "normalized_city": "台北市",
        "district": "松山區",
        "vendor_category_code": "6",
        "vendor_category": "物流業",
        "registration_item": "物流營業場所",
        "registration_no": "A-189305309-00002-7",
        "name": "國昌貨運股份有限公司",
        "address": "台北市松山區南京東路5段336號7樓之4",
        "company_registration_name": "國昌貨運股份有限公司",
        "source_page": 6,
        "point_type": "業者點位",
        "location_method": "OpenStreetMap道路/地名定位",
        "source_count": 256,
        "geocoding_address": "臺北市松山區南京東路5段336號",
        "lng": 121.5625471608509,
        "lat": 25.051378137572545,
        "osm_query": "臺北市松山區南京東路5段",
        "osm_display_name": "南京東路五段, 吉祥里, 松山區, 臺北市, 10561, 臺灣"
      },
      "geometry": {
        "type": "Point",
        "coordinates": [
          121.5625471608509,
          25.051378137572545
        ]
      }
    },
    {
      "type": "Feature",
      "properties": {
        "source_row_no": 210,
        "city": "臺北市",
        "normalized_city": "台北市",
        "district": "南港區",
        "vendor_category_code": "6",
        "vendor_category": "物流業",
        "registration_item": "物流營業場所",
        "registration_no": "A-170762591-00807-0",
        "name": "潮州營業所",
        "address": "台北市南港區重陽路237號",
        "company_registration_name": "統一速達股份有限公司",
        "source_page": 6,
        "point_type": "業者點位",
        "location_method": "臺北市門牌位置數值資料",
        "source_count": 256,
        "geocoding_address": "臺北市南港區重陽路237號",
        "lng": 121.60257302254129,
        "lat": 25.057850797842892,
        "osm_query": "臺北市南港區重陽路",
        "osm_display_name": "重陽路, 南港里, 南港區, 三重埔, 臺北市, 11560, 臺灣",
        "taipei_house_key": "南港區|重陽路|||237號"
      },
      "geometry": {
        "type": "Point",
        "coordinates": [
          121.60257302254129,
          25.057850797842892
        ]
      }
    },
    {
      "type": "Feature",
      "properties": {
        "source_row_no": 211,
        "city": "臺北市",
        "normalized_city": "台北市",
        "district": "南港區",
        "vendor_category_code": "6",
        "vendor_category": "物流業",
        "registration_item": "物流營業場所",
        "registration_no": "A-154325770-00001-2",
        "name": "新達貨運有限公司",
        "address": "台北市南港區南港路3段130巷2弄2號5樓",
        "company_registration_name": "新達貨運有限公司",
        "source_page": 6,
        "point_type": "業者點位",
        "location_method": "OpenStreetMap道路/地名定位",
        "source_count": 256,
        "geocoding_address": "臺北市南港區南港路3段130巷2弄2號",
        "lng": 121.5875492089609,
        "lat": 25.053217466539554,
        "osm_query": "臺北市南港區南港路3段",
        "osm_display_name": "南港路三段, 玉成里, 南港區, 潭美, 臺北市, 11551, 臺灣"
      },
      "geometry": {
        "type": "Point",
        "coordinates": [
          121.5875492089609,
          25.053217466539554
        ]
      }
    },
    {
      "type": "Feature",
      "properties": {
        "source_row_no": 212,
        "city": "臺北市",
        "normalized_city": "台北市",
        "district": "中山區",
        "vendor_category_code": "6",
        "vendor_category": "物流業",
        "registration_item": "物流營業場所",
        "registration_no": "A-122662860-00012-3",
        "name": "廣田洋菓子",
        "address": "台北市中山區敬業三路20號",
        "company_registration_name": "台灣廣田食品股份有限公司",
        "source_page": 6,
        "point_type": "業者點位",
        "location_method": "臺北市門牌位置數值資料",
        "source_count": 256,
        "geocoding_address": "臺北市中山區敬業三路20號",
        "lng": 121.55669866517573,
        "lat": 25.083374665653366,
        "osm_query": "臺北市中山區敬業三路",
        "osm_display_name": "敬業三路, 成功里, 中山區, 下塔悠, 臺北市, 104052, 臺灣",
        "taipei_house_key": "中山區|敬業三路|||20號"
      },
      "geometry": {
        "type": "Point",
        "coordinates": [
          121.55669866517573,
          25.083374665653366
        ]
      }
    },
    {
      "type": "Feature",
      "properties": {
        "source_row_no": 213,
        "city": "臺北市",
        "normalized_city": "台北市",
        "district": "北投區",
        "vendor_category_code": "6",
        "vendor_category": "物流業",
        "registration_item": "物流營業場所",
        "registration_no": "A-170762591-01036-5",
        "name": "石牌營業所",
        "address": "台北市北投區承德路六段335-2號",
        "company_registration_name": "統一速達股份有限公司",
        "source_page": 6,
        "point_type": "業者點位",
        "location_method": "OpenStreetMap道路/地名定位",
        "source_count": 256,
        "geocoding_address": "臺北市北投區承德路六段335-2號",
        "lng": 121.51168478874487,
        "lat": 25.10743554923365,
        "osm_query": "臺北市北投區承德路六段",
        "osm_display_name": "承德路六段, 建民里, 北投區, 社子, 臺北市, 11290, 臺灣"
      },
      "geometry": {
        "type": "Point",
        "coordinates": [
          121.51168478874487,
          25.10743554923365
        ]
      }
    },
    {
      "type": "Feature",
      "properties": {
        "source_row_no": 214,
        "city": "臺北市",
        "normalized_city": "台北市",
        "district": "信義區",
        "vendor_category_code": "6",
        "vendor_category": "物流業",
        "registration_item": "物流營業場所",
        "registration_no": "A-170762591-00811-5",
        "name": "松信衛星點",
        "address": "台北市信義區忠孝東路五段423巷74號",
        "company_registration_name": "統一速達股份有限公司",
        "source_page": 6,
        "point_type": "業者點位",
        "location_method": "臺北市門牌位置數值資料",
        "source_count": 256,
        "geocoding_address": "臺北市信義區忠孝東路五段423巷74號",
        "lng": 121.57549821779622,
        "lat": 25.04369388293494,
        "osm_query": "臺北市信義區忠孝東路五段",
        "osm_display_name": "忠孝東路五段, 廣居里, 信義區, 興雅, 臺北市, 11061, 臺灣",
        "taipei_house_key": "信義區|忠孝東路五段|423巷||74號"
      },
      "geometry": {
        "type": "Point",
        "coordinates": [
          121.57549821779622,
          25.04369388293494
        ]
      }
    },
    {
      "type": "Feature",
      "properties": {
        "source_row_no": 215,
        "city": "臺北市",
        "normalized_city": "台北市",
        "district": "松山區",
        "vendor_category_code": "6",
        "vendor_category": "物流業",
        "registration_item": "物流營業場所",
        "registration_no": "A-124326793-00001-5",
        "name": "CP外送平台",
        "address": "台北市松山區南京東路5段50號5樓之1",
        "company_registration_name": "愷銘有限公司",
        "source_page": 6,
        "point_type": "業者點位",
        "location_method": "OpenStreetMap道路/地名定位",
        "source_count": 256,
        "geocoding_address": "臺北市松山區南京東路5段50號",
        "lng": 121.56253645003147,
        "lat": 25.051325256042283,
        "osm_query": "臺北市松山區南京東路5段",
        "osm_display_name": "南京東路五段, 吉祥里, 松山區, 臺北市, 10561, 臺灣"
      },
      "geometry": {
        "type": "Point",
        "coordinates": [
          121.56253645003147,
          25.051325256042283
        ]
      }
    },
    {
      "type": "Feature",
      "properties": {
        "source_row_no": 216,
        "city": "臺北市",
        "normalized_city": "台北市",
        "district": "內湖區",
        "vendor_category_code": "6",
        "vendor_category": "物流業",
        "registration_item": "物流營業場所",
        "registration_no": "A-193156750-00001-5",
        "name": "冠緯商行",
        "address": "台北市內湖區環山路2段109巷3弄5號1樓",
        "company_registration_name": "冠緯商行",
        "source_page": 6,
        "point_type": "業者點位",
        "location_method": "OpenStreetMap道路/地名定位",
        "source_count": 256,
        "geocoding_address": "臺北市內湖區環山路2段109巷3弄5號",
        "lng": 121.57422520672944,
        "lat": 25.085252860671286,
        "osm_query": "臺北市內湖區環山路2段",
        "osm_display_name": "環山路二段, 港華里, 內湖區, 臺北市, 11446, 臺灣"
      },
      "geometry": {
        "type": "Point",
        "coordinates": [
          121.57422520672944,
          25.085252860671286
        ]
      }
    },
    {
      "type": "Feature",
      "properties": {
        "source_row_no": 217,
        "city": "臺北市",
        "normalized_city": "台北市",
        "district": "南港區",
        "vendor_category_code": "6",
        "vendor_category": "物流業",
        "registration_item": "物流營業場所",
        "registration_no": "A-155847754-00005-8",
        "name": "黑貓宅配所(內湖營業區)",
        "address": "台北市南港區重陽路200號",
        "company_registration_name": "艾斯奇餐飲股份有限公司",
        "source_page": 6,
        "point_type": "業者點位",
        "location_method": "臺北市門牌位置數值資料",
        "source_count": 256,
        "geocoding_address": "臺北市南港區重陽路200號",
        "lng": 121.60303119460933,
        "lat": 25.05743043225108,
        "osm_query": "臺北市南港區重陽路",
        "osm_display_name": "重陽路, 南港里, 南港區, 三重埔, 臺北市, 11560, 臺灣",
        "taipei_house_key": "南港區|重陽路|||200號"
      },
      "geometry": {
        "type": "Point",
        "coordinates": [
          121.60303119460933,
          25.05743043225108
        ]
      }
    },
    {
      "type": "Feature",
      "properties": {
        "source_row_no": 218,
        "city": "臺北市",
        "normalized_city": "台北市",
        "district": "南港區",
        "vendor_category_code": "6",
        "vendor_category": "物流業",
        "registration_item": "物流營業場所",
        "registration_no": "A-200124115-00002-5",
        "name": "關貿網路股份有限公司",
        "address": "台北市南港區三重路19之13號6樓",
        "company_registration_name": "關貿網路股份有限公司",
        "source_page": 6,
        "point_type": "業者點位",
        "location_method": "臺北市門牌位置數值資料",
        "source_count": 256,
        "geocoding_address": "臺北市南港區三重路19之13號",
        "osm_query": "三重路 南港區 臺北市",
        "osm_display_name": "三重路, 三重里, 南港區, 三重埔, 臺北市, 11503, 臺灣",
        "lng": 121.61322862642804,
        "lat": 25.058551661293066,
        "taipei_house_key": "南港區|三重路|||19之13號"
      },
      "geometry": {
        "type": "Point",
        "coordinates": [
          121.61322862642804,
          25.058551661293066
        ]
      }
    },
    {
      "type": "Feature",
      "properties": {
        "source_row_no": 219,
        "city": "臺北市",
        "normalized_city": "台北市",
        "district": "士林區",
        "vendor_category_code": "6",
        "vendor_category": "物流業",
        "registration_item": "物流營業場所",
        "registration_no": "A-122662860-00011-2",
        "name": "廣田洋菓子",
        "address": "台北市士林區忠誠路2段55號B1",
        "company_registration_name": "台灣廣田食品股份有限公司",
        "source_page": 6,
        "point_type": "業者點位",
        "location_method": "OpenStreetMap道路/地名定位",
        "source_count": 256,
        "geocoding_address": "臺北市士林區忠誠路2段55號B1",
        "lng": 121.53472094451278,
        "lat": 25.1179569221751,
        "osm_query": "臺北市士林區忠誠路2段",
        "osm_display_name": "忠誠路二段, 天福里, 士林區, 東勢, 臺北市, 11153, 臺灣"
      },
      "geometry": {
        "type": "Point",
        "coordinates": [
          121.53472094451278,
          25.1179569221751
        ]
      }
    },
    {
      "type": "Feature",
      "properties": {
        "source_row_no": 220,
        "city": "臺北市",
        "normalized_city": "台北市",
        "district": "中山區",
        "vendor_category_code": "6",
        "vendor_category": "物流業",
        "registration_item": "物流營業場所",
        "registration_no": "A-100110565-00001-7",
        "name": "溫琉有限公司",
        "address": "台北市中山區南京東路2段150號7樓",
        "company_registration_name": "溫琉有限公司",
        "source_page": 6,
        "point_type": "業者點位",
        "location_method": "OpenStreetMap道路/地名定位",
        "source_count": 256,
        "geocoding_address": "臺北市中山區南京東路2段150號",
        "lng": 121.5338917314339,
        "lat": 25.052087821853732,
        "osm_query": "臺北市中山區南京東路2段",
        "osm_display_name": "南京東路二段, 朱園里, 中山區, 朱厝崙, 臺北市, 10486, 臺灣"
      },
      "geometry": {
        "type": "Point",
        "coordinates": [
          121.5338917314339,
          25.052087821853732
        ]
      }
    },
    {
      "type": "Feature",
      "properties": {
        "source_row_no": 221,
        "city": "臺北市",
        "normalized_city": "台北市",
        "district": "中山區",
        "vendor_category_code": "6",
        "vendor_category": "物流業",
        "registration_item": "物流營業場所",
        "registration_no": "A-170762591-01040-0",
        "name": "松江營業所",
        "address": "台北市中山區渭水路52號",
        "company_registration_name": "統一速達股份有限公司",
        "source_page": 6,
        "point_type": "業者點位",
        "location_method": "臺北市門牌位置數值資料",
        "source_count": 256,
        "geocoding_address": "臺北市中山區渭水路52號",
        "lng": 121.53489700732362,
        "lat": 25.045558305104993,
        "osm_query": "臺北市中山區渭水路",
        "osm_display_name": "渭水路, 朱園里, 中山區, 朱厝崙, 臺北市, 10455, 臺灣",
        "taipei_house_key": "中山區|渭水路|||52號"
      },
      "geometry": {
        "type": "Point",
        "coordinates": [
          121.53489700732362,
          25.045558305104993
        ]
      }
    },
    {
      "type": "Feature",
      "properties": {
        "source_row_no": 222,
        "city": "臺北市",
        "normalized_city": "台北市",
        "district": "大同區",
        "vendor_category_code": "6",
        "vendor_category": "物流業",
        "registration_item": "物流營業場所",
        "registration_no": "A-142278359-00002-0",
        "name": "Beauty Star",
        "address": "台北市大同區承德路3段56號2樓",
        "company_registration_name": "欣鑫企業社",
        "source_page": 6,
        "point_type": "業者點位",
        "location_method": "OpenStreetMap道路/地名定位",
        "source_count": 256,
        "geocoding_address": "臺北市大同區承德路3段56號",
        "lng": 121.52032384159358,
        "lat": 25.074636973074536,
        "osm_query": "臺北市大同區承德路3段",
        "osm_display_name": "承德路三段, 重慶里, 大同區, 大龍峒, 臺北市, 10367, 臺灣"
      },
      "geometry": {
        "type": "Point",
        "coordinates": [
          121.52032384159358,
          25.074636973074536
        ]
      }
    },
    {
      "type": "Feature",
      "properties": {
        "source_row_no": 223,
        "city": "臺北市",
        "normalized_city": "台北市",
        "district": "內湖區",
        "vendor_category_code": "6",
        "vendor_category": "物流業",
        "registration_item": "物流營業場所",
        "registration_no": "A-142423115-00002-2",
        "name": "三木日式料理店",
        "address": "台北市內湖區金湖路334號",
        "company_registration_name": "三木日式料理店",
        "source_page": 6,
        "point_type": "業者點位",
        "location_method": "臺北市門牌位置數值資料",
        "source_count": 256,
        "geocoding_address": "臺北市內湖區金湖路334號",
        "lng": 121.6032549610864,
        "lat": 25.07366352022235,
        "osm_query": "臺北市內湖區金湖路",
        "osm_display_name": "金湖路, 金湖里, 內湖區, 五分, 臺北市, 114705, 臺灣",
        "taipei_house_key": "內湖區|金湖路|||334號"
      },
      "geometry": {
        "type": "Point",
        "coordinates": [
          121.6032549610864,
          25.07366352022235
        ]
      }
    },
    {
      "type": "Feature",
      "properties": {
        "source_row_no": 224,
        "city": "臺北市",
        "normalized_city": "台北市",
        "district": "中山區",
        "vendor_category_code": "6",
        "vendor_category": "物流業",
        "registration_item": "物流營業場所",
        "registration_no": "A-188370983-00003-7",
        "name": "想柒飯",
        "address": "台北市中山區錦州街258號1樓",
        "company_registration_name": "響柒飯食堂",
        "source_page": 6,
        "point_type": "業者點位",
        "location_method": "臺北市門牌位置數值資料",
        "source_count": 256,
        "geocoding_address": "臺北市中山區錦州街258號",
        "lng": 121.53447606616945,
        "lat": 25.060255951850596,
        "osm_query": "臺北市中山區錦州街",
        "osm_display_name": "錦州街, 中山北路婚紗街, 聚盛里, 中山區, 雙連, 臺北市, 10449, 臺灣",
        "taipei_house_key": "中山區|錦州街|||258號"
      },
      "geometry": {
        "type": "Point",
        "coordinates": [
          121.53447606616945,
          25.060255951850596
        ]
      }
    },
    {
      "type": "Feature",
      "properties": {
        "source_row_no": 225,
        "city": "臺北市",
        "normalized_city": "台北市",
        "district": "中山區",
        "vendor_category_code": "6",
        "vendor_category": "物流業",
        "registration_item": "物流營業場所",
        "registration_no": "A-200191442-00001-1",
        "name": "桓鼎氣體有限公司",
        "address": "台北市中山區松江路369號4樓",
        "company_registration_name": "桓鼎氣體有限公司",
        "source_page": 6,
        "point_type": "業者點位",
        "location_method": "臺北市門牌位置數值資料",
        "source_count": 256,
        "geocoding_address": "臺北市中山區松江路369號",
        "lng": 121.53350229767582,
        "lat": 25.064868796592137,
        "osm_query": "臺北市中山區松江路",
        "osm_display_name": "松江路, 中央里, 中山區, 朱厝崙, 臺北市, 10485, 臺灣",
        "taipei_house_key": "中山區|松江路|||369號"
      },
      "geometry": {
        "type": "Point",
        "coordinates": [
          121.53350229767582,
          25.064868796592137
        ]
      }
    },
    {
      "type": "Feature",
      "properties": {
        "source_row_no": 226,
        "city": "臺北市",
        "normalized_city": "台北市",
        "district": "信義區",
        "vendor_category_code": "6",
        "vendor_category": "物流業",
        "registration_item": "物流營業場所",
        "registration_no": "A-200253997-00001-5",
        "name": "公司",
        "address": "台北市信義區信義路4段415號12樓",
        "company_registration_name": "匯麥工程有限公司",
        "source_page": 6,
        "point_type": "業者點位",
        "location_method": "OpenStreetMap道路/地名定位",
        "source_count": 256,
        "geocoding_address": "臺北市信義區信義路4段415號",
        "lng": 121.55575247557557,
        "lat": 25.033220453266015,
        "osm_query": "臺北市信義區信義路4段",
        "osm_display_name": "信義路四段, 通化里, 大安區, 車罾, 臺北市, 10695, 臺灣"
      },
      "geometry": {
        "type": "Point",
        "coordinates": [
          121.55575247557557,
          25.033220453266015
        ]
      }
    },
    {
      "type": "Feature",
      "properties": {
        "source_row_no": 227,
        "city": "臺北市",
        "normalized_city": "台北市",
        "district": "內湖區",
        "vendor_category_code": "6",
        "vendor_category": "物流業",
        "registration_item": "物流營業場所",
        "registration_no": "A-180273072-00001-8",
        "name": "增鴻科技國際(股)",
        "address": "台北市內湖區瑞光路583巷26號6樓之1",
        "company_registration_name": "增鴻科技國際股份有限公司",
        "source_page": 6,
        "point_type": "業者點位",
        "location_method": "臺北市門牌位置數值資料",
        "source_count": 256,
        "geocoding_address": "臺北市內湖區瑞光路583巷26號",
        "lng": 121.56820847899719,
        "lat": 25.08064140857454,
        "osm_query": "臺北市內湖區瑞光路",
        "osm_display_name": "瑞光路, 寶湖里, 內湖區, 潭美, 臺北市, 114062, 臺灣",
        "taipei_house_key": "內湖區|瑞光路|583巷||26號"
      },
      "geometry": {
        "type": "Point",
        "coordinates": [
          121.56820847899719,
          25.08064140857454
        ]
      }
    },
    {
      "type": "Feature",
      "properties": {
        "source_row_no": 228,
        "city": "臺北市",
        "normalized_city": "台北市",
        "district": "中山區",
        "vendor_category_code": "6",
        "vendor_category": "物流業",
        "registration_item": "物流營業場所",
        "registration_no": "A-116282878-00001-1",
        "name": "來旺貨運交通有限公司",
        "address": "台北市中山區長春路184號8樓之6",
        "company_registration_name": "來旺貨運交通有限公司",
        "source_page": 6,
        "point_type": "業者點位",
        "location_method": "臺北市門牌位置數值資料",
        "source_count": 256,
        "geocoding_address": "臺北市中山區長春路184號",
        "lng": 121.53462703635583,
        "lat": 25.05467590275247,
        "osm_query": "臺北市中山區長春路",
        "osm_display_name": "長春路, 民安里, 中山區, 南西商圈, 臺北市, 10412, 臺灣",
        "taipei_house_key": "中山區|長春路|||184號"
      },
      "geometry": {
        "type": "Point",
        "coordinates": [
          121.53462703635583,
          25.05467590275247
        ]
      }
    },
    {
      "type": "Feature",
      "properties": {
        "source_row_no": 229,
        "city": "臺北市",
        "normalized_city": "台北市",
        "district": "中正區",
        "vendor_category_code": "6",
        "vendor_category": "物流業",
        "registration_item": "物流營業場所",
        "registration_no": "A-200226543-00002-3",
        "name": "南門市場",
        "address": "台北市中正區羅斯福路一段8號B2",
        "company_registration_name": "祥全行",
        "source_page": 6,
        "point_type": "業者點位",
        "location_method": "臺北市門牌位置數值資料",
        "source_count": 256,
        "geocoding_address": "臺北市中正區羅斯福路一段8號B2",
        "lng": 121.51807667027246,
        "lat": 25.03260659892876,
        "osm_query": "臺北市中正區羅斯福路一段",
        "osm_display_name": "臺北服飾快速設計打樣中心, 羅斯福路一段, 新營里, 中正區, 龍匣口, 臺北市, 100215, 臺灣",
        "taipei_house_key": "中正區|羅斯福路一段|||8號"
      },
      "geometry": {
        "type": "Point",
        "coordinates": [
          121.51807667027246,
          25.03260659892876
        ]
      }
    },
    {
      "type": "Feature",
      "properties": {
        "source_row_no": 230,
        "city": "臺北市",
        "normalized_city": "台北市",
        "district": "中山區",
        "vendor_category_code": "6",
        "vendor_category": "物流業",
        "registration_item": "物流營業場所",
        "registration_no": "A-123156047-00001-7",
        "name": "世邦聯合空運代理股份有限公司",
        "address": "台北市中山區南京東路3段217號3樓",
        "company_registration_name": "世邦聯合空運代理股份有限公司",
        "source_page": 6,
        "point_type": "業者點位",
        "location_method": "OpenStreetMap道路/地名定位",
        "source_count": 256,
        "geocoding_address": "臺北市中山區南京東路3段217號",
        "lng": 121.53719481146157,
        "lat": 25.052232778724466,
        "osm_query": "臺北市中山區南京東路3段",
        "osm_display_name": "南京東路三段, 復華里, 中山區, 朱厝崙, 臺北市, 104103, 臺灣"
      },
      "geometry": {
        "type": "Point",
        "coordinates": [
          121.53719481146157,
          25.052232778724466
        ]
      }
    },
    {
      "type": "Feature",
      "properties": {
        "source_row_no": 231,
        "city": "臺北市",
        "normalized_city": "台北市",
        "district": "萬華區",
        "vendor_category_code": "6",
        "vendor_category": "物流業",
        "registration_item": "物流營業場所",
        "registration_no": "A-112942786-00002-9",
        "name": "七海水產",
        "address": "台北市萬華區忠孝西路2段36號1樓",
        "company_registration_name": "七海水產有限公司",
        "source_page": 6,
        "point_type": "業者點位",
        "location_method": "OpenStreetMap道路/地名定位",
        "source_count": 256,
        "geocoding_address": "臺北市萬華區忠孝西路2段36號",
        "lng": 121.50865057696825,
        "lat": 25.04843419185445,
        "osm_query": "臺北市萬華區忠孝西路2段",
        "osm_display_name": "忠孝西路二段, 福星里, 萬華區, 建成, 臺北市, 10802, 臺灣"
      },
      "geometry": {
        "type": "Point",
        "coordinates": [
          121.50865057696825,
          25.04843419185445
        ]
      }
    },
    {
      "type": "Feature",
      "properties": {
        "source_row_no": 232,
        "city": "臺北市",
        "normalized_city": "台北市",
        "district": "北投區",
        "vendor_category_code": "6",
        "vendor_category": "物流業",
        "registration_item": "物流營業場所",
        "registration_no": "A-146480100-00119-2",
        "name": "北投營業所",
        "address": "台北市北投區立德路111號",
        "company_registration_name": "新竹物流股份有限公司",
        "source_page": 6,
        "point_type": "業者點位",
        "location_method": "臺北市門牌位置數值資料",
        "source_count": 256,
        "geocoding_address": "臺北市北投區立德路111號",
        "lng": 121.47147474969526,
        "lat": 25.126303107940558,
        "osm_query": "臺北市北投區立德路",
        "osm_display_name": "立德路, 關渡平原工業區, 一德里, 北投區, 臺北市, 11259, 臺灣",
        "taipei_house_key": "北投區|立德路|||111號"
      },
      "geometry": {
        "type": "Point",
        "coordinates": [
          121.47147474969526,
          25.126303107940558
        ]
      }
    },
    {
      "type": "Feature",
      "properties": {
        "source_row_no": 233,
        "city": "臺北市",
        "normalized_city": "台北市",
        "district": "信義區",
        "vendor_category_code": "6",
        "vendor_category": "物流業",
        "registration_item": "物流營業場所",
        "registration_no": "A-170762591-01028-6",
        "name": "嘉興營業所",
        "address": "台北市信義區信安街48號",
        "company_registration_name": "統一速達股份有限公司",
        "source_page": 6,
        "point_type": "業者點位",
        "location_method": "臺北市門牌位置數值資料",
        "source_count": 256,
        "geocoding_address": "臺北市信義區信安街48號",
        "lng": 121.55811848409738,
        "lat": 25.027192273049685,
        "osm_query": "臺北市信義區信安街",
        "osm_display_name": "信安街, 黎順里, 信義區, 六張犁, 臺北市, 11054, 臺灣",
        "taipei_house_key": "信義區|信安街|||48號"
      },
      "geometry": {
        "type": "Point",
        "coordinates": [
          121.55811848409738,
          25.027192273049685
        ]
      }
    },
    {
      "type": "Feature",
      "properties": {
        "source_row_no": 234,
        "city": "臺北市",
        "normalized_city": "台北市",
        "district": "萬華區",
        "vendor_category_code": "6",
        "vendor_category": "物流業",
        "registration_item": "物流營業場所",
        "registration_no": "A-155759610-00004-0",
        "name": "灃群物流",
        "address": "台北市萬華區環河南路3段117號1樓",
        "company_registration_name": "灃群物流有限公司",
        "source_page": 6,
        "point_type": "業者點位",
        "location_method": "OpenStreetMap道路/地名定位",
        "source_count": 256,
        "geocoding_address": "臺北市萬華區環河南路3段117號",
        "lng": 121.49217897189318,
        "lat": 25.021639282693712,
        "osm_query": "臺北市萬華區環河南路3段",
        "osm_display_name": "環河南路三段, 銘德里, 萬華區, 西園, 臺北市, 108039, 臺灣"
      },
      "geometry": {
        "type": "Point",
        "coordinates": [
          121.49217897189318,
          25.021639282693712
        ]
      }
    },
    {
      "type": "Feature",
      "properties": {
        "source_row_no": 235,
        "city": "臺北市",
        "normalized_city": "台北市",
        "district": "南港區",
        "vendor_category_code": "6",
        "vendor_category": "物流業",
        "registration_item": "物流營業場所",
        "registration_no": "A-146480100-00118-1",
        "name": "台北營業所",
        "address": "台北市南港區重陽路423巷2號",
        "company_registration_name": "新竹物流股份有限公司",
        "source_page": 6,
        "point_type": "業者點位",
        "location_method": "臺北市門牌位置數值資料",
        "source_count": 256,
        "geocoding_address": "臺北市南港區重陽路423巷2號",
        "lng": 121.60899408649637,
        "lat": 25.0590152273117,
        "osm_query": "臺北市南港區重陽路",
        "osm_display_name": "重陽路, 南港里, 南港區, 三重埔, 臺北市, 11560, 臺灣",
        "taipei_house_key": "南港區|重陽路|423巷||2號"
      },
      "geometry": {
        "type": "Point",
        "coordinates": [
          121.60899408649637,
          25.0590152273117
        ]
      }
    },
    {
      "type": "Feature",
      "properties": {
        "source_row_no": 236,
        "city": "臺北市",
        "normalized_city": "台北市",
        "district": "大安區",
        "vendor_category_code": "6",
        "vendor_category": "物流業",
        "registration_item": "物流營業場所",
        "registration_no": "A-153940349-00002-7",
        "name": "公司",
        "address": "台北市大安區忠孝東路4段2號6樓之3",
        "company_registration_name": "墨客媒體有限公司",
        "source_page": 6,
        "point_type": "業者點位",
        "location_method": "OpenStreetMap道路/地名定位",
        "source_count": 256,
        "geocoding_address": "臺北市大安區忠孝東路4段2號",
        "lng": 121.54350668040446,
        "lat": 25.04144095572456,
        "osm_query": "臺北市大安區忠孝東路4段",
        "osm_display_name": "忠孝東路四段, 光武里, 大安區, 東區商圈, 臺北市, 10654, 臺灣"
      },
      "geometry": {
        "type": "Point",
        "coordinates": [
          121.54350668040446,
          25.04144095572456
        ]
      }
    },
    {
      "type": "Feature",
      "properties": {
        "source_row_no": 237,
        "city": "臺北市",
        "normalized_city": "台北市",
        "district": "中山區",
        "vendor_category_code": "6",
        "vendor_category": "物流業",
        "registration_item": "物流營業場所",
        "registration_no": "A-152579734-00001-1",
        "name": "跨境通物流有限公司",
        "address": "台北市中山區民族東路252巷30號",
        "company_registration_name": "跨境通物流有限公司",
        "source_page": 6,
        "point_type": "業者點位",
        "location_method": "臺北市門牌位置數值資料",
        "source_count": 256,
        "geocoding_address": "臺北市中山區民族東路252巷30號",
        "lng": 121.5352892037875,
        "lat": 25.067285604457247,
        "osm_query": "臺北市中山區民族東路",
        "osm_display_name": "民族東路, 圓山里, 中山區, 大龍峒, 臺北市, 10461, 臺灣",
        "taipei_house_key": "中山區|民族東路|252巷||30號"
      },
      "geometry": {
        "type": "Point",
        "coordinates": [
          121.5352892037875,
          25.067285604457247
        ]
      }
    },
    {
      "type": "Feature",
      "properties": {
        "source_row_no": 238,
        "city": "臺北市",
        "normalized_city": "台北市",
        "district": "北投區",
        "vendor_category_code": "6",
        "vendor_category": "物流業",
        "registration_item": "物流營業場所",
        "registration_no": "A-170762591-01037-6",
        "name": "北投營業所",
        "address": "台北市北投區立功街120號",
        "company_registration_name": "統一速達股份有限公司",
        "source_page": 6,
        "point_type": "業者點位",
        "location_method": "臺北市門牌位置數值資料",
        "source_count": 256,
        "geocoding_address": "臺北市北投區立功街120號",
        "lng": 121.4731700500577,
        "lat": 25.125111094341293,
        "osm_query": "臺北市北投區立功街",
        "osm_display_name": "立功街, 關渡平原工業區, 一德里, 北投區, 臺北市, 11259, 臺灣",
        "taipei_house_key": "北投區|立功街|||120號"
      },
      "geometry": {
        "type": "Point",
        "coordinates": [
          121.4731700500577,
          25.125111094341293
        ]
      }
    },
    {
      "type": "Feature",
      "properties": {
        "source_row_no": 239,
        "city": "臺北市",
        "normalized_city": "台北市",
        "district": "士林區",
        "vendor_category_code": "6",
        "vendor_category": "物流業",
        "registration_item": "物流營業場所",
        "registration_no": "A-123219388-00002-6",
        "name": "台北運務中心",
        "address": "台北市士林區大南路361號地下1樓",
        "company_registration_name": "美商優比速國際股份有限公司",
        "source_page": 6,
        "point_type": "業者點位",
        "location_method": "臺北市門牌位置數值資料",
        "source_count": 256,
        "geocoding_address": "臺北市士林區大南路361號地下",
        "lng": 121.51648131168683,
        "lat": 25.088892203218307,
        "osm_query": "臺北市士林區大南路",
        "osm_display_name": "大南路, 後港里, 士林區, 社子, 臺北市, 11165, 臺灣",
        "taipei_house_key": "士林區|大南路|||361號"
      },
      "geometry": {
        "type": "Point",
        "coordinates": [
          121.51648131168683,
          25.088892203218307
        ]
      }
    },
    {
      "type": "Feature",
      "properties": {
        "source_row_no": 240,
        "city": "臺北市",
        "normalized_city": "台北市",
        "district": "大安區",
        "vendor_category_code": "6",
        "vendor_category": "物流業",
        "registration_item": "物流營業場所",
        "registration_no": "A-170762591-00808-1",
        "name": "科技衛星點",
        "address": "台北市大安區四維路198巷39弄8號",
        "company_registration_name": "統一速達股份有限公司",
        "source_page": 6,
        "point_type": "業者點位",
        "location_method": "臺北市門牌位置數值資料",
        "source_count": 256,
        "geocoding_address": "臺北市大安區四維路198巷39弄8號",
        "osm_query": "四維路 大安區 臺北市",
        "osm_display_name": "四維路, 德安里, 大安區, 東區商圈, 臺北市, 10684, 臺灣",
        "lng": 121.54577248482866,
        "lat": 25.027540760591215,
        "taipei_house_key": "大安區|四維路|198巷|39弄|8號"
      },
      "geometry": {
        "type": "Point",
        "coordinates": [
          121.54577248482866,
          25.027540760591215
        ]
      }
    },
    {
      "type": "Feature",
      "properties": {
        "source_row_no": 241,
        "city": "臺北市",
        "normalized_city": "台北市",
        "district": "中山區",
        "vendor_category_code": "6",
        "vendor_category": "物流業",
        "registration_item": "物流營業場所",
        "registration_no": "A-101340766-00001-6",
        "name": "欣濱江商行",
        "address": "台北市中山區龍江路356巷82號",
        "company_registration_name": "欣濱江商行",
        "source_page": 7,
        "point_type": "業者點位",
        "location_method": "臺北市門牌位置數值資料",
        "source_count": 256,
        "geocoding_address": "臺北市中山區龍江路356巷82號",
        "lng": 121.53755580940326,
        "lat": 25.065935384142442,
        "osm_query": "臺北市中山區龍江路",
        "osm_display_name": "龍江路, 朱馥里, 中山區, 朱厝崙, 臺北市, 10478, 臺灣",
        "taipei_house_key": "中山區|龍江路|356巷||82號"
      },
      "geometry": {
        "type": "Point",
        "coordinates": [
          121.53755580940326,
          25.065935384142442
        ]
      }
    },
    {
      "type": "Feature",
      "properties": {
        "source_row_no": 242,
        "city": "臺北市",
        "normalized_city": "台北市",
        "district": "松山區",
        "vendor_category_code": "6",
        "vendor_category": "物流業",
        "registration_item": "物流營業場所",
        "registration_no": "A-170762591-01020-8",
        "name": "東興營業所",
        "address": "台北市松山區八德路四段245巷32弄17號",
        "company_registration_name": "統一速達股份有限公司",
        "source_page": 7,
        "point_type": "業者點位",
        "location_method": "臺北市門牌位置數值資料",
        "source_count": 256,
        "geocoding_address": "臺北市松山區八德路四段245巷32弄17號",
        "osm_query": "八德路四段 松山區 臺北市",
        "osm_display_name": "八德路四段, 慈祐里, 松山區, 潭美, 臺北市, 10567, 臺灣",
        "lng": 121.56399457227806,
        "lat": 25.049873485621628,
        "taipei_house_key": "松山區|八德路四段|245巷|32弄|17號"
      },
      "geometry": {
        "type": "Point",
        "coordinates": [
          121.56399457227806,
          25.049873485621628
        ]
      }
    },
    {
      "type": "Feature",
      "properties": {
        "source_row_no": 243,
        "city": "臺北市",
        "normalized_city": "台北市",
        "district": "大安區",
        "vendor_category_code": "6",
        "vendor_category": "物流業",
        "registration_item": "物流營業場所",
        "registration_no": "A-175567610-00002-7",
        "name": "和平東路2段118巷6弄31號",
        "address": "台北市大安區和平東路2段118巷6弄31號",
        "company_registration_name": "英泰商行",
        "source_page": 7,
        "point_type": "業者點位",
        "location_method": "OpenStreetMap道路/地名定位",
        "source_count": 256,
        "geocoding_address": "臺北市大安區和平東路2段118巷6弄31號",
        "lng": 121.54089179041165,
        "lat": 25.025003289901704,
        "osm_query": "臺北市大安區和平東路2段",
        "osm_display_name": "和平東路二段, 龍淵里, 大安區, 六張犁, 臺北市, 10663, 臺灣"
      },
      "geometry": {
        "type": "Point",
        "coordinates": [
          121.54089179041165,
          25.025003289901704
        ]
      }
    },
    {
      "type": "Feature",
      "properties": {
        "source_row_no": 244,
        "city": "臺北市",
        "normalized_city": "台北市",
        "district": "萬華區",
        "vendor_category_code": "6",
        "vendor_category": "物流業",
        "registration_item": "物流營業場所",
        "registration_no": "A-170762591-01022-0",
        "name": "環南營業所",
        "address": "台北市萬華區環河南路三段159號",
        "company_registration_name": "統一速達股份有限公司",
        "source_page": 7,
        "point_type": "業者點位",
        "location_method": "臺北市門牌位置數值資料",
        "source_count": 256,
        "geocoding_address": "臺北市萬華區環河南路三段159號",
        "lng": 121.49166408047023,
        "lat": 25.022917769353857,
        "osm_query": "臺北市萬華區環河南路三段",
        "osm_display_name": "環河南路三段, 銘德里, 萬華區, 西園, 臺北市, 108039, 臺灣",
        "taipei_house_key": "萬華區|環河南路三段|||159號"
      },
      "geometry": {
        "type": "Point",
        "coordinates": [
          121.49166408047023,
          25.022917769353857
        ]
      }
    },
    {
      "type": "Feature",
      "properties": {
        "source_row_no": 245,
        "city": "臺北市",
        "normalized_city": "台北市",
        "district": "士林區",
        "vendor_category_code": "6",
        "vendor_category": "物流業",
        "registration_item": "物流營業場所",
        "registration_no": "A-180542610-00001-5",
        "name": "宅速配搬家貨運有限公司",
        "address": "台北市士林區通河西街2段24號3樓",
        "company_registration_name": "宅速配搬家貨運股份有限公司",
        "source_page": 7,
        "point_type": "業者點位",
        "location_method": "OpenStreetMap道路/地名定位",
        "source_count": 256,
        "geocoding_address": "臺北市士林區通河西街2段24號",
        "lng": 121.50632245141,
        "lat": 25.093065130386147,
        "osm_query": "臺北市士林區通河西街2段",
        "osm_display_name": "通河西街二段, 社園里, 士林區, 社子, 臺北市, 111075, 臺灣"
      },
      "geometry": {
        "type": "Point",
        "coordinates": [
          121.50632245141,
          25.093065130386147
        ]
      }
    },
    {
      "type": "Feature",
      "properties": {
        "source_row_no": 246,
        "city": "臺北市",
        "normalized_city": "台北市",
        "district": "松山區",
        "vendor_category_code": "6",
        "vendor_category": "物流業",
        "registration_item": "物流營業場所",
        "registration_no": "A-189305309-00002-7",
        "name": "國昌貨運股份有限公司",
        "address": "台北市松山區南京東路5段336號7樓之4",
        "company_registration_name": "國昌貨運股份有限公司",
        "source_page": 7,
        "point_type": "業者點位",
        "location_method": "OpenStreetMap道路/地名定位",
        "source_count": 256,
        "geocoding_address": "臺北市松山區南京東路5段336號",
        "lng": 121.56216925468924,
        "lat": 25.051674997728988,
        "osm_query": "臺北市松山區南京東路5段",
        "osm_display_name": "南京東路五段, 吉祥里, 松山區, 臺北市, 10561, 臺灣"
      },
      "geometry": {
        "type": "Point",
        "coordinates": [
          121.56216925468924,
          25.051674997728988
        ]
      }
    },
    {
      "type": "Feature",
      "properties": {
        "source_row_no": 247,
        "city": "臺北市",
        "normalized_city": "台北市",
        "district": "中山區",
        "vendor_category_code": "6",
        "vendor_category": "物流業",
        "registration_item": "物流營業場所",
        "registration_no": "A-170762591-01044-4",
        "name": "北中山營業所",
        "address": "台北市中山區濱江街308-1號",
        "company_registration_name": "統一速達股份有限公司",
        "source_page": 7,
        "point_type": "業者點位",
        "location_method": "OpenStreetMap道路/地名定位",
        "source_count": 256,
        "geocoding_address": "臺北市中山區濱江街308-1號",
        "lng": 121.53823176147361,
        "lat": 25.072316997128958,
        "osm_query": "臺北市中山區濱江街",
        "osm_display_name": "濱江街, 濱江汽修區, 大佳里, 中山區, 下埤頭, 臺北市, 10472, 臺灣"
      },
      "geometry": {
        "type": "Point",
        "coordinates": [
          121.53823176147361,
          25.072316997128958
        ]
      }
    },
    {
      "type": "Feature",
      "properties": {
        "source_row_no": 248,
        "city": "臺北市",
        "normalized_city": "台北市",
        "district": "大安區",
        "vendor_category_code": "6",
        "vendor_category": "物流業",
        "registration_item": "物流營業場所",
        "registration_no": "A-155825082-00001-4",
        "name": "龍騰興有限公司",
        "address": "台北市大安區忠孝東路3段217巷5弄21之2號3樓",
        "company_registration_name": "龍騰興有限公司",
        "source_page": 7,
        "point_type": "業者點位",
        "location_method": "OpenStreetMap道路/地名定位",
        "source_count": 256,
        "geocoding_address": "臺北市大安區忠孝東路3段217巷5弄21之2號",
        "lng": 121.53404183581418,
        "lat": 25.04208217260388,
        "osm_query": "臺北市大安區忠孝東路3段",
        "osm_display_name": "忠孝東路三段, 民輝里, 大安區, 華山, 臺北市, 10652, 臺灣"
      },
      "geometry": {
        "type": "Point",
        "coordinates": [
          121.53404183581418,
          25.04208217260388
        ]
      }
    },
    {
      "type": "Feature",
      "properties": {
        "source_row_no": 249,
        "city": "臺北市",
        "normalized_city": "台北市",
        "district": "士林區",
        "vendor_category_code": "6",
        "vendor_category": "物流業",
        "registration_item": "物流營業場所",
        "registration_no": "A-127256519-00002-7",
        "name": "台北分公司",
        "address": "台北市士林區中山北路六段88號2樓",
        "company_registration_name": "新竹物流股份有限公司台北分公司",
        "source_page": 7,
        "point_type": "業者點位",
        "location_method": "臺北市門牌位置數值資料",
        "source_count": 256,
        "geocoding_address": "臺北市士林區中山北路六段88號",
        "lng": 121.52498495280994,
        "lat": 25.104987994878975,
        "osm_query": "臺北市士林區中山北路六段",
        "osm_display_name": "中山北路六段, 天祿里, 士林區, 蘭雅, 臺北市, 11152, 臺灣",
        "taipei_house_key": "士林區|中山北路六段|||88號"
      },
      "geometry": {
        "type": "Point",
        "coordinates": [
          121.52498495280994,
          25.104987994878975
        ]
      }
    },
    {
      "type": "Feature",
      "properties": {
        "source_row_no": 250,
        "city": "臺北市",
        "normalized_city": "台北市",
        "district": "萬華區",
        "vendor_category_code": "6",
        "vendor_category": "物流業",
        "registration_item": "物流營業場所",
        "registration_no": "A-194130913-00002-0",
        "name": "庫房",
        "address": "台北市萬華區環河南路三段89號1樓",
        "company_registration_name": "鮮禾國際農業生物科技有限公司",
        "source_page": 7,
        "point_type": "業者點位",
        "location_method": "臺北市門牌位置數值資料",
        "source_count": 256,
        "geocoding_address": "臺北市萬華區環河南路三段89號",
        "lng": 121.49060308088859,
        "lat": 25.025254057985638,
        "osm_query": "臺北市萬華區環河南路三段",
        "osm_display_name": "環河南路三段, 銘德里, 萬華區, 西園, 臺北市, 108039, 臺灣",
        "taipei_house_key": "萬華區|環河南路三段|||89號"
      },
      "geometry": {
        "type": "Point",
        "coordinates": [
          121.49060308088859,
          25.025254057985638
        ]
      }
    },
    {
      "type": "Feature",
      "properties": {
        "source_row_no": 251,
        "city": "臺北市",
        "normalized_city": "台北市",
        "district": "松山區",
        "vendor_category_code": "6",
        "vendor_category": "物流業",
        "registration_item": "物流營業場所",
        "registration_no": "A-170624227-00118-8",
        "name": "松機營業所",
        "address": "台北市松山區敦化北路340-9號",
        "company_registration_name": "台灣宅配通股份有限公司",
        "source_page": 7,
        "point_type": "業者點位",
        "location_method": "OpenStreetMap道路/地名定位",
        "source_count": 256,
        "geocoding_address": "臺北市松山區敦化北路340-9號",
        "lng": 121.55129704931664,
        "lat": 25.06226719154434,
        "osm_query": "臺北市松山區敦化北路",
        "osm_display_name": "敦化北路, 精忠里, 松山區, 下埤頭, 臺北市, 10548, 臺灣"
      },
      "geometry": {
        "type": "Point",
        "coordinates": [
          121.55129704931664,
          25.06226719154434
        ]
      }
    },
    {
      "type": "Feature",
      "properties": {
        "source_row_no": 252,
        "city": "臺北市",
        "normalized_city": "台北市",
        "district": "南港區",
        "vendor_category_code": "6",
        "vendor_category": "物流業",
        "registration_item": "物流營業場所",
        "registration_no": "F-155765943-00001-8",
        "name": "升展國際有限公司",
        "address": "台北市南港區南港路3段130巷2弄2號5樓",
        "company_registration_name": "升展國際有限公司",
        "source_page": 7,
        "point_type": "業者點位",
        "location_method": "OpenStreetMap道路/地名定位",
        "source_count": 256,
        "geocoding_address": "臺北市南港區南港路3段130巷2弄2號",
        "lng": 121.5876868624684,
        "lat": 25.052864860939554,
        "osm_query": "臺北市南港區南港路3段",
        "osm_display_name": "南港路三段, 玉成里, 南港區, 潭美, 臺北市, 11551, 臺灣"
      },
      "geometry": {
        "type": "Point",
        "coordinates": [
          121.5876868624684,
          25.052864860939554
        ]
      }
    },
    {
      "type": "Feature",
      "properties": {
        "source_row_no": 253,
        "city": "臺北市",
        "normalized_city": "台北市",
        "district": "士林區",
        "vendor_category_code": "6",
        "vendor_category": "物流業",
        "registration_item": "物流營業場所",
        "registration_no": "A-180181897-00004-4",
        "name": "醫麗生技有限公司",
        "address": "台北市士林區文林路261號(3、4樓)",
        "company_registration_name": "醫麗生技有限公司",
        "source_page": 7,
        "point_type": "業者點位",
        "location_method": "臺北市門牌位置數值資料",
        "source_count": 256,
        "geocoding_address": "臺北市士林區文林路261號(3、",
        "lng": 121.52665315563034,
        "lat": 25.091081076565366,
        "osm_query": "臺北市士林區文林路",
        "osm_display_name": "文林路, 德華里, 士林區, 蘭雅, 臺北市, 11158, 臺灣",
        "taipei_house_key": "士林區|文林路|||261號"
      },
      "geometry": {
        "type": "Point",
        "coordinates": [
          121.52665315563034,
          25.091081076565366
        ]
      }
    },
    {
      "type": "Feature",
      "properties": {
        "source_row_no": 254,
        "city": "臺北市",
        "normalized_city": "台北市",
        "district": "中山區",
        "vendor_category_code": "6",
        "vendor_category": "物流業",
        "registration_item": "物流營業場所",
        "registration_no": "A-184925879-00001-1",
        "name": "銓營",
        "address": "台北市中山區中山北路2段99號5樓之2",
        "company_registration_name": "銓營股份有限公司",
        "source_page": 7,
        "point_type": "業者點位",
        "location_method": "OpenStreetMap道路/地名定位",
        "source_count": 256,
        "geocoding_address": "臺北市中山區中山北路2段99號",
        "lng": 121.52282042468845,
        "lat": 25.056203312401426,
        "osm_query": "臺北市中山區中山北路2段",
        "osm_display_name": "中山北路二段, 中山里, 中山區, 南西商圈, 臺北市, 104611, 臺灣"
      },
      "geometry": {
        "type": "Point",
        "coordinates": [
          121.52282042468845,
          25.056203312401426
        ]
      }
    },
    {
      "type": "Feature",
      "properties": {
        "source_row_no": 255,
        "city": "臺北市",
        "normalized_city": "台北市",
        "district": "中山區",
        "vendor_category_code": "6",
        "vendor_category": "物流業",
        "registration_item": "物流營業場所",
        "registration_no": "A-184938207-00001-0",
        "name": "昱臺溫控物流股份有限公司",
        "address": "台北市中山區南京東路3段28號4樓",
        "company_registration_name": "昱臺國際股份有限公司",
        "source_page": 7,
        "point_type": "業者點位",
        "location_method": "OpenStreetMap道路/地名定位",
        "source_count": 256,
        "geocoding_address": "臺北市中山區南京東路3段28號",
        "lng": 121.53741040037234,
        "lat": 25.051958115099183,
        "osm_query": "臺北市中山區南京東路3段",
        "osm_display_name": "南京東路三段, 復華里, 中山區, 朱厝崙, 臺北市, 104103, 臺灣"
      },
      "geometry": {
        "type": "Point",
        "coordinates": [
          121.53741040037234,
          25.051958115099183
        ]
      }
    },
    {
      "type": "Feature",
      "properties": {
        "source_row_no": 256,
        "city": "臺北市",
        "normalized_city": "台北市",
        "district": "大安區",
        "vendor_category_code": "6",
        "vendor_category": "物流業",
        "registration_item": "物流營業場所",
        "registration_no": "A-170762591-00998-1",
        "name": "通化營業所",
        "address": "台北市大安區四維路150號",
        "company_registration_name": "統一速達股份有限公司",
        "source_page": 7,
        "point_type": "業者點位",
        "location_method": "臺北市門牌位置數值資料",
        "source_count": 256,
        "geocoding_address": "臺北市大安區四維路150號",
        "osm_query": "四維路 大安區 臺北市",
        "osm_display_name": "四維路, 德安里, 大安區, 東區商圈, 臺北市, 10684, 臺灣",
        "lng": 121.54791173468719,
        "lat": 25.03113810564926,
        "taipei_house_key": "大安區|四維路|||150號"
      },
      "geometry": {
        "type": "Point",
        "coordinates": [
          121.54791173468719,
          25.03113810564926
        ]
      }
    }
  ]
}
