{
  "type": "FeatureCollection",
  "features": [
    {
      "type": "Feature",
      "geometry": {
        "type": "Point",
        "coordinates": [
          121.45804166793823,
          25.215675791710154
        ]
      },
      "properties": {
        "data_time": "",
        "source_row_no": "1",
        "name": "鄭鵬舉(頂田寮有機農場)",
        "operator": "鄭鵬舉",
        "city": "新北市",
        "district": "淡水區",
        "address": "新北市淡水區番薯段0883-0000地號等3筆土地",
        "phone": "0935262782",
        "certification_valid_until": "2027/05/27",
        "certification_status": "有機",
        "area_ha": 0.6792,
        "source_type": "有機農場",
        "source_dataset": "新北市有機農場",
        "source_url": "https://data.ntpc.gov.tw/datasets/fc30f585-66d9-4233-a65e-c650d177ebfe",
        "geocoding_address": "新北市淡水區蕃薯段0883-0000地號",
        "location_method": "地籍宗地圖形中心",
        "lng": 121.45804166793823,
        "lat": 25.215675791710154,
        "cadastral_office": "FE",
        "cadastral_section_code": "1339",
        "cadastral_land_no": "08830000"
      }
    },
    {
      "type": "Feature",
      "geometry": {
        "type": "Point",
        "coordinates": [
          121.44897043704987,
          25.236283353538973
        ]
      },
      "properties": {
        "data_time": "",
        "source_row_no": "2",
        "name": "蔡佳強(星佳園有機農場)",
        "operator": "蔡佳強",
        "city": "新北市",
        "district": "淡水區",
        "address": "新北市淡水區屯山段1074-0000地號等3筆土地",
        "phone": "0228010784",
        "certification_valid_until": "2027/08/05",
        "certification_status": "有機",
        "area_ha": 0.52,
        "source_type": "有機農場",
        "source_dataset": "新北市有機農場",
        "source_url": "https://data.ntpc.gov.tw/datasets/fc30f585-66d9-4233-a65e-c650d177ebfe",
        "geocoding_address": "新北市淡水區屯山段1074-0000地號",
        "location_method": "地籍宗地圖形中心",
        "lng": 121.44897043704987,
        "lat": 25.236283353538973,
        "cadastral_office": "FE",
        "cadastral_section_code": "1345",
        "cadastral_land_no": "10740000"
      }
    },
    {
      "type": "Feature",
      "geometry": {
        "type": "Point",
        "coordinates": [
          121.59130051732063,
          25.259553346317233
        ]
      },
      "properties": {
        "data_time": "",
        "source_row_no": "3",
        "name": "邵章奇(香氛花園有機生態茶園)",
        "operator": "邵章奇",
        "city": "新北市",
        "district": "石門區",
        "address": "新北市石門區下角段坪林小段0069-0015地號",
        "phone": "0225818743",
        "certification_valid_until": "2028/08/30",
        "certification_status": "有機",
        "area_ha": 0.285,
        "source_type": "有機農場",
        "source_dataset": "新北市有機農場",
        "source_url": "https://data.ntpc.gov.tw/datasets/fc30f585-66d9-4233-a65e-c650d177ebfe",
        "geocoding_address": "新北市石門區下角段坪林小段0069-0015地號",
        "location_method": "地籍宗地圖形中心",
        "lng": 121.59130051732063,
        "lat": 25.259553346317233,
        "cadastral_office": "FE",
        "cadastral_section_code": "1250",
        "cadastral_land_no": "00690015"
      }
    },
    {
      "type": "Feature",
      "geometry": {
        "type": "Point",
        "coordinates": [
          121.725182980299,
          24.963702438116364
        ]
      },
      "properties": {
        "data_time": "",
        "source_row_no": "4",
        "name": "詹正義(金冠有機茶園)",
        "operator": "詹正義",
        "city": "新北市",
        "district": "坪林區",
        "address": "新北市坪林區新昇段0516-0000地號",
        "phone": "0989007663、0226410869",
        "certification_valid_until": "2026/12/30",
        "certification_status": "有機",
        "area_ha": 2.6364,
        "source_type": "有機農場",
        "source_dataset": "新北市有機農場",
        "source_url": "https://data.ntpc.gov.tw/datasets/fc30f585-66d9-4233-a65e-c650d177ebfe",
        "geocoding_address": "新北市坪林區新昇段0516-0000地號",
        "location_method": "地籍宗地圖形中心",
        "lng": 121.725182980299,
        "lat": 24.963702438116364,
        "cadastral_office": "FC",
        "cadastral_section_code": "0879",
        "cadastral_land_no": "05160000"
      }
    },
    {
      "type": "Feature",
      "geometry": {
        "type": "Point",
        "coordinates": [
          121.37674659490585,
          25.096702315343364
        ]
      },
      "properties": {
        "data_time": "",
        "source_row_no": "5",
        "name": "芽寶寶有機開發股份有限公司",
        "operator": "劉金枝",
        "city": "新北市",
        "district": "林口區",
        "address": "新北市林口區中湖段0357-0000地號",
        "phone": "0226029250、0986603607",
        "certification_valid_until": "2027/06/23",
        "certification_status": "有機",
        "area_ha": 0.033,
        "source_type": "有機農場",
        "source_dataset": "新北市有機農場",
        "source_url": "https://data.ntpc.gov.tw/datasets/fc30f585-66d9-4233-a65e-c650d177ebfe",
        "geocoding_address": "新北市林口區中湖段0357-0000地號",
        "location_method": "地籍宗地圖形中心",
        "lng": 121.37674659490585,
        "lat": 25.096702315343364,
        "cadastral_office": "FB",
        "cadastral_section_code": "2248",
        "cadastral_land_no": "03570000"
      }
    },
    {
      "type": "Feature",
      "geometry": {
        "type": "Point",
        "coordinates": [
          121.87723070383072,
          25.054135358182528
        ]
      },
      "properties": {
        "data_time": "",
        "source_row_no": "6",
        "name": "曾麟傳（大自然農藝園）",
        "operator": "曾麟傳",
        "city": "新北市",
        "district": "雙溪區",
        "address": "新北市雙溪區三叉港段三叉港小段0647-0003地號",
        "phone": "0224931039",
        "certification_valid_until": "2027/05/07",
        "certification_status": "有機",
        "area_ha": 3.3266,
        "source_type": "有機農場",
        "source_dataset": "新北市有機農場",
        "source_url": "https://data.ntpc.gov.tw/datasets/fc30f585-66d9-4233-a65e-c650d177ebfe",
        "geocoding_address": "新北市雙溪區三叉港段三叉港小段0647-0003地號",
        "location_method": "地籍宗地圖形中心",
        "lng": 121.87723070383072,
        "lat": 25.054135358182528,
        "cadastral_office": "FF",
        "cadastral_section_code": "1527",
        "cadastral_land_no": "06470003"
      }
    },
    {
      "type": "Feature",
      "geometry": {
        "type": "Point",
        "coordinates": [
          121.59336313605309,
          25.217867012072073
        ]
      },
      "properties": {
        "data_time": "",
        "source_row_no": "7",
        "name": "綠舞莊園股份有限公司",
        "operator": "藍張謙謙",
        "city": "新北市",
        "district": "金山區",
        "address": "新北市金山區頂角段磺溪頭小段0036-0000地號",
        "phone": "0287128808",
        "certification_valid_until": "2027/12/09",
        "certification_status": "有機",
        "area_ha": 5.3783,
        "source_type": "有機農場",
        "source_dataset": "新北市有機農場",
        "source_url": "https://data.ntpc.gov.tw/datasets/fc30f585-66d9-4233-a65e-c650d177ebfe",
        "geocoding_address": "新北市金山區頂角段磺溪頭小段0036-0000地號",
        "location_method": "地籍宗地圖形中心",
        "lng": 121.59336313605309,
        "lat": 25.217867012072073,
        "cadastral_office": "FD",
        "cadastral_section_code": "0920",
        "cadastral_land_no": "00360000"
      }
    },
    {
      "type": "Feature",
      "geometry": {
        "type": "Point",
        "coordinates": [
          121.34900584816933,
          25.0947372460832
        ]
      },
      "properties": {
        "data_time": "",
        "source_row_no": "8",
        "name": "陳坤峯",
        "operator": "陳坤峯",
        "city": "新北市",
        "district": "林口區",
        "address": "新北市林口區忠福段0189-0000地號",
        "phone": "0961335855、0226030180",
        "certification_valid_until": "2026/11/06",
        "certification_status": "有機",
        "area_ha": 0.8332,
        "source_type": "有機農場",
        "source_dataset": "新北市有機農場",
        "source_url": "https://data.ntpc.gov.tw/datasets/fc30f585-66d9-4233-a65e-c650d177ebfe",
        "geocoding_address": "新北市林口區忠福段0189-0000地號",
        "location_method": "地籍宗地圖形中心",
        "lng": 121.34900584816933,
        "lat": 25.0947372460832,
        "cadastral_office": "FB",
        "cadastral_section_code": "2257",
        "cadastral_land_no": "01890000"
      }
    },
    {
      "type": "Feature",
      "geometry": {
        "type": "Point",
        "coordinates": [
          121.35339260101318,
          25.093639318438093
        ]
      },
      "properties": {
        "data_time": "",
        "source_row_no": "9",
        "name": "張文棟（綠萌子有機農場）",
        "operator": "張文棟",
        "city": "新北市",
        "district": "林口區",
        "address": "新北市林口區寶林段0489-0000地號",
        "phone": "0918711153",
        "certification_valid_until": "2028/12/29",
        "certification_status": "有機",
        "area_ha": 1.1453,
        "source_type": "有機農場",
        "source_dataset": "新北市有機農場",
        "source_url": "https://data.ntpc.gov.tw/datasets/fc30f585-66d9-4233-a65e-c650d177ebfe",
        "geocoding_address": "新北市林口區寶林段0489-0000地號",
        "location_method": "地籍宗地圖形中心",
        "lng": 121.35339260101318,
        "lat": 25.093639318438093,
        "cadastral_office": "FB",
        "cadastral_section_code": "2256",
        "cadastral_land_no": "04890000"
      }
    },
    {
      "type": "Feature",
      "geometry": {
        "type": "Point",
        "coordinates": [
          121.3836232,
          24.9575509
        ]
      },
      "properties": {
        "data_time": "",
        "source_row_no": "10",
        "name": "陳素貞",
        "operator": "陳素貞",
        "city": "新北市",
        "district": "樹林區",
        "address": "新北市樹林區西圳街二段57巷30號",
        "phone": "0226802923",
        "certification_valid_until": "2027/05/28",
        "certification_status": "有機",
        "area_ha": 0.5572,
        "source_type": "有機農場",
        "source_dataset": "新北市有機農場",
        "source_url": "https://data.ntpc.gov.tw/datasets/fc30f585-66d9-4233-a65e-c650d177ebfe",
        "geocoding_address": "新北市樹林區西圳街二段57巷30號",
        "location_method": "OpenStreetMap道路/地名定位",
        "lng": 121.3836232,
        "lat": 24.9575509
      }
    },
    {
      "type": "Feature",
      "geometry": {
        "type": "Point",
        "coordinates": [
          121.4122452819789,
          24.891925957452987
        ]
      },
      "properties": {
        "data_time": "",
        "source_row_no": "11",
        "name": "秦學強",
        "operator": "秦學強",
        "city": "新北市",
        "district": "三峽區",
        "address": "新北市三峽區五寮里6鄰五寮166-2號",
        "phone": "0226725080",
        "certification_valid_until": "2026/08/05",
        "certification_status": "有機",
        "area_ha": 0.8369,
        "source_type": "有機農場",
        "source_dataset": "新北市有機農場",
        "source_url": "https://data.ntpc.gov.tw/datasets/fc30f585-66d9-4233-a65e-c650d177ebfe",
        "geocoding_address": "新北市三峽區五寮里6鄰五寮166-2號",
        "location_method": "行政區中心",
        "lng": 121.4122452819789,
        "lat": 24.891925957452987
      }
    },
    {
      "type": "Feature",
      "geometry": {
        "type": "Point",
        "coordinates": [
          121.4131941841017,
          24.894209733382244
        ]
      },
      "properties": {
        "data_time": "",
        "source_row_no": "12",
        "name": "黃清泉",
        "operator": "黃清泉",
        "city": "新北市",
        "district": "三峽區",
        "address": "新北市三峽區五寮里14鄰詩朗66號",
        "phone": "0226720767",
        "certification_valid_until": "2026/08/05",
        "certification_status": "有機",
        "area_ha": 0.2536,
        "source_type": "有機農場",
        "source_dataset": "新北市有機農場",
        "source_url": "https://data.ntpc.gov.tw/datasets/fc30f585-66d9-4233-a65e-c650d177ebfe",
        "geocoding_address": "新北市三峽區五寮里14鄰詩朗66號",
        "location_method": "行政區中心",
        "lng": 121.4131941841017,
        "lat": 24.894209733382244
      }
    },
    {
      "type": "Feature",
      "geometry": {
        "type": "Point",
        "coordinates": [
          121.41317760537123,
          24.89209890726336
        ]
      },
      "properties": {
        "data_time": "",
        "source_row_no": "13",
        "name": "林森淋",
        "operator": "林森淋",
        "city": "新北市",
        "district": "三峽區",
        "address": "新北市三峽區五寮里15鄰詩朗79號",
        "phone": "0286713075",
        "certification_valid_until": "2026/08/05",
        "certification_status": "有機",
        "area_ha": 0.469,
        "source_type": "有機農場",
        "source_dataset": "新北市有機農場",
        "source_url": "https://data.ntpc.gov.tw/datasets/fc30f585-66d9-4233-a65e-c650d177ebfe",
        "geocoding_address": "新北市三峽區五寮里15鄰詩朗79號",
        "location_method": "行政區中心",
        "lng": 121.41317760537123,
        "lat": 24.89209890726336
      }
    },
    {
      "type": "Feature",
      "geometry": {
        "type": "Point",
        "coordinates": [
          121.4113993,
          25.1234015
        ]
      },
      "properties": {
        "data_time": "",
        "source_row_no": "14",
        "name": "莊國份",
        "operator": "莊國份",
        "city": "新北市",
        "district": "八里區",
        "address": "新北市八里區荖阡里1鄰荖阡坑路15之14號",
        "phone": "0226103461",
        "certification_valid_until": "2026/10/12",
        "certification_status": "有機",
        "area_ha": 0.3403,
        "source_type": "有機農場",
        "source_dataset": "新北市有機農場",
        "source_url": "https://data.ntpc.gov.tw/datasets/fc30f585-66d9-4233-a65e-c650d177ebfe",
        "geocoding_address": "新北市八里區荖阡里1鄰荖阡坑路15之14號",
        "location_method": "OpenStreetMap道路/地名定位",
        "lng": 121.4113993,
        "lat": 25.1234015
      }
    },
    {
      "type": "Feature",
      "geometry": {
        "type": "Point",
        "coordinates": [
          121.3926742,
          25.137226
        ]
      },
      "properties": {
        "data_time": "",
        "source_row_no": "15",
        "name": "許張金枝",
        "operator": "許張金枝",
        "city": "新北市",
        "district": "八里區",
        "address": "新北市八里區長坑里13鄰中華路三段339號",
        "phone": "0226102814",
        "certification_valid_until": "2026/12/07",
        "certification_status": "有機",
        "area_ha": 0.1531,
        "source_type": "有機農場",
        "source_dataset": "新北市有機農場",
        "source_url": "https://data.ntpc.gov.tw/datasets/fc30f585-66d9-4233-a65e-c650d177ebfe",
        "geocoding_address": "新北市八里區長坑里13鄰中華路三段339號",
        "location_method": "OpenStreetMap道路/地名定位",
        "lng": 121.3926742,
        "lat": 25.137226
      }
    },
    {
      "type": "Feature",
      "geometry": {
        "type": "Point",
        "coordinates": [
          121.41289550316267,
          24.893585065562345
        ]
      },
      "properties": {
        "data_time": "",
        "source_row_no": "16",
        "name": "劉邦溪",
        "operator": "劉邦溪",
        "city": "新北市",
        "district": "三峽區",
        "address": "新北市三峽區五寮里14鄰詩朗77之3號",
        "phone": "0921155483",
        "certification_valid_until": "2026/09/10",
        "certification_status": "有機",
        "area_ha": 0.2074,
        "source_type": "有機農場",
        "source_dataset": "新北市有機農場",
        "source_url": "https://data.ntpc.gov.tw/datasets/fc30f585-66d9-4233-a65e-c650d177ebfe",
        "geocoding_address": "新北市三峽區五寮里14鄰詩朗77之3號",
        "location_method": "行政區中心",
        "lng": 121.41289550316267,
        "lat": 24.893585065562345
      }
    },
    {
      "type": "Feature",
      "geometry": {
        "type": "Point",
        "coordinates": [
          121.365351,
          24.8551393
        ]
      },
      "properties": {
        "data_time": "",
        "source_row_no": "17",
        "name": "賴阿龍",
        "operator": "賴阿龍",
        "city": "新北市",
        "district": "三峽區",
        "address": "新北市三峽區五寮里外詩朗路11鄰17號",
        "phone": "0226721890",
        "certification_valid_until": "2026/09/10",
        "certification_status": "有機",
        "area_ha": 0.2592,
        "source_type": "有機農場",
        "source_dataset": "新北市有機農場",
        "source_url": "https://data.ntpc.gov.tw/datasets/fc30f585-66d9-4233-a65e-c650d177ebfe",
        "geocoding_address": "新北市三峽區五寮里外詩朗路11鄰17號",
        "location_method": "OpenStreetMap道路/地名定位",
        "lng": 121.365351,
        "lat": 24.8551393
      }
    },
    {
      "type": "Feature",
      "geometry": {
        "type": "Point",
        "coordinates": [
          121.4590622484684,
          24.970563117443
        ]
      },
      "properties": {
        "data_time": "",
        "source_row_no": "18",
        "name": "廖博賢",
        "operator": "廖博賢",
        "city": "新北市",
        "district": "土城區",
        "address": "新北市土城區石門段0572-0000地號",
        "phone": "0933990238、0222615380",
        "certification_valid_until": "2027/02/16",
        "certification_status": "有機",
        "area_ha": 0.567,
        "source_type": "有機農場",
        "source_dataset": "新北市有機農場",
        "source_url": "https://data.ntpc.gov.tw/datasets/fc30f585-66d9-4233-a65e-c650d177ebfe",
        "geocoding_address": "新北市土城區石門段0572-0000地號",
        "location_method": "地籍宗地圖形中心",
        "lng": 121.4590622484684,
        "lat": 24.970563117443,
        "cadastral_office": "FA",
        "cadastral_section_code": "0209",
        "cadastral_land_no": "05720000"
      }
    },
    {
      "type": "Feature",
      "geometry": {
        "type": "Point",
        "coordinates": [
          121.44698426127434,
          24.969447059000153
        ]
      },
      "properties": {
        "data_time": "",
        "source_row_no": "19",
        "name": "邱顯輝",
        "operator": "邱顯輝",
        "city": "新北市",
        "district": "土城區",
        "address": "新北市土城區柑林段1354-0000號",
        "phone": "0912881227",
        "certification_valid_until": "2027/02/16",
        "certification_status": "有機",
        "area_ha": 0.3103,
        "source_type": "有機農場",
        "source_dataset": "新北市有機農場",
        "source_url": "https://data.ntpc.gov.tw/datasets/fc30f585-66d9-4233-a65e-c650d177ebfe",
        "geocoding_address": "新北市土城區柑林段1354-0000地號",
        "location_method": "地籍宗地圖形中心",
        "lng": 121.44698426127434,
        "lat": 24.969447059000153,
        "cadastral_office": "FA",
        "cadastral_section_code": "0211",
        "cadastral_land_no": "13540000"
      }
    },
    {
      "type": "Feature",
      "geometry": {
        "type": "Point",
        "coordinates": [
          121.4113993,
          25.1234015
        ]
      },
      "properties": {
        "data_time": "",
        "source_row_no": "20",
        "name": "林炳昌",
        "operator": "林炳昌",
        "city": "新北市",
        "district": "八里區",
        "address": "新北市八里區荖阡里6鄰荖阡坑路69號之2",
        "phone": "0286303356",
        "certification_valid_until": "2027/08/26",
        "certification_status": "有機",
        "area_ha": 0.189,
        "source_type": "有機農場",
        "source_dataset": "新北市有機農場",
        "source_url": "https://data.ntpc.gov.tw/datasets/fc30f585-66d9-4233-a65e-c650d177ebfe",
        "geocoding_address": "新北市八里區荖阡里6鄰荖阡坑路69號之2",
        "location_method": "OpenStreetMap道路/地名定位",
        "lng": 121.4113993,
        "lat": 25.1234015
      }
    },
    {
      "type": "Feature",
      "geometry": {
        "type": "Point",
        "coordinates": [
          121.4214761,
          25.1591589
        ]
      },
      "properties": {
        "data_time": "",
        "source_row_no": "21",
        "name": "李科練",
        "operator": "李科練",
        "city": "新北市",
        "district": "八里區",
        "address": "新北市八里區埤頭里中山路一段268巷55號",
        "phone": "0226193728",
        "certification_valid_until": "2027/10/03",
        "certification_status": "有機",
        "area_ha": 0.0828,
        "source_type": "有機農場",
        "source_dataset": "新北市有機農場",
        "source_url": "https://data.ntpc.gov.tw/datasets/fc30f585-66d9-4233-a65e-c650d177ebfe",
        "geocoding_address": "新北市八里區埤頭里中山路一段268巷55號",
        "location_method": "OpenStreetMap道路/地名定位",
        "lng": 121.4214761,
        "lat": 25.1591589
      }
    },
    {
      "type": "Feature",
      "geometry": {
        "type": "Point",
        "coordinates": [
          121.4113993,
          25.1234015
        ]
      },
      "properties": {
        "data_time": "",
        "source_row_no": "22",
        "name": "洪文龍",
        "operator": "洪文龍",
        "city": "新北市",
        "district": "八里區",
        "address": "新北市八里區荖阡里2鄰荖阡坑路41號之15",
        "phone": "0286302104",
        "certification_valid_until": "2027/11/06",
        "certification_status": "有機",
        "area_ha": 0.1455,
        "source_type": "有機農場",
        "source_dataset": "新北市有機農場",
        "source_url": "https://data.ntpc.gov.tw/datasets/fc30f585-66d9-4233-a65e-c650d177ebfe",
        "geocoding_address": "新北市八里區荖阡里2鄰荖阡坑路41號之15",
        "location_method": "OpenStreetMap道路/地名定位",
        "lng": 121.4113993,
        "lat": 25.1234015
      }
    },
    {
      "type": "Feature",
      "geometry": {
        "type": "Point",
        "coordinates": [
          121.39024615287781,
          25.13419531261463
        ]
      },
      "properties": {
        "data_time": "",
        "source_row_no": "23",
        "name": "李月寶",
        "operator": "李月寶",
        "city": "新北市",
        "district": "八里區",
        "address": "新北市八里區楓林段919地號",
        "phone": "0226102115",
        "certification_valid_until": "2027/12/09",
        "certification_status": "有機",
        "area_ha": 0.0619,
        "source_type": "有機農場",
        "source_dataset": "新北市有機農場",
        "source_url": "https://data.ntpc.gov.tw/datasets/fc30f585-66d9-4233-a65e-c650d177ebfe",
        "geocoding_address": "新北市八里區楓林段0919-0000地號",
        "location_method": "地籍宗地圖形中心",
        "lng": 121.39024615287781,
        "lat": 25.13419531261463,
        "cadastral_office": "FE",
        "cadastral_section_code": "1328",
        "cadastral_land_no": "09190000"
      }
    },
    {
      "type": "Feature",
      "geometry": {
        "type": "Point",
        "coordinates": [
          121.3472013,
          24.977891
        ]
      },
      "properties": {
        "data_time": "",
        "source_row_no": "25",
        "name": "游文揚",
        "operator": "游文揚",
        "city": "新北市",
        "district": "鶯歌區",
        "address": "新北市鶯歌區中湖街315巷37號",
        "phone": "0226793442",
        "certification_valid_until": "2028/09/16",
        "certification_status": "有機、轉型期",
        "area_ha": 1.1896,
        "source_type": "有機農場",
        "source_dataset": "新北市有機農場",
        "source_url": "https://data.ntpc.gov.tw/datasets/fc30f585-66d9-4233-a65e-c650d177ebfe",
        "geocoding_address": "新北市鶯歌區中湖街315巷37號",
        "location_method": "OpenStreetMap道路/地名定位",
        "lng": 121.3472013,
        "lat": 24.977891
      }
    },
    {
      "type": "Feature",
      "geometry": {
        "type": "Point",
        "coordinates": [
          121.3450623,
          24.9733901
        ]
      },
      "properties": {
        "data_time": "",
        "source_row_no": "26",
        "name": "游長輝",
        "operator": "游長輝",
        "city": "新北市",
        "district": "鶯歌區",
        "address": "新北市鶯歌區大湖路416號",
        "phone": "033662190",
        "certification_valid_until": "2028/11/24",
        "certification_status": "有機",
        "area_ha": 0.6081,
        "source_type": "有機農場",
        "source_dataset": "新北市有機農場",
        "source_url": "https://data.ntpc.gov.tw/datasets/fc30f585-66d9-4233-a65e-c650d177ebfe",
        "geocoding_address": "新北市鶯歌區大湖路416號",
        "location_method": "OpenStreetMap道路/地名定位",
        "lng": 121.3450623,
        "lat": 24.9733901
      }
    },
    {
      "type": "Feature",
      "geometry": {
        "type": "Point",
        "coordinates": [
          121.41284570899332,
          24.894726699245417
        ]
      },
      "properties": {
        "data_time": "",
        "source_row_no": "27",
        "name": "劉樹山",
        "operator": "劉樹山",
        "city": "新北市",
        "district": "三峽區",
        "address": "新北市三峽區五寮里13鄰詩朗59號",
        "phone": "0226720508",
        "certification_valid_until": "2026/09/10",
        "certification_status": "有機",
        "area_ha": 0.1155,
        "source_type": "有機農場",
        "source_dataset": "新北市有機農場",
        "source_url": "https://data.ntpc.gov.tw/datasets/fc30f585-66d9-4233-a65e-c650d177ebfe",
        "geocoding_address": "新北市三峽區五寮里13鄰詩朗59號",
        "location_method": "行政區中心",
        "lng": 121.41284570899332,
        "lat": 24.894726699245417
      }
    },
    {
      "type": "Feature",
      "geometry": {
        "type": "Point",
        "coordinates": [
          121.37874215841293,
          24.847901570291686
        ]
      },
      "properties": {
        "data_time": "",
        "source_row_no": "28",
        "name": "呂瑞哲",
        "operator": "呂瑞哲",
        "city": "新北市",
        "district": "三峽區",
        "address": "新北市三峽區五寮段詩朗小段150-40地號",
        "phone": "0921110479",
        "certification_valid_until": "2026/10/13",
        "certification_status": "有機",
        "area_ha": 0.0898,
        "source_type": "有機農場",
        "source_dataset": "新北市有機農場",
        "source_url": "https://data.ntpc.gov.tw/datasets/fc30f585-66d9-4233-a65e-c650d177ebfe",
        "geocoding_address": "新北市三峽區五寮段詩朗小段0150-0040地號",
        "location_method": "地籍宗地圖形中心",
        "lng": 121.37874215841293,
        "lat": 24.847901570291686,
        "cadastral_office": "FI",
        "cadastral_section_code": "0084",
        "cadastral_land_no": "01500040"
      }
    },
    {
      "type": "Feature",
      "geometry": {
        "type": "Point",
        "coordinates": [
          121.38578563928604,
          25.127001415117142
        ]
      },
      "properties": {
        "data_time": "",
        "source_row_no": "29",
        "name": "高樹生",
        "operator": "高樹生",
        "city": "新北市",
        "district": "八里區",
        "address": "新北市八里區楓林段1631-0000地號坵塊01",
        "phone": "0226103571",
        "certification_valid_until": "2026/11/21",
        "certification_status": "有機",
        "area_ha": 0.1664,
        "source_type": "有機農場",
        "source_dataset": "新北市有機農場",
        "source_url": "https://data.ntpc.gov.tw/datasets/fc30f585-66d9-4233-a65e-c650d177ebfe",
        "geocoding_address": "新北市八里區楓林段1631-0000地號",
        "location_method": "地籍宗地圖形中心",
        "lng": 121.38578563928604,
        "lat": 25.127001415117142,
        "cadastral_office": "FE",
        "cadastral_section_code": "1328",
        "cadastral_land_no": "16310000"
      }
    },
    {
      "type": "Feature",
      "geometry": {
        "type": "Point",
        "coordinates": [
          121.4080747961998,
          25.12889798395122
        ]
      },
      "properties": {
        "data_time": "",
        "source_row_no": "30",
        "name": "李祥溪",
        "operator": "李祥溪",
        "city": "新北市",
        "district": "八里區",
        "address": "新北市八里區荖阡段0736-0000地號",
        "phone": "0226102104、0968222133",
        "certification_valid_until": "2026/12/02",
        "certification_status": "有機",
        "area_ha": 0.3,
        "source_type": "有機農場",
        "source_dataset": "新北市有機農場",
        "source_url": "https://data.ntpc.gov.tw/datasets/fc30f585-66d9-4233-a65e-c650d177ebfe",
        "geocoding_address": "新北市八里區荖阡段0736-0000地號",
        "location_method": "地籍宗地圖形中心",
        "lng": 121.4080747961998,
        "lat": 25.12889798395122,
        "cadastral_office": "FE",
        "cadastral_section_code": "1329",
        "cadastral_land_no": "07360000"
      }
    },
    {
      "type": "Feature",
      "geometry": {
        "type": "Point",
        "coordinates": [
          121.3674792,
          25.1357974
        ]
      },
      "properties": {
        "data_time": "",
        "source_row_no": "31",
        "name": "陳慧穎",
        "operator": "陳慧穎",
        "city": "新北市",
        "district": "八里區",
        "address": "新北市八里區中山路三段112號",
        "phone": "0226105217",
        "certification_valid_until": "2026/12/08",
        "certification_status": "有機",
        "area_ha": 0.2379,
        "source_type": "有機農場",
        "source_dataset": "新北市有機農場",
        "source_url": "https://data.ntpc.gov.tw/datasets/fc30f585-66d9-4233-a65e-c650d177ebfe",
        "geocoding_address": "新北市八里區中山路三段112號",
        "location_method": "OpenStreetMap道路/地名定位",
        "lng": 121.3674792,
        "lat": 25.1357974
      }
    },
    {
      "type": "Feature",
      "geometry": {
        "type": "Point",
        "coordinates": [
          121.3836232,
          24.9575509
        ]
      },
      "properties": {
        "data_time": "",
        "source_row_no": "32",
        "name": "林本舜",
        "operator": "林本舜",
        "city": "新北市",
        "district": "樹林區",
        "address": "新北市樹林區西圳街二段57巷12號",
        "phone": "0226803903",
        "certification_valid_until": "2027/04/06",
        "certification_status": "有機",
        "area_ha": 0.56,
        "source_type": "有機農場",
        "source_dataset": "新北市有機農場",
        "source_url": "https://data.ntpc.gov.tw/datasets/fc30f585-66d9-4233-a65e-c650d177ebfe",
        "geocoding_address": "新北市樹林區西圳街二段57巷12號",
        "location_method": "OpenStreetMap道路/地名定位",
        "lng": 121.3836232,
        "lat": 24.9575509
      }
    },
    {
      "type": "Feature",
      "geometry": {
        "type": "Point",
        "coordinates": [
          121.88604578375816,
          25.02166847014901
        ]
      },
      "properties": {
        "data_time": "",
        "source_row_no": "33",
        "name": "黃水杉",
        "operator": "黃水杉",
        "city": "新北市",
        "district": "雙溪區",
        "address": "新北市雙溪區魚行段八股小段0112-0001地號",
        "phone": "0229769271",
        "certification_valid_until": "2027/02/19",
        "certification_status": "有機、轉型期",
        "area_ha": 1.5052,
        "source_type": "有機農場",
        "source_dataset": "新北市有機農場",
        "source_url": "https://data.ntpc.gov.tw/datasets/fc30f585-66d9-4233-a65e-c650d177ebfe",
        "geocoding_address": "新北市雙溪區魚行段八股小段0112-0001地號",
        "location_method": "地籍宗地圖形中心",
        "lng": 121.88604578375816,
        "lat": 25.02166847014901,
        "cadastral_office": "FF",
        "cadastral_section_code": "1511",
        "cadastral_land_no": "01120001"
      }
    },
    {
      "type": "Feature",
      "geometry": {
        "type": "Point",
        "coordinates": [
          121.3508597,
          24.9439206
        ]
      },
      "properties": {
        "data_time": "",
        "source_row_no": "34",
        "name": "新北市鶯歌區農會",
        "operator": "鄭壁昌",
        "city": "新北市",
        "district": "鶯歌區",
        "address": "新北市鶯歌區環河路171號",
        "phone": "0226706262",
        "certification_valid_until": "2027/11/24",
        "certification_status": "有機",
        "area_ha": 0.9723,
        "source_type": "有機農場",
        "source_dataset": "新北市有機農場",
        "source_url": "https://data.ntpc.gov.tw/datasets/fc30f585-66d9-4233-a65e-c650d177ebfe",
        "geocoding_address": "新北市鶯歌區環河路171號",
        "location_method": "OpenStreetMap道路/地名定位",
        "lng": 121.3508597,
        "lat": 24.9439206
      }
    },
    {
      "type": "Feature",
      "geometry": {
        "type": "Point",
        "coordinates": [
          121.3641907,
          24.861914
        ]
      },
      "properties": {
        "data_time": "",
        "source_row_no": "35",
        "name": "張維容",
        "operator": "張維容",
        "city": "新北市",
        "district": "三峽區",
        "address": "新北市三峽區五寮里詩朗路15號",
        "phone": "0932000887",
        "certification_valid_until": "2027/12/08",
        "certification_status": "有機",
        "area_ha": 0.3412,
        "source_type": "有機農場",
        "source_dataset": "新北市有機農場",
        "source_url": "https://data.ntpc.gov.tw/datasets/fc30f585-66d9-4233-a65e-c650d177ebfe",
        "geocoding_address": "新北市三峽區五寮里詩朗路15號",
        "location_method": "OpenStreetMap道路/地名定位",
        "lng": 121.3641907,
        "lat": 24.861914
      }
    },
    {
      "type": "Feature",
      "geometry": {
        "type": "Point",
        "coordinates": [
          121.83147371187583,
          24.996376897719784
        ]
      },
      "properties": {
        "data_time": "",
        "source_row_no": "37",
        "name": "張月美",
        "operator": "張月美",
        "city": "新北市",
        "district": "雙溪區",
        "address": "新北市雙溪區三港里12鄰青雲7號",
        "phone": "0224933903",
        "certification_valid_until": "2028/03/10",
        "certification_status": "有機",
        "area_ha": 0.9341,
        "source_type": "有機農場",
        "source_dataset": "新北市有機農場",
        "source_url": "https://data.ntpc.gov.tw/datasets/fc30f585-66d9-4233-a65e-c650d177ebfe",
        "geocoding_address": "新北市雙溪區三港里12鄰青雲7號",
        "location_method": "行政區中心",
        "lng": 121.83147371187583,
        "lat": 24.996376897719784
      }
    },
    {
      "type": "Feature",
      "geometry": {
        "type": "Point",
        "coordinates": [
          121.4120597617606,
          24.89418248358034
        ]
      },
      "properties": {
        "data_time": "",
        "source_row_no": "38",
        "name": "陳皓昌",
        "operator": "陳皓昌",
        "city": "新北市",
        "district": "三峽區",
        "address": "新北市三峽區添福里13-1號",
        "phone": "0226782805、0918227841",
        "certification_valid_until": "2028/05/12",
        "certification_status": "有機",
        "area_ha": 0.2466,
        "source_type": "有機農場",
        "source_dataset": "新北市有機農場",
        "source_url": "https://data.ntpc.gov.tw/datasets/fc30f585-66d9-4233-a65e-c650d177ebfe",
        "geocoding_address": "新北市三峽區添福里13-1號",
        "location_method": "行政區中心",
        "lng": 121.4120597617606,
        "lat": 24.89418248358034
      }
    },
    {
      "type": "Feature",
      "geometry": {
        "type": "Point",
        "coordinates": [
          121.5892529,
          24.9393831
        ]
      },
      "properties": {
        "data_time": "",
        "source_row_no": "39",
        "name": "張慶祥(內心有機農場)",
        "operator": "張慶祥",
        "city": "新北市",
        "district": "新店區",
        "address": "新北市新店區雙坑里雙峯路158號",
        "phone": "0222174564",
        "certification_valid_until": "2028/06/12",
        "certification_status": "有機",
        "area_ha": 9.3961,
        "source_type": "有機農場",
        "source_dataset": "新北市有機農場",
        "source_url": "https://data.ntpc.gov.tw/datasets/fc30f585-66d9-4233-a65e-c650d177ebfe",
        "geocoding_address": "新北市新店區雙坑里雙峯路158號",
        "location_method": "OpenStreetMap道路/地名定位",
        "lng": 121.5892529,
        "lat": 24.9393831
      }
    },
    {
      "type": "Feature",
      "geometry": {
        "type": "Point",
        "coordinates": [
          121.4139821432339,
          24.893201332987722
        ]
      },
      "properties": {
        "data_time": "",
        "source_row_no": "40",
        "name": "朱柏蒼",
        "operator": "朱柏蒼",
        "city": "新北市",
        "district": "三峽區",
        "address": "新北市三峽區五寮里詩朗11-7號",
        "phone": "0222613452",
        "certification_valid_until": "2028/06/22",
        "certification_status": "有機",
        "area_ha": 0.1377,
        "source_type": "有機農場",
        "source_dataset": "新北市有機農場",
        "source_url": "https://data.ntpc.gov.tw/datasets/fc30f585-66d9-4233-a65e-c650d177ebfe",
        "geocoding_address": "新北市三峽區五寮里詩朗11-7號",
        "location_method": "行政區中心",
        "lng": 121.4139821432339,
        "lat": 24.893201332987722
      }
    },
    {
      "type": "Feature",
      "geometry": {
        "type": "Point",
        "coordinates": [
          121.8690445,
          25.0382898
        ]
      },
      "properties": {
        "data_time": "",
        "source_row_no": "41",
        "name": "翁陳美惠",
        "operator": "翁陳美惠",
        "city": "新北市",
        "district": "雙溪區",
        "address": "新北市雙溪區新基北街40之3號",
        "phone": "0911927599",
        "certification_valid_until": "2028/07/16",
        "certification_status": "有機",
        "area_ha": 0.3764,
        "source_type": "有機農場",
        "source_dataset": "新北市有機農場",
        "source_url": "https://data.ntpc.gov.tw/datasets/fc30f585-66d9-4233-a65e-c650d177ebfe",
        "geocoding_address": "新北市雙溪區新基北街40之3號",
        "location_method": "OpenStreetMap道路/地名定位",
        "lng": 121.8690445,
        "lat": 25.0382898
      }
    },
    {
      "type": "Feature",
      "geometry": {
        "type": "Point",
        "coordinates": [
          121.41463373824683,
          24.894200453618108
        ]
      },
      "properties": {
        "data_time": "",
        "source_row_no": "42",
        "name": "魏秀佑(綠多樂有機農場)",
        "operator": "魏秀佑",
        "city": "新北市",
        "district": "三峽區",
        "address": "新北市三峽區有木里14鄰有木270之3號",
        "phone": "0960748791",
        "certification_valid_until": "2028/08/29",
        "certification_status": "有機",
        "area_ha": 0.5018,
        "source_type": "有機農場",
        "source_dataset": "新北市有機農場",
        "source_url": "https://data.ntpc.gov.tw/datasets/fc30f585-66d9-4233-a65e-c650d177ebfe",
        "geocoding_address": "新北市三峽區有木里14鄰有木270之3號",
        "location_method": "行政區中心",
        "lng": 121.41463373824683,
        "lat": 24.894200453618108
      }
    },
    {
      "type": "Feature",
      "geometry": {
        "type": "Point",
        "coordinates": [
          121.4113993,
          25.1234015
        ]
      },
      "properties": {
        "data_time": "",
        "source_row_no": "43",
        "name": "林張麗芬",
        "operator": "林張麗芬",
        "city": "新北市",
        "district": "八里區",
        "address": "新北市八里區荖阡里6鄰荖阡坑路69號",
        "phone": "0938773867",
        "certification_valid_until": "2027/05/29",
        "certification_status": "有機",
        "area_ha": 0.04,
        "source_type": "有機農場",
        "source_dataset": "新北市有機農場",
        "source_url": "https://data.ntpc.gov.tw/datasets/fc30f585-66d9-4233-a65e-c650d177ebfe",
        "geocoding_address": "新北市八里區荖阡里6鄰荖阡坑路69號",
        "location_method": "OpenStreetMap道路/地名定位",
        "lng": 121.4113993,
        "lat": 25.1234015
      }
    },
    {
      "type": "Feature",
      "geometry": {
        "type": "Point",
        "coordinates": [
          121.4113993,
          25.1234015
        ]
      },
      "properties": {
        "data_time": "",
        "source_row_no": "44",
        "name": "林鍊錠",
        "operator": "林鍊錠",
        "city": "新北市",
        "district": "八里區",
        "address": "新北市八里區荖阡里6鄰荖阡坑路68號",
        "phone": "0286305621",
        "certification_valid_until": "2028/08/29",
        "certification_status": "有機",
        "area_ha": 1.2653,
        "source_type": "有機農場",
        "source_dataset": "新北市有機農場",
        "source_url": "https://data.ntpc.gov.tw/datasets/fc30f585-66d9-4233-a65e-c650d177ebfe",
        "geocoding_address": "新北市八里區荖阡里6鄰荖阡坑路68號",
        "location_method": "OpenStreetMap道路/地名定位",
        "lng": 121.4113993,
        "lat": 25.1234015
      }
    },
    {
      "type": "Feature",
      "geometry": {
        "type": "Point",
        "coordinates": [
          121.832345277071,
          25.059573209976108
        ]
      },
      "properties": {
        "data_time": "",
        "source_row_no": "45",
        "name": "萬蓓琳",
        "operator": "萬蓓琳",
        "city": "新北市",
        "district": "雙溪區",
        "address": "新北市雙溪區石壁坑段0153-0000地號",
        "phone": "0918468547",
        "certification_valid_until": "2028/10/30",
        "certification_status": "有機",
        "area_ha": 2.7404,
        "source_type": "有機農場",
        "source_dataset": "新北市有機農場",
        "source_url": "https://data.ntpc.gov.tw/datasets/fc30f585-66d9-4233-a65e-c650d177ebfe",
        "geocoding_address": "新北市雙溪區石壁坑段0153-0000地號",
        "location_method": "地籍宗地圖形中心",
        "lng": 121.832345277071,
        "lat": 25.059573209976108,
        "cadastral_office": "FF",
        "cadastral_section_code": "1496",
        "cadastral_land_no": "01530000"
      }
    },
    {
      "type": "Feature",
      "geometry": {
        "type": "Point",
        "coordinates": [
          121.73564225435257,
          24.961422806758254
        ]
      },
      "properties": {
        "data_time": "",
        "source_row_no": "46",
        "name": "許聰明(漁光山茶場)",
        "operator": "許聰明",
        "city": "新北市",
        "district": "坪林區",
        "address": "新北市坪林區漁光段0754-0000地號",
        "phone": "0226656156",
        "certification_valid_until": "2029/01/12",
        "certification_status": "有機",
        "area_ha": 0.2733,
        "source_type": "有機農場",
        "source_dataset": "新北市有機農場",
        "source_url": "https://data.ntpc.gov.tw/datasets/fc30f585-66d9-4233-a65e-c650d177ebfe",
        "geocoding_address": "新北市坪林區漁光段0754-0000地號",
        "location_method": "地籍宗地圖形中心",
        "lng": 121.73564225435257,
        "lat": 24.961422806758254,
        "cadastral_office": "FC",
        "cadastral_section_code": "0878",
        "cadastral_land_no": "07540000"
      }
    },
    {
      "type": "Feature",
      "geometry": {
        "type": "Point",
        "coordinates": [
          121.61749765276909,
          25.22551656239611
        ]
      },
      "properties": {
        "data_time": "",
        "source_row_no": "47",
        "name": "陳忠慶（陳家農舍）",
        "operator": "陳忠慶",
        "city": "新北市",
        "district": "金山區",
        "address": "新北市金山區聖德段1501-0000地號",
        "phone": "0920885365",
        "certification_valid_until": "2028/07/27",
        "certification_status": "有機、轉型期",
        "area_ha": 0.7844,
        "source_type": "有機農場",
        "source_dataset": "新北市有機農場",
        "source_url": "https://data.ntpc.gov.tw/datasets/fc30f585-66d9-4233-a65e-c650d177ebfe",
        "geocoding_address": "新北市金山區聖德段1501-0000地號",
        "location_method": "地籍宗地圖形中心",
        "lng": 121.61749765276909,
        "lat": 25.22551656239611,
        "cadastral_office": "FD",
        "cadastral_section_code": "1050",
        "cadastral_land_no": "15010000"
      }
    },
    {
      "type": "Feature",
      "geometry": {
        "type": "Point",
        "coordinates": [
          121.72483295202255,
          24.97185422982514
        ]
      },
      "properties": {
        "data_time": "",
        "source_row_no": "48",
        "name": "白國良(良昇生態茶作)",
        "operator": "白國良",
        "city": "新北市",
        "district": "坪林區",
        "address": "新北市坪林區新昇段0070-0000地號",
        "phone": "0226656628",
        "certification_valid_until": "2028/11/02",
        "certification_status": "有機",
        "area_ha": 2.4145,
        "source_type": "有機農場",
        "source_dataset": "新北市有機農場",
        "source_url": "https://data.ntpc.gov.tw/datasets/fc30f585-66d9-4233-a65e-c650d177ebfe",
        "geocoding_address": "新北市坪林區新昇段0070-0000地號",
        "location_method": "地籍宗地圖形中心",
        "lng": 121.72483295202255,
        "lat": 24.97185422982514,
        "cadastral_office": "FC",
        "cadastral_section_code": "0879",
        "cadastral_land_no": "00700000"
      }
    },
    {
      "type": "Feature",
      "geometry": {
        "type": "Point",
        "coordinates": [
          121.55467361211777,
          25.2820888686215
        ]
      },
      "properties": {
        "data_time": "",
        "source_row_no": "49",
        "name": "趙文賢（樂采豐有機農場）",
        "operator": "趙文賢",
        "city": "新北市",
        "district": "石門區",
        "address": "新北市石門區梅山段0975-0000地號",
        "phone": "0972109385",
        "certification_valid_until": "2027/12/31",
        "certification_status": "有機",
        "area_ha": 0.7682,
        "source_type": "有機農場",
        "source_dataset": "新北市有機農場",
        "source_url": "https://data.ntpc.gov.tw/datasets/fc30f585-66d9-4233-a65e-c650d177ebfe",
        "geocoding_address": "新北市石門區梅山段0975-0000地號",
        "location_method": "地籍宗地圖形中心",
        "lng": 121.55467361211777,
        "lat": 25.2820888686215,
        "cadastral_office": "FE",
        "cadastral_section_code": "1357",
        "cadastral_land_no": "09750000"
      }
    },
    {
      "type": "Feature",
      "geometry": {
        "type": "Point",
        "coordinates": [
          121.74318864941597,
          24.97525579514049
        ]
      },
      "properties": {
        "data_time": "",
        "source_row_no": "50",
        "name": "王有里（生泉全有機茶園）",
        "operator": "王有里",
        "city": "新北市",
        "district": "坪林區",
        "address": "新北市坪林區大舌湖段乾溪小段0023-0003地號",
        "phone": "0226657009",
        "certification_valid_until": "2026/12/31",
        "certification_status": "有機",
        "area_ha": 6.7061,
        "source_type": "有機農場",
        "source_dataset": "新北市有機農場",
        "source_url": "https://data.ntpc.gov.tw/datasets/fc30f585-66d9-4233-a65e-c650d177ebfe",
        "geocoding_address": "新北市坪林區大舌湖段乾溪小段0023-0003地號",
        "location_method": "地籍宗地圖形中心",
        "lng": 121.74318864941597,
        "lat": 24.97525579514049,
        "cadastral_office": "FC",
        "cadastral_section_code": "0733",
        "cadastral_land_no": "00230003"
      }
    },
    {
      "type": "Feature",
      "geometry": {
        "type": "Point",
        "coordinates": [
          121.72671988606453,
          24.924100754870935
        ]
      },
      "properties": {
        "data_time": "",
        "source_row_no": "51",
        "name": "鄭信忠(草茶趣)",
        "operator": "鄭信忠",
        "city": "新北市",
        "district": "坪林區",
        "address": "新北市坪林區水聳凄坑段大湖尾小段0034-0009地號",
        "phone": "0987875912",
        "certification_valid_until": "2029/03/23",
        "certification_status": "有機",
        "area_ha": 0.5152,
        "source_type": "有機農場",
        "source_dataset": "新北市有機農場",
        "source_url": "https://data.ntpc.gov.tw/datasets/fc30f585-66d9-4233-a65e-c650d177ebfe",
        "geocoding_address": "新北市坪林區水聳凄坑段大湖尾小段0034-0009地號",
        "location_method": "地籍宗地圖形中心",
        "lng": 121.72671988606453,
        "lat": 24.924100754870935,
        "cadastral_office": "FC",
        "cadastral_section_code": "0721",
        "cadastral_land_no": "00340009"
      }
    },
    {
      "type": "Feature",
      "geometry": {
        "type": "Point",
        "coordinates": [
          121.72920495271683,
          24.972964182518727
        ]
      },
      "properties": {
        "data_time": "",
        "source_row_no": "52",
        "name": "陳陸合（綠光農園）",
        "operator": "陳陸合",
        "city": "新北市",
        "district": "坪林區",
        "address": "新北市坪林區漁光段0204-0000地號",
        "phone": "0952600268",
        "certification_valid_until": "2026/06/01",
        "certification_status": "有機",
        "area_ha": 2.0137,
        "source_type": "有機農場",
        "source_dataset": "新北市有機農場",
        "source_url": "https://data.ntpc.gov.tw/datasets/fc30f585-66d9-4233-a65e-c650d177ebfe",
        "geocoding_address": "新北市坪林區漁光段0204-0000地號",
        "location_method": "地籍宗地圖形中心",
        "lng": 121.72920495271683,
        "lat": 24.972964182518727,
        "cadastral_office": "FC",
        "cadastral_section_code": "0878",
        "cadastral_land_no": "02040000"
      }
    },
    {
      "type": "Feature",
      "geometry": {
        "type": "Point",
        "coordinates": [
          121.81868746876717,
          24.955962371757213
        ]
      },
      "properties": {
        "data_time": "",
        "source_row_no": "53",
        "name": "吳萬金",
        "operator": "吳萬金",
        "city": "新北市",
        "district": "雙溪區",
        "address": "新北市雙溪區溪尾寮段溪尾寮小段0156-0000地號",
        "phone": "0922648276",
        "certification_valid_until": "2027/09/29",
        "certification_status": "有機",
        "area_ha": 1.8618,
        "source_type": "有機農場",
        "source_dataset": "新北市有機農場",
        "source_url": "https://data.ntpc.gov.tw/datasets/fc30f585-66d9-4233-a65e-c650d177ebfe",
        "geocoding_address": "新北市雙溪區溪尾寮段溪尾寮小段0156-0000地號",
        "location_method": "地籍宗地圖形中心",
        "lng": 121.81868746876717,
        "lat": 24.955962371757213,
        "cadastral_office": "FF",
        "cadastral_section_code": "1525",
        "cadastral_land_no": "01560000"
      }
    },
    {
      "type": "Feature",
      "geometry": {
        "type": "Point",
        "coordinates": [
          121.81536823511124,
          24.97045369940181
        ]
      },
      "properties": {
        "data_time": "",
        "source_row_no": "54",
        "name": "吳恒毅",
        "operator": "吳恒毅",
        "city": "新北市",
        "district": "雙溪區",
        "address": "新北市雙溪區溪尾寮段溪尾寮小段0197-0012地號",
        "phone": "0928289292",
        "certification_valid_until": "2027/09/26",
        "certification_status": "有機",
        "area_ha": 0.25,
        "source_type": "有機農場",
        "source_dataset": "新北市有機農場",
        "source_url": "https://data.ntpc.gov.tw/datasets/fc30f585-66d9-4233-a65e-c650d177ebfe",
        "geocoding_address": "新北市雙溪區溪尾寮段溪尾寮小段0197-0012地號",
        "location_method": "地籍宗地圖形中心",
        "lng": 121.81536823511124,
        "lat": 24.97045369940181,
        "cadastral_office": "FF",
        "cadastral_section_code": "1525",
        "cadastral_land_no": "01970012"
      }
    },
    {
      "type": "Feature",
      "geometry": {
        "type": "Point",
        "coordinates": [
          121.91217184066772,
          24.993655231332603
        ]
      },
      "properties": {
        "data_time": "",
        "source_row_no": "55",
        "name": "周蕭秀綢",
        "operator": "周蕭秀綢",
        "city": "新北市",
        "district": "貢寮區",
        "address": "新北市貢寮區大石壁坑段0145-0000地號",
        "phone": "0224942618",
        "certification_valid_until": "2028/08/28",
        "certification_status": "有機",
        "area_ha": 1.1833,
        "source_type": "有機農場",
        "source_dataset": "新北市有機農場",
        "source_url": "https://data.ntpc.gov.tw/datasets/fc30f585-66d9-4233-a65e-c650d177ebfe",
        "geocoding_address": "新北市貢寮區大石壁坑段0145-0000地號",
        "location_method": "地籍宗地圖形中心",
        "lng": 121.91217184066772,
        "lat": 24.993655231332603,
        "cadastral_office": "FF",
        "cadastral_section_code": "1561",
        "cadastral_land_no": "01450000"
      }
    },
    {
      "type": "Feature",
      "geometry": {
        "type": "Point",
        "coordinates": [
          121.60792484879494,
          25.27465025653192
        ]
      },
      "properties": {
        "data_time": "",
        "source_row_no": "56",
        "name": "江正忠(阿里荖園區)",
        "operator": "江正忠",
        "city": "新北市",
        "district": "石門區",
        "address": "新北市石門區下角段阿里荖小段0180-0003地號",
        "phone": "0226382859",
        "certification_valid_until": "2028/03/23",
        "certification_status": "有機",
        "area_ha": 0.855,
        "source_type": "有機農場",
        "source_dataset": "新北市有機農場",
        "source_url": "https://data.ntpc.gov.tw/datasets/fc30f585-66d9-4233-a65e-c650d177ebfe",
        "geocoding_address": "新北市石門區下角段阿里荖小段0180-0003地號",
        "location_method": "地籍宗地圖形中心",
        "lng": 121.60792484879494,
        "lat": 25.27465025653192,
        "cadastral_office": "FE",
        "cadastral_section_code": "1253",
        "cadastral_land_no": "01800003"
      }
    },
    {
      "type": "Feature",
      "geometry": {
        "type": "Point",
        "coordinates": [
          121.55549016025205,
          25.259318691455924
        ]
      },
      "properties": {
        "data_time": "",
        "source_row_no": "57",
        "name": "馮明芳(石門有機農場)",
        "operator": "馮明芳",
        "city": "新北市",
        "district": "石門區",
        "address": "新北市石門區老梅段豬槽潭小段0006-0001地號",
        "phone": "0222880885",
        "certification_valid_until": "2028/06/15",
        "certification_status": "有機",
        "area_ha": 0.3243,
        "source_type": "有機農場",
        "source_dataset": "新北市有機農場",
        "source_url": "https://data.ntpc.gov.tw/datasets/fc30f585-66d9-4233-a65e-c650d177ebfe",
        "geocoding_address": "新北市石門區老梅段豬槽潭小段0006-0001地號",
        "location_method": "行政區中心",
        "lng": 121.55549016025205,
        "lat": 25.259318691455924
      }
    },
    {
      "type": "Feature",
      "geometry": {
        "type": "Point",
        "coordinates": [
          121.54934406280518,
          25.279972779759603
        ]
      },
      "properties": {
        "data_time": "",
        "source_row_no": "58",
        "name": "鄭庚和(大傻瓜農園)",
        "operator": "鄭庚和",
        "city": "新北市",
        "district": "石門區",
        "address": "新北市石門區梅山段1038-0000地號",
        "phone": "0226382918",
        "certification_valid_until": "2027/12/31",
        "certification_status": "有機、轉型期",
        "area_ha": 0.4481,
        "source_type": "有機農場",
        "source_dataset": "新北市有機農場",
        "source_url": "https://data.ntpc.gov.tw/datasets/fc30f585-66d9-4233-a65e-c650d177ebfe",
        "geocoding_address": "新北市石門區梅山段1038-0000地號",
        "location_method": "地籍宗地圖形中心",
        "lng": 121.54934406280518,
        "lat": 25.279972779759603,
        "cadastral_office": "FE",
        "cadastral_section_code": "1357",
        "cadastral_land_no": "10380000"
      }
    },
    {
      "type": "Feature",
      "geometry": {
        "type": "Point",
        "coordinates": [
          121.50972381234169,
          25.259444187960167
        ]
      },
      "properties": {
        "data_time": "",
        "source_row_no": "59",
        "name": "簡德源（牧蜂農莊）",
        "operator": "簡德源",
        "city": "新北市",
        "district": "三芝區",
        "address": "新北市三芝區芝柏段0029-0000地號",
        "phone": "0226363742",
        "certification_valid_until": "2028/07/27",
        "certification_status": "有機",
        "area_ha": 1.3484,
        "source_type": "有機農場",
        "source_dataset": "新北市有機農場",
        "source_url": "https://data.ntpc.gov.tw/datasets/fc30f585-66d9-4233-a65e-c650d177ebfe",
        "geocoding_address": "新北市三芝區芝柏段0029-0000地號",
        "location_method": "地籍宗地圖形中心",
        "lng": 121.50972381234169,
        "lat": 25.259444187960167,
        "cadastral_office": "FE",
        "cadastral_section_code": "1332",
        "cadastral_land_no": "00290000"
      }
    },
    {
      "type": "Feature",
      "geometry": {
        "type": "Point",
        "coordinates": [
          121.74380958080292,
          24.94342712918712
        ]
      },
      "properties": {
        "data_time": "",
        "source_row_no": "60",
        "name": "楊芷芹(虎寮潭茶園)",
        "operator": "楊芷芹",
        "city": "新北市",
        "district": "坪林區",
        "address": "新北市坪林區大粗坑段虎寮潭小段0080-0000地號",
        "phone": "0226656872",
        "certification_valid_until": "2028/11/24",
        "certification_status": "有機、轉型期",
        "area_ha": 0.5701,
        "source_type": "有機農場",
        "source_dataset": "新北市有機農場",
        "source_url": "https://data.ntpc.gov.tw/datasets/fc30f585-66d9-4233-a65e-c650d177ebfe",
        "geocoding_address": "新北市坪林區大粗坑段虎寮潭小段0080-0000地號",
        "location_method": "地籍宗地圖形中心",
        "lng": 121.74380958080292,
        "lat": 24.94342712918712,
        "cadastral_office": "FC",
        "cadastral_section_code": "0730",
        "cadastral_land_no": "00800000"
      }
    },
    {
      "type": "Feature",
      "geometry": {
        "type": "Point",
        "coordinates": [
          121.70174583792686,
          24.924707637257985
        ]
      },
      "properties": {
        "data_time": "",
        "source_row_no": "61",
        "name": "鐘麗玲(七里香農場)",
        "operator": "鐘麗玲",
        "city": "新北市",
        "district": "坪林區",
        "address": "新北市坪林區大林段0853-0000地號",
        "phone": "0226656595",
        "certification_valid_until": "2026/10/19",
        "certification_status": "有機",
        "area_ha": 1.0025,
        "source_type": "有機農場",
        "source_dataset": "新北市有機農場",
        "source_url": "https://data.ntpc.gov.tw/datasets/fc30f585-66d9-4233-a65e-c650d177ebfe",
        "geocoding_address": "新北市坪林區大林段0853-0000地號",
        "location_method": "地籍宗地圖形中心",
        "lng": 121.70174583792686,
        "lat": 24.924707637257985,
        "cadastral_office": "FC",
        "cadastral_section_code": "0865",
        "cadastral_land_no": "08530000"
      }
    },
    {
      "type": "Feature",
      "geometry": {
        "type": "Point",
        "coordinates": [
          121.62860468029976,
          25.154857935512318
        ]
      },
      "properties": {
        "data_time": "",
        "source_row_no": "62",
        "name": "楊龍泉(富士柏林有機農場)",
        "operator": "楊龍泉",
        "city": "新北市",
        "district": "萬里區",
        "address": "新北市萬里區頂萬里加投段苦苓坪小段0066-0000地號",
        "phone": "0287123996",
        "certification_valid_until": "2027/03/04",
        "certification_status": "有機、轉型期",
        "area_ha": 4.8417,
        "source_type": "有機農場",
        "source_dataset": "新北市有機農場",
        "source_url": "https://data.ntpc.gov.tw/datasets/fc30f585-66d9-4233-a65e-c650d177ebfe",
        "geocoding_address": "新北市萬里區頂萬里加投段苦苓坪小段0066-0000地號",
        "location_method": "地籍宗地圖形中心",
        "lng": 121.62860468029976,
        "lat": 25.154857935512318,
        "cadastral_office": "FD",
        "cadastral_section_code": "0940",
        "cadastral_land_no": "00660000"
      }
    },
    {
      "type": "Feature",
      "geometry": {
        "type": "Point",
        "coordinates": [
          121.4995850622654,
          25.250938000528812
        ]
      },
      "properties": {
        "data_time": "",
        "source_row_no": "63",
        "name": "馬揚龍(三芝有機農場)",
        "operator": "馬揚龍",
        "city": "新北市",
        "district": "三芝區",
        "address": "新北市三芝區古庄段1438-0000",
        "phone": "0937517039",
        "certification_valid_until": "2027/12/16",
        "certification_status": "有機",
        "area_ha": 1.3165,
        "source_type": "有機農場",
        "source_dataset": "新北市有機農場",
        "source_url": "https://data.ntpc.gov.tw/datasets/fc30f585-66d9-4233-a65e-c650d177ebfe",
        "geocoding_address": "新北市三芝區古庄段1438-0000地號",
        "location_method": "地籍宗地圖形中心",
        "lng": 121.4995850622654,
        "lat": 25.250938000528812,
        "cadastral_office": "FE",
        "cadastral_section_code": "1359",
        "cadastral_land_no": "14380000"
      }
    },
    {
      "type": "Feature",
      "geometry": {
        "type": "Point",
        "coordinates": [
          121.34631559252739,
          25.084724376370133
        ]
      },
      "properties": {
        "data_time": "",
        "source_row_no": "64",
        "name": "林元郁",
        "operator": "林元郁",
        "city": "新北市",
        "district": "林口區",
        "address": "新北市林口區南勢段0294-0000",
        "phone": "0226098271",
        "certification_valid_until": "2028/03/10",
        "certification_status": "有機",
        "area_ha": 0.7997,
        "source_type": "有機農場",
        "source_dataset": "新北市有機農場",
        "source_url": "https://data.ntpc.gov.tw/datasets/fc30f585-66d9-4233-a65e-c650d177ebfe",
        "geocoding_address": "新北市林口區南勢段0294-0000地號",
        "location_method": "地籍宗地圖形中心",
        "lng": 121.34631559252739,
        "lat": 25.084724376370133,
        "cadastral_office": "FB",
        "cadastral_section_code": "2259",
        "cadastral_land_no": "02940000"
      }
    },
    {
      "type": "Feature",
      "geometry": {
        "type": "Point",
        "coordinates": [
          121.33613660931587,
          25.09549267184218
        ]
      },
      "properties": {
        "data_time": "",
        "source_row_no": "65",
        "name": "周業鑑(周好小農場)",
        "operator": "周業鑑",
        "city": "新北市",
        "district": "林口區",
        "address": "新北市林口區忠福段0746-0000",
        "phone": "0226094792",
        "certification_valid_until": "2027/11/19",
        "certification_status": "有機",
        "area_ha": 0.3216,
        "source_type": "有機農場",
        "source_dataset": "新北市有機農場",
        "source_url": "https://data.ntpc.gov.tw/datasets/fc30f585-66d9-4233-a65e-c650d177ebfe",
        "geocoding_address": "新北市林口區忠福段0746-0000地號",
        "location_method": "地籍宗地圖形中心",
        "lng": 121.33613660931587,
        "lat": 25.09549267184218,
        "cadastral_office": "FB",
        "cadastral_section_code": "2257",
        "cadastral_land_no": "07460000"
      }
    },
    {
      "type": "Feature",
      "geometry": {
        "type": "Point",
        "coordinates": [
          121.35515347123146,
          25.092225602907305
        ]
      },
      "properties": {
        "data_time": "",
        "source_row_no": "66",
        "name": "陳詩進",
        "operator": "陳詩進",
        "city": "新北市",
        "district": "林口區",
        "address": "新北市林口區寶林段0494-0000",
        "phone": "0932928860",
        "certification_valid_until": "2027/11/19",
        "certification_status": "有機、轉型期",
        "area_ha": 0.3312,
        "source_type": "有機農場",
        "source_dataset": "新北市有機農場",
        "source_url": "https://data.ntpc.gov.tw/datasets/fc30f585-66d9-4233-a65e-c650d177ebfe",
        "geocoding_address": "新北市林口區寶林段0494-0000地號",
        "location_method": "地籍宗地圖形中心",
        "lng": 121.35515347123146,
        "lat": 25.092225602907305,
        "cadastral_office": "FB",
        "cadastral_section_code": "2256",
        "cadastral_land_no": "04940000"
      }
    },
    {
      "type": "Feature",
      "geometry": {
        "type": "Point",
        "coordinates": [
          121.81092113256454,
          24.92985082958817
        ]
      },
      "properties": {
        "data_time": "",
        "source_row_no": "67",
        "name": "王守安",
        "operator": "王守安",
        "city": "新北市",
        "district": "雙溪區",
        "address": "新北市雙溪區烏山段灣潭小段0108-0000",
        "phone": "0910245002",
        "certification_valid_until": "2026/09/30",
        "certification_status": "有機",
        "area_ha": 0.4275,
        "source_type": "有機農場",
        "source_dataset": "新北市有機農場",
        "source_url": "https://data.ntpc.gov.tw/datasets/fc30f585-66d9-4233-a65e-c650d177ebfe",
        "geocoding_address": "新北市雙溪區烏山段灣潭小段0108-0000地號",
        "location_method": "地籍宗地圖形中心",
        "lng": 121.81092113256454,
        "lat": 24.92985082958817,
        "cadastral_office": "FF",
        "cadastral_section_code": "1499",
        "cadastral_land_no": "01080000"
      }
    },
    {
      "type": "Feature",
      "geometry": {
        "type": "Point",
        "coordinates": [
          121.74657493829727,
          24.892777113521518
        ]
      },
      "properties": {
        "data_time": "",
        "source_row_no": "68",
        "name": "周祐田",
        "operator": "周祐田",
        "city": "新北市",
        "district": "坪林區",
        "address": "新北市坪林區九芎林段倒吊子小段0013-0000",
        "phone": "0921902848",
        "certification_valid_until": "2027/05/05",
        "certification_status": "有機",
        "area_ha": 0.7793,
        "source_type": "有機農場",
        "source_dataset": "新北市有機農場",
        "source_url": "https://data.ntpc.gov.tw/datasets/fc30f585-66d9-4233-a65e-c650d177ebfe",
        "geocoding_address": "新北市坪林區九芎林段倒吊子小段0013-0000地號",
        "location_method": "地籍宗地圖形中心",
        "lng": 121.74657493829727,
        "lat": 24.892777113521518,
        "cadastral_office": "FC",
        "cadastral_section_code": "0706",
        "cadastral_land_no": "00130000"
      }
    },
    {
      "type": "Feature",
      "geometry": {
        "type": "Point",
        "coordinates": [
          121.38694301247597,
          24.94830690219934
        ]
      },
      "properties": {
        "data_time": "",
        "source_row_no": "69",
        "name": "王范杏竺",
        "operator": "王范杏竺",
        "city": "新北市",
        "district": "樹林區",
        "address": "新北市樹林區南園段0827-0000",
        "phone": "0922092259",
        "certification_valid_until": "2028/07/19",
        "certification_status": "有機",
        "area_ha": 0.4418,
        "source_type": "有機農場",
        "source_dataset": "新北市有機農場",
        "source_url": "https://data.ntpc.gov.tw/datasets/fc30f585-66d9-4233-a65e-c650d177ebfe",
        "geocoding_address": "新北市樹林區南園段0827-0000地號",
        "location_method": "地籍宗地圖形中心",
        "lng": 121.38694301247597,
        "lat": 24.94830690219934,
        "cadastral_office": "FI",
        "cadastral_section_code": "1975",
        "cadastral_land_no": "08270000"
      }
    },
    {
      "type": "Feature",
      "geometry": {
        "type": "Point",
        "coordinates": [
          121.73781752586365,
          24.977197245176093
        ]
      },
      "properties": {
        "data_time": "",
        "source_row_no": "70",
        "name": "山外山有機生態茶園農場",
        "operator": "蔡慶隆",
        "city": "新北市",
        "district": "坪林區",
        "address": "新北市坪林區大舌湖段乾溪小段0018-0007地號",
        "phone": "0226657077",
        "certification_valid_until": "2027/08/25",
        "certification_status": "有機、轉型期",
        "area_ha": 17.6497,
        "source_type": "有機農場",
        "source_dataset": "新北市有機農場",
        "source_url": "https://data.ntpc.gov.tw/datasets/fc30f585-66d9-4233-a65e-c650d177ebfe",
        "geocoding_address": "新北市坪林區大舌湖段乾溪小段0018-0007地號",
        "location_method": "地籍宗地圖形中心",
        "lng": 121.73781752586365,
        "lat": 24.977197245176093,
        "cadastral_office": "FC",
        "cadastral_section_code": "0733",
        "cadastral_land_no": "00180007"
      }
    },
    {
      "type": "Feature",
      "geometry": {
        "type": "Point",
        "coordinates": [
          121.73445537686348,
          24.969269558809714
        ]
      },
      "properties": {
        "data_time": "",
        "source_row_no": "71",
        "name": "白錦祥（北頂有機茶園）",
        "operator": "白錦祥",
        "city": "新北市",
        "district": "坪林區",
        "address": "新北市坪林區漁光段0077-0000地號",
        "phone": "0287859481",
        "certification_valid_until": "2027/04/18",
        "certification_status": "有機、轉型期",
        "area_ha": 0.3903,
        "source_type": "有機農場",
        "source_dataset": "新北市有機農場",
        "source_url": "https://data.ntpc.gov.tw/datasets/fc30f585-66d9-4233-a65e-c650d177ebfe",
        "geocoding_address": "新北市坪林區漁光段0077-0000地號",
        "location_method": "地籍宗地圖形中心",
        "lng": 121.73445537686348,
        "lat": 24.969269558809714,
        "cadastral_office": "FC",
        "cadastral_section_code": "0878",
        "cadastral_land_no": "00770000"
      }
    },
    {
      "type": "Feature",
      "geometry": {
        "type": "Point",
        "coordinates": [
          121.72739177942276,
          24.963477553633943
        ]
      },
      "properties": {
        "data_time": "",
        "source_row_no": "72",
        "name": "陳金環(尊上溪山有機茶園)",
        "operator": "陳金環",
        "city": "新北市",
        "district": "坪林區",
        "address": "新北市坪林區新昇段0553-0000地號",
        "phone": "0227831860",
        "certification_valid_until": "2029/01/12",
        "certification_status": "有機",
        "area_ha": 0.4056,
        "source_type": "有機農場",
        "source_dataset": "新北市有機農場",
        "source_url": "https://data.ntpc.gov.tw/datasets/fc30f585-66d9-4233-a65e-c650d177ebfe",
        "geocoding_address": "新北市坪林區新昇段0553-0000地號",
        "location_method": "地籍宗地圖形中心",
        "lng": 121.72739177942276,
        "lat": 24.963477553633943,
        "cadastral_office": "FC",
        "cadastral_section_code": "0879",
        "cadastral_land_no": "05530000"
      }
    },
    {
      "type": "Feature",
      "geometry": {
        "type": "Point",
        "coordinates": [
          121.41225412377054,
          24.89395504354145
        ]
      },
      "properties": {
        "data_time": "",
        "source_row_no": "73",
        "name": "台灣農林股份有限公司北區分公司-熊空生態有機茶園",
        "operator": "姜勝展",
        "city": "新北市",
        "district": "三峽區",
        "address": "新北市三峽區竹崙段竹坑小段0121-0093地號",
        "phone": "0800089288",
        "certification_valid_until": "2026/12/31",
        "certification_status": "有機",
        "area_ha": 4.813,
        "source_type": "有機農場",
        "source_dataset": "新北市有機農場",
        "source_url": "https://data.ntpc.gov.tw/datasets/fc30f585-66d9-4233-a65e-c650d177ebfe",
        "geocoding_address": "新北市三峽區竹崙段竹坑小段0121-0093地號",
        "location_method": "行政區中心",
        "lng": 121.41225412377054,
        "lat": 24.89395504354145
      }
    },
    {
      "type": "Feature",
      "geometry": {
        "type": "Point",
        "coordinates": [
          121.72755405306816,
          24.956509524461303
        ]
      },
      "properties": {
        "data_time": "",
        "source_row_no": "74",
        "name": "鄭錦華(奇緣有機茶園)",
        "operator": "鄭錦華",
        "city": "新北市",
        "district": "坪林區",
        "address": "新北市坪林區大粗坑段大粗坑小段0152-0039地號",
        "phone": "0226657372",
        "certification_valid_until": "2026/08/24",
        "certification_status": "有機",
        "area_ha": 0.5092,
        "source_type": "有機農場",
        "source_dataset": "新北市有機農場",
        "source_url": "https://data.ntpc.gov.tw/datasets/fc30f585-66d9-4233-a65e-c650d177ebfe",
        "geocoding_address": "新北市坪林區大粗坑段大粗坑小段0152-0039地號",
        "location_method": "地籍宗地圖形中心",
        "lng": 121.72755405306816,
        "lat": 24.956509524461303,
        "cadastral_office": "FC",
        "cadastral_section_code": "0728",
        "cadastral_land_no": "01520039"
      }
    },
    {
      "type": "Feature",
      "geometry": {
        "type": "Point",
        "coordinates": [
          121.34886771440506,
          25.079050783244085
        ]
      },
      "properties": {
        "data_time": "",
        "source_row_no": "75",
        "name": "周業斌(達彪茶園)",
        "operator": "周業斌",
        "city": "新北市",
        "district": "林口區",
        "address": "新北市林口區南勢段0495-0000地號",
        "phone": "0226097217",
        "certification_valid_until": "2026/04/28",
        "certification_status": "有機",
        "area_ha": 0.2747,
        "source_type": "有機農場",
        "source_dataset": "新北市有機農場",
        "source_url": "https://data.ntpc.gov.tw/datasets/fc30f585-66d9-4233-a65e-c650d177ebfe",
        "geocoding_address": "新北市林口區南勢段0495-0000地號",
        "location_method": "地籍宗地圖形中心",
        "lng": 121.34886771440506,
        "lat": 25.079050783244085,
        "cadastral_office": "FB",
        "cadastral_section_code": "2259",
        "cadastral_land_no": "04950000"
      }
    },
    {
      "type": "Feature",
      "geometry": {
        "type": "Point",
        "coordinates": [
          121.76572993397713,
          24.94375910943634
        ]
      },
      "properties": {
        "data_time": "",
        "source_row_no": "76",
        "name": "吳瑞曦",
        "operator": "吳瑞曦",
        "city": "新北市",
        "district": "坪林區",
        "address": "新北市坪林區柑腳坑段柑腳坑小段0244-0000地號",
        "phone": "0928280377",
        "certification_valid_until": "2026/03/22",
        "certification_status": "有機",
        "area_ha": 1.2188,
        "source_type": "有機農場",
        "source_dataset": "新北市有機農場",
        "source_url": "https://data.ntpc.gov.tw/datasets/fc30f585-66d9-4233-a65e-c650d177ebfe",
        "geocoding_address": "新北市坪林區柑腳坑段柑腳坑小段0244-0000地號",
        "location_method": "地籍宗地圖形中心",
        "lng": 121.76572993397713,
        "lat": 24.94375910943634,
        "cadastral_office": "FC",
        "cadastral_section_code": "0740",
        "cadastral_land_no": "02440000"
      }
    },
    {
      "type": "Feature",
      "geometry": {
        "type": "Point",
        "coordinates": [
          121.40624552965164,
          24.907611584822682
        ]
      },
      "properties": {
        "data_time": "",
        "source_row_no": "77",
        "name": "李昌峻（三峽白雞谷芳有機茶園）",
        "operator": "李昌峻",
        "city": "新北市",
        "district": "三峽區",
        "address": "新北市三峽區白雞段白雞小段0085-0113地號",
        "phone": "0226711737",
        "certification_valid_until": "2029/04/12",
        "certification_status": "有機",
        "area_ha": 0.587,
        "source_type": "有機農場",
        "source_dataset": "新北市有機農場",
        "source_url": "https://data.ntpc.gov.tw/datasets/fc30f585-66d9-4233-a65e-c650d177ebfe",
        "geocoding_address": "新北市三峽區白雞段白雞小段0085-0113地號",
        "location_method": "地籍宗地圖形中心",
        "lng": 121.40624552965164,
        "lat": 24.907611584822682,
        "cadastral_office": "FI",
        "cadastral_section_code": "0039",
        "cadastral_land_no": "00850113"
      }
    },
    {
      "type": "Feature",
      "geometry": {
        "type": "Point",
        "coordinates": [
          121.72092899680138,
          24.960828263939174
        ]
      },
      "properties": {
        "data_time": "",
        "source_row_no": "78",
        "name": "莊宇雋",
        "operator": "莊宇雋",
        "city": "新北市",
        "district": "坪林區",
        "address": "新北市坪林區大粗坑段大粗坑小段0190-0018地號",
        "phone": "0223689992",
        "certification_valid_until": "2026/05/03",
        "certification_status": "有機",
        "area_ha": 0.6145,
        "source_type": "有機農場",
        "source_dataset": "新北市有機農場",
        "source_url": "https://data.ntpc.gov.tw/datasets/fc30f585-66d9-4233-a65e-c650d177ebfe",
        "geocoding_address": "新北市坪林區大粗坑段大粗坑小段0190-0018地號",
        "location_method": "地籍宗地圖形中心",
        "lng": 121.72092899680138,
        "lat": 24.960828263939174,
        "cadastral_office": "FC",
        "cadastral_section_code": "0728",
        "cadastral_land_no": "01900018"
      }
    },
    {
      "type": "Feature",
      "geometry": {
        "type": "Point",
        "coordinates": [
          121.54803514480591,
          24.86718756657718
        ]
      },
      "properties": {
        "data_time": "",
        "source_row_no": "79",
        "name": "周志國(谷繞農場)",
        "operator": "周志國",
        "city": "新北市",
        "district": "烏來區",
        "address": "新北市烏來區環山段 0025-0000地號",
        "phone": "0963469222",
        "certification_valid_until": "2026/04/19",
        "certification_status": "有機",
        "area_ha": 0.5106,
        "source_type": "有機農場",
        "source_dataset": "新北市有機農場",
        "source_url": "https://data.ntpc.gov.tw/datasets/fc30f585-66d9-4233-a65e-c650d177ebfe",
        "geocoding_address": "新北市烏來區環山段0025-0000地號",
        "location_method": "地籍宗地圖形中心",
        "lng": 121.54803514480591,
        "lat": 24.86718756657718,
        "cadastral_office": "FC",
        "cadastral_section_code": "0828",
        "cadastral_land_no": "00250000"
      }
    },
    {
      "type": "Feature",
      "geometry": {
        "type": "Point",
        "coordinates": [
          121.617930829525,
          25.255197831967926
        ]
      },
      "properties": {
        "data_time": "",
        "source_row_no": "80",
        "name": "李泓曆(箴品茶研)",
        "operator": "李泓曆",
        "city": "新北市",
        "district": "金山區",
        "address": "新北市金山區中角段大水堀小段0123-0000地號",
        "phone": "0228968109",
        "certification_valid_until": "2026/07/26",
        "certification_status": "有機",
        "area_ha": 2.5432,
        "source_type": "有機農場",
        "source_dataset": "新北市有機農場",
        "source_url": "https://data.ntpc.gov.tw/datasets/fc30f585-66d9-4233-a65e-c650d177ebfe",
        "geocoding_address": "新北市金山區中角段大水堀小段0123-0000地號",
        "location_method": "地籍宗地圖形中心",
        "lng": 121.617930829525,
        "lat": 25.255197831967926,
        "cadastral_office": "FD",
        "cadastral_section_code": "0933",
        "cadastral_land_no": "01230000"
      }
    },
    {
      "type": "Feature",
      "geometry": {
        "type": "Point",
        "coordinates": [
          121.88565418124199,
          25.022470525937877
        ]
      },
      "properties": {
        "data_time": "",
        "source_row_no": "81",
        "name": "呂麗雲",
        "operator": "呂麗雲",
        "city": "新北市",
        "district": "雙溪區",
        "address": "新北市雙溪區魚行段八股小段0109-0000地號",
        "phone": "0935305881",
        "certification_valid_until": "2026/08/07",
        "certification_status": "有機",
        "area_ha": 0.8884,
        "source_type": "有機農場",
        "source_dataset": "新北市有機農場",
        "source_url": "https://data.ntpc.gov.tw/datasets/fc30f585-66d9-4233-a65e-c650d177ebfe",
        "geocoding_address": "新北市雙溪區魚行段八股小段0109-0000地號",
        "location_method": "地籍宗地圖形中心",
        "lng": 121.88565418124199,
        "lat": 25.022470525937877,
        "cadastral_office": "FF",
        "cadastral_section_code": "1511",
        "cadastral_land_no": "01090000"
      }
    },
    {
      "type": "Feature",
      "geometry": {
        "type": "Point",
        "coordinates": [
          121.47132933139801,
          25.196169035209223
        ]
      },
      "properties": {
        "data_time": "",
        "source_row_no": "82",
        "name": "連建安(原豐農場)",
        "operator": "連建安",
        "city": "新北市",
        "district": "淡水區",
        "address": "新北市淡水區忠寮段0106-0000地號等3筆土地",
        "phone": "0226223378",
        "certification_valid_until": "2026/08/24",
        "certification_status": "有機",
        "area_ha": 0.6667,
        "source_type": "有機農場",
        "source_dataset": "新北市有機農場",
        "source_url": "https://data.ntpc.gov.tw/datasets/fc30f585-66d9-4233-a65e-c650d177ebfe",
        "geocoding_address": "新北市淡水區忠寮段0106-0000地號",
        "location_method": "地籍宗地圖形中心",
        "lng": 121.47132933139801,
        "lat": 25.196169035209223,
        "cadastral_office": "FE",
        "cadastral_section_code": "1342",
        "cadastral_land_no": "01060000"
      }
    },
    {
      "type": "Feature",
      "geometry": {
        "type": "Point",
        "coordinates": [
          121.7856904,
          25.08334
        ]
      },
      "properties": {
        "data_time": "",
        "source_row_no": "83",
        "name": "柯龍安",
        "operator": "柯龍安",
        "city": "新北市",
        "district": "瑞芳區",
        "address": "新北市瑞芳區上天里6鄰尪子上天路17號",
        "phone": "0933101777",
        "certification_valid_until": "2026/08/20",
        "certification_status": "有機",
        "area_ha": 0.5174,
        "source_type": "有機農場",
        "source_dataset": "新北市有機農場",
        "source_url": "https://data.ntpc.gov.tw/datasets/fc30f585-66d9-4233-a65e-c650d177ebfe",
        "geocoding_address": "新北市瑞芳區上天里6鄰尪子上天路17號",
        "location_method": "OpenStreetMap道路/地名定位",
        "lng": 121.7856904,
        "lat": 25.08334
      }
    },
    {
      "type": "Feature",
      "geometry": {
        "type": "Point",
        "coordinates": [
          121.4076311,
          24.9893249
        ]
      },
      "properties": {
        "data_time": "",
        "source_row_no": "84",
        "name": "陳森灶",
        "operator": "陳森灶",
        "city": "新北市",
        "district": "樹林區",
        "address": "新北市樹林區坡內里8鄰備內街190號",
        "phone": "0911203600",
        "certification_valid_until": "2026/08/27",
        "certification_status": "有機",
        "area_ha": 0.8636,
        "source_type": "有機農場",
        "source_dataset": "新北市有機農場",
        "source_url": "https://data.ntpc.gov.tw/datasets/fc30f585-66d9-4233-a65e-c650d177ebfe",
        "geocoding_address": "新北市樹林區坡內里8鄰備內街190號",
        "location_method": "OpenStreetMap道路/地名定位",
        "lng": 121.4076311,
        "lat": 24.9893249
      }
    },
    {
      "type": "Feature",
      "geometry": {
        "type": "Point",
        "coordinates": [
          121.38139352202415,
          24.84920491925236
        ]
      },
      "properties": {
        "data_time": "",
        "source_row_no": "85",
        "name": "呂洪月雹",
        "operator": "呂洪月雹",
        "city": "新北市",
        "district": "三峽區",
        "address": "新北市三峽區五寮段詩朗小段0150-0049地號",
        "phone": "0919956498",
        "certification_valid_until": "2026/10/17",
        "certification_status": "有機",
        "area_ha": 0.6094,
        "source_type": "有機農場",
        "source_dataset": "新北市有機農場",
        "source_url": "https://data.ntpc.gov.tw/datasets/fc30f585-66d9-4233-a65e-c650d177ebfe",
        "geocoding_address": "新北市三峽區五寮段詩朗小段0150-0049地號",
        "location_method": "地籍宗地圖形中心",
        "lng": 121.38139352202415,
        "lat": 24.84920491925236,
        "cadastral_office": "FI",
        "cadastral_section_code": "0084",
        "cadastral_land_no": "01500049"
      }
    },
    {
      "type": "Feature",
      "geometry": {
        "type": "Point",
        "coordinates": [
          121.431538,
          24.9107495
        ]
      },
      "properties": {
        "data_time": "",
        "source_row_no": "86",
        "name": "陳翠芬(大金有機農場)",
        "operator": "陳翠芬",
        "city": "新北市",
        "district": "三峽區",
        "address": "新北市三峽區竹崙里12鄰三十股路20號之1",
        "phone": "0930225296",
        "certification_valid_until": "2026/12/11",
        "certification_status": "有機",
        "area_ha": 0.84,
        "source_type": "有機農場",
        "source_dataset": "新北市有機農場",
        "source_url": "https://data.ntpc.gov.tw/datasets/fc30f585-66d9-4233-a65e-c650d177ebfe",
        "geocoding_address": "新北市三峽區竹崙里12鄰三十股路20號之1",
        "location_method": "OpenStreetMap道路/地名定位",
        "lng": 121.431538,
        "lat": 24.9107495
      }
    },
    {
      "type": "Feature",
      "geometry": {
        "type": "Point",
        "coordinates": [
          121.40137866139412,
          24.854833139820066
        ]
      },
      "properties": {
        "data_time": "",
        "source_row_no": "87",
        "name": "陳宏銘",
        "operator": "陳宏銘",
        "city": "新北市",
        "district": "三峽區",
        "address": "新北市三峽區東眼段金敏子小段0099-0049地號",
        "phone": "0989817896",
        "certification_valid_until": "2026/12/27",
        "certification_status": "有機",
        "area_ha": 2.6947,
        "source_type": "有機農場",
        "source_dataset": "新北市有機農場",
        "source_url": "https://data.ntpc.gov.tw/datasets/fc30f585-66d9-4233-a65e-c650d177ebfe",
        "geocoding_address": "新北市三峽區東眼段金敏子小段0099-0049地號",
        "location_method": "地籍宗地圖形中心",
        "lng": 121.40137866139412,
        "lat": 24.854833139820066,
        "cadastral_office": "FI",
        "cadastral_section_code": "0070",
        "cadastral_land_no": "00990049"
      }
    },
    {
      "type": "Feature",
      "geometry": {
        "type": "Point",
        "coordinates": [
          121.8303648150122,
          24.996479766971593
        ]
      },
      "properties": {
        "data_time": "",
        "source_row_no": "88",
        "name": "莊豪雄",
        "operator": "莊豪雄",
        "city": "新北市",
        "district": "雙溪區",
        "address": "新北市雙溪區平林里3鄰梅竹蹊67號",
        "phone": "0910090589",
        "certification_valid_until": "2026/12/27",
        "certification_status": "有機",
        "area_ha": 1.684,
        "source_type": "有機農場",
        "source_dataset": "新北市有機農場",
        "source_url": "https://data.ntpc.gov.tw/datasets/fc30f585-66d9-4233-a65e-c650d177ebfe",
        "geocoding_address": "新北市雙溪區平林里3鄰梅竹蹊67號",
        "location_method": "行政區中心",
        "lng": 121.8303648150122,
        "lat": 24.996479766971593
      }
    },
    {
      "type": "Feature",
      "geometry": {
        "type": "Point",
        "coordinates": [
          121.47394448518753,
          25.166161409249256
        ]
      },
      "properties": {
        "data_time": "",
        "source_row_no": "89",
        "name": "吳紹丞(淡水禾有機農場)",
        "operator": "吳紹丞",
        "city": "新北市",
        "district": "淡水區",
        "address": "新北市淡水區樹興段1687-0000地號",
        "phone": "0920090168",
        "certification_valid_until": "2026/12/31",
        "certification_status": "有機",
        "area_ha": 0.6706,
        "source_type": "有機農場",
        "source_dataset": "新北市有機農場",
        "source_url": "https://data.ntpc.gov.tw/datasets/fc30f585-66d9-4233-a65e-c650d177ebfe",
        "geocoding_address": "新北市淡水區樹興段1687-0000地號",
        "location_method": "地籍宗地圖形中心",
        "lng": 121.47394448518753,
        "lat": 25.166161409249256,
        "cadastral_office": "FE",
        "cadastral_section_code": "1336",
        "cadastral_land_no": "16870000"
      }
    },
    {
      "type": "Feature",
      "geometry": {
        "type": "Point",
        "coordinates": [
          121.34523332118988,
          24.93694805511094
        ]
      },
      "properties": {
        "data_time": "",
        "source_row_no": "90",
        "name": "楊明誌",
        "operator": "楊明誌",
        "city": "新北市",
        "district": "鶯歌區",
        "address": "新北市鶯歌區南靖段1274-0000地號",
        "phone": "0912841522",
        "certification_valid_until": "2027/03/08",
        "certification_status": "有機",
        "area_ha": 0.5769,
        "source_type": "有機農場",
        "source_dataset": "新北市有機農場",
        "source_url": "https://data.ntpc.gov.tw/datasets/fc30f585-66d9-4233-a65e-c650d177ebfe",
        "geocoding_address": "新北市鶯歌區南靖段1274-0000地號",
        "location_method": "地籍宗地圖形中心",
        "lng": 121.34523332118988,
        "lat": 24.93694805511094,
        "cadastral_office": "FI",
        "cadastral_section_code": "1972",
        "cadastral_land_no": "12740000"
      }
    },
    {
      "type": "Feature",
      "geometry": {
        "type": "Point",
        "coordinates": [
          121.9003904,
          25.0633691
        ]
      },
      "properties": {
        "data_time": "",
        "source_row_no": "91",
        "name": "蕭學勇(遇見雞母嶺)",
        "operator": "蕭學勇",
        "city": "新北市",
        "district": "貢寮區",
        "address": "新北市貢寮區美豐里16鄰雞母嶺街11號",
        "phone": "0937517251",
        "certification_valid_until": "2027/03/18",
        "certification_status": "有機",
        "area_ha": 3.5677,
        "source_type": "有機農場",
        "source_dataset": "新北市有機農場",
        "source_url": "https://data.ntpc.gov.tw/datasets/fc30f585-66d9-4233-a65e-c650d177ebfe",
        "geocoding_address": "新北市貢寮區美豐里16鄰雞母嶺街11號",
        "location_method": "OpenStreetMap道路/地名定位",
        "lng": 121.9003904,
        "lat": 25.0633691
      }
    },
    {
      "type": "Feature",
      "geometry": {
        "type": "Point",
        "coordinates": [
          121.89243078231812,
          24.977104860370687
        ]
      },
      "properties": {
        "data_time": "",
        "source_row_no": "92",
        "name": "陳桂鳳",
        "operator": "陳桂鳳",
        "city": "新北市",
        "district": "貢寮區",
        "address": "新北市貢寮區貢寮段內寮小段0712-0000地號",
        "phone": "0910853068",
        "certification_valid_until": "2027/03/18",
        "certification_status": "有機、轉型期",
        "area_ha": 5.0093,
        "source_type": "有機農場",
        "source_dataset": "新北市有機農場",
        "source_url": "https://data.ntpc.gov.tw/datasets/fc30f585-66d9-4233-a65e-c650d177ebfe",
        "geocoding_address": "新北市貢寮區貢寮段內寮小段0712-0000地號",
        "location_method": "地籍宗地圖形中心",
        "lng": 121.89243078231812,
        "lat": 24.977104860370687,
        "cadastral_office": "FF",
        "cadastral_section_code": "1532",
        "cadastral_land_no": "07120000"
      }
    },
    {
      "type": "Feature",
      "geometry": {
        "type": "Point",
        "coordinates": [
          121.3260930776596,
          25.10451248354723
        ]
      },
      "properties": {
        "data_time": "",
        "source_row_no": "93",
        "name": "洪福銓(米力農場)",
        "operator": "洪福銓",
        "city": "新北市",
        "district": "林口區",
        "address": "新北市林口區頂福段0930-0000",
        "phone": "0966560369",
        "certification_valid_until": "2027/04/10",
        "certification_status": "有機",
        "area_ha": 0.4884,
        "source_type": "有機農場",
        "source_dataset": "新北市有機農場",
        "source_url": "https://data.ntpc.gov.tw/datasets/fc30f585-66d9-4233-a65e-c650d177ebfe",
        "geocoding_address": "新北市林口區頂福段0930-0000地號",
        "location_method": "地籍宗地圖形中心",
        "lng": 121.3260930776596,
        "lat": 25.10451248354723,
        "cadastral_office": "FB",
        "cadastral_section_code": "2258",
        "cadastral_land_no": "09300000"
      }
    },
    {
      "type": "Feature",
      "geometry": {
        "type": "Point",
        "coordinates": [
          121.8587323,
          25.0322929
        ]
      },
      "properties": {
        "data_time": "",
        "source_row_no": "94",
        "name": "沈麗芳",
        "operator": "沈麗芳",
        "city": "新北市",
        "district": "雙溪區",
        "address": "新北市雙溪區泰和街53之1號",
        "phone": "0937893250",
        "certification_valid_until": "2027/04/18",
        "certification_status": "有機",
        "area_ha": 0.5145,
        "source_type": "有機農場",
        "source_dataset": "新北市有機農場",
        "source_url": "https://data.ntpc.gov.tw/datasets/fc30f585-66d9-4233-a65e-c650d177ebfe",
        "geocoding_address": "新北市雙溪區泰和街53之1號",
        "location_method": "OpenStreetMap道路/地名定位",
        "lng": 121.8587323,
        "lat": 25.0322929
      }
    },
    {
      "type": "Feature",
      "geometry": {
        "type": "Point",
        "coordinates": [
          121.83448702096939,
          25.059954672553403
        ]
      },
      "properties": {
        "data_time": "",
        "source_row_no": "95",
        "name": "王曼怡",
        "operator": "王曼怡",
        "city": "新北市",
        "district": "雙溪區",
        "address": "新北市雙溪區石壁坑段0188-0000地號",
        "phone": "0983333842",
        "certification_valid_until": "2027/05/02",
        "certification_status": "有機",
        "area_ha": 3.1736,
        "source_type": "有機農場",
        "source_dataset": "新北市有機農場",
        "source_url": "https://data.ntpc.gov.tw/datasets/fc30f585-66d9-4233-a65e-c650d177ebfe",
        "geocoding_address": "新北市雙溪區石壁坑段0188-0000地號",
        "location_method": "地籍宗地圖形中心",
        "lng": 121.83448702096939,
        "lat": 25.059954672553403,
        "cadastral_office": "FF",
        "cadastral_section_code": "1496",
        "cadastral_land_no": "01880000"
      }
    },
    {
      "type": "Feature",
      "geometry": {
        "type": "Point",
        "coordinates": [
          121.83152092667743,
          24.9971841828605
        ]
      },
      "properties": {
        "data_time": "",
        "source_row_no": "96",
        "name": "王澤松",
        "operator": "王澤松",
        "city": "新北市",
        "district": "雙溪區",
        "address": "新北市雙溪區外柑里6鄰外柑腳39之3號",
        "phone": "0926916209",
        "certification_valid_until": "2027/05/27",
        "certification_status": "有機",
        "area_ha": 0.086,
        "source_type": "有機農場",
        "source_dataset": "新北市有機農場",
        "source_url": "https://data.ntpc.gov.tw/datasets/fc30f585-66d9-4233-a65e-c650d177ebfe",
        "geocoding_address": "新北市雙溪區外柑里6鄰外柑腳39之3號",
        "location_method": "行政區中心",
        "lng": 121.83152092667743,
        "lat": 24.9971841828605
      }
    },
    {
      "type": "Feature",
      "geometry": {
        "type": "Point",
        "coordinates": [
          121.8319944132891,
          24.994806724185498
        ]
      },
      "properties": {
        "data_time": "",
        "source_row_no": "97",
        "name": "詹阿標",
        "operator": "詹阿標",
        "city": "新北市",
        "district": "雙溪區",
        "address": "新北市雙溪區魚行里25鄰丁子蘭坑6號",
        "phone": "0932086452",
        "certification_valid_until": "2027/06/15",
        "certification_status": "有機",
        "area_ha": 5.4023,
        "source_type": "有機農場",
        "source_dataset": "新北市有機農場",
        "source_url": "https://data.ntpc.gov.tw/datasets/fc30f585-66d9-4233-a65e-c650d177ebfe",
        "geocoding_address": "新北市雙溪區魚行里25鄰丁子蘭坑6號",
        "location_method": "行政區中心",
        "lng": 121.8319944132891,
        "lat": 24.994806724185498
      }
    },
    {
      "type": "Feature",
      "geometry": {
        "type": "Point",
        "coordinates": [
          121.74572870135307,
          24.972290640235002
        ]
      },
      "properties": {
        "data_time": "",
        "source_row_no": "98",
        "name": "邱琦瑛(宗坤有機茶園)",
        "operator": "邱琦瑛",
        "city": "新北市",
        "district": "坪林區",
        "address": "新北市坪林區大舌湖段乾溪小段0038-0015地號",
        "phone": "0226656743",
        "certification_valid_until": "2026/09/21",
        "certification_status": "有機、轉型期",
        "area_ha": 1.7475,
        "source_type": "有機農場",
        "source_dataset": "新北市有機農場",
        "source_url": "https://data.ntpc.gov.tw/datasets/fc30f585-66d9-4233-a65e-c650d177ebfe",
        "geocoding_address": "新北市坪林區大舌湖段乾溪小段0038-0015地號",
        "location_method": "地籍宗地圖形中心",
        "lng": 121.74572870135307,
        "lat": 24.972290640235002,
        "cadastral_office": "FC",
        "cadastral_section_code": "0733",
        "cadastral_land_no": "00380015"
      }
    },
    {
      "type": "Feature",
      "geometry": {
        "type": "Point",
        "coordinates": [
          121.77475824952126,
          24.963647766574965
        ]
      },
      "properties": {
        "data_time": "",
        "source_row_no": "99",
        "name": "余三和(三和有機/自然農法/野放茶)",
        "operator": "余三和",
        "city": "新北市",
        "district": "坪林區",
        "address": "新北市坪林區闊瀨段闊瀨小段0061-0000地號",
        "phone": "0226656700",
        "certification_valid_until": "2027/07/15",
        "certification_status": "有機、轉型期",
        "area_ha": 3.6275,
        "source_type": "有機農場",
        "source_dataset": "新北市有機農場",
        "source_url": "https://data.ntpc.gov.tw/datasets/fc30f585-66d9-4233-a65e-c650d177ebfe",
        "geocoding_address": "新北市坪林區闊瀨段闊瀨小段0061-0000地號",
        "location_method": "地籍宗地圖形中心",
        "lng": 121.77475824952126,
        "lat": 24.963647766574965,
        "cadastral_office": "FC",
        "cadastral_section_code": "0737",
        "cadastral_land_no": "00610000"
      }
    },
    {
      "type": "Feature",
      "geometry": {
        "type": "Point",
        "coordinates": [
          121.74309208989143,
          24.9629182765119
        ]
      },
      "properties": {
        "data_time": "",
        "source_row_no": "100",
        "name": "洪美代(如意有機茶園)",
        "operator": "洪美代",
        "city": "新北市",
        "district": "坪林區",
        "address": "新北市坪林區漁光段0902-0000地號",
        "phone": "0226657527",
        "certification_valid_until": "2029/03/09",
        "certification_status": "有機",
        "area_ha": 0.352,
        "source_type": "有機農場",
        "source_dataset": "新北市有機農場",
        "source_url": "https://data.ntpc.gov.tw/datasets/fc30f585-66d9-4233-a65e-c650d177ebfe",
        "geocoding_address": "新北市坪林區漁光段0902-0000地號",
        "location_method": "地籍宗地圖形中心",
        "lng": 121.74309208989143,
        "lat": 24.9629182765119,
        "cadastral_office": "FC",
        "cadastral_section_code": "0878",
        "cadastral_land_no": "09020000"
      }
    },
    {
      "type": "Feature",
      "geometry": {
        "type": "Point",
        "coordinates": [
          121.80494785308838,
          25.056570025995278
        ]
      },
      "properties": {
        "data_time": "",
        "source_row_no": "101",
        "name": "楊萬金(十分安心農園)",
        "operator": "楊萬金",
        "city": "新北市",
        "district": "平溪區",
        "address": "新北市平溪區十分寮段新寮小段0517-0000地號等4筆土地(詳如附件)",
        "phone": "0915088763",
        "certification_valid_until": "2027/08/29",
        "certification_status": "有機、轉型期",
        "area_ha": 2.1166,
        "source_type": "有機農場",
        "source_dataset": "新北市有機農場",
        "source_url": "https://data.ntpc.gov.tw/datasets/fc30f585-66d9-4233-a65e-c650d177ebfe",
        "geocoding_address": "新北市平溪區十分寮段新寮小段0517-0000地號",
        "location_method": "地籍宗地圖形中心",
        "lng": 121.80494785308838,
        "lat": 25.056570025995278,
        "cadastral_office": "FF",
        "cadastral_section_code": "1449",
        "cadastral_land_no": "05170000"
      }
    },
    {
      "type": "Feature",
      "geometry": {
        "type": "Point",
        "coordinates": [
          121.48446008563043,
          25.22953223180412
        ]
      },
      "properties": {
        "data_time": "",
        "source_row_no": "102",
        "name": "盧建和(牛埔有機農場)",
        "operator": "盧建和",
        "city": "新北市",
        "district": "淡水區",
        "address": "新北市淡水區中和段0680-0000地號等7筆土地",
        "phone": "0226216513",
        "certification_valid_until": "2027/03/27",
        "certification_status": "有機、轉型期",
        "area_ha": 1.4524,
        "source_type": "有機農場",
        "source_dataset": "新北市有機農場",
        "source_url": "https://data.ntpc.gov.tw/datasets/fc30f585-66d9-4233-a65e-c650d177ebfe",
        "geocoding_address": "新北市淡水區中和段0680-0000地號",
        "location_method": "地籍宗地圖形中心",
        "lng": 121.48446008563043,
        "lat": 25.22953223180412,
        "cadastral_office": "FE",
        "cadastral_section_code": "1346",
        "cadastral_land_no": "06800000"
      }
    },
    {
      "type": "Feature",
      "geometry": {
        "type": "Point",
        "coordinates": [
          121.59484773874283,
          25.280473611050766
        ]
      },
      "properties": {
        "data_time": "",
        "source_row_no": "103",
        "name": "許木祈(小坑農園)",
        "operator": "許木祈",
        "city": "新北市",
        "district": "石門區",
        "address": "新北市石門區下角段小坑小段0079-0005地號",
        "phone": "0921857547",
        "certification_valid_until": "2027/09/05",
        "certification_status": "有機",
        "area_ha": 0.7337,
        "source_type": "有機農場",
        "source_dataset": "新北市有機農場",
        "source_url": "https://data.ntpc.gov.tw/datasets/fc30f585-66d9-4233-a65e-c650d177ebfe",
        "geocoding_address": "新北市石門區下角段小坑小段0079-0005地號",
        "location_method": "地籍宗地圖形中心",
        "lng": 121.59484773874283,
        "lat": 25.280473611050766,
        "cadastral_office": "FE",
        "cadastral_section_code": "1251",
        "cadastral_land_no": "00790005"
      }
    },
    {
      "type": "Feature",
      "geometry": {
        "type": "Point",
        "coordinates": [
          121.55541328561091,
          25.259190709175595
        ]
      },
      "properties": {
        "data_time": "",
        "source_row_no": "104",
        "name": "許世忠(歡樂頌農園)",
        "operator": "許世忠",
        "city": "新北市",
        "district": "石門區",
        "address": "新北市石門區老梅段豬槽潭小段0019-0001地號",
        "phone": "0937477666",
        "certification_valid_until": "2027/09/12",
        "certification_status": "有機",
        "area_ha": 0.3089,
        "source_type": "有機農場",
        "source_dataset": "新北市有機農場",
        "source_url": "https://data.ntpc.gov.tw/datasets/fc30f585-66d9-4233-a65e-c650d177ebfe",
        "geocoding_address": "新北市石門區老梅段豬槽潭小段0019-0001地號",
        "location_method": "行政區中心",
        "lng": 121.55541328561091,
        "lat": 25.259190709175595
      }
    },
    {
      "type": "Feature",
      "geometry": {
        "type": "Point",
        "coordinates": [
          121.8673025,
          24.9617802
        ]
      },
      "properties": {
        "data_time": "",
        "source_row_no": "105",
        "name": "余炎坤",
        "operator": "余炎坤",
        "city": "新北市",
        "district": "貢寮區",
        "address": "新北市貢寮區美豐里13鄰巫里岸街9號",
        "phone": "0922052983",
        "certification_valid_until": "2027/10/29",
        "certification_status": "有機",
        "area_ha": 1.7533,
        "source_type": "有機農場",
        "source_dataset": "新北市有機農場",
        "source_url": "https://data.ntpc.gov.tw/datasets/fc30f585-66d9-4233-a65e-c650d177ebfe",
        "geocoding_address": "新北市貢寮區美豐里13鄰巫里岸街9號",
        "location_method": "OpenStreetMap道路/地名定位",
        "lng": 121.8673025,
        "lat": 24.9617802
      }
    },
    {
      "type": "Feature",
      "geometry": {
        "type": "Point",
        "coordinates": [
          121.725182980299,
          24.963702438116364
        ]
      },
      "properties": {
        "data_time": "",
        "source_row_no": "106",
        "name": "詹葛琴(阿派茶園)",
        "operator": "詹葛琴",
        "city": "新北市",
        "district": "坪林區",
        "address": "新北市坪林區新昇段0516-0000地號",
        "phone": "0226657260",
        "certification_valid_until": "2027/10/31",
        "certification_status": "有機",
        "area_ha": 0.2,
        "source_type": "有機農場",
        "source_dataset": "新北市有機農場",
        "source_url": "https://data.ntpc.gov.tw/datasets/fc30f585-66d9-4233-a65e-c650d177ebfe",
        "geocoding_address": "新北市坪林區新昇段0516-0000地號",
        "location_method": "地籍宗地圖形中心",
        "lng": 121.725182980299,
        "lat": 24.963702438116364,
        "cadastral_office": "FC",
        "cadastral_section_code": "0879",
        "cadastral_land_no": "05160000"
      }
    },
    {
      "type": "Feature",
      "geometry": {
        "type": "Point",
        "coordinates": [
          121.83203227059666,
          24.99531319545851
        ]
      },
      "properties": {
        "data_time": "",
        "source_row_no": "107",
        "name": "呂崇維",
        "operator": "呂崇維",
        "city": "新北市",
        "district": "雙溪區",
        "address": "新北市雙溪區泰平里溪尾寮18號",
        "phone": "0980122759",
        "certification_valid_until": "2026/10/29",
        "certification_status": "有機",
        "area_ha": 11.9265,
        "source_type": "有機農場",
        "source_dataset": "新北市有機農場",
        "source_url": "https://data.ntpc.gov.tw/datasets/fc30f585-66d9-4233-a65e-c650d177ebfe",
        "geocoding_address": "新北市雙溪區泰平里溪尾寮18號",
        "location_method": "行政區中心",
        "lng": 121.83203227059666,
        "lat": 24.99531319545851
      }
    },
    {
      "type": "Feature",
      "geometry": {
        "type": "Point",
        "coordinates": [
          121.83073627893467,
          24.994455819228815
        ]
      },
      "properties": {
        "data_time": "",
        "source_row_no": "108",
        "name": "謝美秀",
        "operator": "謝美秀",
        "city": "新北市",
        "district": "雙溪區",
        "address": "新北市雙溪區三貂里17鄰十三層4號之2",
        "phone": "0902230385",
        "certification_valid_until": "2028/01/10",
        "certification_status": "有機",
        "area_ha": 0.7804,
        "source_type": "有機農場",
        "source_dataset": "新北市有機農場",
        "source_url": "https://data.ntpc.gov.tw/datasets/fc30f585-66d9-4233-a65e-c650d177ebfe",
        "geocoding_address": "新北市雙溪區三貂里17鄰十三層4號之2",
        "location_method": "行政區中心",
        "lng": 121.83073627893467,
        "lat": 24.994455819228815
      }
    },
    {
      "type": "Feature",
      "geometry": {
        "type": "Point",
        "coordinates": [
          121.55992671847343,
          25.268733238886078
        ]
      },
      "properties": {
        "data_time": "",
        "source_row_no": "110",
        "name": "呂凱琳(古億仁農園)",
        "operator": "呂凱琳",
        "city": "新北市",
        "district": "石門區",
        "address": "新北市石門區老梅段九芎林小段0110-0000地號",
        "phone": "0932452253",
        "certification_valid_until": "2027/12/31",
        "certification_status": "有機",
        "area_ha": 0.4496,
        "source_type": "有機農場",
        "source_dataset": "新北市有機農場",
        "source_url": "https://data.ntpc.gov.tw/datasets/fc30f585-66d9-4233-a65e-c650d177ebfe",
        "geocoding_address": "新北市石門區老梅段九芎林小段0110-0000地號",
        "location_method": "地籍宗地圖形中心",
        "lng": 121.55992671847343,
        "lat": 25.268733238886078,
        "cadastral_office": "FE",
        "cadastral_section_code": "1262",
        "cadastral_land_no": "01100000"
      }
    },
    {
      "type": "Feature",
      "geometry": {
        "type": "Point",
        "coordinates": [
          121.55635942855766,
          25.260937885009078
        ]
      },
      "properties": {
        "data_time": "",
        "source_row_no": "111",
        "name": "陳龍雄(榕樹下農園)",
        "operator": "陳龍雄",
        "city": "新北市",
        "district": "石門區",
        "address": "新北市石門區老梅段大丘田小段0139-0007地號",
        "phone": "0928561486",
        "certification_valid_until": "2027/12/31",
        "certification_status": "有機",
        "area_ha": 0.4403,
        "source_type": "有機農場",
        "source_dataset": "新北市有機農場",
        "source_url": "https://data.ntpc.gov.tw/datasets/fc30f585-66d9-4233-a65e-c650d177ebfe",
        "geocoding_address": "新北市石門區老梅段大丘田小段0139-0007地號",
        "location_method": "行政區中心",
        "lng": 121.55635942855766,
        "lat": 25.260937885009078
      }
    },
    {
      "type": "Feature",
      "geometry": {
        "type": "Point",
        "coordinates": [
          121.70262828469276,
          24.952103084459893
        ]
      },
      "properties": {
        "data_time": "",
        "source_row_no": "112",
        "name": "謝金土(青心茗坊)",
        "operator": "謝金土",
        "city": "新北市",
        "district": "坪林區",
        "address": "新北市坪林區坑子口段上坑子口小段0118-0008地號",
        "phone": "0226656692",
        "certification_valid_until": "2028/05/15",
        "certification_status": "有機",
        "area_ha": 0.2833,
        "source_type": "有機農場",
        "source_dataset": "新北市有機農場",
        "source_url": "https://data.ntpc.gov.tw/datasets/fc30f585-66d9-4233-a65e-c650d177ebfe",
        "geocoding_address": "新北市坪林區坑子口段上坑子口小段0118-0008地號",
        "location_method": "地籍宗地圖形中心",
        "lng": 121.70262828469276,
        "lat": 24.952103084459893,
        "cadastral_office": "FC",
        "cadastral_section_code": "0718",
        "cadastral_land_no": "01180008"
      }
    },
    {
      "type": "Feature",
      "geometry": {
        "type": "Point",
        "coordinates": [
          121.83182090520859,
          24.940363966823966
        ]
      },
      "properties": {
        "data_time": "",
        "source_row_no": "113",
        "name": "吳讚民",
        "operator": "吳讚民",
        "city": "新北市",
        "district": "雙溪區",
        "address": "新北市雙溪區烏山段三分二小段0002-0010地號",
        "phone": "0936218512",
        "certification_valid_until": "2028/05/07",
        "certification_status": "有機",
        "area_ha": 0.3498,
        "source_type": "有機農場",
        "source_dataset": "新北市有機農場",
        "source_url": "https://data.ntpc.gov.tw/datasets/fc30f585-66d9-4233-a65e-c650d177ebfe",
        "geocoding_address": "新北市雙溪區烏山段三分二小段0002-0010地號",
        "location_method": "地籍宗地圖形中心",
        "lng": 121.83182090520859,
        "lat": 24.940363966823966,
        "cadastral_office": "FF",
        "cadastral_section_code": "1500",
        "cadastral_land_no": "00020010"
      }
    },
    {
      "type": "Feature",
      "geometry": {
        "type": "Point",
        "coordinates": [
          121.81541115045547,
          24.969014249396636
        ]
      },
      "properties": {
        "data_time": "",
        "source_row_no": "114",
        "name": "林麗珠",
        "operator": "林麗珠",
        "city": "新北市",
        "district": "雙溪區",
        "address": "新北市雙溪區溪尾寮段溪尾寮小段0197-0014地號",
        "phone": "0921571941",
        "certification_valid_until": "2028/05/07",
        "certification_status": "有機",
        "area_ha": 4.6396,
        "source_type": "有機農場",
        "source_dataset": "新北市有機農場",
        "source_url": "https://data.ntpc.gov.tw/datasets/fc30f585-66d9-4233-a65e-c650d177ebfe",
        "geocoding_address": "新北市雙溪區溪尾寮段溪尾寮小段0197-0014地號",
        "location_method": "地籍宗地圖形中心",
        "lng": 121.81541115045547,
        "lat": 24.969014249396636,
        "cadastral_office": "FF",
        "cadastral_section_code": "1525",
        "cadastral_land_no": "01970014"
      }
    },
    {
      "type": "Feature",
      "geometry": {
        "type": "Point",
        "coordinates": [
          121.69043228030205,
          24.971236637925166
        ]
      },
      "properties": {
        "data_time": "",
        "source_row_no": "115",
        "name": "林淑芳",
        "operator": "林淑芳",
        "city": "新北市",
        "district": "石碇區",
        "address": "新北市石碇區崩山段磨石坑小段0471-0000地號",
        "phone": "0226629518",
        "certification_valid_until": "2028/05/31",
        "certification_status": "有機",
        "area_ha": 0.4068,
        "source_type": "有機農場",
        "source_dataset": "新北市有機農場",
        "source_url": "https://data.ntpc.gov.tw/datasets/fc30f585-66d9-4233-a65e-c650d177ebfe",
        "geocoding_address": "新北市石碇區崩山段磨石坑小段0471-0000地號",
        "location_method": "地籍宗地圖形中心",
        "lng": 121.69043228030205,
        "lat": 24.971236637925166,
        "cadastral_office": "FC",
        "cadastral_section_code": "0656",
        "cadastral_land_no": "04710000"
      }
    },
    {
      "type": "Feature",
      "geometry": {
        "type": "Point",
        "coordinates": [
          121.50341123342514,
          24.77742476959049
        ]
      },
      "properties": {
        "data_time": "",
        "source_row_no": "116",
        "name": "李健維(福山農園)",
        "operator": "李健維",
        "city": "新北市",
        "district": "烏來區",
        "address": "新北市烏來區福山段0437-0000地號",
        "phone": "0933801272",
        "certification_valid_until": "2028/06/16",
        "certification_status": "有機",
        "area_ha": 0.227,
        "source_type": "有機農場",
        "source_dataset": "新北市有機農場",
        "source_url": "https://data.ntpc.gov.tw/datasets/fc30f585-66d9-4233-a65e-c650d177ebfe",
        "geocoding_address": "新北市烏來區福山段0437-0000地號",
        "location_method": "地籍宗地圖形中心",
        "lng": 121.50341123342514,
        "lat": 24.77742476959049,
        "cadastral_office": "FC",
        "cadastral_section_code": "0748",
        "cadastral_land_no": "04370000"
      }
    },
    {
      "type": "Feature",
      "geometry": {
        "type": "Point",
        "coordinates": [
          121.44848495721817,
          25.066010597935446
        ]
      },
      "properties": {
        "data_time": "",
        "source_row_no": "117",
        "name": "長安醫藥生技股份有限公司",
        "operator": "吳榮燦",
        "city": "新北市",
        "district": "五股區",
        "address": "新北市五股區五工段0553-0000地號",
        "phone": "0222982843",
        "certification_valid_until": "2028/05/29",
        "certification_status": "有機、轉型期",
        "area_ha": 0.02,
        "source_type": "有機農場",
        "source_dataset": "新北市有機農場",
        "source_url": "https://data.ntpc.gov.tw/datasets/fc30f585-66d9-4233-a65e-c650d177ebfe",
        "geocoding_address": "新北市五股區五工段0553-0000地號",
        "location_method": "地籍宗地圖形中心",
        "lng": 121.44848495721817,
        "lat": 25.066010597935446,
        "cadastral_office": "FB",
        "cadastral_section_code": "0413",
        "cadastral_land_no": "05530000"
      }
    },
    {
      "type": "Feature",
      "geometry": {
        "type": "Point",
        "coordinates": [
          121.72005727887155,
          24.967420374611265
        ]
      },
      "properties": {
        "data_time": "",
        "source_row_no": "118",
        "name": "鄭東昇(東昇茶坊)",
        "operator": "鄭東昇",
        "city": "新北市",
        "district": "坪林區",
        "address": "新北市坪林區新昇段0478-0000地號",
        "phone": "0903658592",
        "certification_valid_until": "2028/06/19",
        "certification_status": "有機",
        "area_ha": 0.84,
        "source_type": "有機農場",
        "source_dataset": "新北市有機農場",
        "source_url": "https://data.ntpc.gov.tw/datasets/fc30f585-66d9-4233-a65e-c650d177ebfe",
        "geocoding_address": "新北市坪林區新昇段0478-0000地號",
        "location_method": "地籍宗地圖形中心",
        "lng": 121.72005727887155,
        "lat": 24.967420374611265,
        "cadastral_office": "FC",
        "cadastral_section_code": "0879",
        "cadastral_land_no": "04780000"
      }
    },
    {
      "type": "Feature",
      "geometry": {
        "type": "Point",
        "coordinates": [
          121.72389015555382,
          24.971397115609157
        ]
      },
      "properties": {
        "data_time": "",
        "source_row_no": "119",
        "name": "白植清(清萱農場)",
        "operator": "白植清",
        "city": "新北市",
        "district": "坪林區",
        "address": "新北市坪林區新昇段0072-0000地號",
        "phone": "0226656760",
        "certification_valid_until": "2028/08/14",
        "certification_status": "有機",
        "area_ha": 0.3096,
        "source_type": "有機農場",
        "source_dataset": "新北市有機農場",
        "source_url": "https://data.ntpc.gov.tw/datasets/fc30f585-66d9-4233-a65e-c650d177ebfe",
        "geocoding_address": "新北市坪林區新昇段0072-0000地號",
        "location_method": "地籍宗地圖形中心",
        "lng": 121.72389015555382,
        "lat": 24.971397115609157,
        "cadastral_office": "FC",
        "cadastral_section_code": "0879",
        "cadastral_land_no": "00720000"
      }
    },
    {
      "type": "Feature",
      "geometry": {
        "type": "Point",
        "coordinates": [
          121.4055722951889,
          25.145977809344146
        ]
      },
      "properties": {
        "data_time": "",
        "source_row_no": "120",
        "name": "曾明凰",
        "operator": "曾明凰",
        "city": "新北市",
        "district": "八里區",
        "address": "新北市八里區小八里坌段舊城小段0202-0000地號",
        "phone": "0912216601",
        "certification_valid_until": "2028/08/01",
        "certification_status": "有機",
        "area_ha": 0.5238,
        "source_type": "有機農場",
        "source_dataset": "新北市有機農場",
        "source_url": "https://data.ntpc.gov.tw/datasets/fc30f585-66d9-4233-a65e-c650d177ebfe",
        "geocoding_address": "新北市八里區小八里坌段舊城小段0202-0000地號",
        "location_method": "地籍宗地圖形中心",
        "lng": 121.4055722951889,
        "lat": 25.145977809344146,
        "cadastral_office": "FE",
        "cadastral_section_code": "1274",
        "cadastral_land_no": "02020000"
      }
    },
    {
      "type": "Feature",
      "geometry": {
        "type": "Point",
        "coordinates": [
          121.40626028180122,
          25.145078226944054
        ]
      },
      "properties": {
        "data_time": "",
        "source_row_no": "121",
        "name": "周雙銓",
        "operator": "周雙銓",
        "city": "新北市",
        "district": "八里區",
        "address": "新北市八里區小八里坌段舊城小段0353-0002地號",
        "phone": "0932131665",
        "certification_valid_until": "2028/08/06",
        "certification_status": "有機",
        "area_ha": 0.4017,
        "source_type": "有機農場",
        "source_dataset": "新北市有機農場",
        "source_url": "https://data.ntpc.gov.tw/datasets/fc30f585-66d9-4233-a65e-c650d177ebfe",
        "geocoding_address": "新北市八里區小八里坌段舊城小段0353-0002地號",
        "location_method": "地籍宗地圖形中心",
        "lng": 121.40626028180122,
        "lat": 25.145078226944054,
        "cadastral_office": "FE",
        "cadastral_section_code": "1274",
        "cadastral_land_no": "03530002"
      }
    },
    {
      "type": "Feature",
      "geometry": {
        "type": "Point",
        "coordinates": [
          121.8837457895279,
          25.06411793020493
        ]
      },
      "properties": {
        "data_time": "",
        "source_row_no": "122",
        "name": "吳方瑜",
        "operator": "吳方瑜",
        "city": "新北市",
        "district": "雙溪區",
        "address": "新北市雙溪區三叉港段三叉港小段0245-0003地號",
        "phone": "0920585860",
        "certification_valid_until": "2028/08/01",
        "certification_status": "有機",
        "area_ha": 1.7093,
        "source_type": "有機農場",
        "source_dataset": "新北市有機農場",
        "source_url": "https://data.ntpc.gov.tw/datasets/fc30f585-66d9-4233-a65e-c650d177ebfe",
        "geocoding_address": "新北市雙溪區三叉港段三叉港小段0245-0003地號",
        "location_method": "地籍宗地圖形中心",
        "lng": 121.8837457895279,
        "lat": 25.06411793020493,
        "cadastral_office": "FF",
        "cadastral_section_code": "1527",
        "cadastral_land_no": "02450003"
      }
    },
    {
      "type": "Feature",
      "geometry": {
        "type": "Point",
        "coordinates": [
          121.41836643218994,
          25.144216274286155
        ]
      },
      "properties": {
        "data_time": "",
        "source_row_no": "123",
        "name": "汪清華",
        "operator": "汪清華",
        "city": "新北市",
        "district": "八里區",
        "address": "新北市八里區楓櫃段0862-0000地號",
        "phone": "0970529992",
        "certification_valid_until": "2028/09/10",
        "certification_status": "有機",
        "area_ha": 0.3677,
        "source_type": "有機農場",
        "source_dataset": "新北市有機農場",
        "source_url": "https://data.ntpc.gov.tw/datasets/fc30f585-66d9-4233-a65e-c650d177ebfe",
        "geocoding_address": "新北市八里區楓櫃段0862-0000地號",
        "location_method": "地籍宗地圖形中心",
        "lng": 121.41836643218994,
        "lat": 25.144216274286155,
        "cadastral_office": "FE",
        "cadastral_section_code": "1347",
        "cadastral_land_no": "08620000"
      }
    },
    {
      "type": "Feature",
      "geometry": {
        "type": "Point",
        "coordinates": [
          121.51625159952916,
          25.23225283592772
        ]
      },
      "properties": {
        "data_time": "",
        "source_row_no": "124",
        "name": "黃梓雄",
        "operator": "黃梓雄",
        "city": "新北市",
        "district": "三芝區",
        "address": "新北市三芝區土地公坑62之2號",
        "phone": "0932751488",
        "certification_valid_until": "2028/10/29",
        "certification_status": "有機",
        "area_ha": 0.3354,
        "source_type": "有機農場",
        "source_dataset": "新北市有機農場",
        "source_url": "https://data.ntpc.gov.tw/datasets/fc30f585-66d9-4233-a65e-c650d177ebfe",
        "geocoding_address": "新北市三芝區土地公坑62之2號",
        "location_method": "行政區中心",
        "lng": 121.51625159952916,
        "lat": 25.23225283592772
      }
    },
    {
      "type": "Feature",
      "geometry": {
        "type": "Point",
        "coordinates": [
          121.51581336066879,
          25.232351599533274
        ]
      },
      "properties": {
        "data_time": "",
        "source_row_no": "125",
        "name": "張清吉",
        "operator": "張清吉",
        "city": "新北市",
        "district": "三芝區",
        "address": "新北市三芝區土地公坑62之2號",
        "phone": "0932751488",
        "certification_valid_until": "2028/10/29",
        "certification_status": "有機",
        "area_ha": 0.533,
        "source_type": "有機農場",
        "source_dataset": "新北市有機農場",
        "source_url": "https://data.ntpc.gov.tw/datasets/fc30f585-66d9-4233-a65e-c650d177ebfe",
        "geocoding_address": "新北市三芝區土地公坑62之2號",
        "location_method": "行政區中心",
        "lng": 121.51581336066879,
        "lat": 25.232351599533274
      }
    },
    {
      "type": "Feature",
      "geometry": {
        "type": "Point",
        "coordinates": [
          121.91079318523407,
          24.99015449511893
        ]
      },
      "properties": {
        "data_time": "",
        "source_row_no": "126",
        "name": "蔡武修",
        "operator": "蔡武修",
        "city": "新北市",
        "district": "貢寮區",
        "address": "新北市貢寮區大石壁坑段0160-0003地號",
        "phone": "0282825418",
        "certification_valid_until": "2028/12/31",
        "certification_status": "有機",
        "area_ha": 0.1581,
        "source_type": "有機農場",
        "source_dataset": "新北市有機農場",
        "source_url": "https://data.ntpc.gov.tw/datasets/fc30f585-66d9-4233-a65e-c650d177ebfe",
        "geocoding_address": "新北市貢寮區大石壁坑段0160-0003地號",
        "location_method": "地籍宗地圖形中心",
        "lng": 121.91079318523407,
        "lat": 24.99015449511893,
        "cadastral_office": "FF",
        "cadastral_section_code": "1561",
        "cadastral_land_no": "01600003"
      }
    },
    {
      "type": "Feature",
      "geometry": {
        "type": "Point",
        "coordinates": [
          121.34347781538963,
          24.93857029160237
        ]
      },
      "properties": {
        "data_time": "",
        "source_row_no": "127",
        "name": "秦瑋恩(秦佳圓有機農場)",
        "operator": "秦瑋恩",
        "city": "新北市",
        "district": "鶯歌區",
        "address": "新北市鶯歌區南靖段1236-0000地號坵塊01",
        "phone": "0931253803",
        "certification_valid_until": "2029/03/02",
        "certification_status": "有機",
        "area_ha": 0.374,
        "source_type": "有機農場",
        "source_dataset": "新北市有機農場",
        "source_url": "https://data.ntpc.gov.tw/datasets/fc30f585-66d9-4233-a65e-c650d177ebfe",
        "geocoding_address": "新北市鶯歌區南靖段1236-0000地號",
        "location_method": "地籍宗地圖形中心",
        "lng": 121.34347781538963,
        "lat": 24.93857029160237,
        "cadastral_office": "FI",
        "cadastral_section_code": "1972",
        "cadastral_land_no": "12360000"
      }
    },
    {
      "type": "Feature",
      "geometry": {
        "type": "Point",
        "coordinates": [
          121.88513249158859,
          25.021815513527713
        ]
      },
      "properties": {
        "data_time": "",
        "source_row_no": "128",
        "name": "呂瑞弘",
        "operator": "呂瑞弘",
        "city": "新北市",
        "district": "雙溪區",
        "address": "新北市雙溪區魚行段八股小段0112-0000地號",
        "phone": "0935305881",
        "certification_valid_until": "2026/03/10",
        "certification_status": "有機",
        "area_ha": 1.2449,
        "source_type": "有機農場",
        "source_dataset": "新北市有機農場",
        "source_url": "https://data.ntpc.gov.tw/datasets/fc30f585-66d9-4233-a65e-c650d177ebfe",
        "geocoding_address": "新北市雙溪區魚行段八股小段0112-0000地號",
        "location_method": "地籍宗地圖形中心",
        "lng": 121.88513249158859,
        "lat": 25.021815513527713,
        "cadastral_office": "FF",
        "cadastral_section_code": "1511",
        "cadastral_land_no": "01120000"
      }
    },
    {
      "type": "Feature",
      "geometry": {
        "type": "Point",
        "coordinates": [
          121.45637333393097,
          24.921091831400012
        ]
      },
      "properties": {
        "data_time": "",
        "source_row_no": "129",
        "name": "蕭勝泉(阿彌達玉茶園)",
        "operator": "蕭勝泉",
        "city": "新北市",
        "district": "三峽區",
        "address": "新北市三峽區成福段小暗坑小段0385-0000地號",
        "phone": "0932041516",
        "certification_valid_until": "2029/03/02",
        "certification_status": "有機",
        "area_ha": 0.3754,
        "source_type": "有機農場",
        "source_dataset": "新北市有機農場",
        "source_url": "https://data.ntpc.gov.tw/datasets/fc30f585-66d9-4233-a65e-c650d177ebfe",
        "geocoding_address": "新北市三峽區成福段小暗坑小段0385-0000地號",
        "location_method": "地籍宗地圖形中心",
        "lng": 121.45637333393097,
        "lat": 24.921091831400012,
        "cadastral_office": "FI",
        "cadastral_section_code": "0050",
        "cadastral_land_no": "03850000"
      }
    },
    {
      "type": "Feature",
      "geometry": {
        "type": "Point",
        "coordinates": [
          121.80000051856041,
          25.01185866806438
        ]
      },
      "properties": {
        "data_time": "",
        "source_row_no": "130",
        "name": "林明德(德琴園地)",
        "operator": "林明德",
        "city": "新北市",
        "district": "雙溪區",
        "address": "新北市雙溪區柑腳段柑腳小段0258-0000地號",
        "phone": "0229478933",
        "certification_valid_until": "2029/02/06",
        "certification_status": "有機",
        "area_ha": 0.7813,
        "source_type": "有機農場",
        "source_dataset": "新北市有機農場",
        "source_url": "https://data.ntpc.gov.tw/datasets/fc30f585-66d9-4233-a65e-c650d177ebfe",
        "geocoding_address": "新北市雙溪區柑腳段柑腳小段0258-0000地號",
        "location_method": "地籍宗地圖形中心",
        "lng": 121.80000051856041,
        "lat": 25.01185866806438,
        "cadastral_office": "FF",
        "cadastral_section_code": "1489",
        "cadastral_land_no": "02580000"
      }
    },
    {
      "type": "Feature",
      "geometry": {
        "type": "Point",
        "coordinates": [
          121.7362779378891,
          24.975458822983718
        ]
      },
      "properties": {
        "data_time": "",
        "source_row_no": "131",
        "name": "許世恩",
        "operator": "許世恩",
        "city": "新北市",
        "district": "坪林區",
        "address": "新北市坪林區漁光段0001-0000地號",
        "phone": "0933449018",
        "certification_valid_until": "2028/12/31",
        "certification_status": "有機",
        "area_ha": 0.2809,
        "source_type": "有機農場",
        "source_dataset": "新北市有機農場",
        "source_url": "https://data.ntpc.gov.tw/datasets/fc30f585-66d9-4233-a65e-c650d177ebfe",
        "geocoding_address": "新北市坪林區漁光段0001-0000地號",
        "location_method": "地籍宗地圖形中心",
        "lng": 121.7362779378891,
        "lat": 24.975458822983718,
        "cadastral_office": "FC",
        "cadastral_section_code": "0878",
        "cadastral_land_no": "00010000"
      }
    },
    {
      "type": "Feature",
      "geometry": {
        "type": "Point",
        "coordinates": [
          121.3780327141285,
          24.95359258530653
        ]
      },
      "properties": {
        "data_time": "",
        "source_row_no": "132",
        "name": "謝淑娟(康維有機農場)",
        "operator": "謝淑娟",
        "city": "新北市",
        "district": "樹林區",
        "address": "新北市樹林區西園段1199-0000地號等2筆土地",
        "phone": "0223618669",
        "certification_valid_until": "2028/01/30",
        "certification_status": "有機",
        "area_ha": 0.533,
        "source_type": "有機農場",
        "source_dataset": "新北市有機農場",
        "source_url": "https://data.ntpc.gov.tw/datasets/fc30f585-66d9-4233-a65e-c650d177ebfe",
        "geocoding_address": "新北市樹林區西園段1199-0000地號",
        "location_method": "地籍宗地圖形中心",
        "lng": 121.3780327141285,
        "lat": 24.95359258530653,
        "cadastral_office": "FI",
        "cadastral_section_code": "1974",
        "cadastral_land_no": "11990000"
      }
    },
    {
      "type": "Feature",
      "geometry": {
        "type": "Point",
        "coordinates": [
          121.89058139920235,
          25.033953903291376
        ]
      },
      "properties": {
        "data_time": "",
        "source_row_no": "133",
        "name": "簡隆盛",
        "operator": "簡隆盛",
        "city": "新北市",
        "district": "雙溪區",
        "address": "新北市雙溪區魚行段頂坑小段0136-0000地號",
        "phone": "0933058766",
        "certification_valid_until": "2029/03/29",
        "certification_status": "有機、轉型期",
        "area_ha": 0.8266,
        "source_type": "有機農場",
        "source_dataset": "新北市有機農場",
        "source_url": "https://data.ntpc.gov.tw/datasets/fc30f585-66d9-4233-a65e-c650d177ebfe",
        "geocoding_address": "新北市雙溪區魚行段頂坑小段0136-0000地號",
        "location_method": "地籍宗地圖形中心",
        "lng": 121.89058139920235,
        "lat": 25.033953903291376,
        "cadastral_office": "FF",
        "cadastral_section_code": "1503",
        "cadastral_land_no": "01360000"
      }
    },
    {
      "type": "Feature",
      "geometry": {
        "type": "Point",
        "coordinates": [
          121.31275847554207,
          25.109004531454996
        ]
      },
      "properties": {
        "data_time": "",
        "source_row_no": "134",
        "name": "邱語玲(小南灣有機農場)",
        "operator": "邱語玲",
        "city": "新北市",
        "district": "林口區",
        "address": "新北市林口區下福段0334-0000地號",
        "phone": "0226098271",
        "certification_valid_until": "2026/03/26",
        "certification_status": "有機",
        "area_ha": 1.295,
        "source_type": "有機農場",
        "source_dataset": "新北市有機農場",
        "source_url": "https://data.ntpc.gov.tw/datasets/fc30f585-66d9-4233-a65e-c650d177ebfe",
        "geocoding_address": "新北市林口區下福段0334-0000地號",
        "location_method": "地籍宗地圖形中心",
        "lng": 121.31275847554207,
        "lat": 25.109004531454996,
        "cadastral_office": "FB",
        "cadastral_section_code": "2261",
        "cadastral_land_no": "03340000"
      }
    },
    {
      "type": "Feature",
      "geometry": {
        "type": "Point",
        "coordinates": [
          121.40341848134995,
          24.954373198553533
        ]
      },
      "properties": {
        "data_time": "",
        "source_row_no": "135",
        "name": "高名千",
        "operator": "高名千",
        "city": "新北市",
        "district": "樹林區",
        "address": "新北市樹林區東園段0308-0000地號",
        "phone": "0222302681",
        "certification_valid_until": "2029/02/23",
        "certification_status": "有機",
        "area_ha": 0.6203,
        "source_type": "有機農場",
        "source_dataset": "新北市有機農場",
        "source_url": "https://data.ntpc.gov.tw/datasets/fc30f585-66d9-4233-a65e-c650d177ebfe",
        "geocoding_address": "新北市樹林區東園段0308-0000地號",
        "location_method": "地籍宗地圖形中心",
        "lng": 121.40341848134995,
        "lat": 24.954373198553533,
        "cadastral_office": "FI",
        "cadastral_section_code": "1976",
        "cadastral_land_no": "03080000"
      }
    },
    {
      "type": "Feature",
      "geometry": {
        "type": "Point",
        "coordinates": [
          121.84256047010422,
          25.03720187773687
        ]
      },
      "properties": {
        "data_time": "",
        "source_row_no": "136",
        "name": "何振成(富良美有機農場)",
        "operator": "何振成",
        "city": "新北市",
        "district": "雙溪區",
        "address": "新北市雙溪區平林段竹寮坑小段0109-0000地號",
        "phone": "0932053163",
        "certification_valid_until": "2026/04/12",
        "certification_status": "有機",
        "area_ha": 2.7011,
        "source_type": "有機農場",
        "source_dataset": "新北市有機農場",
        "source_url": "https://data.ntpc.gov.tw/datasets/fc30f585-66d9-4233-a65e-c650d177ebfe",
        "geocoding_address": "新北市雙溪區平林段竹寮坑小段0109-0000地號",
        "location_method": "地籍宗地圖形中心",
        "lng": 121.84256047010422,
        "lat": 25.03720187773687,
        "cadastral_office": "FF",
        "cadastral_section_code": "1475",
        "cadastral_land_no": "01090000"
      }
    },
    {
      "type": "Feature",
      "geometry": {
        "type": "Point",
        "coordinates": [
          121.8673025,
          24.9617802
        ]
      },
      "properties": {
        "data_time": "",
        "source_row_no": "137",
        "name": "簡福全(美豐福華自然農場)",
        "operator": "簡福全",
        "city": "新北市",
        "district": "貢寮區",
        "address": "新北市貢寮區美豐里巫里岸街10號",
        "phone": "0933113167",
        "certification_valid_until": "2026/04/26",
        "certification_status": "有機",
        "area_ha": 0.5692,
        "source_type": "有機農場",
        "source_dataset": "新北市有機農場",
        "source_url": "https://data.ntpc.gov.tw/datasets/fc30f585-66d9-4233-a65e-c650d177ebfe",
        "geocoding_address": "新北市貢寮區美豐里巫里岸街10號",
        "location_method": "OpenStreetMap道路/地名定位",
        "lng": 121.8673025,
        "lat": 24.9617802
      }
    },
    {
      "type": "Feature",
      "geometry": {
        "type": "Point",
        "coordinates": [
          121.55588889830534,
          25.259975287946077
        ]
      },
      "properties": {
        "data_time": "",
        "source_row_no": "138",
        "name": "陳貞猛(阿猛農園)",
        "operator": "陳貞猛",
        "city": "新北市",
        "district": "石門區",
        "address": "新北市石門區老梅段豬槽潭小段0143-0000地號",
        "phone": "0222856469",
        "certification_valid_until": "2027/09/05",
        "certification_status": "有機",
        "area_ha": 0.3293,
        "source_type": "有機農場",
        "source_dataset": "新北市有機農場",
        "source_url": "https://data.ntpc.gov.tw/datasets/fc30f585-66d9-4233-a65e-c650d177ebfe",
        "geocoding_address": "新北市石門區老梅段豬槽潭小段0143-0000地號",
        "location_method": "行政區中心",
        "lng": 121.55588889830534,
        "lat": 25.259975287946077
      }
    },
    {
      "type": "Feature",
      "geometry": {
        "type": "Point",
        "coordinates": [
          121.5517446398735,
          25.261406602200758
        ]
      },
      "properties": {
        "data_time": "",
        "source_row_no": "139",
        "name": "洪源良(楓紫艷農園)",
        "operator": "洪源良",
        "city": "新北市",
        "district": "石門區",
        "address": "新北市石門區梅山一段0826-0000地號",
        "phone": "0227714250",
        "certification_valid_until": "2026/04/07",
        "certification_status": "有機",
        "area_ha": 0.4193,
        "source_type": "有機農場",
        "source_dataset": "新北市有機農場",
        "source_url": "https://data.ntpc.gov.tw/datasets/fc30f585-66d9-4233-a65e-c650d177ebfe",
        "geocoding_address": "新北市石門區梅山一段0826-0000地號",
        "location_method": "地籍宗地圖形中心",
        "lng": 121.5517446398735,
        "lat": 25.261406602200758,
        "cadastral_office": "FE",
        "cadastral_section_code": "1367",
        "cadastral_land_no": "08260000"
      }
    },
    {
      "type": "Feature",
      "geometry": {
        "type": "Point",
        "coordinates": [
          121.31237357854843,
          25.109564355836284
        ]
      },
      "properties": {
        "data_time": "",
        "source_row_no": "140",
        "name": "陳雅婷",
        "operator": "陳雅婷",
        "city": "新北市",
        "district": "林口區",
        "address": "新北市林口區下福段0335-0000",
        "phone": "0919223663",
        "certification_valid_until": "2026/04/12",
        "certification_status": "有機",
        "area_ha": 0.8525,
        "source_type": "有機農場",
        "source_dataset": "新北市有機農場",
        "source_url": "https://data.ntpc.gov.tw/datasets/fc30f585-66d9-4233-a65e-c650d177ebfe",
        "geocoding_address": "新北市林口區下福段0335-0000地號",
        "location_method": "地籍宗地圖形中心",
        "lng": 121.31237357854843,
        "lat": 25.109564355836284,
        "cadastral_office": "FB",
        "cadastral_section_code": "2261",
        "cadastral_land_no": "03350000"
      }
    },
    {
      "type": "Feature",
      "geometry": {
        "type": "Point",
        "coordinates": [
          121.54699176549911,
          25.267548344454752
        ]
      },
      "properties": {
        "data_time": "",
        "source_row_no": "141",
        "name": "簡聰標(祿賜農園)",
        "operator": "簡聰標",
        "city": "新北市",
        "district": "石門區",
        "address": "新北市石門區富德段0058-0000地號",
        "phone": "0226381426",
        "certification_valid_until": "2026/04/23",
        "certification_status": "有機",
        "area_ha": 0.6046,
        "source_type": "有機農場",
        "source_dataset": "新北市有機農場",
        "source_url": "https://data.ntpc.gov.tw/datasets/fc30f585-66d9-4233-a65e-c650d177ebfe",
        "geocoding_address": "新北市石門區富德段0058-0000地號",
        "location_method": "地籍宗地圖形中心",
        "lng": 121.54699176549911,
        "lat": 25.267548344454752,
        "cadastral_office": "FE",
        "cadastral_section_code": "1368",
        "cadastral_land_no": "00580000"
      }
    },
    {
      "type": "Feature",
      "geometry": {
        "type": "Point",
        "coordinates": [
          121.55600612377829,
          25.2612955169022
        ]
      },
      "properties": {
        "data_time": "",
        "source_row_no": "142",
        "name": "王順瑜",
        "operator": "王順瑜",
        "city": "新北市",
        "district": "石門區",
        "address": "新北市石門區頭圍段崁子腳小段0252-0000地號等5筆土地",
        "phone": "0919896178",
        "certification_valid_until": "2026/07/14",
        "certification_status": "有機、轉型期",
        "area_ha": 2.954,
        "source_type": "有機農場",
        "source_dataset": "新北市有機農場",
        "source_url": "https://data.ntpc.gov.tw/datasets/fc30f585-66d9-4233-a65e-c650d177ebfe",
        "geocoding_address": "新北市石門區頭圍段崁子腳小段0252-0000地號等5筆土地",
        "location_method": "行政區中心",
        "lng": 121.55600612377829,
        "lat": 25.2612955169022
      }
    },
    {
      "type": "Feature",
      "geometry": {
        "type": "Point",
        "coordinates": [
          121.42205715179443,
          25.12013496782734
        ]
      },
      "properties": {
        "data_time": "",
        "source_row_no": "143",
        "name": "陳致逸",
        "operator": "陳致逸",
        "city": "新北市",
        "district": "五股區",
        "address": "新北市五股區觀音西段0363-0000地號",
        "phone": "0935252519",
        "certification_valid_until": "2026/07/14",
        "certification_status": "有機",
        "area_ha": 0.3048,
        "source_type": "有機農場",
        "source_dataset": "新北市有機農場",
        "source_url": "https://data.ntpc.gov.tw/datasets/fc30f585-66d9-4233-a65e-c650d177ebfe",
        "geocoding_address": "新北市五股區觀音西段0363-0000地號",
        "location_method": "地籍宗地圖形中心",
        "lng": 121.42205715179443,
        "lat": 25.12013496782734,
        "cadastral_office": "FB",
        "cadastral_section_code": "2241",
        "cadastral_land_no": "03630000"
      }
    },
    {
      "type": "Feature",
      "geometry": {
        "type": "Point",
        "coordinates": [
          121.88346683979034,
          25.058262366840438
        ]
      },
      "properties": {
        "data_time": "",
        "source_row_no": "144",
        "name": "吳秀微",
        "operator": "吳秀微",
        "city": "新北市",
        "district": "雙溪區",
        "address": "新北市雙溪區三叉港段三叉港小段0263-0002地號",
        "phone": "0921974583",
        "certification_valid_until": "2026/07/14",
        "certification_status": "有機",
        "area_ha": 0.0733,
        "source_type": "有機農場",
        "source_dataset": "新北市有機農場",
        "source_url": "https://data.ntpc.gov.tw/datasets/fc30f585-66d9-4233-a65e-c650d177ebfe",
        "geocoding_address": "新北市雙溪區三叉港段三叉港小段0263-0002地號",
        "location_method": "地籍宗地圖形中心",
        "lng": 121.88346683979034,
        "lat": 25.058262366840438,
        "cadastral_office": "FF",
        "cadastral_section_code": "1527",
        "cadastral_land_no": "02630002"
      }
    },
    {
      "type": "Feature",
      "geometry": {
        "type": "Point",
        "coordinates": [
          121.41104400157928,
          25.122001274603125
        ]
      },
      "properties": {
        "data_time": "",
        "source_row_no": "145",
        "name": "王振富(1+1有機農場)",
        "operator": "王振富",
        "city": "新北市",
        "district": "八里區",
        "address": "新北市八里區荖阡段1216-0000地號",
        "phone": "0975288794",
        "certification_valid_until": "2026/08/23",
        "certification_status": "有機",
        "area_ha": 0.9178,
        "source_type": "有機農場",
        "source_dataset": "新北市有機農場",
        "source_url": "https://data.ntpc.gov.tw/datasets/fc30f585-66d9-4233-a65e-c650d177ebfe",
        "geocoding_address": "新北市八里區荖阡段1216-0000地號",
        "location_method": "地籍宗地圖形中心",
        "lng": 121.41104400157928,
        "lat": 25.122001274603125,
        "cadastral_office": "FE",
        "cadastral_section_code": "1329",
        "cadastral_land_no": "12160000"
      }
    },
    {
      "type": "Feature",
      "geometry": {
        "type": "Point",
        "coordinates": [
          121.47591322660446,
          24.916954138152487
        ]
      },
      "properties": {
        "data_time": "",
        "source_row_no": "146",
        "name": "黃祥輝(自然禪養生農場)",
        "operator": "黃祥輝",
        "city": "新北市",
        "district": "三峽區",
        "address": "新北市三峽區建安段0033-0000地號",
        "phone": "0229968852",
        "certification_valid_until": "2029/08/20",
        "certification_status": "有機",
        "area_ha": 0.1513,
        "source_type": "有機農場",
        "source_dataset": "新北市有機農場",
        "source_url": "https://data.ntpc.gov.tw/datasets/fc30f585-66d9-4233-a65e-c650d177ebfe",
        "geocoding_address": "新北市三峽區建安段0033-0000地號",
        "location_method": "地籍宗地圖形中心",
        "lng": 121.47591322660446,
        "lat": 24.916954138152487,
        "cadastral_office": "FI",
        "cadastral_section_code": "2401",
        "cadastral_land_no": "00330000"
      }
    },
    {
      "type": "Feature",
      "geometry": {
        "type": "Point",
        "coordinates": [
          121.76762759685516,
          24.94332864265543
        ]
      },
      "properties": {
        "data_time": "",
        "source_row_no": "147",
        "name": "林敏祥(小茶莊)",
        "operator": "林敏祥",
        "city": "新北市",
        "district": "坪林區",
        "address": "新北市坪林區柑腳坑段柑腳坑小段0221-0000地號",
        "phone": "0933828566、0226657684、0226656375",
        "certification_valid_until": "2026/06/10",
        "certification_status": "有機",
        "area_ha": 0.2234,
        "source_type": "有機農場",
        "source_dataset": "新北市有機農場",
        "source_url": "https://data.ntpc.gov.tw/datasets/fc30f585-66d9-4233-a65e-c650d177ebfe",
        "geocoding_address": "新北市坪林區柑腳坑段柑腳坑小段0221-0000地號",
        "location_method": "地籍宗地圖形中心",
        "lng": 121.76762759685516,
        "lat": 24.94332864265543,
        "cadastral_office": "FC",
        "cadastral_section_code": "0740",
        "cadastral_land_no": "02210000"
      }
    },
    {
      "type": "Feature",
      "geometry": {
        "type": "Point",
        "coordinates": [
          121.84910103678703,
          25.03323578468987
        ]
      },
      "properties": {
        "data_time": "",
        "source_row_no": "149",
        "name": "廖賢聰(卯豐農場)",
        "operator": "廖賢聰",
        "city": "新北市",
        "district": "雙溪區",
        "address": "新北市雙溪區平林段下崁小段0010-0000地號等",
        "phone": "0930041762、0224931412、0933123035",
        "certification_valid_until": "2026/07/22",
        "certification_status": "有機",
        "area_ha": 2.7507,
        "source_type": "有機農場",
        "source_dataset": "新北市有機農場",
        "source_url": "https://data.ntpc.gov.tw/datasets/fc30f585-66d9-4233-a65e-c650d177ebfe",
        "geocoding_address": "新北市雙溪區平林段下崁小段0010-0000地號",
        "location_method": "地籍宗地圖形中心",
        "lng": 121.84910103678703,
        "lat": 25.03323578468987,
        "cadastral_office": "FF",
        "cadastral_section_code": "1476",
        "cadastral_land_no": "00100000"
      }
    },
    {
      "type": "Feature",
      "geometry": {
        "type": "Point",
        "coordinates": [
          121.40075370669365,
          24.932003390187774
        ]
      },
      "properties": {
        "data_time": "",
        "source_row_no": "150",
        "name": "趙英華",
        "operator": "趙英華",
        "city": "新北市",
        "district": "三峽區",
        "address": "新北市三峽區溪南段1320-0000地號",
        "phone": "0954083939",
        "certification_valid_until": "2028/12/22",
        "certification_status": "有機",
        "area_ha": 0.31,
        "source_type": "有機農場",
        "source_dataset": "新北市有機農場",
        "source_url": "https://data.ntpc.gov.tw/datasets/fc30f585-66d9-4233-a65e-c650d177ebfe",
        "geocoding_address": "新北市三峽區溪南段1320-0000地號",
        "location_method": "地籍宗地圖形中心",
        "lng": 121.40075370669365,
        "lat": 24.932003390187774,
        "cadastral_office": "FI",
        "cadastral_section_code": "1985",
        "cadastral_land_no": "13200000"
      }
    },
    {
      "type": "Feature",
      "geometry": {
        "type": "Point",
        "coordinates": [
          121.59462913870811,
          25.279607765538206
        ]
      },
      "properties": {
        "data_time": "",
        "source_row_no": "151",
        "name": "許添丁(迴峰農園)",
        "operator": "許添丁",
        "city": "新北市",
        "district": "石門區",
        "address": "新北市石門區下角段小坑小段0079-0004地號",
        "phone": "0226382308",
        "certification_valid_until": "2029/04/14",
        "certification_status": "有機",
        "area_ha": 0.7853,
        "source_type": "有機農場",
        "source_dataset": "新北市有機農場",
        "source_url": "https://data.ntpc.gov.tw/datasets/fc30f585-66d9-4233-a65e-c650d177ebfe",
        "geocoding_address": "新北市石門區下角段小坑小段0079-0004地號",
        "location_method": "地籍宗地圖形中心",
        "lng": 121.59462913870811,
        "lat": 25.279607765538206,
        "cadastral_office": "FE",
        "cadastral_section_code": "1251",
        "cadastral_land_no": "00790004"
      }
    },
    {
      "type": "Feature",
      "geometry": {
        "type": "Point",
        "coordinates": [
          121.44773796200752,
          24.96785197724592
        ]
      },
      "properties": {
        "data_time": "",
        "source_row_no": "152",
        "name": "邱奕哲",
        "operator": "邱奕哲",
        "city": "新北市",
        "district": "土城區",
        "address": "新北市土城區柑林段1074-0000地號",
        "phone": "0905557066",
        "certification_valid_until": "2026/11/24",
        "certification_status": "有機",
        "area_ha": 0.3101,
        "source_type": "有機農場",
        "source_dataset": "新北市有機農場",
        "source_url": "https://data.ntpc.gov.tw/datasets/fc30f585-66d9-4233-a65e-c650d177ebfe",
        "geocoding_address": "新北市土城區柑林段1074-0000地號",
        "location_method": "地籍宗地圖形中心",
        "lng": 121.44773796200752,
        "lat": 24.96785197724592,
        "cadastral_office": "FA",
        "cadastral_section_code": "0211",
        "cadastral_land_no": "10740000"
      }
    },
    {
      "type": "Feature",
      "geometry": {
        "type": "Point",
        "coordinates": [
          121.48501396179199,
          25.19635348858632
        ]
      },
      "properties": {
        "data_time": "",
        "source_row_no": "153",
        "name": "林月治(大埤頭農場吾家咖啡)",
        "operator": "林月治",
        "city": "新北市",
        "district": "淡水區",
        "address": "新北市淡水區忠寮段0832-0000地號",
        "phone": "0226213321",
        "certification_valid_until": "2026/10/11",
        "certification_status": "有機",
        "area_ha": 0.25,
        "source_type": "有機農場",
        "source_dataset": "新北市有機農場",
        "source_url": "https://data.ntpc.gov.tw/datasets/fc30f585-66d9-4233-a65e-c650d177ebfe",
        "geocoding_address": "新北市淡水區忠寮段0832-0000地號",
        "location_method": "地籍宗地圖形中心",
        "lng": 121.48501396179199,
        "lat": 25.19635348858632,
        "cadastral_office": "FE",
        "cadastral_section_code": "1342",
        "cadastral_land_no": "08320000"
      }
    },
    {
      "type": "Feature",
      "geometry": {
        "type": "Point",
        "coordinates": [
          121.447212,
          24.9701535
        ]
      },
      "properties": {
        "data_time": "",
        "source_row_no": "154",
        "name": "邱顯者(最佳筍友農園)",
        "operator": "邱顯者",
        "city": "新北市",
        "district": "土城區",
        "address": "新北市土城區埤塘里7鄰和平路58之1號",
        "phone": "0939522921",
        "certification_valid_until": "2026/11/12",
        "certification_status": "有機",
        "area_ha": 0.7267,
        "source_type": "有機農場",
        "source_dataset": "新北市有機農場",
        "source_url": "https://data.ntpc.gov.tw/datasets/fc30f585-66d9-4233-a65e-c650d177ebfe",
        "geocoding_address": "新北市土城區埤塘里7鄰和平路58之1號",
        "location_method": "OpenStreetMap道路/地名定位",
        "lng": 121.447212,
        "lat": 24.9701535
      }
    },
    {
      "type": "Feature",
      "geometry": {
        "type": "Point",
        "coordinates": [
          121.71134144067764,
          24.93195473644019
        ]
      },
      "properties": {
        "data_time": "",
        "source_row_no": "155",
        "name": "陳亮能(豐曜有機生態茶園)",
        "operator": "陳亮能",
        "city": "新北市",
        "district": "坪林區",
        "address": "新北市坪林區大林段1874-0000地號",
        "phone": "0227681189",
        "certification_valid_until": "2026/10/19",
        "certification_status": "有機",
        "area_ha": 3.102,
        "source_type": "有機農場",
        "source_dataset": "新北市有機農場",
        "source_url": "https://data.ntpc.gov.tw/datasets/fc30f585-66d9-4233-a65e-c650d177ebfe",
        "geocoding_address": "新北市坪林區大林段1874-0000地號",
        "location_method": "地籍宗地圖形中心",
        "lng": 121.71134144067764,
        "lat": 24.93195473644019,
        "cadastral_office": "FC",
        "cadastral_section_code": "0865",
        "cadastral_land_no": "18740000"
      }
    },
    {
      "type": "Feature",
      "geometry": {
        "type": "Point",
        "coordinates": [
          121.68335258960724,
          24.91829932843313
        ]
      },
      "properties": {
        "data_time": "",
        "source_row_no": "156",
        "name": "陳錠鋐（世芳有機茗茶園）",
        "operator": "陳錠鋐",
        "city": "新北市",
        "district": "坪林區",
        "address": "新北市坪林區金瓜寮段0026-0000地號",
        "phone": "0226656104",
        "certification_valid_until": "2028/12/06",
        "certification_status": "有機",
        "area_ha": 0.45,
        "source_type": "有機農場",
        "source_dataset": "新北市有機農場",
        "source_url": "https://data.ntpc.gov.tw/datasets/fc30f585-66d9-4233-a65e-c650d177ebfe",
        "geocoding_address": "新北市坪林區金瓜寮段0026-0000地號",
        "location_method": "地籍宗地圖形中心",
        "lng": 121.68335258960724,
        "lat": 24.91829932843313,
        "cadastral_office": "FC",
        "cadastral_section_code": "0744",
        "cadastral_land_no": "00260000"
      }
    },
    {
      "type": "Feature",
      "geometry": {
        "type": "Point",
        "coordinates": [
          121.49086654186249,
          24.77945822112532
        ]
      },
      "properties": {
        "data_time": "",
        "source_row_no": "157",
        "name": "周恩",
        "operator": "周恩",
        "city": "新北市",
        "district": "烏來區",
        "address": "新北市烏來區福山段0623-0000號",
        "phone": "0905236187",
        "certification_valid_until": "2027/02/28",
        "certification_status": "有機",
        "area_ha": 2.3004,
        "source_type": "有機農場",
        "source_dataset": "新北市有機農場",
        "source_url": "https://data.ntpc.gov.tw/datasets/fc30f585-66d9-4233-a65e-c650d177ebfe",
        "geocoding_address": "新北市烏來區福山段0623-0000地號",
        "location_method": "地籍宗地圖形中心",
        "lng": 121.49086654186249,
        "lat": 24.77945822112532,
        "cadastral_office": "FC",
        "cadastral_section_code": "0748",
        "cadastral_land_no": "06230000"
      }
    },
    {
      "type": "Feature",
      "geometry": {
        "type": "Point",
        "coordinates": [
          121.51685044169426,
          24.821974087077052
        ]
      },
      "properties": {
        "data_time": "",
        "source_row_no": "158",
        "name": "林春菊",
        "operator": "林春菊",
        "city": "新北市",
        "district": "烏來區",
        "address": "新北市烏來區信賢段0078-0000地號",
        "phone": "0916226058",
        "certification_valid_until": "2027/02/28",
        "certification_status": "有機",
        "area_ha": 1.535,
        "source_type": "有機農場",
        "source_dataset": "新北市有機農場",
        "source_url": "https://data.ntpc.gov.tw/datasets/fc30f585-66d9-4233-a65e-c650d177ebfe",
        "geocoding_address": "新北市烏來區信賢段0078-0000地號",
        "location_method": "地籍宗地圖形中心",
        "lng": 121.51685044169426,
        "lat": 24.821974087077052,
        "cadastral_office": "FC",
        "cadastral_section_code": "0747",
        "cadastral_land_no": "00780000"
      }
    },
    {
      "type": "Feature",
      "geometry": {
        "type": "Point",
        "coordinates": [
          121.52537181973457,
          24.82450220597113
        ]
      },
      "properties": {
        "data_time": "",
        "source_row_no": "159",
        "name": "高淑美",
        "operator": "高淑美",
        "city": "新北市",
        "district": "烏來區",
        "address": "新北市烏來區信賢段0048-0000地號",
        "phone": "0226616896",
        "certification_valid_until": "2027/04/13",
        "certification_status": "有機",
        "area_ha": 1.1634,
        "source_type": "有機農場",
        "source_dataset": "新北市有機農場",
        "source_url": "https://data.ntpc.gov.tw/datasets/fc30f585-66d9-4233-a65e-c650d177ebfe",
        "geocoding_address": "新北市烏來區信賢段0048-0000地號",
        "location_method": "地籍宗地圖形中心",
        "lng": 121.52537181973457,
        "lat": 24.82450220597113,
        "cadastral_office": "FC",
        "cadastral_section_code": "0747",
        "cadastral_land_no": "00480000"
      }
    },
    {
      "type": "Feature",
      "geometry": {
        "type": "Point",
        "coordinates": [
          121.48288831114769,
          24.779737051045295
        ]
      },
      "properties": {
        "data_time": "",
        "source_row_no": "160",
        "name": "吳繡妹",
        "operator": "吳繡妹",
        "city": "新北市",
        "district": "烏來區",
        "address": "新北市烏來區福山段0707-0000地號",
        "phone": "0955534618",
        "certification_valid_until": "2027/04/13",
        "certification_status": "有機",
        "area_ha": 4.659,
        "source_type": "有機農場",
        "source_dataset": "新北市有機農場",
        "source_url": "https://data.ntpc.gov.tw/datasets/fc30f585-66d9-4233-a65e-c650d177ebfe",
        "geocoding_address": "新北市烏來區福山段0707-0000地號",
        "location_method": "地籍宗地圖形中心",
        "lng": 121.48288831114769,
        "lat": 24.779737051045295,
        "cadastral_office": "FC",
        "cadastral_section_code": "0748",
        "cadastral_land_no": "07070000"
      }
    },
    {
      "type": "Feature",
      "geometry": {
        "type": "Point",
        "coordinates": [
          121.5092584490776,
          24.824358577327992
        ]
      },
      "properties": {
        "data_time": "",
        "source_row_no": "161",
        "name": "高明德",
        "operator": "高明德",
        "city": "新北市",
        "district": "烏來區",
        "address": "新北市烏來區信賢段0376-0000地號",
        "phone": "0913772283",
        "certification_valid_until": "2027/03/13",
        "certification_status": "有機",
        "area_ha": 2.685,
        "source_type": "有機農場",
        "source_dataset": "新北市有機農場",
        "source_url": "https://data.ntpc.gov.tw/datasets/fc30f585-66d9-4233-a65e-c650d177ebfe",
        "geocoding_address": "新北市烏來區信賢段0376-0000地號",
        "location_method": "地籍宗地圖形中心",
        "lng": 121.5092584490776,
        "lat": 24.824358577327992,
        "cadastral_office": "FC",
        "cadastral_section_code": "0747",
        "cadastral_land_no": "03760000"
      }
    },
    {
      "type": "Feature",
      "geometry": {
        "type": "Point",
        "coordinates": [
          121.51949778199196,
          24.833793838591554
        ]
      },
      "properties": {
        "data_time": "",
        "source_row_no": "162",
        "name": "林國寶",
        "operator": "林國寶",
        "city": "新北市",
        "district": "烏來區",
        "address": "新北市烏來區信賢段0335-0001地號",
        "phone": "0938733756",
        "certification_valid_until": "2027/04/09",
        "certification_status": "有機、轉型期",
        "area_ha": 1.024,
        "source_type": "有機農場",
        "source_dataset": "新北市有機農場",
        "source_url": "https://data.ntpc.gov.tw/datasets/fc30f585-66d9-4233-a65e-c650d177ebfe",
        "geocoding_address": "新北市烏來區信賢段0335-0001地號",
        "location_method": "地籍宗地圖形中心",
        "lng": 121.51949778199196,
        "lat": 24.833793838591554,
        "cadastral_office": "FC",
        "cadastral_section_code": "0747",
        "cadastral_land_no": "03350001"
      }
    },
    {
      "type": "Feature",
      "geometry": {
        "type": "Point",
        "coordinates": [
          121.49069353938103,
          24.775106347657665
        ]
      },
      "properties": {
        "data_time": "",
        "source_row_no": "163",
        "name": "周守謙",
        "operator": "周守謙",
        "city": "新北市",
        "district": "烏來區",
        "address": "新北市烏來區羅蘭段0104-0000地號",
        "phone": "0936480464",
        "certification_valid_until": "2027/03/31",
        "certification_status": "有機",
        "area_ha": 1.73,
        "source_type": "有機農場",
        "source_dataset": "新北市有機農場",
        "source_url": "https://data.ntpc.gov.tw/datasets/fc30f585-66d9-4233-a65e-c650d177ebfe",
        "geocoding_address": "新北市烏來區羅蘭段0104-0000地號",
        "location_method": "地籍宗地圖形中心",
        "lng": 121.49069353938103,
        "lat": 24.775106347657665,
        "cadastral_office": "FC",
        "cadastral_section_code": "0825",
        "cadastral_land_no": "01040000"
      }
    },
    {
      "type": "Feature",
      "geometry": {
        "type": "Point",
        "coordinates": [
          121.51835650205612,
          24.823270409382296
        ]
      },
      "properties": {
        "data_time": "",
        "source_row_no": "164",
        "name": "周小雲",
        "operator": "周小雲",
        "city": "新北市",
        "district": "烏來區",
        "address": "新北市烏來區信賢段0147-0002地號",
        "phone": "0921193806",
        "certification_valid_until": "2027/03/31",
        "certification_status": "有機",
        "area_ha": 0.5502,
        "source_type": "有機農場",
        "source_dataset": "新北市有機農場",
        "source_url": "https://data.ntpc.gov.tw/datasets/fc30f585-66d9-4233-a65e-c650d177ebfe",
        "geocoding_address": "新北市烏來區信賢段0147-0002地號",
        "location_method": "地籍宗地圖形中心",
        "lng": 121.51835650205612,
        "lat": 24.823270409382296,
        "cadastral_office": "FC",
        "cadastral_section_code": "0747",
        "cadastral_land_no": "01470002"
      }
    },
    {
      "type": "Feature",
      "geometry": {
        "type": "Point",
        "coordinates": [
          121.51249185204506,
          24.778463410581075
        ]
      },
      "properties": {
        "data_time": "",
        "source_row_no": "165",
        "name": "王軍二",
        "operator": "王軍二",
        "city": "新北市",
        "district": "烏來區",
        "address": "新北市烏來區福山段0011-0000地號",
        "phone": "0955658845",
        "certification_valid_until": "2027/03/31",
        "certification_status": "有機",
        "area_ha": 2.716,
        "source_type": "有機農場",
        "source_dataset": "新北市有機農場",
        "source_url": "https://data.ntpc.gov.tw/datasets/fc30f585-66d9-4233-a65e-c650d177ebfe",
        "geocoding_address": "新北市烏來區福山段0011-0000地號",
        "location_method": "地籍宗地圖形中心",
        "lng": 121.51249185204506,
        "lat": 24.778463410581075,
        "cadastral_office": "FC",
        "cadastral_section_code": "0748",
        "cadastral_land_no": "00110000"
      }
    },
    {
      "type": "Feature",
      "geometry": {
        "type": "Point",
        "coordinates": [
          121.56069248914719,
          24.85296034268194
        ]
      },
      "properties": {
        "data_time": "",
        "source_row_no": "166",
        "name": "周守信",
        "operator": "周守信",
        "city": "新北市",
        "district": "烏來區",
        "address": "新北市烏來區南勢段0646-0000地號",
        "phone": "0905808363",
        "certification_valid_until": "2027/03/31",
        "certification_status": "有機、轉型期",
        "area_ha": 6.5793,
        "source_type": "有機農場",
        "source_dataset": "新北市有機農場",
        "source_url": "https://data.ntpc.gov.tw/datasets/fc30f585-66d9-4233-a65e-c650d177ebfe",
        "geocoding_address": "新北市烏來區南勢段0646-0000地號",
        "location_method": "地籍宗地圖形中心",
        "lng": 121.56069248914719,
        "lat": 24.85296034268194,
        "cadastral_office": "FC",
        "cadastral_section_code": "0827",
        "cadastral_land_no": "06460000"
      }
    },
    {
      "type": "Feature",
      "geometry": {
        "type": "Point",
        "coordinates": [
          121.41604632139206,
          25.071551179224745
        ]
      },
      "properties": {
        "data_time": "",
        "source_row_no": "167",
        "name": "葉俊良",
        "operator": "葉俊良",
        "city": "新北市",
        "district": "五股區",
        "address": "新北市五股區福德段0849-0000地號等5筆土地",
        "phone": "0226015616",
        "certification_valid_until": "2027/05/02",
        "certification_status": "有機",
        "area_ha": 0.425,
        "source_type": "有機農場",
        "source_dataset": "新北市有機農場",
        "source_url": "https://data.ntpc.gov.tw/datasets/fc30f585-66d9-4233-a65e-c650d177ebfe",
        "geocoding_address": "新北市五股區福德段0849-0000地號",
        "location_method": "地籍宗地圖形中心",
        "lng": 121.41604632139206,
        "lat": 25.071551179224745,
        "cadastral_office": "FB",
        "cadastral_section_code": "2245",
        "cadastral_land_no": "08490000"
      }
    },
    {
      "type": "Feature",
      "geometry": {
        "type": "Point",
        "coordinates": [
          121.48724421858788,
          24.77579798267838
        ]
      },
      "properties": {
        "data_time": "",
        "source_row_no": "168",
        "name": "周熬",
        "operator": "周熬",
        "city": "新北市",
        "district": "烏來區",
        "address": "新北市烏來區羅蘭段0113-0000地號",
        "phone": "0928147247",
        "certification_valid_until": "2027/05/01",
        "certification_status": "有機",
        "area_ha": 2.778,
        "source_type": "有機農場",
        "source_dataset": "新北市有機農場",
        "source_url": "https://data.ntpc.gov.tw/datasets/fc30f585-66d9-4233-a65e-c650d177ebfe",
        "geocoding_address": "新北市烏來區羅蘭段0113-0000地號",
        "location_method": "地籍宗地圖形中心",
        "lng": 121.48724421858788,
        "lat": 24.77579798267838,
        "cadastral_office": "FC",
        "cadastral_section_code": "0825",
        "cadastral_land_no": "01130000"
      }
    },
    {
      "type": "Feature",
      "geometry": {
        "type": "Point",
        "coordinates": [
          121.54568418860434,
          24.857116000402634
        ]
      },
      "properties": {
        "data_time": "",
        "source_row_no": "169",
        "name": "游傳輝",
        "operator": "游傳輝",
        "city": "新北市",
        "district": "烏來區",
        "address": "新北市烏來區西羅岸段1115-0000地號",
        "phone": "0986372706",
        "certification_valid_until": "2027/04/20",
        "certification_status": "有機",
        "area_ha": 1.0035,
        "source_type": "有機農場",
        "source_dataset": "新北市有機農場",
        "source_url": "https://data.ntpc.gov.tw/datasets/fc30f585-66d9-4233-a65e-c650d177ebfe",
        "geocoding_address": "新北市烏來區西羅岸段1115-0000地號",
        "location_method": "地籍宗地圖形中心",
        "lng": 121.54568418860434,
        "lat": 24.857116000402634,
        "cadastral_office": "FC",
        "cadastral_section_code": "0829",
        "cadastral_land_no": "11150000"
      }
    },
    {
      "type": "Feature",
      "geometry": {
        "type": "Point",
        "coordinates": [
          121.55615260087338,
          25.261345239175956
        ]
      },
      "properties": {
        "data_time": "",
        "source_row_no": "170",
        "name": "陳香弟(青山農園)",
        "operator": "陳香弟",
        "city": "新北市",
        "district": "石門區",
        "address": "新北市石門區老梅段大丘田小段0130-0005地號",
        "phone": "0222864204",
        "certification_valid_until": "2026/07/13",
        "certification_status": "有機",
        "area_ha": 0.4319,
        "source_type": "有機農場",
        "source_dataset": "新北市有機農場",
        "source_url": "https://data.ntpc.gov.tw/datasets/fc30f585-66d9-4233-a65e-c650d177ebfe",
        "geocoding_address": "新北市石門區老梅段大丘田小段0130-0005地號",
        "location_method": "行政區中心",
        "lng": 121.55615260087338,
        "lat": 25.261345239175956
      }
    },
    {
      "type": "Feature",
      "geometry": {
        "type": "Point",
        "coordinates": [
          121.48810252547264,
          24.774480464645443
        ]
      },
      "properties": {
        "data_time": "",
        "source_row_no": "171",
        "name": "周琪",
        "operator": "周琪",
        "city": "新北市",
        "district": "烏來區",
        "address": "新北市烏來區羅蘭段0111-0000地號",
        "phone": "0973457933",
        "certification_valid_until": "2027/04/06",
        "certification_status": "有機",
        "area_ha": 2.4147,
        "source_type": "有機農場",
        "source_dataset": "新北市有機農場",
        "source_url": "https://data.ntpc.gov.tw/datasets/fc30f585-66d9-4233-a65e-c650d177ebfe",
        "geocoding_address": "新北市烏來區羅蘭段0111-0000地號",
        "location_method": "地籍宗地圖形中心",
        "lng": 121.48810252547264,
        "lat": 24.774480464645443,
        "cadastral_office": "FC",
        "cadastral_section_code": "0825",
        "cadastral_land_no": "01110000"
      }
    },
    {
      "type": "Feature",
      "geometry": {
        "type": "Point",
        "coordinates": [
          121.56897112727165,
          24.850016616731224
        ]
      },
      "properties": {
        "data_time": "",
        "source_row_no": "172",
        "name": "莊清泉",
        "operator": "莊清泉",
        "city": "新北市",
        "district": "烏來區",
        "address": "新北市烏來區南勢段0846-0006地號",
        "phone": "0905776082",
        "certification_valid_until": "2027/03/08",
        "certification_status": "有機",
        "area_ha": 2.9633,
        "source_type": "有機農場",
        "source_dataset": "新北市有機農場",
        "source_url": "https://data.ntpc.gov.tw/datasets/fc30f585-66d9-4233-a65e-c650d177ebfe",
        "geocoding_address": "新北市烏來區南勢段0846-0006地號",
        "location_method": "地籍宗地圖形中心",
        "lng": 121.56897112727165,
        "lat": 24.850016616731224,
        "cadastral_office": "FC",
        "cadastral_section_code": "0827",
        "cadastral_land_no": "08460006"
      }
    },
    {
      "type": "Feature",
      "geometry": {
        "type": "Point",
        "coordinates": [
          121.50671571493149,
          24.825523412900704
        ]
      },
      "properties": {
        "data_time": "",
        "source_row_no": "173",
        "name": "林惠妹",
        "operator": "林惠妹",
        "city": "新北市",
        "district": "烏來區",
        "address": "新北市烏來區信賢段0388-0000地號",
        "phone": "0975365156",
        "certification_valid_until": "2027/03/30",
        "certification_status": "有機",
        "area_ha": 4.7542,
        "source_type": "有機農場",
        "source_dataset": "新北市有機農場",
        "source_url": "https://data.ntpc.gov.tw/datasets/fc30f585-66d9-4233-a65e-c650d177ebfe",
        "geocoding_address": "新北市烏來區信賢段0388-0000地號",
        "location_method": "地籍宗地圖形中心",
        "lng": 121.50671571493149,
        "lat": 24.825523412900704,
        "cadastral_office": "FC",
        "cadastral_section_code": "0747",
        "cadastral_land_no": "03880000"
      }
    },
    {
      "type": "Feature",
      "geometry": {
        "type": "Point",
        "coordinates": [
          121.55276522040367,
          24.878236505588774
        ]
      },
      "properties": {
        "data_time": "",
        "source_row_no": "174",
        "name": "林賢欽",
        "operator": "林賢欽",
        "city": "新北市",
        "district": "烏來區",
        "address": "新北市烏來區嘎佑段0867-0000地號",
        "phone": "0981373474",
        "certification_valid_until": "2027/03/01",
        "certification_status": "有機、轉型期",
        "area_ha": 5.686,
        "source_type": "有機農場",
        "source_dataset": "新北市有機農場",
        "source_url": "https://data.ntpc.gov.tw/datasets/fc30f585-66d9-4233-a65e-c650d177ebfe",
        "geocoding_address": "新北市烏來區嘎佑段0867-0000地號",
        "location_method": "地籍宗地圖形中心",
        "lng": 121.55276522040367,
        "lat": 24.878236505588774,
        "cadastral_office": "FC",
        "cadastral_section_code": "0855",
        "cadastral_land_no": "08670000"
      }
    },
    {
      "type": "Feature",
      "geometry": {
        "type": "Point",
        "coordinates": [
          121.54887735843658,
          25.28003098812124
        ]
      },
      "properties": {
        "data_time": "",
        "source_row_no": "175",
        "name": "張明月(日月輝映農園)",
        "operator": "張明月",
        "city": "新北市",
        "district": "石門區",
        "address": "新北市石門區梅山段1068-0000地號",
        "phone": "0228911022",
        "certification_valid_until": "2027/06/08",
        "certification_status": "有機",
        "area_ha": 0.235,
        "source_type": "有機農場",
        "source_dataset": "新北市有機農場",
        "source_url": "https://data.ntpc.gov.tw/datasets/fc30f585-66d9-4233-a65e-c650d177ebfe",
        "geocoding_address": "新北市石門區梅山段1068-0000地號",
        "location_method": "地籍宗地圖形中心",
        "lng": 121.54887735843658,
        "lat": 25.28003098812124,
        "cadastral_office": "FE",
        "cadastral_section_code": "1357",
        "cadastral_land_no": "10680000"
      }
    },
    {
      "type": "Feature",
      "geometry": {
        "type": "Point",
        "coordinates": [
          121.55693021462231,
          25.25858423484583
        ]
      },
      "properties": {
        "data_time": "",
        "source_row_no": "176",
        "name": "陳威任(一山農場)",
        "operator": "陳威任",
        "city": "新北市",
        "district": "石門區",
        "address": "新北市石門區老梅段大丘田小段0149-0011地號",
        "phone": "0286260749",
        "certification_valid_until": "2028/10/16",
        "certification_status": "有機",
        "area_ha": 0.4927,
        "source_type": "有機農場",
        "source_dataset": "新北市有機農場",
        "source_url": "https://data.ntpc.gov.tw/datasets/fc30f585-66d9-4233-a65e-c650d177ebfe",
        "geocoding_address": "新北市石門區老梅段大丘田小段0149-0011地號",
        "location_method": "行政區中心",
        "lng": 121.55693021462231,
        "lat": 25.25858423484583
      }
    },
    {
      "type": "Feature",
      "geometry": {
        "type": "Point",
        "coordinates": [
          121.87774300575256,
          25.059086040743026
        ]
      },
      "properties": {
        "data_time": "",
        "source_row_no": "177",
        "name": "葉德昌",
        "operator": "葉德昌",
        "city": "新北市",
        "district": "雙溪區",
        "address": "新北市雙溪區三叉港段三叉港小段0914-0000地號",
        "phone": "0224932920",
        "certification_valid_until": "2027/01/17",
        "certification_status": "有機",
        "area_ha": 3.9934,
        "source_type": "有機農場",
        "source_dataset": "新北市有機農場",
        "source_url": "https://data.ntpc.gov.tw/datasets/fc30f585-66d9-4233-a65e-c650d177ebfe",
        "geocoding_address": "新北市雙溪區三叉港段三叉港小段0914-0000地號",
        "location_method": "地籍宗地圖形中心",
        "lng": 121.87774300575256,
        "lat": 25.059086040743026,
        "cadastral_office": "FF",
        "cadastral_section_code": "1527",
        "cadastral_land_no": "09140000"
      }
    },
    {
      "type": "Feature",
      "geometry": {
        "type": "Point",
        "coordinates": [
          121.56893357634544,
          24.84927185171136
        ]
      },
      "properties": {
        "data_time": "",
        "source_row_no": "178",
        "name": "莊清溪",
        "operator": "莊清溪",
        "city": "新北市",
        "district": "烏來區",
        "address": "新北市烏來區南勢段0853-0001地號",
        "phone": "0914100888",
        "certification_valid_until": "2027/03/08",
        "certification_status": "有機",
        "area_ha": 1.6131,
        "source_type": "有機農場",
        "source_dataset": "新北市有機農場",
        "source_url": "https://data.ntpc.gov.tw/datasets/fc30f585-66d9-4233-a65e-c650d177ebfe",
        "geocoding_address": "新北市烏來區南勢段0853-0001地號",
        "location_method": "地籍宗地圖形中心",
        "lng": 121.56893357634544,
        "lat": 24.84927185171136,
        "cadastral_office": "FC",
        "cadastral_section_code": "0827",
        "cadastral_land_no": "08530001"
      }
    },
    {
      "type": "Feature",
      "geometry": {
        "type": "Point",
        "coordinates": [
          121.38903513550758,
          25.12602399827034
        ]
      },
      "properties": {
        "data_time": "",
        "source_row_no": "179",
        "name": "洪柏榕(八里榕爺黃金筍農場)",
        "operator": "洪柏榕",
        "city": "新北市",
        "district": "八里區",
        "address": "新北市八里區楓林段1933-0000地號",
        "phone": "0989671717",
        "certification_valid_until": "2027/07/28",
        "certification_status": "有機",
        "area_ha": 0.285,
        "source_type": "有機農場",
        "source_dataset": "新北市有機農場",
        "source_url": "https://data.ntpc.gov.tw/datasets/fc30f585-66d9-4233-a65e-c650d177ebfe",
        "geocoding_address": "新北市八里區楓林段1933-0000地號",
        "location_method": "地籍宗地圖形中心",
        "lng": 121.38903513550758,
        "lat": 25.12602399827034,
        "cadastral_office": "FE",
        "cadastral_section_code": "1328",
        "cadastral_land_no": "19330000"
      }
    },
    {
      "type": "Feature",
      "geometry": {
        "type": "Point",
        "coordinates": [
          121.6312238574028,
          24.954810916576257
        ]
      },
      "properties": {
        "data_time": "",
        "source_row_no": "180",
        "name": "農業部茶及飲料作物改良場(北部分場)",
        "operator": "蘇宗振",
        "city": "新北市",
        "district": "石碇區",
        "address": "新北市石碇區小格頭段火燒樟小段0065-0000地號",
        "phone": "0226651801",
        "certification_valid_until": "2026/12/31",
        "certification_status": "有機、轉型期",
        "area_ha": 0.253,
        "source_type": "有機農場",
        "source_dataset": "新北市有機農場",
        "source_url": "https://data.ntpc.gov.tw/datasets/fc30f585-66d9-4233-a65e-c650d177ebfe",
        "geocoding_address": "新北市石碇區小格頭段火燒樟小段0065-0000地號",
        "location_method": "地籍宗地圖形中心",
        "lng": 121.6312238574028,
        "lat": 24.954810916576257,
        "cadastral_office": "FC",
        "cadastral_section_code": "0625",
        "cadastral_land_no": "00650000"
      }
    },
    {
      "type": "Feature",
      "geometry": {
        "type": "Point",
        "coordinates": [
          121.83177664875984,
          24.94334080418252
        ]
      },
      "properties": {
        "data_time": "",
        "source_row_no": "181",
        "name": "葉宗和(烏山庄自然農場)",
        "operator": "葉宗和",
        "city": "新北市",
        "district": "雙溪區",
        "address": "新北市雙溪區烏山段烏山小段0043-0001地號",
        "phone": "0980026376",
        "certification_valid_until": "2027/08/24",
        "certification_status": "有機",
        "area_ha": 1.1235,
        "source_type": "有機農場",
        "source_dataset": "新北市有機農場",
        "source_url": "https://data.ntpc.gov.tw/datasets/fc30f585-66d9-4233-a65e-c650d177ebfe",
        "geocoding_address": "新北市雙溪區烏山段烏山小段0043-0001地號",
        "location_method": "地籍宗地圖形中心",
        "lng": 121.83177664875984,
        "lat": 24.94334080418252,
        "cadastral_office": "FF",
        "cadastral_section_code": "1501",
        "cadastral_land_no": "00430001"
      }
    },
    {
      "type": "Feature",
      "geometry": {
        "type": "Point",
        "coordinates": [
          121.77917987108232,
          24.944252806314548
        ]
      },
      "properties": {
        "data_time": "",
        "source_row_no": "182",
        "name": "曾季音",
        "operator": "曾季音",
        "city": "新北市",
        "district": "坪林區",
        "address": "新北市坪林區鷺鶿岫段中心崙小段0086-0000地號",
        "phone": "0939322879",
        "certification_valid_until": "2027/09/13",
        "certification_status": "有機",
        "area_ha": 1.5208,
        "source_type": "有機農場",
        "source_dataset": "新北市有機農場",
        "source_url": "https://data.ntpc.gov.tw/datasets/fc30f585-66d9-4233-a65e-c650d177ebfe",
        "geocoding_address": "新北市坪林區鷺鶿岫段中心崙小段0086-0000地號",
        "location_method": "地籍宗地圖形中心",
        "lng": 121.77917987108232,
        "lat": 24.944252806314548,
        "cadastral_office": "FC",
        "cadastral_section_code": "0742",
        "cadastral_land_no": "00860000"
      }
    },
    {
      "type": "Feature",
      "geometry": {
        "type": "Point",
        "coordinates": [
          121.79686635732651,
          25.01359051035101
        ]
      },
      "properties": {
        "data_time": "",
        "source_row_no": "183",
        "name": "余更生",
        "operator": "余更生",
        "city": "新北市",
        "district": "雙溪區",
        "address": "新北市雙溪區柑腳段柑腳小段0504-0001地號",
        "phone": "0911430892",
        "certification_valid_until": "2027/09/13",
        "certification_status": "有機",
        "area_ha": 1.1195,
        "source_type": "有機農場",
        "source_dataset": "新北市有機農場",
        "source_url": "https://data.ntpc.gov.tw/datasets/fc30f585-66d9-4233-a65e-c650d177ebfe",
        "geocoding_address": "新北市雙溪區柑腳段柑腳小段0504-0001地號",
        "location_method": "地籍宗地圖形中心",
        "lng": 121.79686635732651,
        "lat": 25.01359051035101,
        "cadastral_office": "FF",
        "cadastral_section_code": "1489",
        "cadastral_land_no": "05040001"
      }
    },
    {
      "type": "Feature",
      "geometry": {
        "type": "Point",
        "coordinates": [
          121.32815971970558,
          25.10238844856068
        ]
      },
      "properties": {
        "data_time": "",
        "source_row_no": "184",
        "name": "徐鼎鈞(純土有機農場)",
        "operator": "徐鼎鈞",
        "city": "新北市",
        "district": "林口區",
        "address": "新北市林口區頂福段0536-0000",
        "phone": "0932248630",
        "certification_valid_until": "2028/12/20",
        "certification_status": "有機",
        "area_ha": 0.4558,
        "source_type": "有機農場",
        "source_dataset": "新北市有機農場",
        "source_url": "https://data.ntpc.gov.tw/datasets/fc30f585-66d9-4233-a65e-c650d177ebfe",
        "geocoding_address": "新北市林口區頂福段0536-0000地號",
        "location_method": "地籍宗地圖形中心",
        "lng": 121.32815971970558,
        "lat": 25.10238844856068,
        "cadastral_office": "FB",
        "cadastral_section_code": "2258",
        "cadastral_land_no": "05360000"
      }
    },
    {
      "type": "Feature",
      "geometry": {
        "type": "Point",
        "coordinates": [
          121.51543825864792,
          25.277273345807473
        ]
      },
      "properties": {
        "data_time": "",
        "source_row_no": "185",
        "name": "謝文里(里約田園)",
        "operator": "謝文里",
        "city": "新北市",
        "district": "石門區",
        "address": "新北市石門區白沙灣段0901-0000地號",
        "phone": "0939051513",
        "certification_valid_until": "2027/12/31",
        "certification_status": "有機",
        "area_ha": 0.5683,
        "source_type": "有機農場",
        "source_dataset": "新北市有機農場",
        "source_url": "https://data.ntpc.gov.tw/datasets/fc30f585-66d9-4233-a65e-c650d177ebfe",
        "geocoding_address": "新北市石門區白沙灣段0901-0000地號",
        "location_method": "地籍宗地圖形中心",
        "lng": 121.51543825864792,
        "lat": 25.277273345807473,
        "cadastral_office": "FE",
        "cadastral_section_code": "1355",
        "cadastral_land_no": "09010000"
      }
    },
    {
      "type": "Feature",
      "geometry": {
        "type": "Point",
        "coordinates": [
          121.61082968115807,
          25.191761502752648
        ]
      },
      "properties": {
        "data_time": "",
        "source_row_no": "187",
        "name": "林逸群(大野狼森林農莊)",
        "operator": "林逸群",
        "city": "新北市",
        "district": "萬里區",
        "address": "新北市萬里區下萬里加投段焿子坪頂小段0063-0007地號",
        "phone": "0228739251",
        "certification_valid_until": "2028/02/20",
        "certification_status": "有機",
        "area_ha": 0.2968,
        "source_type": "有機農場",
        "source_dataset": "新北市有機農場",
        "source_url": "https://data.ntpc.gov.tw/datasets/fc30f585-66d9-4233-a65e-c650d177ebfe",
        "geocoding_address": "新北市萬里區下萬里加投段焿子坪頂小段0063-0007地號",
        "location_method": "地籍宗地圖形中心",
        "lng": 121.61082968115807,
        "lat": 25.191761502752648,
        "cadastral_office": "FD",
        "cadastral_section_code": "0973",
        "cadastral_land_no": "00630007"
      }
    },
    {
      "type": "Feature",
      "geometry": {
        "type": "Point",
        "coordinates": [
          121.58786192536354,
          25.2113636043467
        ]
      },
      "properties": {
        "data_time": "",
        "source_row_no": "188",
        "name": "阿原工作室股份有限公司",
        "operator": "楊尚軒",
        "city": "新北市",
        "district": "金山區",
        "address": "新北市金山區頂角段磺溪頭小段0123-0000地號",
        "phone": "0224985951",
        "certification_valid_until": "2028/01/03",
        "certification_status": "有機",
        "area_ha": 3.2002,
        "source_type": "有機農場",
        "source_dataset": "新北市有機農場",
        "source_url": "https://data.ntpc.gov.tw/datasets/fc30f585-66d9-4233-a65e-c650d177ebfe",
        "geocoding_address": "新北市金山區頂角段磺溪頭小段0123-0000地號",
        "location_method": "地籍宗地圖形中心",
        "lng": 121.58786192536354,
        "lat": 25.2113636043467,
        "cadastral_office": "FD",
        "cadastral_section_code": "0920",
        "cadastral_land_no": "01230000"
      }
    },
    {
      "type": "Feature",
      "geometry": {
        "type": "Point",
        "coordinates": [
          121.73186838626862,
          24.96748359832501
        ]
      },
      "properties": {
        "data_time": "",
        "source_row_no": "189",
        "name": "詹承得(頑農食茶)",
        "operator": "詹承得",
        "city": "新北市",
        "district": "坪林區",
        "address": "新北市坪林區漁光段0331-0000地號",
        "phone": "0226655906",
        "certification_valid_until": "2027/10/27",
        "certification_status": "有機",
        "area_ha": 0.2481,
        "source_type": "有機農場",
        "source_dataset": "新北市有機農場",
        "source_url": "https://data.ntpc.gov.tw/datasets/fc30f585-66d9-4233-a65e-c650d177ebfe",
        "geocoding_address": "新北市坪林區漁光段0331-0000地號",
        "location_method": "地籍宗地圖形中心",
        "lng": 121.73186838626862,
        "lat": 24.96748359832501,
        "cadastral_office": "FC",
        "cadastral_section_code": "0878",
        "cadastral_land_no": "03310000"
      }
    },
    {
      "type": "Feature",
      "geometry": {
        "type": "Point",
        "coordinates": [
          121.70548886060715,
          24.907627398808565
        ]
      },
      "properties": {
        "data_time": "",
        "source_row_no": "190",
        "name": "陳英傑(文山茶園)",
        "operator": "陳英傑",
        "city": "新北市",
        "district": "坪林區",
        "address": "新北市坪林區保安段1541-0000地號",
        "phone": "0226656010",
        "certification_valid_until": "2027/12/31",
        "certification_status": "有機",
        "area_ha": 0.3414,
        "source_type": "有機農場",
        "source_dataset": "新北市有機農場",
        "source_url": "https://data.ntpc.gov.tw/datasets/fc30f585-66d9-4233-a65e-c650d177ebfe",
        "geocoding_address": "新北市坪林區保安段1541-0000地號",
        "location_method": "地籍宗地圖形中心",
        "lng": 121.70548886060715,
        "lat": 24.907627398808565,
        "cadastral_office": "FC",
        "cadastral_section_code": "0881",
        "cadastral_land_no": "15410000"
      }
    },
    {
      "type": "Feature",
      "geometry": {
        "type": "Point",
        "coordinates": [
          121.54952377080919,
          24.97450571327903
        ]
      },
      "properties": {
        "data_time": "",
        "source_row_no": "191",
        "name": "安萌生物科技有限公司",
        "operator": "吳宗諭",
        "city": "新北市",
        "district": "新店區",
        "address": "新北市新店區寶橋段0445-0000地號",
        "phone": "0905700973",
        "certification_valid_until": "2028/02/06",
        "certification_status": "有機",
        "area_ha": 0.0311,
        "source_type": "有機農場",
        "source_dataset": "新北市有機農場",
        "source_url": "https://data.ntpc.gov.tw/datasets/fc30f585-66d9-4233-a65e-c650d177ebfe",
        "geocoding_address": "新北市新店區寶橋段0445-0000地號",
        "location_method": "地籍宗地圖形中心",
        "lng": 121.54952377080919,
        "lat": 24.97450571327903,
        "cadastral_office": "FC",
        "cadastral_section_code": "0781",
        "cadastral_land_no": "04450000"
      }
    },
    {
      "type": "Feature",
      "geometry": {
        "type": "Point",
        "coordinates": [
          121.82055160403252,
          24.949573930331304
        ]
      },
      "properties": {
        "data_time": "",
        "source_row_no": "192",
        "name": "吳金彭",
        "operator": "吳金彭",
        "city": "新北市",
        "district": "雙溪區",
        "address": "新北市雙溪區烏山段大湖尾小段0045-0002地號",
        "phone": "0975030792",
        "certification_valid_until": "2028/02/28",
        "certification_status": "有機",
        "area_ha": 1.0794,
        "source_type": "有機農場",
        "source_dataset": "新北市有機農場",
        "source_url": "https://data.ntpc.gov.tw/datasets/fc30f585-66d9-4233-a65e-c650d177ebfe",
        "geocoding_address": "新北市雙溪區烏山段大湖尾小段0045-0002地號",
        "location_method": "地籍宗地圖形中心",
        "lng": 121.82055160403252,
        "lat": 24.949573930331304,
        "cadastral_office": "FF",
        "cadastral_section_code": "1502",
        "cadastral_land_no": "00450002"
      }
    },
    {
      "type": "Feature",
      "geometry": {
        "type": "Point",
        "coordinates": [
          121.44880011677742,
          24.96560521145508
        ]
      },
      "properties": {
        "data_time": "",
        "source_row_no": "193",
        "name": "邱顯達",
        "operator": "邱顯達",
        "city": "新北市",
        "district": "土城區",
        "address": "新北市土城區忠義段0868-0000地號",
        "phone": "0922910767",
        "certification_valid_until": "2028/02/21",
        "certification_status": "有機",
        "area_ha": 0.1748,
        "source_type": "有機農場",
        "source_dataset": "新北市有機農場",
        "source_url": "https://data.ntpc.gov.tw/datasets/fc30f585-66d9-4233-a65e-c650d177ebfe",
        "geocoding_address": "新北市土城區忠義段0868-0000地號",
        "location_method": "地籍宗地圖形中心",
        "lng": 121.44880011677742,
        "lat": 24.96560521145508,
        "cadastral_office": "FA",
        "cadastral_section_code": "0212",
        "cadastral_land_no": "08680000"
      }
    },
    {
      "type": "Feature",
      "geometry": {
        "type": "Point",
        "coordinates": [
          121.4039468765259,
          25.143558272024126
        ]
      },
      "properties": {
        "data_time": "",
        "source_row_no": "194",
        "name": "張麗雲",
        "operator": "張麗雲",
        "city": "新北市",
        "district": "八里區",
        "address": "新北市八里區小八里坌段舊城小段0223-0000地號",
        "phone": "0926237508",
        "certification_valid_until": "2028/03/27",
        "certification_status": "有機",
        "area_ha": 0.2927,
        "source_type": "有機農場",
        "source_dataset": "新北市有機農場",
        "source_url": "https://data.ntpc.gov.tw/datasets/fc30f585-66d9-4233-a65e-c650d177ebfe",
        "geocoding_address": "新北市八里區小八里坌段舊城小段0223-0000地號",
        "location_method": "地籍宗地圖形中心",
        "lng": 121.4039468765259,
        "lat": 25.143558272024126,
        "cadastral_office": "FE",
        "cadastral_section_code": "1274",
        "cadastral_land_no": "02230000"
      }
    },
    {
      "type": "Feature",
      "geometry": {
        "type": "Point",
        "coordinates": [
          121.3803032040596,
          24.849293757090162
        ]
      },
      "properties": {
        "data_time": "",
        "source_row_no": "195",
        "name": "呂理村",
        "operator": "呂理村",
        "city": "新北市",
        "district": "三峽區",
        "address": "新北市三峽區五寮段詩朗小段0150-0026地號",
        "phone": "0919956498",
        "certification_valid_until": "2028/07/04",
        "certification_status": "有機",
        "area_ha": 1.1154,
        "source_type": "有機農場",
        "source_dataset": "新北市有機農場",
        "source_url": "https://data.ntpc.gov.tw/datasets/fc30f585-66d9-4233-a65e-c650d177ebfe",
        "geocoding_address": "新北市三峽區五寮段詩朗小段0150-0026地號",
        "location_method": "地籍宗地圖形中心",
        "lng": 121.3803032040596,
        "lat": 24.849293757090162,
        "cadastral_office": "FI",
        "cadastral_section_code": "0084",
        "cadastral_land_no": "01500026"
      }
    },
    {
      "type": "Feature",
      "geometry": {
        "type": "Point",
        "coordinates": [
          121.4116922216092,
          24.89384473158079
        ]
      },
      "properties": {
        "data_time": "",
        "source_row_no": "196",
        "name": "朱柏榮",
        "operator": "朱柏榮",
        "city": "新北市",
        "district": "三峽區",
        "address": "新北市三峽區五寮里詩朗14之1號",
        "phone": "0226729146",
        "certification_valid_until": "2028/07/05",
        "certification_status": "有機",
        "area_ha": 0.26,
        "source_type": "有機農場",
        "source_dataset": "新北市有機農場",
        "source_url": "https://data.ntpc.gov.tw/datasets/fc30f585-66d9-4233-a65e-c650d177ebfe",
        "geocoding_address": "新北市三峽區五寮里詩朗14之1號",
        "location_method": "行政區中心",
        "lng": 121.4116922216092,
        "lat": 24.89384473158079
      }
    },
    {
      "type": "Feature",
      "geometry": {
        "type": "Point",
        "coordinates": [
          121.73967763781548,
          24.976996669194563
        ]
      },
      "properties": {
        "data_time": "",
        "source_row_no": "197",
        "name": "白永杉(萬成茶園)",
        "operator": "白永杉",
        "city": "新北市",
        "district": "坪林區",
        "address": "新北市坪林區大舌湖段乾溪小段0072-0010地號",
        "phone": "0932628377",
        "certification_valid_until": "2028/08/17",
        "certification_status": "轉型期",
        "area_ha": 1.0358,
        "source_type": "有機農場",
        "source_dataset": "新北市有機農場",
        "source_url": "https://data.ntpc.gov.tw/datasets/fc30f585-66d9-4233-a65e-c650d177ebfe",
        "geocoding_address": "新北市坪林區大舌湖段乾溪小段0072-0010地號",
        "location_method": "地籍宗地圖形中心",
        "lng": 121.73967763781548,
        "lat": 24.976996669194563,
        "cadastral_office": "FC",
        "cadastral_section_code": "0733",
        "cadastral_land_no": "00720010"
      }
    },
    {
      "type": "Feature",
      "geometry": {
        "type": "Point",
        "coordinates": [
          121.88270106911659,
          25.064255200683355
        ]
      },
      "properties": {
        "data_time": "",
        "source_row_no": "198",
        "name": "周芷萱",
        "operator": "周芷萱",
        "city": "新北市",
        "district": "雙溪區",
        "address": "新北市雙溪區三叉港段三叉港小段0242-0002地號",
        "phone": "0925290558",
        "certification_valid_until": "2028/11/01",
        "certification_status": "有機",
        "area_ha": 2.7544,
        "source_type": "有機農場",
        "source_dataset": "新北市有機農場",
        "source_url": "https://data.ntpc.gov.tw/datasets/fc30f585-66d9-4233-a65e-c650d177ebfe",
        "geocoding_address": "新北市雙溪區三叉港段三叉港小段0242-0002地號",
        "location_method": "地籍宗地圖形中心",
        "lng": 121.88270106911659,
        "lat": 25.064255200683355,
        "cadastral_office": "FF",
        "cadastral_section_code": "1527",
        "cadastral_land_no": "02420002"
      }
    },
    {
      "type": "Feature",
      "geometry": {
        "type": "Point",
        "coordinates": [
          121.89579293131828,
          25.028331445270837
        ]
      },
      "properties": {
        "data_time": "",
        "source_row_no": "199",
        "name": "張源銘(慵然農園)",
        "operator": "張源銘",
        "city": "新北市",
        "district": "貢寮區",
        "address": "新北市貢寮區長潭段0096-0000地號等2筆土地",
        "phone": "0224582826",
        "certification_valid_until": "2027/07/20",
        "certification_status": "有機",
        "area_ha": 1.3695,
        "source_type": "有機農場",
        "source_dataset": "新北市有機農場",
        "source_url": "https://data.ntpc.gov.tw/datasets/fc30f585-66d9-4233-a65e-c650d177ebfe",
        "geocoding_address": "新北市貢寮區長潭段0096-0000地號",
        "location_method": "地籍宗地圖形中心",
        "lng": 121.89579293131828,
        "lat": 25.028331445270837,
        "cadastral_office": "FF",
        "cadastral_section_code": "1551",
        "cadastral_land_no": "00960000"
      }
    },
    {
      "type": "Feature",
      "geometry": {
        "type": "Point",
        "coordinates": [
          121.47302582859993,
          25.203616092960065
        ]
      },
      "properties": {
        "data_time": "",
        "source_row_no": "201",
        "name": "張國良(良好有機農場)",
        "operator": "張國良",
        "city": "新北市",
        "district": "淡水區",
        "address": "新北市淡水區忠山段0362-0000地號等4筆土地",
        "phone": "0226215551",
        "certification_valid_until": "2027/08/19",
        "certification_status": "有機",
        "area_ha": 0.7394,
        "source_type": "有機農場",
        "source_dataset": "新北市有機農場",
        "source_url": "https://data.ntpc.gov.tw/datasets/fc30f585-66d9-4233-a65e-c650d177ebfe",
        "geocoding_address": "新北市淡水區忠山段0362-0000地號",
        "location_method": "地籍宗地圖形中心",
        "lng": 121.47302582859993,
        "lat": 25.203616092960065,
        "cadastral_office": "FE",
        "cadastral_section_code": "1338",
        "cadastral_land_no": "03620000"
      }
    },
    {
      "type": "Feature",
      "geometry": {
        "type": "Point",
        "coordinates": [
          121.77475824952126,
          24.963647766574965
        ]
      },
      "properties": {
        "data_time": "",
        "source_row_no": "202",
        "name": "洪麗惠(小葵有機)",
        "operator": "洪麗惠",
        "city": "新北市",
        "district": "坪林區",
        "address": "新北市坪林區闊瀨段闊瀨小段0061-0000地號",
        "phone": "0933828566",
        "certification_valid_until": "2028/08/19",
        "certification_status": "有機、轉型期",
        "area_ha": 0.9181,
        "source_type": "有機農場",
        "source_dataset": "新北市有機農場",
        "source_url": "https://data.ntpc.gov.tw/datasets/fc30f585-66d9-4233-a65e-c650d177ebfe",
        "geocoding_address": "新北市坪林區闊瀨段闊瀨小段0061-0000地號",
        "location_method": "地籍宗地圖形中心",
        "lng": 121.77475824952126,
        "lat": 24.963647766574965,
        "cadastral_office": "FC",
        "cadastral_section_code": "0737",
        "cadastral_land_no": "00610000"
      }
    },
    {
      "type": "Feature",
      "geometry": {
        "type": "Point",
        "coordinates": [
          121.88076317310333,
          25.062172989714085
        ]
      },
      "properties": {
        "data_time": "",
        "source_row_no": "203",
        "name": "張學良(羌之谷自然農園)",
        "operator": "張學良",
        "city": "新北市",
        "district": "雙溪區",
        "address": "新北市雙溪區三叉港段三叉港小段0198-0000地號",
        "phone": "0921928770",
        "certification_valid_until": "2026/06/03",
        "certification_status": "有機",
        "area_ha": 1.4252,
        "source_type": "有機農場",
        "source_dataset": "新北市有機農場",
        "source_url": "https://data.ntpc.gov.tw/datasets/fc30f585-66d9-4233-a65e-c650d177ebfe",
        "geocoding_address": "新北市雙溪區三叉港段三叉港小段0198-0000地號",
        "location_method": "地籍宗地圖形中心",
        "lng": 121.88076317310333,
        "lat": 25.062172989714085,
        "cadastral_office": "FF",
        "cadastral_section_code": "1527",
        "cadastral_land_no": "01980000"
      }
    },
    {
      "type": "Feature",
      "geometry": {
        "type": "Point",
        "coordinates": [
          121.5497061610222,
          25.282958334783693
        ]
      },
      "properties": {
        "data_time": "",
        "source_row_no": "204",
        "name": "江阿葉（春葉農園）",
        "operator": "江阿葉",
        "city": "新北市",
        "district": "石門區",
        "address": "新北市石門區梅山段0823-0000地號",
        "phone": "0226380012",
        "certification_valid_until": "2026/04/19",
        "certification_status": "有機、轉型期",
        "area_ha": 0.2085,
        "source_type": "有機農場",
        "source_dataset": "新北市有機農場",
        "source_url": "https://data.ntpc.gov.tw/datasets/fc30f585-66d9-4233-a65e-c650d177ebfe",
        "geocoding_address": "新北市石門區梅山段0823-0000地號",
        "location_method": "地籍宗地圖形中心",
        "lng": 121.5497061610222,
        "lat": 25.282958334783693,
        "cadastral_office": "FE",
        "cadastral_section_code": "1357",
        "cadastral_land_no": "08230000"
      }
    },
    {
      "type": "Feature",
      "geometry": {
        "type": "Point",
        "coordinates": [
          121.48549407720566,
          25.21193630868359
        ]
      },
      "properties": {
        "data_time": "",
        "source_row_no": "205",
        "name": "林恒晉(開心田有機農場)",
        "operator": "林恒晉",
        "city": "新北市",
        "district": "淡水區",
        "address": "新北市淡水區蕃薯段0413-0000地號",
        "phone": "0226250595",
        "certification_valid_until": "2027/11/07",
        "certification_status": "有機",
        "area_ha": 1.2791,
        "source_type": "有機農場",
        "source_dataset": "新北市有機農場",
        "source_url": "https://data.ntpc.gov.tw/datasets/fc30f585-66d9-4233-a65e-c650d177ebfe",
        "geocoding_address": "新北市淡水區蕃薯段0413-0000地號",
        "location_method": "地籍宗地圖形中心",
        "lng": 121.48549407720566,
        "lat": 25.21193630868359,
        "cadastral_office": "FE",
        "cadastral_section_code": "1339",
        "cadastral_land_no": "04130000"
      }
    },
    {
      "type": "Feature",
      "geometry": {
        "type": "Point",
        "coordinates": [
          121.5502305328846,
          25.280359620662498
        ]
      },
      "properties": {
        "data_time": "",
        "source_row_no": "206",
        "name": "簡正龍(正道有機農園)",
        "operator": "簡正龍",
        "city": "新北市",
        "district": "石門區",
        "address": "新北市石門區梅山段1033-0000地號",
        "phone": "0226381770",
        "certification_valid_until": "2028/12/31",
        "certification_status": "轉型期",
        "area_ha": 0.3629,
        "source_type": "有機農場",
        "source_dataset": "新北市有機農場",
        "source_url": "https://data.ntpc.gov.tw/datasets/fc30f585-66d9-4233-a65e-c650d177ebfe",
        "geocoding_address": "新北市石門區梅山段1033-0000地號",
        "location_method": "地籍宗地圖形中心",
        "lng": 121.5502305328846,
        "lat": 25.280359620662498,
        "cadastral_office": "FE",
        "cadastral_section_code": "1357",
        "cadastral_land_no": "10330000"
      }
    },
    {
      "type": "Feature",
      "geometry": {
        "type": "Point",
        "coordinates": [
          121.39921948313713,
          24.96155776855175
        ]
      },
      "properties": {
        "data_time": "",
        "source_row_no": "207",
        "name": "高美蓮",
        "operator": "高美蓮",
        "city": "新北市",
        "district": "樹林區",
        "address": "新北市樹林區北園段0814-0000地號",
        "phone": "0955072626",
        "certification_valid_until": "2029/01/02",
        "certification_status": "有機",
        "area_ha": 1.3926,
        "source_type": "有機農場",
        "source_dataset": "新北市有機農場",
        "source_url": "https://data.ntpc.gov.tw/datasets/fc30f585-66d9-4233-a65e-c650d177ebfe",
        "geocoding_address": "新北市樹林區北園段0814-0000地號",
        "location_method": "地籍宗地圖形中心",
        "lng": 121.39921948313713,
        "lat": 24.96155776855175,
        "cadastral_office": "FI",
        "cadastral_section_code": "1973",
        "cadastral_land_no": "08140000"
      }
    },
    {
      "type": "Feature",
      "geometry": {
        "type": "Point",
        "coordinates": [
          121.5776078402996,
          25.265542360623833
        ]
      },
      "properties": {
        "data_time": "",
        "source_row_no": "208",
        "name": "江平(江豐生態農園)",
        "operator": "江平",
        "city": "新北市",
        "district": "石門區",
        "address": "新北市石門區石門段石門小段0365-0000地號",
        "phone": "0226383311",
        "certification_valid_until": "2029/04/11",
        "certification_status": "轉型期",
        "area_ha": 2.9432,
        "source_type": "有機農場",
        "source_dataset": "新北市有機農場",
        "source_url": "https://data.ntpc.gov.tw/datasets/fc30f585-66d9-4233-a65e-c650d177ebfe",
        "geocoding_address": "新北市石門區石門段石門小段0365-0000地號",
        "location_method": "地籍宗地圖形中心",
        "lng": 121.5776078402996,
        "lat": 25.265542360623833,
        "cadastral_office": "FE",
        "cadastral_section_code": "1244",
        "cadastral_land_no": "03650000"
      }
    },
    {
      "type": "Feature",
      "geometry": {
        "type": "Point",
        "coordinates": [
          121.87983244657516,
          25.05134101057279
        ]
      },
      "properties": {
        "data_time": "",
        "source_row_no": "209",
        "name": "陳德南",
        "operator": "陳德南",
        "city": "新北市",
        "district": "雙溪區",
        "address": "新北市雙溪區三叉港段三叉港小段854地號坵塊01",
        "phone": "0907399338",
        "certification_valid_until": "2026/04/27",
        "certification_status": "轉型期",
        "area_ha": 2.6509,
        "source_type": "有機農場",
        "source_dataset": "新北市有機農場",
        "source_url": "https://data.ntpc.gov.tw/datasets/fc30f585-66d9-4233-a65e-c650d177ebfe",
        "geocoding_address": "新北市雙溪區三叉港段三叉港小段0854-0000地號",
        "location_method": "地籍宗地圖形中心",
        "lng": 121.87983244657516,
        "lat": 25.05134101057279,
        "cadastral_office": "FF",
        "cadastral_section_code": "1527",
        "cadastral_land_no": "08540000"
      }
    },
    {
      "type": "Feature",
      "geometry": {
        "type": "Point",
        "coordinates": [
          121.73407316207886,
          24.96697783474093
        ]
      },
      "properties": {
        "data_time": "",
        "source_row_no": "210",
        "name": "陳善嘉（淨源有機農場）",
        "operator": "陳善嘉",
        "city": "新北市",
        "district": "坪林區",
        "address": "新北市坪林區漁光段0340-0000地號",
        "phone": "0226657110",
        "certification_valid_until": "2029/12/31",
        "certification_status": "有機",
        "area_ha": 0.4258,
        "source_type": "有機農場",
        "source_dataset": "新北市有機農場",
        "source_url": "https://data.ntpc.gov.tw/datasets/fc30f585-66d9-4233-a65e-c650d177ebfe",
        "geocoding_address": "新北市坪林區漁光段0340-0000地號",
        "location_method": "地籍宗地圖形中心",
        "lng": 121.73407316207886,
        "lat": 24.96697783474093,
        "cadastral_office": "FC",
        "cadastral_section_code": "0878",
        "cadastral_land_no": "03400000"
      }
    },
    {
      "type": "Feature",
      "geometry": {
        "type": "Point",
        "coordinates": [
          121.79138392210007,
          25.02859999837758
        ]
      },
      "properties": {
        "data_time": "",
        "source_row_no": "211",
        "name": "陳金印",
        "operator": "陳金印",
        "city": "新北市",
        "district": "平溪區",
        "address": "新北市平溪區十分寮段番子坑小段0060-0000地號等6筆土地",
        "phone": "0224978788",
        "certification_valid_until": "2026/03/31",
        "certification_status": "有機",
        "area_ha": 0.2994,
        "source_type": "有機農場",
        "source_dataset": "新北市有機農場",
        "source_url": "https://data.ntpc.gov.tw/datasets/fc30f585-66d9-4233-a65e-c650d177ebfe",
        "geocoding_address": "新北市平溪區十分寮段番子坑小段0060-0000地號",
        "location_method": "地籍宗地圖形中心",
        "lng": 121.79138392210007,
        "lat": 25.02859999837758,
        "cadastral_office": "FF",
        "cadastral_section_code": "1450",
        "cadastral_land_no": "00600000"
      }
    },
    {
      "type": "Feature",
      "geometry": {
        "type": "Point",
        "coordinates": [
          121.37272864580154,
          24.856587880906574
        ]
      },
      "properties": {
        "data_time": "",
        "source_row_no": "212",
        "name": "李鴻全",
        "operator": "李鴻全",
        "city": "新北市",
        "district": "三峽區",
        "address": "新北市三峽區五寮段詩朗小段0031-0047號",
        "phone": "0223363546",
        "certification_valid_until": "2026/07/31",
        "certification_status": "轉型期",
        "area_ha": 0.393,
        "source_type": "有機農場",
        "source_dataset": "新北市有機農場",
        "source_url": "https://data.ntpc.gov.tw/datasets/fc30f585-66d9-4233-a65e-c650d177ebfe",
        "geocoding_address": "新北市三峽區五寮段詩朗小段0031-0047地號",
        "location_method": "地籍宗地圖形中心",
        "lng": 121.37272864580154,
        "lat": 24.856587880906574,
        "cadastral_office": "FI",
        "cadastral_section_code": "0084",
        "cadastral_land_no": "00310047"
      }
    },
    {
      "type": "Feature",
      "geometry": {
        "type": "Point",
        "coordinates": [
          121.36876165866852,
          24.855491477867297
        ]
      },
      "properties": {
        "data_time": "",
        "source_row_no": "213",
        "name": "賴國福",
        "operator": "賴國福",
        "city": "新北市",
        "district": "三峽區",
        "address": "新北市三峽區五寮段詩朗小段0023-0009地號",
        "phone": "0910347231",
        "certification_valid_until": "2026/07/31",
        "certification_status": "轉型期",
        "area_ha": 0.0563,
        "source_type": "有機農場",
        "source_dataset": "新北市有機農場",
        "source_url": "https://data.ntpc.gov.tw/datasets/fc30f585-66d9-4233-a65e-c650d177ebfe",
        "geocoding_address": "新北市三峽區五寮段詩朗小段0023-0009地號",
        "location_method": "地籍宗地圖形中心",
        "lng": 121.36876165866852,
        "lat": 24.855491477867297,
        "cadastral_office": "FI",
        "cadastral_section_code": "0084",
        "cadastral_land_no": "00230009"
      }
    },
    {
      "type": "Feature",
      "geometry": {
        "type": "Point",
        "coordinates": [
          121.40982359647751,
          25.122512469270244
        ]
      },
      "properties": {
        "data_time": "",
        "source_row_no": "214",
        "name": "王錦燦",
        "operator": "王錦燦",
        "city": "新北市",
        "district": "八里區",
        "address": "新北市八里區荖阡段1209-2地號",
        "phone": "0932364951",
        "certification_valid_until": "2026/08/01",
        "certification_status": "轉型期",
        "area_ha": 1.4212,
        "source_type": "有機農場",
        "source_dataset": "新北市有機農場",
        "source_url": "https://data.ntpc.gov.tw/datasets/fc30f585-66d9-4233-a65e-c650d177ebfe",
        "geocoding_address": "新北市八里區荖阡段1209-0002地號",
        "location_method": "地籍宗地圖形中心",
        "lng": 121.40982359647751,
        "lat": 25.122512469270244,
        "cadastral_office": "FE",
        "cadastral_section_code": "1329",
        "cadastral_land_no": "12090002"
      }
    },
    {
      "type": "Feature",
      "geometry": {
        "type": "Point",
        "coordinates": [
          121.62587285041809,
          25.198041459432776
        ]
      },
      "properties": {
        "data_time": "",
        "source_row_no": "215",
        "name": "徐碧雲",
        "operator": "徐碧雲",
        "city": "新北市",
        "district": "萬里區",
        "address": "新北市萬里區下萬里加投段磺溪子小段0121-0000地號",
        "phone": "0912578383",
        "certification_valid_until": "2026/06/26",
        "certification_status": "轉型期",
        "area_ha": 0.9961,
        "source_type": "有機農場",
        "source_dataset": "新北市有機農場",
        "source_url": "https://data.ntpc.gov.tw/datasets/fc30f585-66d9-4233-a65e-c650d177ebfe",
        "geocoding_address": "新北市萬里區下萬里加投段磺溪子小段0121-0000地號",
        "location_method": "地籍宗地圖形中心",
        "lng": 121.62587285041809,
        "lat": 25.198041459432776,
        "cadastral_office": "FD",
        "cadastral_section_code": "0965",
        "cadastral_land_no": "01210000"
      }
    },
    {
      "type": "Feature",
      "geometry": {
        "type": "Point",
        "coordinates": [
          121.79614618420601,
          25.008488496437867
        ]
      },
      "properties": {
        "data_time": "",
        "source_row_no": "216",
        "name": "吳建昭",
        "operator": "吳建昭",
        "city": "新北市",
        "district": "雙溪區",
        "address": "新北市雙溪區柑腳段柑腳小段0219-0000地號",
        "phone": "0932033615",
        "certification_valid_until": "2026/07/11",
        "certification_status": "轉型期",
        "area_ha": 0.2237,
        "source_type": "有機農場",
        "source_dataset": "新北市有機農場",
        "source_url": "https://data.ntpc.gov.tw/datasets/fc30f585-66d9-4233-a65e-c650d177ebfe",
        "geocoding_address": "新北市雙溪區柑腳段柑腳小段0219-0000地號",
        "location_method": "地籍宗地圖形中心",
        "lng": 121.79614618420601,
        "lat": 25.008488496437867,
        "cadastral_office": "FF",
        "cadastral_section_code": "1489",
        "cadastral_land_no": "02190000"
      }
    },
    {
      "type": "Feature",
      "geometry": {
        "type": "Point",
        "coordinates": [
          121.44109547138214,
          25.144324322410576
        ]
      },
      "properties": {
        "data_time": "",
        "source_row_no": "217",
        "name": "黃美珍",
        "operator": "黃美珍",
        "city": "新北市",
        "district": "八里區",
        "address": "新北市八里區龍形段147地號",
        "phone": "0226181022",
        "certification_valid_until": "2026/08/27",
        "certification_status": "轉型期",
        "area_ha": 0.4172,
        "source_type": "有機農場",
        "source_dataset": "新北市有機農場",
        "source_url": "https://data.ntpc.gov.tw/datasets/fc30f585-66d9-4233-a65e-c650d177ebfe",
        "geocoding_address": "新北市八里區龍形段0147-0000地號",
        "location_method": "地籍宗地圖形中心",
        "lng": 121.44109547138214,
        "lat": 25.144324322410576,
        "cadastral_office": "FE",
        "cadastral_section_code": "1349",
        "cadastral_land_no": "01470000"
      }
    },
    {
      "type": "Feature",
      "geometry": {
        "type": "Point",
        "coordinates": [
          121.41836374998093,
          25.1515778872821
        ]
      },
      "properties": {
        "data_time": "",
        "source_row_no": "218",
        "name": "陳文泉(泉家有機農園)",
        "operator": "陳文泉",
        "city": "新北市",
        "district": "八里區",
        "address": "新北市八里區楓櫃段0592-0000地號",
        "phone": "0226184243",
        "certification_valid_until": "2026/09/07",
        "certification_status": "轉型期",
        "area_ha": 0.2381,
        "source_type": "有機農場",
        "source_dataset": "新北市有機農場",
        "source_url": "https://data.ntpc.gov.tw/datasets/fc30f585-66d9-4233-a65e-c650d177ebfe",
        "geocoding_address": "新北市八里區楓櫃段0592-0000地號",
        "location_method": "地籍宗地圖形中心",
        "lng": 121.41836374998093,
        "lat": 25.1515778872821,
        "cadastral_office": "FE",
        "cadastral_section_code": "1347",
        "cadastral_land_no": "05920000"
      }
    },
    {
      "type": "Feature",
      "geometry": {
        "type": "Point",
        "coordinates": [
          121.41032919287682,
          25.121660071626273
        ]
      },
      "properties": {
        "data_time": "",
        "source_row_no": "219",
        "name": "張阿雪",
        "operator": "張阿雪",
        "city": "新北市",
        "district": "八里區",
        "address": "新北市八里區荖阡段1215地號",
        "phone": "0286305813",
        "certification_valid_until": "2026/08/01",
        "certification_status": "轉型期",
        "area_ha": 0.9956,
        "source_type": "有機農場",
        "source_dataset": "新北市有機農場",
        "source_url": "https://data.ntpc.gov.tw/datasets/fc30f585-66d9-4233-a65e-c650d177ebfe",
        "geocoding_address": "新北市八里區荖阡段1215-0000地號",
        "location_method": "地籍宗地圖形中心",
        "lng": 121.41032919287682,
        "lat": 25.121660071626273,
        "cadastral_office": "FE",
        "cadastral_section_code": "1329",
        "cadastral_land_no": "12150000"
      }
    },
    {
      "type": "Feature",
      "geometry": {
        "type": "Point",
        "coordinates": [
          121.35034158825874,
          24.85999019754226
        ]
      },
      "properties": {
        "data_time": "",
        "source_row_no": "220",
        "name": "呂孟樹",
        "operator": "呂孟樹",
        "city": "新北市",
        "district": "三峽區",
        "address": "新北市三峽區五寮段五寮小段0128-0006號",
        "phone": "0226720718",
        "certification_valid_until": "2026/07/24",
        "certification_status": "轉型期",
        "area_ha": 0.2948,
        "source_type": "有機農場",
        "source_dataset": "新北市有機農場",
        "source_url": "https://data.ntpc.gov.tw/datasets/fc30f585-66d9-4233-a65e-c650d177ebfe",
        "geocoding_address": "新北市三峽區五寮段五寮小段0128-0006地號",
        "location_method": "地籍宗地圖形中心",
        "lng": 121.35034158825874,
        "lat": 24.85999019754226,
        "cadastral_office": "FI",
        "cadastral_section_code": "0082",
        "cadastral_land_no": "01280006"
      }
    },
    {
      "type": "Feature",
      "geometry": {
        "type": "Point",
        "coordinates": [
          121.5632164478302,
          24.85321102482861
        ]
      },
      "properties": {
        "data_time": "",
        "source_row_no": "221",
        "name": "沈惠康",
        "operator": "沈惠康",
        "city": "新北市",
        "district": "烏來區",
        "address": "新北市烏來區南勢段0683-0000地號",
        "phone": "0919656604",
        "certification_valid_until": "2028/09/22",
        "certification_status": "轉型期",
        "area_ha": 0.9559,
        "source_type": "有機農場",
        "source_dataset": "新北市有機農場",
        "source_url": "https://data.ntpc.gov.tw/datasets/fc30f585-66d9-4233-a65e-c650d177ebfe",
        "geocoding_address": "新北市烏來區南勢段0683-0000地號",
        "location_method": "地籍宗地圖形中心",
        "lng": 121.5632164478302,
        "lat": 24.85321102482861,
        "cadastral_office": "FC",
        "cadastral_section_code": "0827",
        "cadastral_land_no": "06830000"
      }
    },
    {
      "type": "Feature",
      "geometry": {
        "type": "Point",
        "coordinates": [
          121.51076450943947,
          24.82140564910562
        ]
      },
      "properties": {
        "data_time": "",
        "source_row_no": "222",
        "name": "高正忠",
        "operator": "高正忠",
        "city": "新北市",
        "district": "烏來區",
        "address": "新北市烏來區信賢段0382-0000地號",
        "phone": "0988861039",
        "certification_valid_until": "2028/08/05",
        "certification_status": "轉型期",
        "area_ha": 3.0646,
        "source_type": "有機農場",
        "source_dataset": "新北市有機農場",
        "source_url": "https://data.ntpc.gov.tw/datasets/fc30f585-66d9-4233-a65e-c650d177ebfe",
        "geocoding_address": "新北市烏來區信賢段0382-0000地號",
        "location_method": "地籍宗地圖形中心",
        "lng": 121.51076450943947,
        "lat": 24.82140564910562,
        "cadastral_office": "FC",
        "cadastral_section_code": "0747",
        "cadastral_land_no": "03820000"
      }
    },
    {
      "type": "Feature",
      "geometry": {
        "type": "Point",
        "coordinates": [
          121.54641509056091,
          24.88046539735261
        ]
      },
      "properties": {
        "data_time": "",
        "source_row_no": "223",
        "name": "宋福生",
        "operator": "宋福生",
        "city": "新北市",
        "district": "烏來區",
        "address": "新北市烏來區堰堤段0472-0000地號",
        "phone": "0226616880",
        "certification_valid_until": "2028/09/24",
        "certification_status": "轉型期",
        "area_ha": 1.8752,
        "source_type": "有機農場",
        "source_dataset": "新北市有機農場",
        "source_url": "https://data.ntpc.gov.tw/datasets/fc30f585-66d9-4233-a65e-c650d177ebfe",
        "geocoding_address": "新北市烏來區堰堤段0472-0000地號",
        "location_method": "地籍宗地圖形中心",
        "lng": 121.54641509056091,
        "lat": 24.88046539735261,
        "cadastral_office": "FC",
        "cadastral_section_code": "0856",
        "cadastral_land_no": "04720000"
      }
    },
    {
      "type": "Feature",
      "geometry": {
        "type": "Point",
        "coordinates": [
          121.55305221676826,
          24.878738984037426
        ]
      },
      "properties": {
        "data_time": "",
        "source_row_no": "224",
        "name": "宋偉成",
        "operator": "宋偉成",
        "city": "新北市",
        "district": "烏來區",
        "address": "新北市烏來區嘎佑段0844-0000地號",
        "phone": "0226616880",
        "certification_valid_until": "2028/09/24",
        "certification_status": "轉型期",
        "area_ha": 0.5947,
        "source_type": "有機農場",
        "source_dataset": "新北市有機農場",
        "source_url": "https://data.ntpc.gov.tw/datasets/fc30f585-66d9-4233-a65e-c650d177ebfe",
        "geocoding_address": "新北市烏來區嘎佑段0844-0000地號",
        "location_method": "地籍宗地圖形中心",
        "lng": 121.55305221676826,
        "lat": 24.878738984037426,
        "cadastral_office": "FC",
        "cadastral_section_code": "0855",
        "cadastral_land_no": "08440000"
      }
    },
    {
      "type": "Feature",
      "geometry": {
        "type": "Point",
        "coordinates": [
          121.56174659729004,
          24.87762574329159
        ]
      },
      "properties": {
        "data_time": "",
        "source_row_no": "225",
        "name": "林子容",
        "operator": "林子容",
        "city": "新北市",
        "district": "烏來區",
        "address": "新北市烏來區嘎佑段0858-0000地號",
        "phone": "0226616442",
        "certification_valid_until": "2028/09/21",
        "certification_status": "轉型期",
        "area_ha": 1.3716,
        "source_type": "有機農場",
        "source_dataset": "新北市有機農場",
        "source_url": "https://data.ntpc.gov.tw/datasets/fc30f585-66d9-4233-a65e-c650d177ebfe",
        "geocoding_address": "新北市烏來區嘎佑段0858-0000地號",
        "location_method": "地籍宗地圖形中心",
        "lng": 121.56174659729004,
        "lat": 24.87762574329159,
        "cadastral_office": "FC",
        "cadastral_section_code": "0855",
        "cadastral_land_no": "08580000"
      }
    },
    {
      "type": "Feature",
      "geometry": {
        "type": "Point",
        "coordinates": [
          121.55589535832405,
          24.8826176043454
        ]
      },
      "properties": {
        "data_time": "",
        "source_row_no": "226",
        "name": "林德來",
        "operator": "林德來",
        "city": "新北市",
        "district": "烏來區",
        "address": "新北市烏來區嘎佑段0668-0000地號",
        "phone": "0900737246",
        "certification_valid_until": "2028/09/21",
        "certification_status": "轉型期",
        "area_ha": 0.6663,
        "source_type": "有機農場",
        "source_dataset": "新北市有機農場",
        "source_url": "https://data.ntpc.gov.tw/datasets/fc30f585-66d9-4233-a65e-c650d177ebfe",
        "geocoding_address": "新北市烏來區嘎佑段0668-0000地號",
        "location_method": "地籍宗地圖形中心",
        "lng": 121.55589535832405,
        "lat": 24.8826176043454,
        "cadastral_office": "FC",
        "cadastral_section_code": "0855",
        "cadastral_land_no": "06680000"
      }
    },
    {
      "type": "Feature",
      "geometry": {
        "type": "Point",
        "coordinates": [
          121.51892244815826,
          24.830065827372408
        ]
      },
      "properties": {
        "data_time": "",
        "source_row_no": "227",
        "name": "高子賢",
        "operator": "高子賢",
        "city": "新北市",
        "district": "烏來區",
        "address": "新北市烏來區信賢段0248-0000地號",
        "phone": "0958970427",
        "certification_valid_until": "2026/05/29",
        "certification_status": "轉型期",
        "area_ha": 2.8196,
        "source_type": "有機農場",
        "source_dataset": "新北市有機農場",
        "source_url": "https://data.ntpc.gov.tw/datasets/fc30f585-66d9-4233-a65e-c650d177ebfe",
        "geocoding_address": "新北市烏來區信賢段0248-0000地號",
        "location_method": "地籍宗地圖形中心",
        "lng": 121.51892244815826,
        "lat": 24.830065827372408,
        "cadastral_office": "FC",
        "cadastral_section_code": "0747",
        "cadastral_land_no": "02480000"
      }
    },
    {
      "type": "Feature",
      "geometry": {
        "type": "Point",
        "coordinates": [
          121.51214718818665,
          24.82356740115124
        ]
      },
      "properties": {
        "data_time": "",
        "source_row_no": "228",
        "name": "高政雄",
        "operator": "高政雄",
        "city": "新北市",
        "district": "烏來區",
        "address": "新北市烏來區信賢段0099-0000地號",
        "phone": "0958608707",
        "certification_valid_until": "2026/05/22",
        "certification_status": "轉型期",
        "area_ha": 3.838,
        "source_type": "有機農場",
        "source_dataset": "新北市有機農場",
        "source_url": "https://data.ntpc.gov.tw/datasets/fc30f585-66d9-4233-a65e-c650d177ebfe",
        "geocoding_address": "新北市烏來區信賢段0099-0000地號",
        "location_method": "地籍宗地圖形中心",
        "lng": 121.51214718818665,
        "lat": 24.82356740115124,
        "cadastral_office": "FC",
        "cadastral_section_code": "0747",
        "cadastral_land_no": "00990000"
      }
    },
    {
      "type": "Feature",
      "geometry": {
        "type": "Point",
        "coordinates": [
          121.48909360170364,
          25.195602327288746
        ]
      },
      "properties": {
        "data_time": "",
        "source_row_no": "229",
        "name": "鄭美秀（羅媽媽自然農場）",
        "operator": "鄭美秀",
        "city": "新北市",
        "district": "淡水區",
        "address": "新北市淡水區忠寮段0838-0000",
        "phone": "0916116638",
        "certification_valid_until": "2026/08/13",
        "certification_status": "轉型期",
        "area_ha": 2.1616,
        "source_type": "有機農場",
        "source_dataset": "新北市有機農場",
        "source_url": "https://data.ntpc.gov.tw/datasets/fc30f585-66d9-4233-a65e-c650d177ebfe",
        "geocoding_address": "新北市淡水區忠寮段0838-0000地號",
        "location_method": "地籍宗地圖形中心",
        "lng": 121.48909360170364,
        "lat": 25.195602327288746,
        "cadastral_office": "FE",
        "cadastral_section_code": "1342",
        "cadastral_land_no": "08380000"
      }
    },
    {
      "type": "Feature",
      "geometry": {
        "type": "Point",
        "coordinates": [
          121.85477793216705,
          25.034184794725224
        ]
      },
      "properties": {
        "data_time": "",
        "source_row_no": "230",
        "name": "吳南洋",
        "operator": "吳南洋",
        "city": "新北市",
        "district": "雙溪區",
        "address": "新北市雙溪區平林段外平林小段104地號",
        "phone": "0224932898",
        "certification_valid_until": "2026/11/26",
        "certification_status": "轉型期",
        "area_ha": 1.9431,
        "source_type": "有機農場",
        "source_dataset": "新北市有機農場",
        "source_url": "https://data.ntpc.gov.tw/datasets/fc30f585-66d9-4233-a65e-c650d177ebfe",
        "geocoding_address": "新北市雙溪區平林段外平林小段0104-0000地號",
        "location_method": "地籍宗地圖形中心",
        "lng": 121.85477793216705,
        "lat": 25.034184794725224,
        "cadastral_office": "FF",
        "cadastral_section_code": "1474",
        "cadastral_land_no": "01040000"
      }
    },
    {
      "type": "Feature",
      "geometry": {
        "type": "Point",
        "coordinates": [
          121.74248993396759,
          24.964007647890647
        ]
      },
      "properties": {
        "data_time": "",
        "source_row_no": "231",
        "name": "唐守威",
        "operator": "唐守威",
        "city": "新北市",
        "district": "坪林區",
        "address": "新北市坪林區漁光段1378-0000地號",
        "phone": "0229970556",
        "certification_valid_until": "2026/09/26",
        "certification_status": "轉型期",
        "area_ha": 1.0503,
        "source_type": "有機農場",
        "source_dataset": "新北市有機農場",
        "source_url": "https://data.ntpc.gov.tw/datasets/fc30f585-66d9-4233-a65e-c650d177ebfe",
        "geocoding_address": "新北市坪林區漁光段1378-0000地號",
        "location_method": "地籍宗地圖形中心",
        "lng": 121.74248993396759,
        "lat": 24.964007647890647,
        "cadastral_office": "FC",
        "cadastral_section_code": "0878",
        "cadastral_land_no": "13780000"
      }
    },
    {
      "type": "Feature",
      "geometry": {
        "type": "Point",
        "coordinates": [
          121.87951594591141,
          25.052260727670962
        ]
      },
      "properties": {
        "data_time": "",
        "source_row_no": "232",
        "name": "鄭玉祥",
        "operator": "鄭玉祥",
        "city": "新北市",
        "district": "雙溪區",
        "address": "新北市雙溪區三叉港段三叉港小段0855-0001地號坵塊01",
        "phone": "0986786652",
        "certification_valid_until": "2026/10/22",
        "certification_status": "轉型期",
        "area_ha": 0.2477,
        "source_type": "有機農場",
        "source_dataset": "新北市有機農場",
        "source_url": "https://data.ntpc.gov.tw/datasets/fc30f585-66d9-4233-a65e-c650d177ebfe",
        "geocoding_address": "新北市雙溪區三叉港段三叉港小段0855-0001地號",
        "location_method": "地籍宗地圖形中心",
        "lng": 121.87951594591141,
        "lat": 25.052260727670962,
        "cadastral_office": "FF",
        "cadastral_section_code": "1527",
        "cadastral_land_no": "08550001"
      }
    },
    {
      "type": "Feature",
      "geometry": {
        "type": "Point",
        "coordinates": [
          121.87951594591141,
          25.052260727670962
        ]
      },
      "properties": {
        "data_time": "",
        "source_row_no": "233",
        "name": "鄭玉奇",
        "operator": "鄭玉奇",
        "city": "新北市",
        "district": "雙溪區",
        "address": "新北市雙溪區三叉港段三叉港小段0855-0001地號坵塊02",
        "phone": "0986722272",
        "certification_valid_until": "2026/10/22",
        "certification_status": "轉型期",
        "area_ha": 0.2477,
        "source_type": "有機農場",
        "source_dataset": "新北市有機農場",
        "source_url": "https://data.ntpc.gov.tw/datasets/fc30f585-66d9-4233-a65e-c650d177ebfe",
        "geocoding_address": "新北市雙溪區三叉港段三叉港小段0855-0001地號",
        "location_method": "地籍宗地圖形中心",
        "lng": 121.87951594591141,
        "lat": 25.052260727670962,
        "cadastral_office": "FF",
        "cadastral_section_code": "1527",
        "cadastral_land_no": "08550001"
      }
    },
    {
      "type": "Feature",
      "geometry": {
        "type": "Point",
        "coordinates": [
          121.45948737859726,
          25.23601040336579
        ]
      },
      "properties": {
        "data_time": "",
        "source_row_no": "234",
        "name": "陳韋宇(德安居有機農場)",
        "operator": "陳韋宇",
        "city": "新北市",
        "district": "淡水區",
        "address": "新北市淡水區屯山段0461-0000地號等4筆土地",
        "phone": "0228222548",
        "certification_valid_until": "2027/01/10",
        "certification_status": "有機",
        "area_ha": 1.0769,
        "source_type": "有機農場",
        "source_dataset": "新北市有機農場",
        "source_url": "https://data.ntpc.gov.tw/datasets/fc30f585-66d9-4233-a65e-c650d177ebfe",
        "geocoding_address": "新北市淡水區屯山段0461-0000地號",
        "location_method": "地籍宗地圖形中心",
        "lng": 121.45948737859726,
        "lat": 25.23601040336579,
        "cadastral_office": "FE",
        "cadastral_section_code": "1345",
        "cadastral_land_no": "04610000"
      }
    },
    {
      "type": "Feature",
      "geometry": {
        "type": "Point",
        "coordinates": [
          121.47901251912117,
          25.194058731027823
        ]
      },
      "properties": {
        "data_time": "",
        "source_row_no": "235",
        "name": "黃仁聰(天空小品休閒農場)",
        "operator": "黃仁聰",
        "city": "新北市",
        "district": "淡水區",
        "address": "新北市淡水區忠寮段1041-0000地號",
        "phone": "0226257366",
        "certification_valid_until": "2026/12/05",
        "certification_status": "有機",
        "area_ha": 0.7658,
        "source_type": "有機農場",
        "source_dataset": "新北市有機農場",
        "source_url": "https://data.ntpc.gov.tw/datasets/fc30f585-66d9-4233-a65e-c650d177ebfe",
        "geocoding_address": "新北市淡水區忠寮段1041-0000地號",
        "location_method": "地籍宗地圖形中心",
        "lng": 121.47901251912117,
        "lat": 25.194058731027823,
        "cadastral_office": "FE",
        "cadastral_section_code": "1342",
        "cadastral_land_no": "10410000"
      }
    },
    {
      "type": "Feature",
      "geometry": {
        "type": "Point",
        "coordinates": [
          121.50393158197403,
          24.979662627791228
        ]
      },
      "properties": {
        "data_time": "",
        "source_row_no": "236",
        "name": "游國良(東鋒有機蔬菜農場)",
        "operator": "游國良",
        "city": "新北市",
        "district": "中和區",
        "address": "新北市中和區烘爐地段477 地號",
        "phone": "0282457700",
        "certification_valid_until": "2027/03/10",
        "certification_status": "轉型期",
        "area_ha": 0.4651,
        "source_type": "有機農場",
        "source_dataset": "新北市有機農場",
        "source_url": "https://data.ntpc.gov.tw/datasets/fc30f585-66d9-4233-a65e-c650d177ebfe",
        "geocoding_address": "新北市中和區烘爐地段0477-0000地號",
        "location_method": "地籍宗地圖形中心",
        "lng": 121.50393158197403,
        "lat": 24.979662627791228,
        "cadastral_office": "FH",
        "cadastral_section_code": "1895",
        "cadastral_land_no": "04770000"
      }
    },
    {
      "type": "Feature",
      "geometry": {
        "type": "Point",
        "coordinates": [
          121.73407316207886,
          24.96697783474093
        ]
      },
      "properties": {
        "data_time": "",
        "source_row_no": "237",
        "name": "廖顯岡",
        "operator": "廖顯岡",
        "city": "新北市",
        "district": "坪林區",
        "address": "新北市坪林區漁光段0340-0000地號",
        "phone": "0989193897",
        "certification_valid_until": "2029/12/31",
        "certification_status": "有機，轉型期",
        "area_ha": 1.4998,
        "source_type": "有機農場",
        "source_dataset": "新北市有機農場",
        "source_url": "https://data.ntpc.gov.tw/datasets/fc30f585-66d9-4233-a65e-c650d177ebfe",
        "geocoding_address": "新北市坪林區漁光段0340-0000地號",
        "location_method": "地籍宗地圖形中心",
        "lng": 121.73407316207886,
        "lat": 24.96697783474093,
        "cadastral_office": "FC",
        "cadastral_section_code": "0878",
        "cadastral_land_no": "03400000"
      }
    },
    {
      "type": "Feature",
      "geometry": {
        "type": "Point",
        "coordinates": [
          121.5302011370659,
          24.9060071889377
        ]
      },
      "properties": {
        "data_time": "",
        "source_row_no": "238",
        "name": "邱鈺惠",
        "operator": "邱鈺惠",
        "city": "新北市",
        "district": "新店區",
        "address": "新北市新店區長福段0982-0000",
        "phone": "0222325900",
        "certification_valid_until": "2027/04/14",
        "certification_status": "轉型期",
        "area_ha": 0.4,
        "source_type": "有機農場",
        "source_dataset": "新北市有機農場",
        "source_url": "https://data.ntpc.gov.tw/datasets/fc30f585-66d9-4233-a65e-c650d177ebfe",
        "geocoding_address": "新北市新店區長福段0982-0000地號",
        "location_method": "地籍宗地圖形中心",
        "lng": 121.5302011370659,
        "lat": 24.9060071889377,
        "cadastral_office": "FC",
        "cadastral_section_code": "0860",
        "cadastral_land_no": "09820000"
      }
    },
    {
      "type": "Feature",
      "geometry": {
        "type": "Point",
        "coordinates": [
          121.45267322659492,
          25.04528922901293
        ]
      },
      "properties": {
        "data_time": "",
        "source_row_no": "239",
        "name": "嶸禾生態科技股份有限公司",
        "operator": "鄭宇峻",
        "city": "新北市",
        "district": "新莊區",
        "address": "新北市新莊區自立段1116-0000地號",
        "phone": "0229961929、0936189295",
        "certification_valid_until": "2026/10/11",
        "certification_status": "轉型期",
        "area_ha": 0.0089,
        "source_type": "有機農場",
        "source_dataset": "新北市有機農場",
        "source_url": "https://data.ntpc.gov.tw/datasets/fc30f585-66d9-4233-a65e-c650d177ebfe",
        "geocoding_address": "新北市新莊區自立段1116-0000地號",
        "location_method": "地籍宗地圖形中心",
        "lng": 121.45267322659492,
        "lat": 25.04528922901293,
        "cadastral_office": "FB",
        "cadastral_section_code": "0407",
        "cadastral_land_no": "11160000"
      }
    },
    {
      "type": "Feature",
      "geometry": {
        "type": "Point",
        "coordinates": [
          121.7183943092823,
          24.894127434732372
        ]
      },
      "properties": {
        "data_time": "",
        "source_row_no": "240",
        "name": "陳薏文",
        "operator": "陳薏文",
        "city": "新北市",
        "district": "坪林區",
        "address": "新北市坪林區姑婆寮段0002-0001地號",
        "phone": "0937983492",
        "certification_valid_until": "2027/02/22",
        "certification_status": "轉型期",
        "area_ha": 0.0742,
        "source_type": "有機農場",
        "source_dataset": "新北市有機農場",
        "source_url": "https://data.ntpc.gov.tw/datasets/fc30f585-66d9-4233-a65e-c650d177ebfe",
        "geocoding_address": "新北市坪林區姑婆寮段0002-0001地號",
        "location_method": "地籍宗地圖形中心",
        "lng": 121.7183943092823,
        "lat": 24.894127434732372,
        "cadastral_office": "FC",
        "cadastral_section_code": "0743",
        "cadastral_land_no": "00020001"
      }
    },
    {
      "type": "Feature",
      "geometry": {
        "type": "Point",
        "coordinates": [
          121.54915764927864,
          24.847057001631214
        ]
      },
      "properties": {
        "data_time": "",
        "source_row_no": "241",
        "name": "周志中",
        "operator": "周志中",
        "city": "新北市",
        "district": "烏來區",
        "address": "新北市烏來區西羅岸段0920-0000地號",
        "phone": "0978609105",
        "certification_valid_until": "2027/04/17",
        "certification_status": "轉型期",
        "area_ha": 0.4925,
        "source_type": "有機農場",
        "source_dataset": "新北市有機農場",
        "source_url": "https://data.ntpc.gov.tw/datasets/fc30f585-66d9-4233-a65e-c650d177ebfe",
        "geocoding_address": "新北市烏來區西羅岸段0920-0000地號",
        "location_method": "地籍宗地圖形中心",
        "lng": 121.54915764927864,
        "lat": 24.847057001631214,
        "cadastral_office": "FC",
        "cadastral_section_code": "0829",
        "cadastral_land_no": "09200000"
      }
    },
    {
      "type": "Feature",
      "geometry": {
        "type": "Point",
        "coordinates": [
          121.61536127328873,
          24.975592549552154
        ]
      },
      "properties": {
        "data_time": "",
        "source_row_no": "242",
        "name": "高春燕(青山香草有機生態農園)",
        "operator": "高春燕",
        "city": "新北市",
        "district": "深坑區",
        "address": "新北市深坑區阿柔坑段大崙尾小段0044-0003地號",
        "phone": "0286626699",
        "certification_valid_until": "2027/02/20",
        "certification_status": "轉型期",
        "area_ha": 0.2069,
        "source_type": "有機農場",
        "source_dataset": "新北市有機農場",
        "source_url": "https://data.ntpc.gov.tw/datasets/fc30f585-66d9-4233-a65e-c650d177ebfe",
        "geocoding_address": "新北市深坑區阿柔坑段大崙尾小段0044-0003地號",
        "location_method": "地籍宗地圖形中心",
        "lng": 121.61536127328873,
        "lat": 24.975592549552154,
        "cadastral_office": "FC",
        "cadastral_section_code": "0692",
        "cadastral_land_no": "00440003"
      }
    },
    {
      "type": "Feature",
      "geometry": {
        "type": "Point",
        "coordinates": [
          121.55493915081024,
          24.885376849505775
        ]
      },
      "properties": {
        "data_time": "",
        "source_row_no": "243",
        "name": "游玲慧",
        "operator": "游玲慧",
        "city": "新北市",
        "district": "烏來區",
        "address": "新北市烏來區嘎佑段0279-0000",
        "phone": "0937867093",
        "certification_valid_until": "2027/04/17",
        "certification_status": "轉型期",
        "area_ha": 0.6659,
        "source_type": "有機農場",
        "source_dataset": "新北市有機農場",
        "source_url": "https://data.ntpc.gov.tw/datasets/fc30f585-66d9-4233-a65e-c650d177ebfe",
        "geocoding_address": "新北市烏來區嘎佑段0279-0000地號",
        "location_method": "地籍宗地圖形中心",
        "lng": 121.55493915081024,
        "lat": 24.885376849505775,
        "cadastral_office": "FC",
        "cadastral_section_code": "0855",
        "cadastral_land_no": "02790000"
      }
    },
    {
      "type": "Feature",
      "geometry": {
        "type": "Point",
        "coordinates": [
          121.54354646801949,
          24.855113027333505
        ]
      },
      "properties": {
        "data_time": "",
        "source_row_no": "244",
        "name": "沈嘉哲",
        "operator": "沈嘉哲",
        "city": "新北市",
        "district": "烏來區",
        "address": "新北市烏來區西羅岸段1099-0000",
        "phone": "0988812036、0919656604",
        "certification_valid_until": "2027/04/17",
        "certification_status": "轉型期",
        "area_ha": 0.9898,
        "source_type": "有機農場",
        "source_dataset": "新北市有機農場",
        "source_url": "https://data.ntpc.gov.tw/datasets/fc30f585-66d9-4233-a65e-c650d177ebfe",
        "geocoding_address": "新北市烏來區西羅岸段1099-0000地號",
        "location_method": "地籍宗地圖形中心",
        "lng": 121.54354646801949,
        "lat": 24.855113027333505,
        "cadastral_office": "FC",
        "cadastral_section_code": "0829",
        "cadastral_land_no": "10990000"
      }
    },
    {
      "type": "Feature",
      "geometry": {
        "type": "Point",
        "coordinates": [
          121.51598140597343,
          24.828029552890847
        ]
      },
      "properties": {
        "data_time": "",
        "source_row_no": "245",
        "name": "林秋玲",
        "operator": "林秋玲",
        "city": "新北市",
        "district": "烏來區",
        "address": "新北市烏來區信賢段0129-0000",
        "phone": "0926521818",
        "certification_valid_until": "2027/04/17",
        "certification_status": "轉型期",
        "area_ha": 1.5942,
        "source_type": "有機農場",
        "source_dataset": "新北市有機農場",
        "source_url": "https://data.ntpc.gov.tw/datasets/fc30f585-66d9-4233-a65e-c650d177ebfe",
        "geocoding_address": "新北市烏來區信賢段0129-0000地號",
        "location_method": "地籍宗地圖形中心",
        "lng": 121.51598140597343,
        "lat": 24.828029552890847,
        "cadastral_office": "FC",
        "cadastral_section_code": "0747",
        "cadastral_land_no": "01290000"
      }
    },
    {
      "type": "Feature",
      "geometry": {
        "type": "Point",
        "coordinates": [
          121.50783687829971,
          24.780463971538488
        ]
      },
      "properties": {
        "data_time": "",
        "source_row_no": "246",
        "name": "施零星",
        "operator": "施零星",
        "city": "新北市",
        "district": "烏來區",
        "address": "新北市烏來區福山段0123-0000地號",
        "phone": "0917518155",
        "certification_valid_until": "2027/04/17",
        "certification_status": "轉型期",
        "area_ha": 2.536,
        "source_type": "有機農場",
        "source_dataset": "新北市有機農場",
        "source_url": "https://data.ntpc.gov.tw/datasets/fc30f585-66d9-4233-a65e-c650d177ebfe",
        "geocoding_address": "新北市烏來區福山段0123-0000地號",
        "location_method": "地籍宗地圖形中心",
        "lng": 121.50783687829971,
        "lat": 24.780463971538488,
        "cadastral_office": "FC",
        "cadastral_section_code": "0748",
        "cadastral_land_no": "01230000"
      }
    },
    {
      "type": "Feature",
      "geometry": {
        "type": "Point",
        "coordinates": [
          121.54990196228027,
          24.860273720004827
        ]
      },
      "properties": {
        "data_time": "",
        "source_row_no": "247",
        "name": "周詩穎",
        "operator": "周詩穎",
        "city": "新北市",
        "district": "烏來區",
        "address": "新北市烏來區西羅岸段0291-0001地號",
        "phone": "0936480464、0921193806",
        "certification_valid_until": "2027/04/17",
        "certification_status": "轉型期",
        "area_ha": 0.196,
        "source_type": "有機農場",
        "source_dataset": "新北市有機農場",
        "source_url": "https://data.ntpc.gov.tw/datasets/fc30f585-66d9-4233-a65e-c650d177ebfe",
        "geocoding_address": "新北市烏來區西羅岸段0291-0001地號",
        "location_method": "地籍宗地圖形中心",
        "lng": 121.54990196228027,
        "lat": 24.860273720004827,
        "cadastral_office": "FC",
        "cadastral_section_code": "0829",
        "cadastral_land_no": "02910001"
      }
    },
    {
      "type": "Feature",
      "geometry": {
        "type": "Point",
        "coordinates": [
          121.55537366867065,
          24.87870491228418
        ]
      },
      "properties": {
        "data_time": "",
        "source_row_no": "248",
        "name": "田淑惠",
        "operator": "田淑惠",
        "city": "新北市",
        "district": "烏來區",
        "address": "新北市烏來區嘎佑段0849-0000地號",
        "phone": "0980442401",
        "certification_valid_until": "2027/04/17",
        "certification_status": "轉型期",
        "area_ha": 2.7828,
        "source_type": "有機農場",
        "source_dataset": "新北市有機農場",
        "source_url": "https://data.ntpc.gov.tw/datasets/fc30f585-66d9-4233-a65e-c650d177ebfe",
        "geocoding_address": "新北市烏來區嘎佑段0849-0000地號",
        "location_method": "地籍宗地圖形中心",
        "lng": 121.55537366867065,
        "lat": 24.87870491228418,
        "cadastral_office": "FC",
        "cadastral_section_code": "0855",
        "cadastral_land_no": "08490000"
      }
    },
    {
      "type": "Feature",
      "geometry": {
        "type": "Point",
        "coordinates": [
          121.48952811956406,
          24.774116372767676
        ]
      },
      "properties": {
        "data_time": "",
        "source_row_no": "249",
        "name": "周崇",
        "operator": "周崇",
        "city": "新北市",
        "district": "烏來區",
        "address": "新北市烏來區羅蘭段0062-0001",
        "phone": "0905808363、0966741797",
        "certification_valid_until": "2027/04/17",
        "certification_status": "轉型期",
        "area_ha": 2.0909,
        "source_type": "有機農場",
        "source_dataset": "新北市有機農場",
        "source_url": "https://data.ntpc.gov.tw/datasets/fc30f585-66d9-4233-a65e-c650d177ebfe",
        "geocoding_address": "新北市烏來區羅蘭段0062-0001地號",
        "location_method": "地籍宗地圖形中心",
        "lng": 121.48952811956406,
        "lat": 24.774116372767676,
        "cadastral_office": "FC",
        "cadastral_section_code": "0825",
        "cadastral_land_no": "00620001"
      }
    },
    {
      "type": "Feature",
      "geometry": {
        "type": "Point",
        "coordinates": [
          121.50121450424194,
          24.79620066792185
        ]
      },
      "properties": {
        "data_time": "",
        "source_row_no": "250",
        "name": "林阿財",
        "operator": "林阿財",
        "city": "新北市",
        "district": "烏來區",
        "address": "新北市烏來區屯鹿段0005-0039",
        "phone": "0903657986",
        "certification_valid_until": "2027/04/17",
        "certification_status": "轉型期",
        "area_ha": 0.5931,
        "source_type": "有機農場",
        "source_dataset": "新北市有機農場",
        "source_url": "https://data.ntpc.gov.tw/datasets/fc30f585-66d9-4233-a65e-c650d177ebfe",
        "geocoding_address": "新北市烏來區屯鹿段0005-0039地號",
        "location_method": "地籍宗地圖形中心",
        "lng": 121.50121450424194,
        "lat": 24.79620066792185,
        "cadastral_office": "FC",
        "cadastral_section_code": "0750",
        "cadastral_land_no": "00050039"
      }
    },
    {
      "type": "Feature",
      "geometry": {
        "type": "Point",
        "coordinates": [
          121.54267475008965,
          24.88658612708833
        ]
      },
      "properties": {
        "data_time": "",
        "source_row_no": "251",
        "name": "張金利",
        "operator": "張金利",
        "city": "新北市",
        "district": "烏來區",
        "address": "新北市烏來區堰堤段0023-0000地號",
        "phone": "0966906475",
        "certification_valid_until": "2027/04/17",
        "certification_status": "轉型期",
        "area_ha": 1.6222,
        "source_type": "有機農場",
        "source_dataset": "新北市有機農場",
        "source_url": "https://data.ntpc.gov.tw/datasets/fc30f585-66d9-4233-a65e-c650d177ebfe",
        "geocoding_address": "新北市烏來區堰堤段0023-0000地號",
        "location_method": "地籍宗地圖形中心",
        "lng": 121.54267475008965,
        "lat": 24.88658612708833,
        "cadastral_office": "FC",
        "cadastral_section_code": "0856",
        "cadastral_land_no": "00230000"
      }
    },
    {
      "type": "Feature",
      "geometry": {
        "type": "Point",
        "coordinates": [
          121.54783800244331,
          24.8771098774902
        ]
      },
      "properties": {
        "data_time": "",
        "source_row_no": "252",
        "name": "楊國賢",
        "operator": "楊國賢",
        "city": "新北市",
        "district": "烏來區",
        "address": "新北市烏來區堰堤段0599-0000",
        "phone": "0972289312",
        "certification_valid_until": "2027/04/17",
        "certification_status": "轉型期",
        "area_ha": 1.6901,
        "source_type": "有機農場",
        "source_dataset": "新北市有機農場",
        "source_url": "https://data.ntpc.gov.tw/datasets/fc30f585-66d9-4233-a65e-c650d177ebfe",
        "geocoding_address": "新北市烏來區堰堤段0599-0000地號",
        "location_method": "地籍宗地圖形中心",
        "lng": 121.54783800244331,
        "lat": 24.8771098774902,
        "cadastral_office": "FC",
        "cadastral_section_code": "0856",
        "cadastral_land_no": "05990000"
      }
    },
    {
      "type": "Feature",
      "geometry": {
        "type": "Point",
        "coordinates": [
          121.54514506459236,
          24.877635477503013
        ]
      },
      "properties": {
        "data_time": "",
        "source_row_no": "253",
        "name": "周金益",
        "operator": "周金益",
        "city": "新北市",
        "district": "烏來區",
        "address": "新北市烏來區堰堤段0557-0000地號",
        "phone": "0967035034",
        "certification_valid_until": "2027/04/17",
        "certification_status": "轉型期",
        "area_ha": 0.5066,
        "source_type": "有機農場",
        "source_dataset": "新北市有機農場",
        "source_url": "https://data.ntpc.gov.tw/datasets/fc30f585-66d9-4233-a65e-c650d177ebfe",
        "geocoding_address": "新北市烏來區堰堤段0557-0000地號",
        "location_method": "地籍宗地圖形中心",
        "lng": 121.54514506459236,
        "lat": 24.877635477503013,
        "cadastral_office": "FC",
        "cadastral_section_code": "0856",
        "cadastral_land_no": "05570000"
      }
    },
    {
      "type": "Feature",
      "geometry": {
        "type": "Point",
        "coordinates": [
          121.83173421720163,
          24.99531405176798
        ]
      },
      "properties": {
        "data_time": "",
        "source_row_no": "254",
        "name": "陳峯耀(遠景自然茶園)",
        "operator": "陳峯耀",
        "city": "新北市",
        "district": "雙溪區",
        "address": "新北市雙溪區三港里16鄰遠景4號",
        "phone": "0927116655",
        "certification_valid_until": "2027/05/01",
        "certification_status": "轉型期",
        "area_ha": 0.6931,
        "source_type": "有機農場",
        "source_dataset": "新北市有機農場",
        "source_url": "https://data.ntpc.gov.tw/datasets/fc30f585-66d9-4233-a65e-c650d177ebfe",
        "geocoding_address": "新北市雙溪區三港里16鄰遠景4號",
        "location_method": "行政區中心",
        "lng": 121.83173421720163,
        "lat": 24.99531405176798
      }
    },
    {
      "type": "Feature",
      "geometry": {
        "type": "Point",
        "coordinates": [
          121.54056787490845,
          24.862487117727717
        ]
      },
      "properties": {
        "data_time": "",
        "source_row_no": "255",
        "name": "高德貫",
        "operator": "高德貫",
        "city": "新北市",
        "district": "烏來區",
        "address": "新北市烏來區環山段0929-0000地號",
        "phone": "0958001195",
        "certification_valid_until": "2027/04/19",
        "certification_status": "轉型期",
        "area_ha": 0.5642,
        "source_type": "有機農場",
        "source_dataset": "新北市有機農場",
        "source_url": "https://data.ntpc.gov.tw/datasets/fc30f585-66d9-4233-a65e-c650d177ebfe",
        "geocoding_address": "新北市烏來區環山段0929-0000地號",
        "location_method": "地籍宗地圖形中心",
        "lng": 121.54056787490845,
        "lat": 24.862487117727717,
        "cadastral_office": "FC",
        "cadastral_section_code": "0828",
        "cadastral_land_no": "09290000"
      }
    },
    {
      "type": "Feature",
      "geometry": {
        "type": "Point",
        "coordinates": [
          121.74544036388397,
          24.928429146264776
        ]
      },
      "properties": {
        "data_time": "",
        "source_row_no": "256",
        "name": "陳淇蓉(森林茶園)",
        "operator": "陳淇蓉",
        "city": "新北市",
        "district": "坪林區",
        "address": "新北市坪林區厚德岡坑段東坑小段0013-0001地號",
        "phone": "0226656114",
        "certification_valid_until": "2028/05/22",
        "certification_status": "有機",
        "area_ha": 0.1473,
        "source_type": "有機農場",
        "source_dataset": "新北市有機農場",
        "source_url": "https://data.ntpc.gov.tw/datasets/fc30f585-66d9-4233-a65e-c650d177ebfe",
        "geocoding_address": "新北市坪林區厚德岡坑段東坑小段0013-0001地號",
        "location_method": "地籍宗地圖形中心",
        "lng": 121.74544036388397,
        "lat": 24.928429146264776,
        "cadastral_office": "FC",
        "cadastral_section_code": "0725",
        "cadastral_land_no": "00130001"
      }
    },
    {
      "type": "Feature",
      "geometry": {
        "type": "Point",
        "coordinates": [
          121.87983244657516,
          25.05134101057279
        ]
      },
      "properties": {
        "data_time": "",
        "source_row_no": "257",
        "name": "陳曾懷",
        "operator": "陳曾懷",
        "city": "新北市",
        "district": "雙溪區",
        "address": "新北市雙溪區三叉港三叉港小段0854-0000地號坵塊02",
        "phone": "0986786652",
        "certification_valid_until": "2027/05/05",
        "certification_status": "轉型期",
        "area_ha": 0.8572,
        "source_type": "有機農場",
        "source_dataset": "新北市有機農場",
        "source_url": "https://data.ntpc.gov.tw/datasets/fc30f585-66d9-4233-a65e-c650d177ebfe",
        "geocoding_address": "新北市雙溪區三叉港段三叉港小段0854-0000地號",
        "location_method": "地籍宗地圖形中心",
        "lng": 121.87983244657516,
        "lat": 25.05134101057279,
        "cadastral_office": "FF",
        "cadastral_section_code": "1527",
        "cadastral_land_no": "08540000"
      }
    },
    {
      "type": "Feature",
      "geometry": {
        "type": "Point",
        "coordinates": [
          121.82980076082404,
          24.995789399126622
        ]
      },
      "properties": {
        "data_time": "",
        "source_row_no": "258",
        "name": "吳淑真",
        "operator": "吳淑真",
        "city": "新北市",
        "district": "雙溪區",
        "address": "新北市雙溪區平林里6鄰外平林25號",
        "phone": "0910233849",
        "certification_valid_until": "2028/03/13",
        "certification_status": "有機",
        "area_ha": 0.232,
        "source_type": "有機農場",
        "source_dataset": "新北市有機農場",
        "source_url": "https://data.ntpc.gov.tw/datasets/fc30f585-66d9-4233-a65e-c650d177ebfe",
        "geocoding_address": "新北市雙溪區平林里6鄰外平林25號",
        "location_method": "行政區中心",
        "lng": 121.82980076082404,
        "lat": 24.995789399126622
      }
    },
    {
      "type": "Feature",
      "geometry": {
        "type": "Point",
        "coordinates": [
          121.41272400383818,
          24.893155199110392
        ]
      },
      "properties": {
        "data_time": "",
        "source_row_no": "259",
        "name": "陳再興",
        "operator": "陳再興",
        "city": "新北市",
        "district": "三峽區",
        "address": "新北市三峽區插角里14鄰東眼18號",
        "phone": "0226720579",
        "certification_valid_until": "2027/05/01",
        "certification_status": "轉型期",
        "area_ha": 3.4375,
        "source_type": "有機農場",
        "source_dataset": "新北市有機農場",
        "source_url": "https://data.ntpc.gov.tw/datasets/fc30f585-66d9-4233-a65e-c650d177ebfe",
        "geocoding_address": "新北市三峽區插角里14鄰東眼18號",
        "location_method": "行政區中心",
        "lng": 121.41272400383818,
        "lat": 24.893155199110392
      }
    },
    {
      "type": "Feature",
      "geometry": {
        "type": "Point",
        "coordinates": [
          121.86778262257576,
          25.034860393665497
        ]
      },
      "properties": {
        "data_time": "",
        "source_row_no": "260",
        "name": "呂文志(日照農場)",
        "operator": "呂文志",
        "city": "新北市",
        "district": "雙溪區",
        "address": "新北市雙溪區新基段1029-0000等11筆土地",
        "phone": "0932347725",
        "certification_valid_until": "2027/08/31",
        "certification_status": "轉型期",
        "area_ha": 0.5501,
        "source_type": "有機農場",
        "source_dataset": "新北市有機農場",
        "source_url": "https://data.ntpc.gov.tw/datasets/fc30f585-66d9-4233-a65e-c650d177ebfe",
        "geocoding_address": "新北市雙溪區新基段1029-0000地號",
        "location_method": "地籍宗地圖形中心",
        "lng": 121.86778262257576,
        "lat": 25.034860393665497,
        "cadastral_office": "FF",
        "cadastral_section_code": "1593",
        "cadastral_land_no": "10290000"
      }
    },
    {
      "type": "Feature",
      "geometry": {
        "type": "Point",
        "coordinates": [
          121.35236665606499,
          24.861906580170725
        ]
      },
      "properties": {
        "data_time": "",
        "source_row_no": "261",
        "name": "邱明欽",
        "operator": "邱明欽",
        "city": "新北市",
        "district": "三峽區",
        "address": "新北市三峽區五寮段五寮小段0118-0016地號",
        "phone": "0917518570",
        "certification_valid_until": "2027/09/09",
        "certification_status": "轉型期",
        "area_ha": 1.45,
        "source_type": "有機農場",
        "source_dataset": "新北市有機農場",
        "source_url": "https://data.ntpc.gov.tw/datasets/fc30f585-66d9-4233-a65e-c650d177ebfe",
        "geocoding_address": "新北市三峽區五寮段五寮小段0118-0016地號",
        "location_method": "地籍宗地圖形中心",
        "lng": 121.35236665606499,
        "lat": 24.861906580170725,
        "cadastral_office": "FI",
        "cadastral_section_code": "0082",
        "cadastral_land_no": "01180016"
      }
    },
    {
      "type": "Feature",
      "geometry": {
        "type": "Point",
        "coordinates": [
          121.35419324040411,
          24.866395450883473
        ]
      },
      "properties": {
        "data_time": "",
        "source_row_no": "262",
        "name": "邱照博",
        "operator": "邱照博",
        "city": "新北市",
        "district": "三峽區",
        "address": "新北市三峽區五寮段五寮小段0097-0003地號",
        "phone": "0985630478",
        "certification_valid_until": "2027/09/09",
        "certification_status": "轉型期",
        "area_ha": 0.1193,
        "source_type": "有機農場",
        "source_dataset": "新北市有機農場",
        "source_url": "https://data.ntpc.gov.tw/datasets/fc30f585-66d9-4233-a65e-c650d177ebfe",
        "geocoding_address": "新北市三峽區五寮段五寮小段0097-0003地號",
        "location_method": "地籍宗地圖形中心",
        "lng": 121.35419324040411,
        "lat": 24.866395450883473,
        "cadastral_office": "FI",
        "cadastral_section_code": "0082",
        "cadastral_land_no": "00970003"
      }
    },
    {
      "type": "Feature",
      "geometry": {
        "type": "Point",
        "coordinates": [
          121.64440557360649,
          25.030794576331182
        ]
      },
      "properties": {
        "data_time": "",
        "source_row_no": "263",
        "name": "周慧慧",
        "operator": "周慧慧",
        "city": "新北市",
        "district": "汐止區",
        "address": "新北市汐止區汐碇段1088-0000地號等2筆土地",
        "phone": "0226603762",
        "certification_valid_until": "2027/08/25",
        "certification_status": "有機",
        "area_ha": 0.5758,
        "source_type": "有機農場",
        "source_dataset": "新北市有機農場",
        "source_url": "https://data.ntpc.gov.tw/datasets/fc30f585-66d9-4233-a65e-c650d177ebfe",
        "geocoding_address": "新北市汐止區汐碇段1088-0000地號",
        "location_method": "地籍宗地圖形中心",
        "lng": 121.64440557360649,
        "lat": 25.030794576331182,
        "cadastral_office": "FD",
        "cadastral_section_code": "1058",
        "cadastral_land_no": "10880000"
      }
    },
    {
      "type": "Feature",
      "geometry": {
        "type": "Point",
        "coordinates": [
          121.47149965167046,
          25.19181125842177
        ]
      },
      "properties": {
        "data_time": "",
        "source_row_no": "264",
        "name": "簡連生(北新有機休閒農場)",
        "operator": "簡連生",
        "city": "新北市",
        "district": "淡水區",
        "address": "新北市淡水區忠源段0806-0000地號",
        "phone": "0226231428",
        "certification_valid_until": "2026/08/05",
        "certification_status": "有機，轉型期",
        "area_ha": 0.5638,
        "source_type": "有機農場",
        "source_dataset": "新北市有機農場",
        "source_url": "https://data.ntpc.gov.tw/datasets/fc30f585-66d9-4233-a65e-c650d177ebfe",
        "geocoding_address": "新北市淡水區忠源段0806-0000地號",
        "location_method": "地籍宗地圖形中心",
        "lng": 121.47149965167046,
        "lat": 25.19181125842177,
        "cadastral_office": "FE",
        "cadastral_section_code": "1343",
        "cadastral_land_no": "08060000"
      }
    },
    {
      "type": "Feature",
      "geometry": {
        "type": "Point",
        "coordinates": [
          121.43580079078674,
          24.926074633334196
        ]
      },
      "properties": {
        "data_time": "",
        "source_row_no": "265",
        "name": "周子耀(日盛茶行)",
        "operator": "周子耀",
        "city": "新北市",
        "district": "三峽區",
        "address": "新北市三峽區成福段小暗坑小段1446-0000地號",
        "phone": "0987672168",
        "certification_valid_until": "2026/12/21",
        "certification_status": "轉型期",
        "area_ha": 0.0995,
        "source_type": "有機農場",
        "source_dataset": "新北市有機農場",
        "source_url": "https://data.ntpc.gov.tw/datasets/fc30f585-66d9-4233-a65e-c650d177ebfe",
        "geocoding_address": "新北市三峽區成福段小暗坑小段1446-0000地號",
        "location_method": "地籍宗地圖形中心",
        "lng": 121.43580079078674,
        "lat": 24.926074633334196,
        "cadastral_office": "FI",
        "cadastral_section_code": "0050",
        "cadastral_land_no": "14460000"
      }
    },
    {
      "type": "Feature",
      "geometry": {
        "type": "Point",
        "coordinates": [
          121.37566700577736,
          24.912740893991263
        ]
      },
      "properties": {
        "data_time": "",
        "source_row_no": "266",
        "name": "陳宣和",
        "operator": "陳宣和",
        "city": "新北市",
        "district": "三峽區",
        "address": "新北市三峽區十三添段打鐵坑小段0027-0000地號",
        "phone": "0953220115",
        "certification_valid_until": "2027/02/19",
        "certification_status": "有機",
        "area_ha": 0.2534,
        "source_type": "有機農場",
        "source_dataset": "新北市有機農場",
        "source_url": "https://data.ntpc.gov.tw/datasets/fc30f585-66d9-4233-a65e-c650d177ebfe",
        "geocoding_address": "新北市三峽區十三添段打鐵坑小段0027-0000地號",
        "location_method": "地籍宗地圖形中心",
        "lng": 121.37566700577736,
        "lat": 24.912740893991263,
        "cadastral_office": "FI",
        "cadastral_section_code": "0043",
        "cadastral_land_no": "00270000"
      }
    },
    {
      "type": "Feature",
      "geometry": {
        "type": "Point",
        "coordinates": [
          121.77649766206741,
          25.04530137889046
        ]
      },
      "properties": {
        "data_time": "",
        "source_row_no": "267",
        "name": "蔡張秋桂",
        "operator": "蔡張秋桂",
        "city": "新北市",
        "district": "平溪區",
        "address": "新北市平溪區十分段0769-0000地號",
        "phone": "0224958138",
        "certification_valid_until": "2028/03/31",
        "certification_status": "有機",
        "area_ha": 0.1925,
        "source_type": "有機農場",
        "source_dataset": "新北市有機農場",
        "source_url": "https://data.ntpc.gov.tw/datasets/fc30f585-66d9-4233-a65e-c650d177ebfe",
        "geocoding_address": "新北市平溪區十分段0769-0000地號",
        "location_method": "地籍宗地圖形中心",
        "lng": 121.77649766206741,
        "lat": 25.04530137889046,
        "cadastral_office": "FF",
        "cadastral_section_code": "1585",
        "cadastral_land_no": "07690000"
      }
    },
    {
      "type": "Feature",
      "geometry": {
        "type": "Point",
        "coordinates": [
          121.74310550093651,
          24.96310916112123
        ]
      },
      "properties": {
        "data_time": "",
        "source_row_no": "268",
        "name": "朱水源(水源居農園)",
        "operator": "朱水源",
        "city": "新北市",
        "district": "坪林區",
        "address": "新北市坪林區漁光段0904-0000地號等",
        "phone": "0285122323",
        "certification_valid_until": "2027/07/31",
        "certification_status": "轉型期",
        "area_ha": 0.376,
        "source_type": "有機農場",
        "source_dataset": "新北市有機農場",
        "source_url": "https://data.ntpc.gov.tw/datasets/fc30f585-66d9-4233-a65e-c650d177ebfe",
        "geocoding_address": "新北市坪林區漁光段0904-0000地號",
        "location_method": "地籍宗地圖形中心",
        "lng": 121.74310550093651,
        "lat": 24.96310916112123,
        "cadastral_office": "FC",
        "cadastral_section_code": "0878",
        "cadastral_land_no": "09040000"
      }
    },
    {
      "type": "Feature",
      "geometry": {
        "type": "Point",
        "coordinates": [
          121.41262606993173,
          24.89258632190291
        ]
      },
      "properties": {
        "data_time": "",
        "source_row_no": "269",
        "name": "黃文雄",
        "operator": "黃文雄",
        "city": "新北市",
        "district": "三峽區",
        "address": "新北市三峽區成福段成福小段0295-0001",
        "phone": "0226726963",
        "certification_valid_until": "2027/06/21",
        "certification_status": "有機，轉型期",
        "area_ha": 0.4616,
        "source_type": "有機農場",
        "source_dataset": "新北市有機農場",
        "source_url": "https://data.ntpc.gov.tw/datasets/fc30f585-66d9-4233-a65e-c650d177ebfe",
        "geocoding_address": "新北市三峽區成福段成福小段0295-0001",
        "location_method": "行政區中心",
        "lng": 121.41262606993173,
        "lat": 24.89258632190291
      }
    },
    {
      "type": "Feature",
      "geometry": {
        "type": "Point",
        "coordinates": [
          121.54182448983192,
          24.933957685705145
        ]
      },
      "properties": {
        "data_time": "",
        "source_row_no": "270",
        "name": "新北市農會文山農場",
        "operator": "張麗梅",
        "city": "新北市",
        "district": "新店區",
        "address": "新北市新店區永興段0359-0000地號",
        "phone": "0226667512",
        "certification_valid_until": "2028/05/09",
        "certification_status": "有機，轉型期",
        "area_ha": 2.4003,
        "source_type": "有機農場",
        "source_dataset": "新北市有機農場",
        "source_url": "https://data.ntpc.gov.tw/datasets/fc30f585-66d9-4233-a65e-c650d177ebfe",
        "geocoding_address": "新北市新店區永興段0359-0000地號",
        "location_method": "地籍宗地圖形中心",
        "lng": 121.54182448983192,
        "lat": 24.933957685705145,
        "cadastral_office": "FC",
        "cadastral_section_code": "0876",
        "cadastral_land_no": "03590000"
      }
    },
    {
      "type": "Feature",
      "geometry": {
        "type": "Point",
        "coordinates": [
          121.46305203437804,
          25.212536914799074
        ]
      },
      "properties": {
        "data_time": "",
        "source_row_no": "271",
        "name": "湯榮明(紅配綠植明地)",
        "operator": "湯榮明",
        "city": "新北市",
        "district": "淡水區",
        "address": "新北市淡水區蕃薯段1060-0000地號",
        "phone": "0935674897",
        "certification_valid_until": "2028/01/20",
        "certification_status": "轉型期",
        "area_ha": 0.2788,
        "source_type": "有機農場",
        "source_dataset": "新北市有機農場",
        "source_url": "https://data.ntpc.gov.tw/datasets/fc30f585-66d9-4233-a65e-c650d177ebfe",
        "geocoding_address": "新北市淡水區蕃薯段1060-0000地號",
        "location_method": "地籍宗地圖形中心",
        "lng": 121.46305203437804,
        "lat": 25.212536914799074,
        "cadastral_office": "FE",
        "cadastral_section_code": "1339",
        "cadastral_land_no": "10600000"
      }
    },
    {
      "type": "Feature",
      "geometry": {
        "type": "Point",
        "coordinates": [
          121.41313749439242,
          24.89256137062118
        ]
      },
      "properties": {
        "data_time": "",
        "source_row_no": "272",
        "name": "呂昌和",
        "operator": "呂昌和",
        "city": "新北市",
        "district": "三峽區",
        "address": "新北市三峽區五寮里8鄰五寮184號",
        "phone": "0911623298",
        "certification_valid_until": "2028/04/06",
        "certification_status": "轉型期",
        "area_ha": 1.61,
        "source_type": "有機農場",
        "source_dataset": "新北市有機農場",
        "source_url": "https://data.ntpc.gov.tw/datasets/fc30f585-66d9-4233-a65e-c650d177ebfe",
        "geocoding_address": "新北市三峽區五寮里8鄰五寮184號",
        "location_method": "行政區中心",
        "lng": 121.41313749439242,
        "lat": 24.89256137062118
      }
    },
    {
      "type": "Feature",
      "geometry": {
        "type": "Point",
        "coordinates": [
          121.35835066437721,
          24.860815208862036
        ]
      },
      "properties": {
        "data_time": "",
        "source_row_no": "273",
        "name": "陳國隆",
        "operator": "陳國隆",
        "city": "新北市",
        "district": "三峽區",
        "address": "新北市三峽區五寮段五寮小段0118-0014地號",
        "phone": "0925161932",
        "certification_valid_until": "2028/04/06",
        "certification_status": "轉型期",
        "area_ha": 0.2279,
        "source_type": "有機農場",
        "source_dataset": "新北市有機農場",
        "source_url": "https://data.ntpc.gov.tw/datasets/fc30f585-66d9-4233-a65e-c650d177ebfe",
        "geocoding_address": "新北市三峽區五寮段五寮小段0118-0014地號",
        "location_method": "地籍宗地圖形中心",
        "lng": 121.35835066437721,
        "lat": 24.860815208862036,
        "cadastral_office": "FI",
        "cadastral_section_code": "0082",
        "cadastral_land_no": "01180014"
      }
    },
    {
      "type": "Feature",
      "geometry": {
        "type": "Point",
        "coordinates": [
          121.45860359072685,
          25.19919548164649
        ]
      },
      "properties": {
        "data_time": "",
        "source_row_no": "274",
        "name": "王木坤(福祿壽有機農場)",
        "operator": "王木坤",
        "city": "新北市",
        "district": "淡水區",
        "address": "新北市淡水區林子段0687-0010地號",
        "phone": "0935674897",
        "certification_valid_until": "2028/02/10",
        "certification_status": "轉型期",
        "area_ha": 0.106,
        "source_type": "有機農場",
        "source_dataset": "新北市有機農場",
        "source_url": "https://data.ntpc.gov.tw/datasets/fc30f585-66d9-4233-a65e-c650d177ebfe",
        "geocoding_address": "新北市淡水區林子段0687-0010地號",
        "location_method": "地籍宗地圖形中心",
        "lng": 121.45860359072685,
        "lat": 25.19919548164649,
        "cadastral_office": "FE",
        "cadastral_section_code": "1180",
        "cadastral_land_no": "06870010"
      }
    },
    {
      "type": "Feature",
      "geometry": {
        "type": "Point",
        "coordinates": [
          121.46247535943985,
          24.931898803373535
        ]
      },
      "properties": {
        "data_time": "",
        "source_row_no": "275",
        "name": "鄭永吉(永吉有機茶園)",
        "operator": "鄭永吉",
        "city": "新北市",
        "district": "三峽區",
        "address": "新北市三峽區成福段小暗坑小段0525-0000地號",
        "phone": "0226726047",
        "certification_valid_until": "2027/07/25",
        "certification_status": "有機",
        "area_ha": 0.15,
        "source_type": "有機農場",
        "source_dataset": "新北市有機農場",
        "source_url": "https://data.ntpc.gov.tw/datasets/fc30f585-66d9-4233-a65e-c650d177ebfe",
        "geocoding_address": "新北市三峽區成福段小暗坑小段0525-0000地號",
        "location_method": "地籍宗地圖形中心",
        "lng": 121.46247535943985,
        "lat": 24.931898803373535,
        "cadastral_office": "FI",
        "cadastral_section_code": "0050",
        "cadastral_land_no": "05250000"
      }
    },
    {
      "type": "Feature",
      "geometry": {
        "type": "Point",
        "coordinates": [
          121.42177551984787,
          24.930686319114546
        ]
      },
      "properties": {
        "data_time": "",
        "source_row_no": "276",
        "name": "黃正忠(天芳茶行)",
        "operator": "黃正忠",
        "city": "新北市",
        "district": "三峽區",
        "address": "新北市三峽區成福一段成福小段0483-0000",
        "phone": "0226726808",
        "certification_valid_until": "2027/10/11",
        "certification_status": "有機",
        "area_ha": 0.2545,
        "source_type": "有機農場",
        "source_dataset": "新北市有機農場",
        "source_url": "https://data.ntpc.gov.tw/datasets/fc30f585-66d9-4233-a65e-c650d177ebfe",
        "geocoding_address": "新北市三峽區成福一段0483-0000地號",
        "location_method": "地籍宗地圖形中心",
        "lng": 121.42177551984787,
        "lat": 24.930686319114546,
        "cadastral_office": "FI",
        "cadastral_section_code": "1992",
        "cadastral_land_no": "04830000"
      }
    },
    {
      "type": "Feature",
      "geometry": {
        "type": "Point",
        "coordinates": [
          121.48259997367859,
          24.980757928289187
        ]
      },
      "properties": {
        "data_time": "",
        "source_row_no": "277",
        "name": "江英元(林回有機農場)",
        "operator": "江英元",
        "city": "新北市",
        "district": "中和區",
        "address": "新北市中和區灰磘段0582-0000地號等4筆土地",
        "phone": "0936743805",
        "certification_valid_until": "2027/07/15",
        "certification_status": "有機",
        "area_ha": 1.0569,
        "source_type": "有機農場",
        "source_dataset": "新北市有機農場",
        "source_url": "https://data.ntpc.gov.tw/datasets/fc30f585-66d9-4233-a65e-c650d177ebfe",
        "geocoding_address": "新北市中和區灰磘段0582-0000地號",
        "location_method": "地籍宗地圖形中心",
        "lng": 121.48259997367859,
        "lat": 24.980757928289187,
        "cadastral_office": "FH",
        "cadastral_section_code": "2013",
        "cadastral_land_no": "05820000"
      }
    },
    {
      "type": "Feature",
      "geometry": {
        "type": "Point",
        "coordinates": [
          121.82674884796143,
          25.033421697449814
        ]
      },
      "properties": {
        "data_time": "",
        "source_row_no": "278",
        "name": "林立中",
        "operator": "林立中",
        "city": "新北市",
        "district": "雙溪區",
        "address": "新北市雙溪區平林段後番子坑小段175-5地號",
        "phone": "0928008902",
        "certification_valid_until": "2028/05/15",
        "certification_status": "轉型期",
        "area_ha": 4.9296,
        "source_type": "有機農場",
        "source_dataset": "新北市有機農場",
        "source_url": "https://data.ntpc.gov.tw/datasets/fc30f585-66d9-4233-a65e-c650d177ebfe",
        "geocoding_address": "新北市雙溪區平林段後番子坑小段0175-0005地號",
        "location_method": "地籍宗地圖形中心",
        "lng": 121.82674884796143,
        "lat": 25.033421697449814,
        "cadastral_office": "FF",
        "cadastral_section_code": "1473",
        "cadastral_land_no": "01750005"
      }
    },
    {
      "type": "Feature",
      "geometry": {
        "type": "Point",
        "coordinates": [
          121.38868778944016,
          24.9046959183884
        ]
      },
      "properties": {
        "data_time": "",
        "source_row_no": "279",
        "name": "陳俊銘",
        "operator": "陳俊銘",
        "city": "新北市",
        "district": "三峽區",
        "address": "新北市三峽區白雞段白雞小段0178-0006",
        "phone": "0912817488",
        "certification_valid_until": "2027/07/25",
        "certification_status": "有機",
        "area_ha": 1.0855,
        "source_type": "有機農場",
        "source_dataset": "新北市有機農場",
        "source_url": "https://data.ntpc.gov.tw/datasets/fc30f585-66d9-4233-a65e-c650d177ebfe",
        "geocoding_address": "新北市三峽區白雞段白雞小段0178-0006地號",
        "location_method": "地籍宗地圖形中心",
        "lng": 121.38868778944016,
        "lat": 24.9046959183884,
        "cadastral_office": "FI",
        "cadastral_section_code": "0039",
        "cadastral_land_no": "01780006"
      }
    },
    {
      "type": "Feature",
      "geometry": {
        "type": "Point",
        "coordinates": [
          121.87300756573677,
          25.061734432650272
        ]
      },
      "properties": {
        "data_time": "",
        "source_row_no": "280",
        "name": "潘萬金",
        "operator": "潘萬金",
        "city": "新北市",
        "district": "雙溪區",
        "address": "新北市雙溪區三叉港段三叉港小段0541-0006地號",
        "phone": "0935628893",
        "certification_valid_until": "2028/05/15",
        "certification_status": "轉型期",
        "area_ha": 1.5842,
        "source_type": "有機農場",
        "source_dataset": "新北市有機農場",
        "source_url": "https://data.ntpc.gov.tw/datasets/fc30f585-66d9-4233-a65e-c650d177ebfe",
        "geocoding_address": "新北市雙溪區三叉港段三叉港小段0541-0006地號",
        "location_method": "地籍宗地圖形中心",
        "lng": 121.87300756573677,
        "lat": 25.061734432650272,
        "cadastral_office": "FF",
        "cadastral_section_code": "1527",
        "cadastral_land_no": "05410006"
      }
    },
    {
      "type": "Feature",
      "geometry": {
        "type": "Point",
        "coordinates": [
          121.7504172027111,
          25.01361967830468
        ]
      },
      "properties": {
        "data_time": "",
        "source_row_no": "281",
        "name": "謝昶志",
        "operator": "謝昶志",
        "city": "新北市",
        "district": "平溪區",
        "address": "新北市平溪區石底段竿蓁林小段0122-0001地號",
        "phone": "0226726963",
        "certification_valid_until": "2028/08/12",
        "certification_status": "有機，轉型期",
        "area_ha": 0.896,
        "source_type": "有機農場",
        "source_dataset": "新北市有機農場",
        "source_url": "https://data.ntpc.gov.tw/datasets/fc30f585-66d9-4233-a65e-c650d177ebfe",
        "geocoding_address": "新北市平溪區石底段竿蓁林小段0122-0001地號",
        "location_method": "地籍宗地圖形中心",
        "lng": 121.7504172027111,
        "lat": 25.01361967830468,
        "cadastral_office": "FF",
        "cadastral_section_code": "1458",
        "cadastral_land_no": "01220001"
      }
    },
    {
      "type": "Feature",
      "geometry": {
        "type": "Point",
        "coordinates": [
          121.83069705963135,
          25.02677236793442
        ]
      },
      "properties": {
        "data_time": "",
        "source_row_no": "282",
        "name": "林杉龍",
        "operator": "林杉龍",
        "city": "新北市",
        "district": "雙溪區",
        "address": "新北市雙溪區平林段新寮子小段0196-0000地號",
        "phone": "0911210531",
        "certification_valid_until": "2028/05/15",
        "certification_status": "轉型期",
        "area_ha": 0.6678,
        "source_type": "有機農場",
        "source_dataset": "新北市有機農場",
        "source_url": "https://data.ntpc.gov.tw/datasets/fc30f585-66d9-4233-a65e-c650d177ebfe",
        "geocoding_address": "新北市雙溪區平林段新寮子小段0196-0000地號",
        "location_method": "地籍宗地圖形中心",
        "lng": 121.83069705963135,
        "lat": 25.02677236793442,
        "cadastral_office": "FF",
        "cadastral_section_code": "1471",
        "cadastral_land_no": "01960000"
      }
    },
    {
      "type": "Feature",
      "geometry": {
        "type": "Point",
        "coordinates": [
          121.88343197107315,
          25.04951008283176
        ]
      },
      "properties": {
        "data_time": "",
        "source_row_no": "283",
        "name": "朱素卿",
        "operator": "朱素卿",
        "city": "新北市",
        "district": "雙溪區",
        "address": "新北市雙溪區三叉港段三叉港小段0823-0000地號",
        "phone": "0937867391",
        "certification_valid_until": "2028/05/15",
        "certification_status": "有機",
        "area_ha": 0.9767,
        "source_type": "有機農場",
        "source_dataset": "新北市有機農場",
        "source_url": "https://data.ntpc.gov.tw/datasets/fc30f585-66d9-4233-a65e-c650d177ebfe",
        "geocoding_address": "新北市雙溪區三叉港段三叉港小段0823-0000地號",
        "location_method": "地籍宗地圖形中心",
        "lng": 121.88343197107315,
        "lat": 25.04951008283176,
        "cadastral_office": "FF",
        "cadastral_section_code": "1527",
        "cadastral_land_no": "08230000"
      }
    },
    {
      "type": "Feature",
      "geometry": {
        "type": "Point",
        "coordinates": [
          121.51178106665611,
          24.775141657577528
        ]
      },
      "properties": {
        "data_time": "",
        "source_row_no": "284",
        "name": "宋福祥",
        "operator": "宋福祥",
        "city": "新北市",
        "district": "烏來區",
        "address": "新北市烏來區福山段0041-0000地號",
        "phone": "0925756039",
        "certification_valid_until": "2028/06/04",
        "certification_status": "轉型期",
        "area_ha": 1.0042,
        "source_type": "有機農場",
        "source_dataset": "新北市有機農場",
        "source_url": "https://data.ntpc.gov.tw/datasets/fc30f585-66d9-4233-a65e-c650d177ebfe",
        "geocoding_address": "新北市烏來區福山段0041-0000地號",
        "location_method": "地籍宗地圖形中心",
        "lng": 121.51178106665611,
        "lat": 24.775141657577528,
        "cadastral_office": "FC",
        "cadastral_section_code": "0748",
        "cadastral_land_no": "00410000"
      }
    },
    {
      "type": "Feature",
      "geometry": {
        "type": "Point",
        "coordinates": [
          121.54446512460709,
          24.885176112323705
        ]
      },
      "properties": {
        "data_time": "",
        "source_row_no": "285",
        "name": "張林冬蜜",
        "operator": "張林冬蜜",
        "city": "新北市",
        "district": "烏來區",
        "address": "新北市烏來區堰堤段0107-0000地號",
        "phone": "0965516510",
        "certification_valid_until": "2028/06/04",
        "certification_status": "轉型期",
        "area_ha": 1.188,
        "source_type": "有機農場",
        "source_dataset": "新北市有機農場",
        "source_url": "https://data.ntpc.gov.tw/datasets/fc30f585-66d9-4233-a65e-c650d177ebfe",
        "geocoding_address": "新北市烏來區堰堤段0107-0000地號",
        "location_method": "地籍宗地圖形中心",
        "lng": 121.54446512460709,
        "lat": 24.885176112323705,
        "cadastral_office": "FC",
        "cadastral_section_code": "0856",
        "cadastral_land_no": "01070000"
      }
    },
    {
      "type": "Feature",
      "geometry": {
        "type": "Point",
        "coordinates": [
          121.869445592165,
          25.047897816439022
        ]
      },
      "properties": {
        "data_time": "",
        "source_row_no": "286",
        "name": "謝柳寶珠",
        "operator": "謝柳寶珠",
        "city": "新北市",
        "district": "雙溪區",
        "address": "新北市雙溪區三叉港段三叉港小段0737-0000地號等2筆土地",
        "phone": "939526031",
        "certification_valid_until": "2027/05/31",
        "certification_status": "轉型期",
        "area_ha": 0.4943,
        "source_type": "有機農場",
        "source_dataset": "新北市有機農場",
        "source_url": "https://data.ntpc.gov.tw/datasets/fc30f585-66d9-4233-a65e-c650d177ebfe",
        "geocoding_address": "新北市雙溪區三叉港段三叉港小段0737-0000地號",
        "location_method": "地籍宗地圖形中心",
        "lng": 121.869445592165,
        "lat": 25.047897816439022,
        "cadastral_office": "FF",
        "cadastral_section_code": "1527",
        "cadastral_land_no": "07370000"
      }
    },
    {
      "type": "Feature",
      "geometry": {
        "type": "Point",
        "coordinates": [
          121.62165239453316,
          25.2176886582893
        ]
      },
      "properties": {
        "data_time": "",
        "source_row_no": "287",
        "name": "謝永芳",
        "operator": "謝永芳",
        "city": "新北市",
        "district": "金山區",
        "address": "新北市金山區五湖段0466-0000地號",
        "phone": "0922331719",
        "certification_valid_until": "2028/06/30",
        "certification_status": "轉型期",
        "area_ha": 1.0417,
        "source_type": "有機農場",
        "source_dataset": "新北市有機農場",
        "source_url": "https://data.ntpc.gov.tw/datasets/fc30f585-66d9-4233-a65e-c650d177ebfe",
        "geocoding_address": "新北市金山區五湖段0466-0000地號",
        "location_method": "地籍宗地圖形中心",
        "lng": 121.62165239453316,
        "lat": 25.2176886582893,
        "cadastral_office": "FD",
        "cadastral_section_code": "1064",
        "cadastral_land_no": "04660000"
      }
    },
    {
      "type": "Feature",
      "geometry": {
        "type": "Point",
        "coordinates": [
          121.77542343735695,
          25.03759193044005
        ]
      },
      "properties": {
        "data_time": "",
        "source_row_no": "288",
        "name": "胡陳偏",
        "operator": "胡陳偏",
        "city": "新北市",
        "district": "平溪區",
        "address": "新北市平溪區南山二段0117-0000",
        "phone": "0224958085",
        "certification_valid_until": "2028/12/16",
        "certification_status": "有機",
        "area_ha": 0.0729,
        "source_type": "有機農場",
        "source_dataset": "新北市有機農場",
        "source_url": "https://data.ntpc.gov.tw/datasets/fc30f585-66d9-4233-a65e-c650d177ebfe",
        "geocoding_address": "新北市平溪區南山二段0117-0000地號",
        "location_method": "地籍宗地圖形中心",
        "lng": 121.77542343735695,
        "lat": 25.03759193044005,
        "cadastral_office": "FF",
        "cadastral_section_code": "1587",
        "cadastral_land_no": "01170000"
      }
    },
    {
      "type": "Feature",
      "geometry": {
        "type": "Point",
        "coordinates": [
          121.41665920615196,
          25.109231611706377
        ]
      },
      "properties": {
        "data_time": "",
        "source_row_no": "289",
        "name": "林志忠",
        "operator": "林志忠",
        "city": "新北市",
        "district": "五股區",
        "address": "新北市五股區五股坑二段0830-0000地號",
        "phone": "0282958879",
        "certification_valid_until": "2026/12/08",
        "certification_status": "有機",
        "area_ha": 0.1578,
        "source_type": "有機農場",
        "source_dataset": "新北市有機農場",
        "source_url": "https://data.ntpc.gov.tw/datasets/fc30f585-66d9-4233-a65e-c650d177ebfe",
        "geocoding_address": "新北市五股區五股坑二段0830-0000地號",
        "location_method": "地籍宗地圖形中心",
        "lng": 121.41665920615196,
        "lat": 25.109231611706377,
        "cadastral_office": "FB",
        "cadastral_section_code": "2243",
        "cadastral_land_no": "08300000"
      }
    },
    {
      "type": "Feature",
      "geometry": {
        "type": "Point",
        "coordinates": [
          121.44829049706459,
          24.923926836855927
        ]
      },
      "properties": {
        "data_time": "",
        "source_row_no": "290",
        "name": "范添貴(恬緣有機茶園)",
        "operator": "范添貴",
        "city": "新北市",
        "district": "三峽區",
        "address": "新北市三峽區成福段小暗坑小段0373-0003 地號",
        "phone": "0910353790",
        "certification_valid_until": "2027/08/30",
        "certification_status": "有機，轉型期",
        "area_ha": 1.1071,
        "source_type": "有機農場",
        "source_dataset": "新北市有機農場",
        "source_url": "https://data.ntpc.gov.tw/datasets/fc30f585-66d9-4233-a65e-c650d177ebfe",
        "geocoding_address": "新北市三峽區成福段小暗坑小段0373-0003地號",
        "location_method": "地籍宗地圖形中心",
        "lng": 121.44829049706459,
        "lat": 24.923926836855927,
        "cadastral_office": "FI",
        "cadastral_section_code": "0050",
        "cadastral_land_no": "03730003"
      }
    },
    {
      "type": "Feature",
      "geometry": {
        "type": "Point",
        "coordinates": [
          121.8723638355732,
          25.057460543340227
        ]
      },
      "properties": {
        "data_time": "",
        "source_row_no": "291",
        "name": "葉金池",
        "operator": "葉金池",
        "city": "新北市",
        "district": "雙溪區",
        "address": "新北市雙溪區三叉港段三叉港小段0902-0000地號",
        "phone": "0933815688",
        "certification_valid_until": "2028/05/15",
        "certification_status": "轉型期",
        "area_ha": 3.9364,
        "source_type": "有機農場",
        "source_dataset": "新北市有機農場",
        "source_url": "https://data.ntpc.gov.tw/datasets/fc30f585-66d9-4233-a65e-c650d177ebfe",
        "geocoding_address": "新北市雙溪區三叉港段三叉港小段0902-0000地號",
        "location_method": "地籍宗地圖形中心",
        "lng": 121.8723638355732,
        "lat": 25.057460543340227,
        "cadastral_office": "FF",
        "cadastral_section_code": "1527",
        "cadastral_land_no": "09020000"
      }
    },
    {
      "type": "Feature",
      "geometry": {
        "type": "Point",
        "coordinates": [
          121.89953461289406,
          25.00229845963647
        ]
      },
      "properties": {
        "data_time": "",
        "source_row_no": "292",
        "name": "楊振鑫(正先農場)",
        "operator": "楊振鑫",
        "city": "新北市",
        "district": "貢寮區",
        "address": "新北市貢寮區龍崗段0818-0000",
        "phone": "0919531030",
        "certification_valid_until": "2026/08/07",
        "certification_status": "有機，轉型期",
        "area_ha": 2.6759,
        "source_type": "有機農場",
        "source_dataset": "新北市有機農場",
        "source_url": "https://data.ntpc.gov.tw/datasets/fc30f585-66d9-4233-a65e-c650d177ebfe",
        "geocoding_address": "新北市貢寮區龍崗段0818-0000地號",
        "location_method": "地籍宗地圖形中心",
        "lng": 121.89953461289406,
        "lat": 25.00229845963647,
        "cadastral_office": "FF",
        "cadastral_section_code": "1598",
        "cadastral_land_no": "08180000"
      }
    },
    {
      "type": "Feature",
      "geometry": {
        "type": "Point",
        "coordinates": [
          121.42663165926933,
          25.105834977214094
        ]
      },
      "properties": {
        "data_time": "",
        "source_row_no": "293",
        "name": "吳國池(紫雲農場)",
        "operator": "吳國池",
        "city": "新北市",
        "district": "五股區",
        "address": "新北市五股區五股坑二段0195-0000",
        "phone": "0222915868",
        "certification_valid_until": "2026/11/24",
        "certification_status": "有機",
        "area_ha": 0.5976,
        "source_type": "有機農場",
        "source_dataset": "新北市有機農場",
        "source_url": "https://data.ntpc.gov.tw/datasets/fc30f585-66d9-4233-a65e-c650d177ebfe",
        "geocoding_address": "新北市五股區五股坑二段0195-0000地號",
        "location_method": "地籍宗地圖形中心",
        "lng": 121.42663165926933,
        "lat": 25.105834977214094,
        "cadastral_office": "FB",
        "cadastral_section_code": "2243",
        "cadastral_land_no": "01950000"
      }
    },
    {
      "type": "Feature",
      "geometry": {
        "type": "Point",
        "coordinates": [
          121.87620878219604,
          25.04926222857163
        ]
      },
      "properties": {
        "data_time": "",
        "source_row_no": "294",
        "name": "李麗燕",
        "operator": "李麗燕",
        "city": "新北市",
        "district": "雙溪區",
        "address": "新北市雙溪區三叉港段三叉港小段0860-0000地號",
        "phone": "0935261588",
        "certification_valid_until": "2028/07/08",
        "certification_status": "轉型期",
        "area_ha": 3.7652,
        "source_type": "有機農場",
        "source_dataset": "新北市有機農場",
        "source_url": "https://data.ntpc.gov.tw/datasets/fc30f585-66d9-4233-a65e-c650d177ebfe",
        "geocoding_address": "新北市雙溪區三叉港段三叉港小段0860-0000地號",
        "location_method": "地籍宗地圖形中心",
        "lng": 121.87620878219604,
        "lat": 25.04926222857163,
        "cadastral_office": "FF",
        "cadastral_section_code": "1527",
        "cadastral_land_no": "08600000"
      }
    },
    {
      "type": "Feature",
      "geometry": {
        "type": "Point",
        "coordinates": [
          121.91022858023643,
          24.99349599918129
        ]
      },
      "properties": {
        "data_time": "",
        "source_row_no": "295",
        "name": "周嘉美",
        "operator": "周嘉美",
        "city": "新北市",
        "district": "貢寮區",
        "address": "新北市貢寮區大石壁坑段0135-0000地號",
        "phone": "0921930819",
        "certification_valid_until": "2028/05/30",
        "certification_status": "有機",
        "area_ha": 0.0793,
        "source_type": "有機農場",
        "source_dataset": "新北市有機農場",
        "source_url": "https://data.ntpc.gov.tw/datasets/fc30f585-66d9-4233-a65e-c650d177ebfe",
        "geocoding_address": "新北市貢寮區大石壁坑段0135-0000地號",
        "location_method": "地籍宗地圖形中心",
        "lng": 121.91022858023643,
        "lat": 24.99349599918129,
        "cadastral_office": "FF",
        "cadastral_section_code": "1561",
        "cadastral_land_no": "01350000"
      }
    },
    {
      "type": "Feature",
      "geometry": {
        "type": "Point",
        "coordinates": [
          121.7118926346302,
          24.889052097837855
        ]
      },
      "properties": {
        "data_time": "",
        "source_row_no": "296",
        "name": "蘇育裕(泰裕成茶業)",
        "operator": "蘇育裕",
        "city": "新北市",
        "district": "坪林區",
        "address": "新北市坪林區姑婆寮段0007-0002地號等",
        "phone": "0921130752",
        "certification_valid_until": "2027/11/30",
        "certification_status": "有機，轉型期",
        "area_ha": 0.3972,
        "source_type": "有機農場",
        "source_dataset": "新北市有機農場",
        "source_url": "https://data.ntpc.gov.tw/datasets/fc30f585-66d9-4233-a65e-c650d177ebfe",
        "geocoding_address": "新北市坪林區姑婆寮段0007-0002地號",
        "location_method": "地籍宗地圖形中心",
        "lng": 121.7118926346302,
        "lat": 24.889052097837855,
        "cadastral_office": "FC",
        "cadastral_section_code": "0743",
        "cadastral_land_no": "00070002"
      }
    },
    {
      "type": "Feature",
      "geometry": {
        "type": "Point",
        "coordinates": [
          121.39957487583162,
          25.097531809211247
        ]
      },
      "properties": {
        "data_time": "",
        "source_row_no": "297",
        "name": "黃鈵鈞",
        "operator": "黃鈵鈞",
        "city": "新北市",
        "district": "八里區",
        "address": "新北市八里區長坑段1102-0000地號",
        "phone": "0989684676",
        "certification_valid_until": "2029/02/17",
        "certification_status": "轉型期",
        "area_ha": 0.2836,
        "source_type": "有機農場",
        "source_dataset": "新北市有機農場",
        "source_url": "https://data.ntpc.gov.tw/datasets/fc30f585-66d9-4233-a65e-c650d177ebfe",
        "geocoding_address": "新北市八里區長坑段1102-0000地號",
        "location_method": "地籍宗地圖形中心",
        "lng": 121.39957487583162,
        "lat": 25.097531809211247,
        "cadastral_office": "FE",
        "cadastral_section_code": "1326",
        "cadastral_land_no": "11020000"
      }
    },
    {
      "type": "Feature",
      "geometry": {
        "type": "Point",
        "coordinates": [
          121.4309848845005,
          24.93400025154832
        ]
      },
      "properties": {
        "data_time": "",
        "source_row_no": "298",
        "name": "黃裕成",
        "operator": "黃裕成",
        "city": "新北市",
        "district": "三峽區",
        "address": "新北市三峽區新北市三峽區成福一段0379-0000",
        "phone": "0286763939",
        "certification_valid_until": "2026/12/04",
        "certification_status": "有機",
        "area_ha": 0.5954,
        "source_type": "有機農場",
        "source_dataset": "新北市有機農場",
        "source_url": "https://data.ntpc.gov.tw/datasets/fc30f585-66d9-4233-a65e-c650d177ebfe",
        "geocoding_address": "新北市三峽區成福一段0379-0000地號",
        "location_method": "地籍宗地圖形中心",
        "lng": 121.4309848845005,
        "lat": 24.93400025154832,
        "cadastral_office": "FI",
        "cadastral_section_code": "1992",
        "cadastral_land_no": "03790000"
      }
    },
    {
      "type": "Feature",
      "geometry": {
        "type": "Point",
        "coordinates": [
          121.64047479629517,
          25.01150622093126
        ]
      },
      "properties": {
        "data_time": "",
        "source_row_no": "300",
        "name": "昶福企管顧問有限公司",
        "operator": "張絮涵",
        "city": "新北市",
        "district": "深坑區",
        "address": "新北市深坑區新土庫段 0047-0000",
        "phone": "0937542527",
        "certification_valid_until": "2028/10/13",
        "certification_status": "轉型期",
        "area_ha": 0.105,
        "source_type": "有機農場",
        "source_dataset": "新北市有機農場",
        "source_url": "https://data.ntpc.gov.tw/datasets/fc30f585-66d9-4233-a65e-c650d177ebfe",
        "geocoding_address": "新北市深坑區新土庫段0047-0000地號",
        "location_method": "地籍宗地圖形中心",
        "lng": 121.64047479629517,
        "lat": 25.01150622093126,
        "cadastral_office": "FC",
        "cadastral_section_code": "0870",
        "cadastral_land_no": "00470000"
      }
    },
    {
      "type": "Feature",
      "geometry": {
        "type": "Point",
        "coordinates": [
          121.66726469993591,
          25.03109957902049
        ]
      },
      "properties": {
        "data_time": "",
        "source_row_no": "301",
        "name": "佑華科技股份有限公司(弗貝多有機茶園)",
        "operator": "陳林美華",
        "city": "新北市",
        "district": "石碇區",
        "address": "新北市石碇區鹿窟段鹿窟小段0029-0001地號",
        "phone": "0289211345",
        "certification_valid_until": "2028/03/17",
        "certification_status": "有機",
        "area_ha": 0.0888,
        "source_type": "有機農場",
        "source_dataset": "新北市有機農場",
        "source_url": "https://data.ntpc.gov.tw/datasets/fc30f585-66d9-4233-a65e-c650d177ebfe",
        "geocoding_address": "新北市石碇區鹿窟段鹿窟小段0029-0001地號",
        "location_method": "地籍宗地圖形中心",
        "lng": 121.66726469993591,
        "lat": 25.03109957902049,
        "cadastral_office": "FC",
        "cadastral_section_code": "0664",
        "cadastral_land_no": "00290001"
      }
    },
    {
      "type": "Feature",
      "geometry": {
        "type": "Point",
        "coordinates": [
          121.39129221439362,
          24.90413394728218
        ]
      },
      "properties": {
        "data_time": "",
        "source_row_no": "302",
        "name": "陳俊羽",
        "operator": "陳俊羽",
        "city": "新北市",
        "district": "三峽區",
        "address": "新北市三峽區白雞段白雞小段0176-0011",
        "phone": "0921153974",
        "certification_valid_until": "47109",
        "certification_status": "轉型期",
        "area_ha": 0.1,
        "source_type": "有機農場",
        "source_dataset": "新北市有機農場",
        "source_url": "https://data.ntpc.gov.tw/datasets/fc30f585-66d9-4233-a65e-c650d177ebfe",
        "geocoding_address": "新北市三峽區白雞段白雞小段0176-0011地號",
        "location_method": "地籍宗地圖形中心",
        "lng": 121.39129221439362,
        "lat": 24.90413394728218,
        "cadastral_office": "FI",
        "cadastral_section_code": "0039",
        "cadastral_land_no": "01760011"
      }
    },
    {
      "type": "Feature",
      "geometry": {
        "type": "Point",
        "coordinates": [
          121.55012324452402,
          25.275202044477908
        ]
      },
      "properties": {
        "data_time": "",
        "source_row_no": "303",
        "name": "江萬國",
        "operator": "江萬國",
        "city": "新北市",
        "district": "石門區",
        "address": "新北市石門區梅山一段0635-0000地號",
        "phone": "0919264956",
        "certification_valid_until": "2028/12/31",
        "certification_status": "轉型期",
        "area_ha": 0.4338,
        "source_type": "有機農場",
        "source_dataset": "新北市有機農場",
        "source_url": "https://data.ntpc.gov.tw/datasets/fc30f585-66d9-4233-a65e-c650d177ebfe",
        "geocoding_address": "新北市石門區梅山一段0635-0000地號",
        "location_method": "地籍宗地圖形中心",
        "lng": 121.55012324452402,
        "lat": 25.275202044477908,
        "cadastral_office": "FE",
        "cadastral_section_code": "1367",
        "cadastral_land_no": "06350000"
      }
    },
    {
      "type": "Feature",
      "geometry": {
        "type": "Point",
        "coordinates": [
          121.52606248855591,
          25.277694150973726
        ]
      },
      "properties": {
        "data_time": "",
        "source_row_no": "304",
        "name": "林旻彤",
        "operator": "林旻彤",
        "city": "新北市",
        "district": "石門區",
        "address": "新北市石門區白沙灣段0541-0002地號",
        "phone": "0968867683",
        "certification_valid_until": "2028/12/31",
        "certification_status": "轉型期",
        "area_ha": 1.497,
        "source_type": "有機農場",
        "source_dataset": "新北市有機農場",
        "source_url": "https://data.ntpc.gov.tw/datasets/fc30f585-66d9-4233-a65e-c650d177ebfe",
        "geocoding_address": "新北市石門區白沙灣段0541-0002地號",
        "location_method": "地籍宗地圖形中心",
        "lng": 121.52606248855591,
        "lat": 25.277694150973726,
        "cadastral_office": "FE",
        "cadastral_section_code": "1355",
        "cadastral_land_no": "05410002"
      }
    },
    {
      "type": "Feature",
      "geometry": {
        "type": "Point",
        "coordinates": [
          121.63483142852783,
          24.95041050126708
        ]
      },
      "properties": {
        "data_time": "",
        "source_row_no": "305",
        "name": "周呈毅",
        "operator": "周呈毅",
        "city": "新北市",
        "district": "石碇區",
        "address": "新北市石碇區小格頭段濕水子小段0046-0000地號",
        "phone": "0972968703",
        "certification_valid_until": "2029/01/07",
        "certification_status": "轉型期",
        "area_ha": 1.5315,
        "source_type": "有機農場",
        "source_dataset": "新北市有機農場",
        "source_url": "https://data.ntpc.gov.tw/datasets/fc30f585-66d9-4233-a65e-c650d177ebfe",
        "geocoding_address": "新北市石碇區小格頭段濕水子小段0046-0000地號",
        "location_method": "地籍宗地圖形中心",
        "lng": 121.63483142852783,
        "lat": 24.95041050126708,
        "cadastral_office": "FC",
        "cadastral_section_code": "0622",
        "cadastral_land_no": "00460000"
      }
    }
  ]
}
