{
  "type": "FeatureCollection",
  "features": [
    {
      "type": "Feature",
      "properties": {
        "source_row_no": 1,
        "city": "新北市",
        "normalized_city": "新北市",
        "district": "三重區",
        "vendor_category_code": "6",
        "vendor_category": "物流業",
        "registration_item": "物流營業場所",
        "registration_no": "F-107161402-00001-5",
        "name": "宏翔交通有限公司",
        "address": "新北市三重區後埔街61號之4",
        "company_registration_name": "宏翔交通有限公司",
        "source_page": 1,
        "point_type": "業者點位",
        "location_method": "OpenStreetMap道路/地名定位",
        "source_count": 479,
        "geocoding_address": "新北市三重區後埔街61號之4",
        "lng": 121.47883245117312,
        "lat": 25.048459222815843,
        "osm_query": "新北市三重區後埔街",
        "osm_display_name": "後埔街, 德厚里, 三重區, 頭前, 新北市, 241018, 臺灣"
      },
      "geometry": {
        "type": "Point",
        "coordinates": [
          121.47883245117312,
          25.048459222815843
        ]
      }
    },
    {
      "type": "Feature",
      "properties": {
        "source_row_no": 2,
        "city": "新北市",
        "normalized_city": "新北市",
        "district": "林口區",
        "vendor_category_code": "6",
        "vendor_category": "物流業",
        "registration_item": "物流營業場所",
        "registration_no": "F-153197609-00001-4",
        "name": "松益行銷股份有限公司",
        "address": "新北市林口區菁埔39-36號",
        "company_registration_name": "松益行銷股份有限公司",
        "source_page": 1,
        "point_type": "業者點位",
        "location_method": "OpenStreetMap道路/地名定位",
        "source_count": 479,
        "geocoding_address": "新北市林口區菁埔39-36號",
        "lng": 121.37806548937873,
        "lat": 25.096750446811765,
        "osm_query": "新北市林口區菁埔",
        "osm_display_name": "菁埔, 林口區, 新北市, 244016, 臺灣"
      },
      "geometry": {
        "type": "Point",
        "coordinates": [
          121.37806548937873,
          25.096750446811765
        ]
      }
    },
    {
      "type": "Feature",
      "properties": {
        "source_row_no": 3,
        "city": "新北市",
        "normalized_city": "新北市",
        "district": "中和區",
        "vendor_category_code": "6",
        "vendor_category": "物流業",
        "registration_item": "物流營業場所",
        "registration_no": "F-115137362-00002-3",
        "name": "崧富物流股份有限公司",
        "address": "新北市中和區員山路7-3號",
        "company_registration_name": "崧富物流股份有限公司",
        "source_page": 1,
        "point_type": "業者點位",
        "location_method": "OpenStreetMap道路/地名定位",
        "source_count": 479,
        "geocoding_address": "新北市中和區員山路7-3號",
        "lng": 121.4817725680289,
        "lat": 24.99192156359268,
        "osm_query": "新北市中和區員山路",
        "osm_display_name": "員山路, 灰磘里, 中和區, 中坑, 新北市, 23552, 臺灣"
      },
      "geometry": {
        "type": "Point",
        "coordinates": [
          121.4817725680289,
          24.99192156359268
        ]
      }
    },
    {
      "type": "Feature",
      "properties": {
        "source_row_no": 4,
        "city": "新北市",
        "normalized_city": "新北市",
        "district": "樹林區",
        "vendor_category_code": "6",
        "vendor_category": "物流業",
        "registration_item": "物流營業場所",
        "registration_no": "F-128922012-00001-0",
        "name": "永金通運有限公司",
        "address": "新北市樹林區俊英街116巷41弄9號5樓",
        "company_registration_name": "永金通運有限公司",
        "source_page": 1,
        "point_type": "業者點位",
        "location_method": "OpenStreetMap道路/地名定位",
        "source_count": 479,
        "geocoding_address": "新北市樹林區俊英街116巷41弄9號",
        "lng": 121.42590013629238,
        "lat": 25.00792545202847,
        "osm_query": "新北市樹林區俊英街",
        "osm_display_name": "俊英街, 圳安里, 樹林區, 三角埔, 新北市, 23878, 臺灣"
      },
      "geometry": {
        "type": "Point",
        "coordinates": [
          121.42590013629238,
          25.00792545202847
        ]
      }
    },
    {
      "type": "Feature",
      "properties": {
        "source_row_no": 5,
        "city": "新北市",
        "normalized_city": "新北市",
        "district": "八里區",
        "vendor_category_code": "6",
        "vendor_category": "物流業",
        "registration_item": "物流營業場所",
        "registration_no": "F-124553305-00002-2",
        "name": "好好立和國際物流股份有限公司",
        "address": "新北市八里區訊塘里7鄰厦竹圍21之2號1樓~4樓",
        "company_registration_name": "好好立和國際物流股份有限公司",
        "source_page": 1,
        "point_type": "業者點位",
        "location_method": "OpenStreetMap道路/地名定位",
        "source_count": 479,
        "geocoding_address": "新北市八里區訊塘里厦竹圍21之2號",
        "lng": 121.39339546549486,
        "lat": 25.14384105167763,
        "osm_query": "新北市八里區訊塘里厦竹圍",
        "osm_display_name": "廈竹圍, 中山路三段, 訊塘里, 八里區, 下罟子, 新北市, 249002, 臺灣"
      },
      "geometry": {
        "type": "Point",
        "coordinates": [
          121.39339546549486,
          25.14384105167763
        ]
      }
    },
    {
      "type": "Feature",
      "properties": {
        "source_row_no": 6,
        "city": "新北市",
        "normalized_city": "新北市",
        "district": "林口區",
        "vendor_category_code": "6",
        "vendor_category": "物流業",
        "registration_item": "物流營業場所",
        "registration_no": "F-180274298-00001-4",
        "name": "拓亞物流股份有限公司",
        "address": "新北市林口區寶林路108號",
        "company_registration_name": "拓亞物流股份有限公司",
        "source_page": 1,
        "point_type": "業者點位",
        "location_method": "OpenStreetMap道路/地名定位",
        "source_count": 479,
        "geocoding_address": "新北市林口區寶林路108號",
        "lng": 121.32414041758564,
        "lat": 25.10661189126103,
        "osm_query": "新北市林口區寶林路",
        "osm_display_name": "寶林路, 頂福里, 林口區, 新北市, 24451, 臺灣"
      },
      "geometry": {
        "type": "Point",
        "coordinates": [
          121.32414041758564,
          25.10661189126103
        ]
      }
    },
    {
      "type": "Feature",
      "properties": {
        "source_row_no": 7,
        "city": "新北市",
        "normalized_city": "新北市",
        "district": "汐止區",
        "vendor_category_code": "6",
        "vendor_category": "物流業",
        "registration_item": "物流營業場所",
        "registration_no": "F-189879852-00002-1",
        "name": "鼎順貨運",
        "address": "新北市汐止區新台五路二段91號2樓之3",
        "company_registration_name": "鼎順貨運交通有限公司",
        "source_page": 1,
        "point_type": "業者點位",
        "location_method": "OpenStreetMap道路/地名定位",
        "source_count": 479,
        "geocoding_address": "新北市汐止區新台五路二段91號",
        "lng": 121.67575727755452,
        "lat": 25.065950985722285,
        "osm_query": "新北市汐止區新台五路二段",
        "osm_display_name": "新台五路二段, 茄苳里, 汐止區, 新北市, 221036, 臺灣"
      },
      "geometry": {
        "type": "Point",
        "coordinates": [
          121.67575727755452,
          25.065950985722285
        ]
      }
    },
    {
      "type": "Feature",
      "properties": {
        "source_row_no": 8,
        "city": "新北市",
        "normalized_city": "新北市",
        "district": "八里區",
        "vendor_category_code": "6",
        "vendor_category": "物流業",
        "registration_item": "物流營業場所",
        "registration_no": "F-180250423-00006-3",
        "name": "三信倉儲股份有限公司",
        "address": "新北市八里區訊塘里7鄰廈竹圍25號",
        "company_registration_name": "三信倉儲股份有限公司",
        "source_page": 1,
        "point_type": "業者點位",
        "location_method": "OpenStreetMap道路/地名定位",
        "source_count": 479,
        "geocoding_address": "新北市八里區訊塘里廈竹圍25號",
        "lng": 121.39306234578896,
        "lat": 25.143635869811785,
        "osm_query": "新北市八里區訊塘里廈竹圍",
        "osm_display_name": "廈竹圍, 中山路三段, 訊塘里, 八里區, 下罟子, 新北市, 249002, 臺灣"
      },
      "geometry": {
        "type": "Point",
        "coordinates": [
          121.39306234578896,
          25.143635869811785
        ]
      }
    },
    {
      "type": "Feature",
      "properties": {
        "source_row_no": 9,
        "city": "新北市",
        "normalized_city": "新北市",
        "district": "新莊區",
        "vendor_category_code": "6",
        "vendor_category": "物流業",
        "registration_item": "物流營業場所",
        "registration_no": "F-200060155-00001-2",
        "name": "忠欣蔬果有限公司",
        "address": "新北市新莊區化成路203號",
        "company_registration_name": "金淩農產企業社",
        "source_page": 1,
        "point_type": "業者點位",
        "location_method": "OpenStreetMap道路/地名定位",
        "source_count": 479,
        "geocoding_address": "新北市新莊區化成路203號",
        "lng": 121.46378918858801,
        "lat": 25.066078486750882,
        "osm_query": "新北市新莊區化成路",
        "osm_display_name": "化成路, 福基里, 新莊區, 新北市, 24888, 臺灣"
      },
      "geometry": {
        "type": "Point",
        "coordinates": [
          121.46378918858801,
          25.066078486750882
        ]
      }
    },
    {
      "type": "Feature",
      "properties": {
        "source_row_no": 10,
        "city": "新北市",
        "normalized_city": "新北市",
        "district": "三重區",
        "vendor_category_code": "6",
        "vendor_category": "物流業",
        "registration_item": "物流營業場所",
        "registration_no": "F-152512066-00001-1",
        "name": "源倉倉儲有限公司",
        "address": "新北市三重區穀保街100號(1樓)",
        "company_registration_name": "源倉倉儲有限公司",
        "source_page": 1,
        "point_type": "業者點位",
        "location_method": "OpenStreetMap道路/地名定位",
        "source_count": 479,
        "geocoding_address": "新北市三重區穀保街100號(",
        "lng": 121.47090622140225,
        "lat": 25.068290761289685,
        "osm_query": "新北市三重區穀保街",
        "osm_display_name": "穀保街, 二重里, 三重區, 新北市, 24872, 臺灣"
      },
      "geometry": {
        "type": "Point",
        "coordinates": [
          121.47090622140225,
          25.068290761289685
        ]
      }
    },
    {
      "type": "Feature",
      "properties": {
        "source_row_no": 11,
        "city": "新北市",
        "normalized_city": "新北市",
        "district": "新莊區",
        "vendor_category_code": "6",
        "vendor_category": "物流業",
        "registration_item": "物流營業場所",
        "registration_no": "F-135821123-00005-3",
        "name": "新莊食品有限公司",
        "address": "新北市新莊區瓊泰路二巷一○號一樓",
        "company_registration_name": "新莊食品有限公司",
        "source_page": 1,
        "point_type": "業者點位",
        "location_method": "OpenStreetMap道路/地名定位",
        "source_count": 479,
        "geocoding_address": "新北市新莊區瓊泰路二巷一○號一樓",
        "lng": 121.4432878321449,
        "lat": 25.031416981064375,
        "osm_query": "新北市新莊區瓊泰路",
        "osm_display_name": "瓊泰路, 國泰里, 新莊區, 瓊林, 新北市, 24241, 臺灣"
      },
      "geometry": {
        "type": "Point",
        "coordinates": [
          121.4432878321449,
          25.031416981064375
        ]
      }
    },
    {
      "type": "Feature",
      "properties": {
        "source_row_no": 12,
        "city": "新北市",
        "normalized_city": "新北市",
        "district": "五股區",
        "vendor_category_code": "6",
        "vendor_category": "物流業",
        "registration_item": "物流營業場所",
        "registration_no": "F-116654595-00003-7",
        "name": "五股轉運中心",
        "address": "新北市五股區新五路二段143號",
        "company_registration_name": "大誠國際通運有限公司",
        "source_page": 1,
        "point_type": "業者點位",
        "location_method": "OpenStreetMap道路/地名定位",
        "source_count": 479,
        "geocoding_address": "新北市五股區新五路二段143號",
        "lng": 121.44447683240963,
        "lat": 25.08821068890905,
        "osm_query": "新北市五股區新五路二段",
        "osm_display_name": "新五路二段, 洲子洋重劃區, 成泰里, 五股區, 新北市, 248017, 臺灣"
      },
      "geometry": {
        "type": "Point",
        "coordinates": [
          121.44447683240963,
          25.08821068890905
        ]
      }
    },
    {
      "type": "Feature",
      "properties": {
        "source_row_no": 13,
        "city": "新北市",
        "normalized_city": "新北市",
        "district": "五股區",
        "vendor_category_code": "6",
        "vendor_category": "物流業",
        "registration_item": "物流營業場所",
        "registration_no": "F-200022640-00002-0",
        "name": "虹元藥局",
        "address": "新北市五股區水碓里自強路５６號",
        "company_registration_name": "虹元藥局",
        "source_page": 1,
        "point_type": "業者點位",
        "location_method": "OpenStreetMap道路/地名定位",
        "source_count": 479,
        "geocoding_address": "新北市五股區水碓里自強路５６號",
        "lng": 121.4320338358187,
        "lat": 25.0699918212927,
        "osm_query": "新北市五股區水碓里自強路",
        "osm_display_name": "自強路, 貿商里, 五股區, 新北市, 24871, 臺灣"
      },
      "geometry": {
        "type": "Point",
        "coordinates": [
          121.4320338358187,
          25.0699918212927
        ]
      }
    },
    {
      "type": "Feature",
      "properties": {
        "source_row_no": 14,
        "city": "新北市",
        "normalized_city": "新北市",
        "district": "鶯歌區",
        "vendor_category_code": "6",
        "vendor_category": "物流業",
        "registration_item": "物流營業場所",
        "registration_no": "F-184095959-00001-3",
        "name": "文隆服務有限公司",
        "address": "新北市鶯歌區二甲路33-27號",
        "company_registration_name": "文隆服務有限公司",
        "source_page": 1,
        "point_type": "業者點位",
        "location_method": "OpenStreetMap道路/地名定位",
        "source_count": 479,
        "geocoding_address": "新北市鶯歌區二甲路33-27號",
        "osm_query": "二甲路 鶯歌區 新北市",
        "osm_display_name": "二甲路, 二甲里, 鶯歌區, 二橋, 新北市, 239002, 臺灣",
        "lng": 121.33860809090513,
        "lat": 24.935056377731115
      },
      "geometry": {
        "type": "Point",
        "coordinates": [
          121.33860809090513,
          24.935056377731115
        ]
      }
    },
    {
      "type": "Feature",
      "properties": {
        "source_row_no": 15,
        "city": "新北市",
        "normalized_city": "新北市",
        "district": "中和區",
        "vendor_category_code": "6",
        "vendor_category": "物流業",
        "registration_item": "物流營業場所",
        "registration_no": "F-142718595-00001-5",
        "name": "雷鯊物流有限公司",
        "address": "新北市中和區員山路82巷10弄1號3樓",
        "company_registration_name": "雷鯊物流有限公司",
        "source_page": 1,
        "point_type": "業者點位",
        "location_method": "OpenStreetMap道路/地名定位",
        "source_count": 479,
        "geocoding_address": "新北市中和區員山路82巷10弄1號",
        "lng": 121.48172475295948,
        "lat": 24.992037276307283,
        "osm_query": "新北市中和區員山路",
        "osm_display_name": "員山路, 灰磘里, 中和區, 中坑, 新北市, 23552, 臺灣"
      },
      "geometry": {
        "type": "Point",
        "coordinates": [
          121.48172475295948,
          24.992037276307283
        ]
      }
    },
    {
      "type": "Feature",
      "properties": {
        "source_row_no": 16,
        "city": "新北市",
        "normalized_city": "新北市",
        "district": "新莊區",
        "vendor_category_code": "6",
        "vendor_category": "物流業",
        "registration_item": "物流營業場所",
        "registration_no": "F-200042268-00001-7",
        "name": "忠欣蔬果",
        "address": "新北市新莊區化成路203號",
        "company_registration_name": "鄉村農產企業社",
        "source_page": 1,
        "point_type": "業者點位",
        "location_method": "OpenStreetMap道路/地名定位",
        "source_count": 479,
        "geocoding_address": "新北市新莊區化成路203號",
        "lng": 121.46412226374852,
        "lat": 25.066185524507674,
        "osm_query": "新北市新莊區化成路",
        "osm_display_name": "化成路, 福基里, 新莊區, 新北市, 24888, 臺灣"
      },
      "geometry": {
        "type": "Point",
        "coordinates": [
          121.46412226374852,
          25.066185524507674
        ]
      }
    },
    {
      "type": "Feature",
      "properties": {
        "source_row_no": 17,
        "city": "新北市",
        "normalized_city": "新北市",
        "district": "新莊區",
        "vendor_category_code": "6",
        "vendor_category": "物流業",
        "registration_item": "物流營業場所",
        "registration_no": "F-200060159-00001-6",
        "name": "立崴商行",
        "address": "新北市新莊區化成路203號",
        "company_registration_name": "立崴商行",
        "source_page": 1,
        "point_type": "業者點位",
        "location_method": "OpenStreetMap道路/地名定位",
        "source_count": 479,
        "geocoding_address": "新北市新莊區化成路203號",
        "lng": 121.46376682359646,
        "lat": 25.06640040845792,
        "osm_query": "新北市新莊區化成路",
        "osm_display_name": "化成路, 福基里, 新莊區, 新北市, 24888, 臺灣"
      },
      "geometry": {
        "type": "Point",
        "coordinates": [
          121.46376682359646,
          25.06640040845792
        ]
      }
    },
    {
      "type": "Feature",
      "properties": {
        "source_row_no": 18,
        "city": "新北市",
        "normalized_city": "新北市",
        "district": "新莊區",
        "vendor_category_code": "6",
        "vendor_category": "物流業",
        "registration_item": "物流營業場所",
        "registration_no": "F-200043949-00001-4",
        "name": "忠欣蔬果有限公司",
        "address": "新北市新莊區化成路203號",
        "company_registration_name": "滿竹農產企業社",
        "source_page": 1,
        "point_type": "業者點位",
        "location_method": "OpenStreetMap道路/地名定位",
        "source_count": 479,
        "geocoding_address": "新北市新莊區化成路203號",
        "lng": 121.46376810355443,
        "lat": 25.066513481937147,
        "osm_query": "新北市新莊區化成路",
        "osm_display_name": "化成路, 福基里, 新莊區, 新北市, 24888, 臺灣"
      },
      "geometry": {
        "type": "Point",
        "coordinates": [
          121.46376810355443,
          25.066513481937147
        ]
      }
    },
    {
      "type": "Feature",
      "properties": {
        "source_row_no": 19,
        "city": "新北市",
        "normalized_city": "新北市",
        "district": "汐止區",
        "vendor_category_code": "6",
        "vendor_category": "物流業",
        "registration_item": "物流營業場所",
        "registration_no": "F-122819119-00001-7",
        "name": "南港所",
        "address": "新北市汐止區大同路一段159-2號",
        "company_registration_name": "欣華通運股份有限公司",
        "source_page": 1,
        "point_type": "業者點位",
        "location_method": "OpenStreetMap道路/地名定位",
        "source_count": 479,
        "geocoding_address": "新北市汐止區大同路一段159-2號",
        "lng": 121.63206577208187,
        "lat": 25.05572522987994,
        "osm_query": "新北市汐止區大同路一段",
        "osm_display_name": "大同路一段, 樟樹灣, 樟樹里, 汐止區, 橫科, 新北市, 22161, 臺灣"
      },
      "geometry": {
        "type": "Point",
        "coordinates": [
          121.63206577208187,
          25.05572522987994
        ]
      }
    },
    {
      "type": "Feature",
      "properties": {
        "source_row_no": 20,
        "city": "新北市",
        "normalized_city": "新北市",
        "district": "泰山區",
        "vendor_category_code": "6",
        "vendor_category": "物流業",
        "registration_item": "物流營業場所",
        "registration_no": "F-100133595-00001-0",
        "name": "鼎匯食品有限公司",
        "address": "新北市泰山區民生路17巷45號",
        "company_registration_name": "鼎匯食品有限公司",
        "source_page": 1,
        "point_type": "業者點位",
        "location_method": "OpenStreetMap道路/地名定位",
        "source_count": 479,
        "geocoding_address": "新北市泰山區民生路17巷45號",
        "lng": 121.43327129081634,
        "lat": 25.049129000422514,
        "osm_query": "新北市泰山區民生路",
        "osm_display_name": "民生路, 義仁里, 泰山區, 貴子坑, 新北市, 243087, 臺灣"
      },
      "geometry": {
        "type": "Point",
        "coordinates": [
          121.43327129081634,
          25.049129000422514
        ]
      }
    },
    {
      "type": "Feature",
      "properties": {
        "source_row_no": 21,
        "city": "新北市",
        "normalized_city": "新北市",
        "district": "林口區",
        "vendor_category_code": "6",
        "vendor_category": "物流業",
        "registration_item": "物流營業場所",
        "registration_no": "F-167269005-00001-9",
        "name": "久祿食品有限公司",
        "address": "新北市林口區忠孝路604巷16號",
        "company_registration_name": "久祿食品有限公司",
        "source_page": 1,
        "point_type": "業者點位",
        "location_method": "OpenStreetMap道路/地名定位",
        "source_count": 479,
        "geocoding_address": "新北市林口區忠孝路604巷16號",
        "lng": 121.37952269761396,
        "lat": 25.06893090968405,
        "osm_query": "新北市林口區忠孝路",
        "osm_display_name": "忠孝路, 東勢里, 林口區, 新北市, 244009, 臺灣"
      },
      "geometry": {
        "type": "Point",
        "coordinates": [
          121.37952269761396,
          25.06893090968405
        ]
      }
    },
    {
      "type": "Feature",
      "properties": {
        "source_row_no": 22,
        "city": "新北市",
        "normalized_city": "新北市",
        "district": "樹林區",
        "vendor_category_code": "6",
        "vendor_category": "物流業",
        "registration_item": "物流營業場所",
        "registration_no": "F-128536882-00001-6",
        "name": "世大交通有限公司",
        "address": "新北市樹林區俊英街116巷41弄9號5樓",
        "company_registration_name": "世大交通有限公司",
        "source_page": 1,
        "point_type": "業者點位",
        "location_method": "OpenStreetMap道路/地名定位",
        "source_count": 479,
        "geocoding_address": "新北市樹林區俊英街116巷41弄9號",
        "lng": 121.42581532738699,
        "lat": 25.008418063054908,
        "osm_query": "新北市樹林區俊英街",
        "osm_display_name": "俊英街, 圳安里, 樹林區, 三角埔, 新北市, 23878, 臺灣"
      },
      "geometry": {
        "type": "Point",
        "coordinates": [
          121.42581532738699,
          25.008418063054908
        ]
      }
    },
    {
      "type": "Feature",
      "properties": {
        "source_row_no": 23,
        "city": "新北市",
        "normalized_city": "新北市",
        "district": "新店區",
        "vendor_category_code": "6",
        "vendor_category": "物流業",
        "registration_item": "物流營業場所",
        "registration_no": "F-180616921-00003-9",
        "name": "紅杉有限公司",
        "address": "新北市新店區寶高路7巷4號1樓",
        "company_registration_name": "紅杉有限公司",
        "source_page": 1,
        "point_type": "業者點位",
        "location_method": "OpenStreetMap道路/地名定位",
        "source_count": 479,
        "geocoding_address": "新北市新店區寶高路7巷4號",
        "lng": 121.55298360833162,
        "lat": 24.97694218119732,
        "osm_query": "新北市新店區寶高路",
        "osm_display_name": "寶高路, 寶橋工業區, 寶福里, 新店區, 大坪林, 新北市, 116019, 臺灣"
      },
      "geometry": {
        "type": "Point",
        "coordinates": [
          121.55298360833162,
          24.97694218119732
        ]
      }
    },
    {
      "type": "Feature",
      "properties": {
        "source_row_no": 24,
        "city": "新北市",
        "normalized_city": "新北市",
        "district": "土城區",
        "vendor_category_code": "6",
        "vendor_category": "物流業",
        "registration_item": "物流營業場所",
        "registration_no": "F-129133401-00003-9",
        "name": "暘益食品股份有限公司",
        "address": "新北市土城區亞洲路58巷5弄26號",
        "company_registration_name": "暘益食品股份有限公司",
        "source_page": 1,
        "point_type": "業者點位",
        "location_method": "OpenStreetMap道路/地名定位",
        "source_count": 479,
        "geocoding_address": "新北市土城區亞洲路58巷5弄26號",
        "lng": 121.43386337135038,
        "lat": 24.972029569327916,
        "osm_query": "新北市土城區亞洲路",
        "osm_display_name": "亞洲路, 員仁里, 土城區, 頂埔, 新北市, 236034, 臺灣"
      },
      "geometry": {
        "type": "Point",
        "coordinates": [
          121.43386337135038,
          24.972029569327916
        ]
      }
    },
    {
      "type": "Feature",
      "properties": {
        "source_row_no": 25,
        "city": "新北市",
        "normalized_city": "新北市",
        "district": "新莊區",
        "vendor_category_code": "6",
        "vendor_category": "物流業",
        "registration_item": "物流營業場所",
        "registration_no": "F-200133675-00001-0",
        "name": "忠欣蔬果有限公司",
        "address": "新北市新莊區化成路203號",
        "company_registration_name": "嘉農農產企業社",
        "source_page": 1,
        "point_type": "業者點位",
        "location_method": "OpenStreetMap道路/地名定位",
        "source_count": 479,
        "geocoding_address": "新北市新莊區化成路203號",
        "lng": 121.46364105803463,
        "lat": 25.066597738407637,
        "osm_query": "新北市新莊區化成路",
        "osm_display_name": "化成路, 福基里, 新莊區, 新北市, 24888, 臺灣"
      },
      "geometry": {
        "type": "Point",
        "coordinates": [
          121.46364105803463,
          25.066597738407637
        ]
      }
    },
    {
      "type": "Feature",
      "properties": {
        "source_row_no": 26,
        "city": "新北市",
        "normalized_city": "新北市",
        "district": "新莊區",
        "vendor_category_code": "6",
        "vendor_category": "物流業",
        "registration_item": "物流營業場所",
        "registration_no": "F-200060163-00001-1",
        "name": "宏億商行",
        "address": "新北市新莊區化成路203號",
        "company_registration_name": "宏億商行",
        "source_page": 1,
        "point_type": "業者點位",
        "location_method": "OpenStreetMap道路/地名定位",
        "source_count": 479,
        "geocoding_address": "新北市新莊區化成路203號",
        "lng": 121.46403466215857,
        "lat": 25.066163854713338,
        "osm_query": "新北市新莊區化成路",
        "osm_display_name": "化成路, 福基里, 新莊區, 新北市, 24888, 臺灣"
      },
      "geometry": {
        "type": "Point",
        "coordinates": [
          121.46403466215857,
          25.066163854713338
        ]
      }
    },
    {
      "type": "Feature",
      "properties": {
        "source_row_no": 27,
        "city": "新北市",
        "normalized_city": "新北市",
        "district": "林口區",
        "vendor_category_code": "6",
        "vendor_category": "物流業",
        "registration_item": "物流營業場所",
        "registration_no": "F-124047413-00001-9",
        "name": "全台物流股份有限公司",
        "address": "新北市林口區宏昌街1號",
        "company_registration_name": "美達流通科技股份有限公司",
        "source_page": 1,
        "point_type": "業者點位",
        "location_method": "OpenStreetMap道路/地名定位",
        "source_count": 479,
        "geocoding_address": "新北市林口區宏昌街1號",
        "lng": 121.40500305994965,
        "lat": 25.084868025557924,
        "osm_query": "新北市林口區宏昌街",
        "osm_display_name": "宏昌街, 東林里, 林口區, 新北市, 24445, 臺灣"
      },
      "geometry": {
        "type": "Point",
        "coordinates": [
          121.40500305994965,
          25.084868025557924
        ]
      }
    },
    {
      "type": "Feature",
      "properties": {
        "source_row_no": 28,
        "city": "新北市",
        "normalized_city": "新北市",
        "district": "新莊區",
        "vendor_category_code": "6",
        "vendor_category": "物流業",
        "registration_item": "物流營業場所",
        "registration_no": "F-150846242-00001-5",
        "name": "雲略國際物流有限公司",
        "address": "新北市新莊區中華路2段9號6樓",
        "company_registration_name": "雲略國際物流股份有限公司",
        "source_page": 1,
        "point_type": "業者點位",
        "location_method": "OpenStreetMap道路/地名定位",
        "source_count": 479,
        "geocoding_address": "新北市新莊區中華路2段9號",
        "lng": 121.45269635907411,
        "lat": 25.043670043766532,
        "osm_query": "新北市新莊區中華路2段",
        "osm_display_name": "中華路二段, 中美里, 新莊區, 中港厝, 新北市, 24254, 臺灣"
      },
      "geometry": {
        "type": "Point",
        "coordinates": [
          121.45269635907411,
          25.043670043766532
        ]
      }
    },
    {
      "type": "Feature",
      "properties": {
        "source_row_no": 29,
        "city": "新北市",
        "normalized_city": "新北市",
        "district": "新莊區",
        "vendor_category_code": "6",
        "vendor_category": "物流業",
        "registration_item": "物流營業場所",
        "registration_no": "F-200040320-00001-4",
        "name": "忠欣國際",
        "address": "新北市新莊區化成路203號",
        "company_registration_name": "忠欣國際有限公司",
        "source_page": 1,
        "point_type": "業者點位",
        "location_method": "OpenStreetMap道路/地名定位",
        "source_count": 479,
        "geocoding_address": "新北市新莊區化成路203號",
        "lng": 121.46393741060831,
        "lat": 25.066165840797183,
        "osm_query": "新北市新莊區化成路",
        "osm_display_name": "化成路, 福基里, 新莊區, 新北市, 24888, 臺灣"
      },
      "geometry": {
        "type": "Point",
        "coordinates": [
          121.46393741060831,
          25.066165840797183
        ]
      }
    },
    {
      "type": "Feature",
      "properties": {
        "source_row_no": 30,
        "city": "新北市",
        "normalized_city": "新北市",
        "district": "五股區",
        "vendor_category_code": "6",
        "vendor_category": "物流業",
        "registration_item": "物流營業場所",
        "registration_no": "F-191083134-00001-3",
        "name": "甫漾物流通運有限公司",
        "address": "新北市五股區五工六路53-2號",
        "company_registration_name": "甫漾物流通運有限公司",
        "source_page": 1,
        "point_type": "業者點位",
        "location_method": "OpenStreetMap道路/地名定位",
        "source_count": 479,
        "geocoding_address": "新北市五股區五工六路53-2號",
        "osm_query": "五工六路 五股區 新北市",
        "osm_display_name": "五工六路, 新北產業園區, 興珍里, 五股區, 新北市, 242204, 臺灣",
        "lng": 121.446645321695,
        "lat": 25.064649105051476
      },
      "geometry": {
        "type": "Point",
        "coordinates": [
          121.446645321695,
          25.064649105051476
        ]
      }
    },
    {
      "type": "Feature",
      "properties": {
        "source_row_no": 31,
        "city": "新北市",
        "normalized_city": "新北市",
        "district": "中和區",
        "vendor_category_code": "6",
        "vendor_category": "物流業",
        "registration_item": "物流營業場所",
        "registration_no": "F-170762591-00985-2",
        "name": "南勢角營業所",
        "address": "新北市中和區員山路36巷8之3號",
        "company_registration_name": "統一速達股份有限公司",
        "source_page": 1,
        "point_type": "業者點位",
        "location_method": "OpenStreetMap道路/地名定位",
        "source_count": 479,
        "geocoding_address": "新北市中和區員山路36巷8之3號",
        "lng": 121.4820083365051,
        "lat": 24.991734011693552,
        "osm_query": "新北市中和區員山路",
        "osm_display_name": "員山路, 灰磘里, 中和區, 中坑, 新北市, 23552, 臺灣"
      },
      "geometry": {
        "type": "Point",
        "coordinates": [
          121.4820083365051,
          24.991734011693552
        ]
      }
    },
    {
      "type": "Feature",
      "properties": {
        "source_row_no": 32,
        "city": "新北市",
        "normalized_city": "新北市",
        "district": "林口區",
        "vendor_category_code": "6",
        "vendor_category": "物流業",
        "registration_item": "物流營業場所",
        "registration_no": "F-189713706-00002-6",
        "name": "金台北",
        "address": "新北市林口區南勢里2鄰77-36號",
        "company_registration_name": "陽業有限公司",
        "source_page": 1,
        "point_type": "業者點位",
        "location_method": "OpenStreetMap道路/地名定位",
        "source_count": 479,
        "geocoding_address": "新北市林口區南勢里77-36號",
        "lng": 121.36397507032831,
        "lat": 25.0729820313591,
        "osm_query": "新北市林口區南勢",
        "osm_display_name": "南勢, 林口區, 新北市, 24448, 臺灣"
      },
      "geometry": {
        "type": "Point",
        "coordinates": [
          121.36397507032831,
          25.0729820313591
        ]
      }
    },
    {
      "type": "Feature",
      "properties": {
        "source_row_no": 33,
        "city": "新北市",
        "normalized_city": "新北市",
        "district": "新莊區",
        "vendor_category_code": "6",
        "vendor_category": "物流業",
        "registration_item": "物流營業場所",
        "registration_no": "F-200133676-00001-1",
        "name": "泳淣農產企業社",
        "address": "新北市新莊區化成路203號",
        "company_registration_name": "泳淣農產企業社",
        "source_page": 1,
        "point_type": "業者點位",
        "location_method": "OpenStreetMap道路/地名定位",
        "source_count": 479,
        "geocoding_address": "新北市新莊區化成路203號",
        "lng": 121.4637345066252,
        "lat": 25.06626057184366,
        "osm_query": "新北市新莊區化成路",
        "osm_display_name": "化成路, 福基里, 新莊區, 新北市, 24888, 臺灣"
      },
      "geometry": {
        "type": "Point",
        "coordinates": [
          121.4637345066252,
          25.06626057184366
        ]
      }
    },
    {
      "type": "Feature",
      "properties": {
        "source_row_no": 34,
        "city": "新北市",
        "normalized_city": "新北市",
        "district": "樹林區",
        "vendor_category_code": "6",
        "vendor_category": "物流業",
        "registration_item": "物流營業場所",
        "registration_no": "F-116778049-00010-6",
        "name": "大智通樹林DC",
        "address": "新北市樹林區佳園路2段70之1號",
        "company_registration_name": "大智通文化行銷股份有限公司",
        "source_page": 1,
        "point_type": "業者點位",
        "location_method": "OpenStreetMap道路/地名定位",
        "source_count": 479,
        "geocoding_address": "新北市樹林區佳園路2段70之1號",
        "lng": 121.3904993762716,
        "lat": 24.959782766533046,
        "osm_query": "新北市樹林區佳園路2段",
        "osm_display_name": "佳園路二段, 北園里, 樹林區, 柑園, 新北市, 23877, 臺灣"
      },
      "geometry": {
        "type": "Point",
        "coordinates": [
          121.3904993762716,
          24.959782766533046
        ]
      }
    },
    {
      "type": "Feature",
      "properties": {
        "source_row_no": 35,
        "city": "新北市",
        "normalized_city": "新北市",
        "district": "林口區",
        "vendor_category_code": "6",
        "vendor_category": "物流業",
        "registration_item": "物流營業場所",
        "registration_no": "F-200138064-00001-7",
        "name": "陸程通運有限公司",
        "address": "新北市林口區南勢3鄰71-79附8號",
        "company_registration_name": "陸程通運有限公司",
        "source_page": 1,
        "point_type": "業者點位",
        "location_method": "OpenStreetMap道路/地名定位",
        "source_count": 479,
        "geocoding_address": "新北市林口區南勢71-79附8號",
        "lng": 121.36365204443251,
        "lat": 25.07350049509646,
        "osm_query": "新北市林口區南勢",
        "osm_display_name": "南勢, 林口區, 新北市, 24448, 臺灣"
      },
      "geometry": {
        "type": "Point",
        "coordinates": [
          121.36365204443251,
          25.07350049509646
        ]
      }
    },
    {
      "type": "Feature",
      "properties": {
        "source_row_no": 36,
        "city": "新北市",
        "normalized_city": "新北市",
        "district": "新莊區",
        "vendor_category_code": "6",
        "vendor_category": "物流業",
        "registration_item": "物流營業場所",
        "registration_no": "F-200054966-00001-5",
        "name": "忠欣蔬果",
        "address": "新北市新莊區化成路203號",
        "company_registration_name": "忠欣商行",
        "source_page": 1,
        "point_type": "業者點位",
        "location_method": "OpenStreetMap道路/地名定位",
        "source_count": 479,
        "geocoding_address": "新北市新莊區化成路203號",
        "lng": 121.46357830426435,
        "lat": 25.066376549481983,
        "osm_query": "新北市新莊區化成路",
        "osm_display_name": "化成路, 福基里, 新莊區, 新北市, 24888, 臺灣"
      },
      "geometry": {
        "type": "Point",
        "coordinates": [
          121.46357830426435,
          25.066376549481983
        ]
      }
    },
    {
      "type": "Feature",
      "properties": {
        "source_row_no": 37,
        "city": "新北市",
        "normalized_city": "新北市",
        "district": "深坑區",
        "vendor_category_code": "6",
        "vendor_category": "物流業",
        "registration_item": "物流營業場所",
        "registration_no": "F-129175204-00002-5",
        "name": "九洲國際食品有限公司",
        "address": "新北市深坑區北深路三段155巷27號",
        "company_registration_name": "九洲國際食品有限公司",
        "source_page": 1,
        "point_type": "業者點位",
        "location_method": "OpenStreetMap道路/地名定位",
        "source_count": 479,
        "geocoding_address": "新北市深坑區北深路三段155巷27號",
        "lng": 121.59640927416407,
        "lat": 25.00514384884187,
        "osm_query": "新北市深坑區北深路三段",
        "osm_display_name": "北深路三段, 萬順里, 深坑區, 萬順, 新北市, 222004, 臺灣"
      },
      "geometry": {
        "type": "Point",
        "coordinates": [
          121.59640927416407,
          25.00514384884187
        ]
      }
    },
    {
      "type": "Feature",
      "properties": {
        "source_row_no": 38,
        "city": "新北市",
        "normalized_city": "新北市",
        "district": "三峽區",
        "vendor_category_code": "6",
        "vendor_category": "物流業",
        "registration_item": "物流營業場所",
        "registration_no": "F-123529784-00034-0",
        "name": "捷盟行銷股份有限公司",
        "address": "新北市三峽區介壽路一段338巷3號",
        "company_registration_name": "捷盟行銷股份有限公司",
        "source_page": 1,
        "point_type": "業者點位",
        "location_method": "OpenStreetMap道路/地名定位",
        "source_count": 479,
        "geocoding_address": "新北市三峽區介壽路一段338巷3號",
        "lng": 121.38296131896156,
        "lat": 24.931067629421044,
        "osm_query": "新北市三峽區介壽路一段",
        "osm_display_name": "介壽路一段, 礁溪里, 三峽區, 橫溪, 新北市, 237017, 臺灣"
      },
      "geometry": {
        "type": "Point",
        "coordinates": [
          121.38296131896156,
          24.931067629421044
        ]
      }
    },
    {
      "type": "Feature",
      "properties": {
        "source_row_no": 39,
        "city": "新北市",
        "normalized_city": "新北市",
        "district": "新店區",
        "vendor_category_code": "6",
        "vendor_category": "物流業",
        "registration_item": "物流營業場所",
        "registration_no": "F-170762591-00997-5",
        "name": "文山一營業所",
        "address": "新北市新店區寶中路95號",
        "company_registration_name": "統一速達股份有限公司",
        "source_page": 1,
        "point_type": "業者點位",
        "location_method": "OpenStreetMap道路/地名定位",
        "source_count": 479,
        "geocoding_address": "新北市新店區寶中路95號",
        "lng": 121.54676364648326,
        "lat": 24.980356329966547,
        "osm_query": "新北市新店區寶中路",
        "osm_display_name": "寶中路, 寶興里, 新店區, 大坪林, 新北市, 231029, 臺灣"
      },
      "geometry": {
        "type": "Point",
        "coordinates": [
          121.54676364648326,
          24.980356329966547
        ]
      }
    },
    {
      "type": "Feature",
      "properties": {
        "source_row_no": 40,
        "city": "新北市",
        "normalized_city": "新北市",
        "district": "瑞芳區",
        "vendor_category_code": "6",
        "vendor_category": "物流業",
        "registration_item": "物流營業場所",
        "registration_no": "F-150971557-00001-3",
        "name": "物流園區",
        "address": "新北市瑞芳區楓子瀨路1巷1號",
        "company_registration_name": "艾立運能股份有限公司",
        "source_page": 1,
        "point_type": "業者點位",
        "location_method": "OpenStreetMap道路/地名定位",
        "source_count": 479,
        "geocoding_address": "新北市瑞芳區楓子瀨路1巷1號",
        "lng": 121.76671477965145,
        "lat": 25.098666236050708,
        "osm_query": "新北市瑞芳區楓子瀨路",
        "osm_display_name": "楓仔瀨路, 上天里, 瑞芳區, 四腳亭, 新北市, 22445, 臺灣"
      },
      "geometry": {
        "type": "Point",
        "coordinates": [
          121.76671477965145,
          25.098666236050708
        ]
      }
    },
    {
      "type": "Feature",
      "properties": {
        "source_row_no": 41,
        "city": "新北市",
        "normalized_city": "新北市",
        "district": "五股區",
        "vendor_category_code": "6",
        "vendor_category": "物流業",
        "registration_item": "物流營業場所",
        "registration_no": "F-200197258-00001-7",
        "name": "建泉倉庫",
        "address": "新北市五股區凌雲路三段2號東門",
        "company_registration_name": "建泉有限公司",
        "source_page": 2,
        "point_type": "業者點位",
        "location_method": "OpenStreetMap道路/地名定位",
        "source_count": 479,
        "geocoding_address": "新北市五股區凌雲路三段2號東門",
        "lng": 121.43445478010072,
        "lat": 25.104188673974775,
        "osm_query": "新北市五股區凌雲路三段",
        "osm_display_name": "凌雲路三段, 觀音里, 五股區, 新北市, 24841, 臺灣"
      },
      "geometry": {
        "type": "Point",
        "coordinates": [
          121.43445478010072,
          25.104188673974775
        ]
      }
    },
    {
      "type": "Feature",
      "properties": {
        "source_row_no": 42,
        "city": "新北市",
        "normalized_city": "新北市",
        "district": "汐止區",
        "vendor_category_code": "6",
        "vendor_category": "物流業",
        "registration_item": "物流營業場所",
        "registration_no": "F-184443850-00001-0",
        "name": "联福通運有限公司",
        "address": "新北市汐止區保長路17之1號4樓",
        "company_registration_name": "联福通運有限公司",
        "source_page": 2,
        "point_type": "業者點位",
        "location_method": "OpenStreetMap道路/地名定位",
        "source_count": 479,
        "geocoding_address": "新北市汐止區保長路17之1號",
        "lng": 121.68024696372188,
        "lat": 25.075094418460512,
        "osm_query": "新北市汐止區保長路",
        "osm_display_name": "保長路, 保長里, 汐止區, 新北市, 22173, 臺灣"
      },
      "geometry": {
        "type": "Point",
        "coordinates": [
          121.68024696372188,
          25.075094418460512
        ]
      }
    },
    {
      "type": "Feature",
      "properties": {
        "source_row_no": 43,
        "city": "新北市",
        "normalized_city": "新北市",
        "district": "土城區",
        "vendor_category_code": "6",
        "vendor_category": "物流業",
        "registration_item": "物流營業場所",
        "registration_no": "F-151015548-00100-3",
        "name": "嘉里大榮物流-板橋所",
        "address": "新北市土城區中山路10-1號",
        "company_registration_name": "嘉里大榮物流股份有限公司",
        "source_page": 2,
        "point_type": "業者點位",
        "location_method": "OpenStreetMap道路/地名定位",
        "source_count": 479,
        "geocoding_address": "新北市土城區中山路10-1號",
        "lng": 121.42898014705011,
        "lat": 24.967004643684948,
        "osm_query": "新北市土城區中山路",
        "osm_display_name": "中山路, 土城產業園區, 沛陂里, 土城區, 頂埔, 新北市, 236037, 臺灣"
      },
      "geometry": {
        "type": "Point",
        "coordinates": [
          121.42898014705011,
          24.967004643684948
        ]
      }
    },
    {
      "type": "Feature",
      "properties": {
        "source_row_no": 44,
        "city": "新北市",
        "normalized_city": "新北市",
        "district": "八里區",
        "vendor_category_code": "6",
        "vendor_category": "物流業",
        "registration_item": "物流營業場所",
        "registration_no": "F-170624227-00068-7",
        "name": "北投營業所",
        "address": "新北市八里區龍米路一段138巷1號",
        "company_registration_name": "台灣宅配通股份有限公司",
        "source_page": 2,
        "point_type": "業者點位",
        "location_method": "OpenStreetMap道路/地名定位",
        "source_count": 479,
        "geocoding_address": "新北市八里區龍米路一段138巷1號",
        "lng": 121.4493549355506,
        "lat": 25.13427582283533,
        "osm_query": "新北市八里區龍米路一段",
        "osm_display_name": "私立聖心國小, 261, 龍米路一段, 龍源里, 八里區, 龍形, 新北市, 249, 臺灣"
      },
      "geometry": {
        "type": "Point",
        "coordinates": [
          121.4493549355506,
          25.13427582283533
        ]
      }
    },
    {
      "type": "Feature",
      "properties": {
        "source_row_no": 45,
        "city": "新北市",
        "normalized_city": "新北市",
        "district": "汐止區",
        "vendor_category_code": "6",
        "vendor_category": "物流業",
        "registration_item": "物流營業場所",
        "registration_no": "F-196896602-00001-0",
        "name": "弘偉通運有限公司",
        "address": "新北市汐止區民權街2段48號5樓",
        "company_registration_name": "弘偉通運有限公司",
        "source_page": 2,
        "point_type": "業者點位",
        "location_method": "OpenStreetMap道路/地名定位",
        "source_count": 479,
        "geocoding_address": "新北市汐止區民權街2段48號",
        "lng": 121.6180673455852,
        "lat": 25.047931819812842,
        "osm_query": "新北市汐止區民權街2段",
        "osm_display_name": "白雲國小, 90, 民權街二段, 福山里, 汐止區, 橫科, 新北市, 11564, 臺灣"
      },
      "geometry": {
        "type": "Point",
        "coordinates": [
          121.6180673455852,
          25.047931819812842
        ]
      }
    },
    {
      "type": "Feature",
      "properties": {
        "source_row_no": 46,
        "city": "新北市",
        "normalized_city": "新北市",
        "district": "林口區",
        "vendor_category_code": "6",
        "vendor_category": "物流業",
        "registration_item": "物流營業場所",
        "registration_no": "F-124710473-00001-2",
        "name": "信威物流有限公司",
        "address": "新北市林口區後湖56-8號",
        "company_registration_name": "信威物流有限公司",
        "source_page": 2,
        "point_type": "業者點位",
        "location_method": "OpenStreetMap道路/地名定位",
        "source_count": 479,
        "geocoding_address": "新北市林口區後湖56-8號",
        "lng": 121.38738162391775,
        "lat": 25.099507312704546,
        "osm_query": "新北市林口區後湖",
        "osm_display_name": "後湖, 林口區, 新北市, 24446, 臺灣"
      },
      "geometry": {
        "type": "Point",
        "coordinates": [
          121.38738162391775,
          25.099507312704546
        ]
      }
    },
    {
      "type": "Feature",
      "properties": {
        "source_row_no": 47,
        "city": "新北市",
        "normalized_city": "新北市",
        "district": "林口區",
        "vendor_category_code": "6",
        "vendor_category": "物流業",
        "registration_item": "物流營業場所",
        "registration_no": "F-170762591-00961-6",
        "name": "林口營業所",
        "address": "新北市林口區宏昌街8巷2號",
        "company_registration_name": "統一速達股份有限公司",
        "source_page": 2,
        "point_type": "業者點位",
        "location_method": "OpenStreetMap道路/地名定位",
        "source_count": 479,
        "geocoding_address": "新北市林口區宏昌街8巷2號",
        "lng": 121.40522304750726,
        "lat": 25.08469236738588,
        "osm_query": "新北市林口區宏昌街",
        "osm_display_name": "宏昌街, 東林里, 林口區, 新北市, 24445, 臺灣"
      },
      "geometry": {
        "type": "Point",
        "coordinates": [
          121.40522304750726,
          25.08469236738588
        ]
      }
    },
    {
      "type": "Feature",
      "properties": {
        "source_row_no": 48,
        "city": "新北市",
        "normalized_city": "新北市",
        "district": "林口區",
        "vendor_category_code": "6",
        "vendor_category": "物流業",
        "registration_item": "物流營業場所",
        "registration_no": "F-120951576-00001-9",
        "name": "米倉貨運有限公司",
        "address": "新北市林口區文化北路1段420號",
        "company_registration_name": "米倉貨運有限公司",
        "source_page": 2,
        "point_type": "業者點位",
        "location_method": "OpenStreetMap道路/地名定位",
        "source_count": 479,
        "geocoding_address": "新北市林口區文化北路1段420號",
        "lng": 121.35592082797545,
        "lat": 25.067390624200947,
        "osm_query": "新北市林口區文化北路1段",
        "osm_display_name": "新北市私立禾森幼兒園, 48, 文化北路一段, 南勢里, 林口區, 新北市, 244018, 臺灣"
      },
      "geometry": {
        "type": "Point",
        "coordinates": [
          121.35592082797545,
          25.067390624200947
        ]
      }
    },
    {
      "type": "Feature",
      "properties": {
        "source_row_no": 49,
        "city": "新北市",
        "normalized_city": "新北市",
        "district": "樹林區",
        "vendor_category_code": "6",
        "vendor_category": "物流業",
        "registration_item": "物流營業場所",
        "registration_no": "F-123930626-00003-7",
        "name": "魔術食品物流中心",
        "address": "新北市樹林區武林街13-4號",
        "company_registration_name": "魔術食品工業股份有限公司",
        "source_page": 2,
        "point_type": "業者點位",
        "location_method": "OpenStreetMap道路/地名定位",
        "source_count": 479,
        "geocoding_address": "新北市樹林區武林街13-4號",
        "lng": 121.4181870290391,
        "lat": 25.002313154301813,
        "osm_query": "新北市樹林區武林街",
        "osm_display_name": "武林街, 樹林產業園區, 金寮里, 樹林區, 三角埔, 新北市, 23867, 臺灣"
      },
      "geometry": {
        "type": "Point",
        "coordinates": [
          121.4181870290391,
          25.002313154301813
        ]
      }
    },
    {
      "type": "Feature",
      "properties": {
        "source_row_no": 50,
        "city": "新北市",
        "normalized_city": "新北市",
        "district": "八里區",
        "vendor_category_code": "6",
        "vendor_category": "物流業",
        "registration_item": "物流營業場所",
        "registration_no": "F-146480100-00194-0",
        "name": "八里營業所",
        "address": "新北市八里區觀海大道263號",
        "company_registration_name": "新竹物流股份有限公司",
        "source_page": 2,
        "point_type": "業者點位",
        "location_method": "OpenStreetMap道路/地名定位",
        "source_count": 479,
        "geocoding_address": "新北市八里區觀海大道263號",
        "lng": 121.42790275716501,
        "lat": 25.161608629464293,
        "osm_query": "新北市八里區觀海大道",
        "osm_display_name": "觀海大道, 大崁里, 八里區, 公田, 新北市, 24944, 臺灣"
      },
      "geometry": {
        "type": "Point",
        "coordinates": [
          121.42790275716501,
          25.161608629464293
        ]
      }
    },
    {
      "type": "Feature",
      "properties": {
        "source_row_no": 51,
        "city": "新北市",
        "normalized_city": "新北市",
        "district": "樹林區",
        "vendor_category_code": "6",
        "vendor_category": "物流業",
        "registration_item": "物流營業場所",
        "registration_no": "F-200205155-00001-3",
        "name": "營業總部",
        "address": "新北市樹林區柑園街二段380巷5號",
        "company_registration_name": "希望之星國際企業",
        "source_page": 2,
        "point_type": "業者點位",
        "location_method": "OpenStreetMap道路/地名定位",
        "source_count": 479,
        "geocoding_address": "新北市樹林區柑園街二段380巷5號",
        "lng": 121.36816975682464,
        "lat": 24.94890496899345,
        "osm_query": "新北市樹林區柑園街二段",
        "osm_display_name": "柑園街二段, 西園里, 樹林區, 北大特區, 新北市, 23741, 臺灣"
      },
      "geometry": {
        "type": "Point",
        "coordinates": [
          121.36816975682464,
          24.94890496899345
        ]
      }
    },
    {
      "type": "Feature",
      "properties": {
        "source_row_no": 52,
        "city": "新北市",
        "normalized_city": "新北市",
        "district": "新莊區",
        "vendor_category_code": "6",
        "vendor_category": "物流業",
        "registration_item": "物流營業場所",
        "registration_no": "F-170624227-00073-3",
        "name": "新莊營業所",
        "address": "新北市新莊區思源路34號",
        "company_registration_name": "台灣宅配通股份有限公司",
        "source_page": 2,
        "point_type": "業者點位",
        "location_method": "OpenStreetMap道路/地名定位",
        "source_count": 479,
        "geocoding_address": "新北市新莊區思源路34號",
        "lng": 121.45993385599644,
        "lat": 25.044700726235483,
        "osm_query": "新北市新莊區思源路",
        "osm_display_name": "思源路, 思源里, 新莊區, 中港厝, 新北市, 24213, 臺灣"
      },
      "geometry": {
        "type": "Point",
        "coordinates": [
          121.45993385599644,
          25.044700726235483
        ]
      }
    },
    {
      "type": "Feature",
      "properties": {
        "source_row_no": 53,
        "city": "新北市",
        "normalized_city": "新北市",
        "district": "中和區",
        "vendor_category_code": "6",
        "vendor_category": "物流業",
        "registration_item": "物流營業場所",
        "registration_no": "F-200215626-00002-8",
        "name": "曼第一雜貨店華新二店",
        "address": "新北市中和區華新街４６號（１樓）",
        "company_registration_name": "曼第一雜貨店華新二店",
        "source_page": 2,
        "point_type": "業者點位",
        "location_method": "OpenStreetMap道路/地名定位",
        "source_count": 479,
        "geocoding_address": "新北市中和區華新街４６號（",
        "lng": 121.50772638071771,
        "lat": 24.982606701769093,
        "osm_query": "新北市中和區華新街",
        "osm_display_name": "華新街, 華新里, 中和區, 潭漧, 新北市, 23568, 臺灣"
      },
      "geometry": {
        "type": "Point",
        "coordinates": [
          121.50772638071771,
          24.982606701769093
        ]
      }
    },
    {
      "type": "Feature",
      "properties": {
        "source_row_no": 54,
        "city": "新北市",
        "normalized_city": "新北市",
        "district": "汐止區",
        "vendor_category_code": "6",
        "vendor_category": "物流業",
        "registration_item": "物流營業場所",
        "registration_no": "F-116052186-00001-3",
        "name": "廣九物流股份有限公司",
        "address": "新北市汐止區新台五路1段110號17樓",
        "company_registration_name": "廣九物流股份有限公司",
        "source_page": 2,
        "point_type": "業者點位",
        "location_method": "OpenStreetMap道路/地名定位",
        "source_count": 479,
        "geocoding_address": "新北市汐止區新台五路1段110號",
        "lng": 121.6555694918974,
        "lat": 25.06263040059524,
        "osm_query": "新北市汐止區新台五路1段",
        "osm_display_name": "台北新視窗社區, 新台五路一段, 自強里, 汐止區, 新北市, 22167, 臺灣"
      },
      "geometry": {
        "type": "Point",
        "coordinates": [
          121.6555694918974,
          25.06263040059524
        ]
      }
    },
    {
      "type": "Feature",
      "properties": {
        "source_row_no": 55,
        "city": "新北市",
        "normalized_city": "新北市",
        "district": "五股區",
        "vendor_category_code": "6",
        "vendor_category": "物流業",
        "registration_item": "物流營業場所",
        "registration_no": "F-170762591-00962-7",
        "name": "蘆洲營業所",
        "address": "新北市五股區新城一路171號",
        "company_registration_name": "統一速達股份有限公司",
        "source_page": 2,
        "point_type": "業者點位",
        "location_method": "OpenStreetMap道路/地名定位",
        "source_count": 479,
        "geocoding_address": "新北市五股區新城一路171號",
        "lng": 121.44253154599652,
        "lat": 25.086354494392516,
        "osm_query": "新北市五股區新城一路",
        "osm_display_name": "新城一路, 洲子洋重劃區, 成泰里, 五股區, 新北市, 248017, 臺灣"
      },
      "geometry": {
        "type": "Point",
        "coordinates": [
          121.44253154599652,
          25.086354494392516
        ]
      }
    },
    {
      "type": "Feature",
      "properties": {
        "source_row_no": 56,
        "city": "新北市",
        "normalized_city": "新北市",
        "district": "五股區",
        "vendor_category_code": "6",
        "vendor_category": "物流業",
        "registration_item": "物流營業場所",
        "registration_no": "F-182921829-00001-5",
        "name": "特伯萊有限公司",
        "address": "新北市五股區五權路14號(2樓)",
        "company_registration_name": "特伯萊有限公司",
        "source_page": 2,
        "point_type": "業者點位",
        "location_method": "OpenStreetMap道路/地名定位",
        "source_count": 479,
        "geocoding_address": "新北市五股區五權路14號(",
        "osm_query": "五權路 五股區 新北市",
        "osm_display_name": "五權路, 新北產業園區, 興珍里, 五股區, 新北市, 242204, 臺灣",
        "lng": 121.4491768471564,
        "lat": 25.065089467692378
      },
      "geometry": {
        "type": "Point",
        "coordinates": [
          121.4491768471564,
          25.065089467692378
        ]
      }
    },
    {
      "type": "Feature",
      "properties": {
        "source_row_no": 57,
        "city": "新北市",
        "normalized_city": "新北市",
        "district": "八里區",
        "vendor_category_code": "6",
        "vendor_category": "物流業",
        "registration_item": "物流營業場所",
        "registration_no": "F-191007930-00001-3",
        "name": "承紘貨櫃運輸股份有限公司",
        "address": "新北市八里區商港三路20號",
        "company_registration_name": "承紘貨櫃運輸股份有限公司",
        "source_page": 2,
        "point_type": "業者點位",
        "location_method": "OpenStreetMap道路/地名定位",
        "source_count": 479,
        "geocoding_address": "新北市八里區商港三路20號",
        "lng": 121.39264915453063,
        "lat": 25.147262872965246,
        "osm_query": "新北市八里區商港三路",
        "osm_display_name": "商港三路, 訊塘里, 八里區, 下罟子, 新北市, 249002, 臺灣"
      },
      "geometry": {
        "type": "Point",
        "coordinates": [
          121.39264915453063,
          25.147262872965246
        ]
      }
    },
    {
      "type": "Feature",
      "properties": {
        "source_row_no": 58,
        "city": "新北市",
        "normalized_city": "新北市",
        "district": "林口區",
        "vendor_category_code": "6",
        "vendor_category": "物流業",
        "registration_item": "物流營業場所",
        "registration_no": "F-137179506-00001-2",
        "name": "三喜貨運有限公司",
        "address": "新北市林口區文化北路1段420號",
        "company_registration_name": "三喜貨運有限公司",
        "source_page": 2,
        "point_type": "業者點位",
        "location_method": "OpenStreetMap道路/地名定位",
        "source_count": 479,
        "geocoding_address": "新北市林口區文化北路1段420號",
        "lng": 121.35628192985635,
        "lat": 25.067647550204324,
        "osm_query": "新北市林口區文化北路1段",
        "osm_display_name": "新北市私立禾森幼兒園, 48, 文化北路一段, 南勢里, 林口區, 新北市, 244018, 臺灣"
      },
      "geometry": {
        "type": "Point",
        "coordinates": [
          121.35628192985635,
          25.067647550204324
        ]
      }
    },
    {
      "type": "Feature",
      "properties": {
        "source_row_no": 59,
        "city": "新北市",
        "normalized_city": "新北市",
        "district": "中和區",
        "vendor_category_code": "6",
        "vendor_category": "物流業",
        "registration_item": "物流營業場所",
        "registration_no": "F-115137362-00002-3",
        "name": "崧富物流股份有限公司",
        "address": "新北市中和區員山路7-3號",
        "company_registration_name": "崧富物流股份有限公司",
        "source_page": 2,
        "point_type": "業者點位",
        "location_method": "OpenStreetMap道路/地名定位",
        "source_count": 479,
        "geocoding_address": "新北市中和區員山路7-3號",
        "lng": 121.48212640743576,
        "lat": 24.991818850793155,
        "osm_query": "新北市中和區員山路",
        "osm_display_name": "員山路, 灰磘里, 中和區, 中坑, 新北市, 23552, 臺灣"
      },
      "geometry": {
        "type": "Point",
        "coordinates": [
          121.48212640743576,
          24.991818850793155
        ]
      }
    },
    {
      "type": "Feature",
      "properties": {
        "source_row_no": 60,
        "city": "新北市",
        "normalized_city": "新北市",
        "district": "新莊區",
        "vendor_category_code": "6",
        "vendor_category": "物流業",
        "registration_item": "物流營業場所",
        "registration_no": "F-150846242-00001-5",
        "name": "雲略國際物流有限公司",
        "address": "新北市新莊區中華路2段9號6樓",
        "company_registration_name": "雲略國際物流股份有限公司",
        "source_page": 2,
        "point_type": "業者點位",
        "location_method": "OpenStreetMap道路/地名定位",
        "source_count": 479,
        "geocoding_address": "新北市新莊區中華路2段9號",
        "lng": 121.45291205778642,
        "lat": 25.043896434315133,
        "osm_query": "新北市新莊區中華路2段",
        "osm_display_name": "中華路二段, 中美里, 新莊區, 中港厝, 新北市, 24254, 臺灣"
      },
      "geometry": {
        "type": "Point",
        "coordinates": [
          121.45291205778642,
          25.043896434315133
        ]
      }
    },
    {
      "type": "Feature",
      "properties": {
        "source_row_no": 61,
        "city": "新北市",
        "normalized_city": "新北市",
        "district": "土城區",
        "vendor_category_code": "6",
        "vendor_category": "物流業",
        "registration_item": "物流營業場所",
        "registration_no": "H-124731792-00001-1",
        "name": "九榮物流有限公司",
        "address": "新北市土城區中央路1段268號6樓",
        "company_registration_name": "九榮物流有限公司",
        "source_page": 2,
        "point_type": "業者點位",
        "location_method": "OpenStreetMap道路/地名定位",
        "source_count": 479,
        "geocoding_address": "新北市土城區中央路1段268號",
        "lng": 121.44333262844323,
        "lat": 24.9827479671419,
        "osm_query": "新北市土城區中央路1段",
        "osm_display_name": "中央路一段, 日和里, 土城區, 清水, 新北市, 236028, 臺灣"
      },
      "geometry": {
        "type": "Point",
        "coordinates": [
          121.44333262844323,
          24.9827479671419
        ]
      }
    },
    {
      "type": "Feature",
      "properties": {
        "source_row_no": 62,
        "city": "新北市",
        "normalized_city": "新北市",
        "district": "樹林區",
        "vendor_category_code": "6",
        "vendor_category": "物流業",
        "registration_item": "物流營業場所",
        "registration_no": "F-128536882-00001-6",
        "name": "世大交通有限公司",
        "address": "新北市樹林區俊英街116巷41弄9號5樓",
        "company_registration_name": "世大交通有限公司",
        "source_page": 2,
        "point_type": "業者點位",
        "location_method": "OpenStreetMap道路/地名定位",
        "source_count": 479,
        "geocoding_address": "新北市樹林區俊英街116巷41弄9號",
        "lng": 121.42590211441141,
        "lat": 25.00836095474692,
        "osm_query": "新北市樹林區俊英街",
        "osm_display_name": "俊英街, 圳安里, 樹林區, 三角埔, 新北市, 23878, 臺灣"
      },
      "geometry": {
        "type": "Point",
        "coordinates": [
          121.42590211441141,
          25.00836095474692
        ]
      }
    },
    {
      "type": "Feature",
      "properties": {
        "source_row_no": 63,
        "city": "新北市",
        "normalized_city": "新北市",
        "district": "板橋區",
        "vendor_category_code": "6",
        "vendor_category": "物流業",
        "registration_item": "物流營業場所",
        "registration_no": "F-195466800-00002-3",
        "name": "崗興",
        "address": "新北市板橋區大觀路三段36巷16號",
        "company_registration_name": "羽釅有限公司",
        "source_page": 2,
        "point_type": "業者點位",
        "location_method": "OpenStreetMap道路/地名定位",
        "source_count": 479,
        "geocoding_address": "新北市板橋區大觀路三段36巷16號",
        "lng": 121.43300262838012,
        "lat": 24.995078664792576,
        "osm_query": "新北市板橋區大觀路三段",
        "osm_display_name": "大觀路三段, 崑崙里, 板橋區, 歡仔園, 新北市, 23847, 臺灣"
      },
      "geometry": {
        "type": "Point",
        "coordinates": [
          121.43300262838012,
          24.995078664792576
        ]
      }
    },
    {
      "type": "Feature",
      "properties": {
        "source_row_no": 64,
        "city": "新北市",
        "normalized_city": "新北市",
        "district": "三重區",
        "vendor_category_code": "6",
        "vendor_category": "物流業",
        "registration_item": "物流營業場所",
        "registration_no": "F-153182269-00001-0",
        "name": "車場",
        "address": "新北市三重區自強路3段46號4樓",
        "company_registration_name": "和萬通運有限公司",
        "source_page": 2,
        "point_type": "業者點位",
        "location_method": "OpenStreetMap道路/地名定位",
        "source_count": 479,
        "geocoding_address": "新北市三重區自強路3段46號",
        "lng": 121.48740834246587,
        "lat": 25.075056210877317,
        "osm_query": "新北市三重區自強路3段",
        "osm_display_name": "自強路三段, 永吉里, 三重區, 新北市, 241061, 臺灣"
      },
      "geometry": {
        "type": "Point",
        "coordinates": [
          121.48740834246587,
          25.075056210877317
        ]
      }
    },
    {
      "type": "Feature",
      "properties": {
        "source_row_no": 65,
        "city": "新北市",
        "normalized_city": "新北市",
        "district": "瑞芳區",
        "vendor_category_code": "6",
        "vendor_category": "物流業",
        "registration_item": "物流營業場所",
        "registration_no": "F-156606120-00005-4",
        "name": "特捷物流",
        "address": "新北市瑞芳區楓子瀨路1巷7號",
        "company_registration_name": "英屬開曼群島商特捷物流股份有限公司",
        "source_page": 2,
        "point_type": "業者點位",
        "location_method": "OpenStreetMap道路/地名定位",
        "source_count": 479,
        "geocoding_address": "新北市瑞芳區楓子瀨路1巷7號",
        "lng": 121.76675462238384,
        "lat": 25.09852072573354,
        "osm_query": "新北市瑞芳區楓子瀨路",
        "osm_display_name": "楓仔瀨路, 上天里, 瑞芳區, 四腳亭, 新北市, 22445, 臺灣"
      },
      "geometry": {
        "type": "Point",
        "coordinates": [
          121.76675462238384,
          25.09852072573354
        ]
      }
    },
    {
      "type": "Feature",
      "properties": {
        "source_row_no": 66,
        "city": "新北市",
        "normalized_city": "新北市",
        "district": "樹林區",
        "vendor_category_code": "6",
        "vendor_category": "物流業",
        "registration_item": "物流營業場所",
        "registration_no": "F-116778049-00010-6",
        "name": "大智通樹林DC",
        "address": "新北市樹林區佳園路2段70之1號",
        "company_registration_name": "大智通文化行銷股份有限公司",
        "source_page": 2,
        "point_type": "業者點位",
        "location_method": "OpenStreetMap道路/地名定位",
        "source_count": 479,
        "geocoding_address": "新北市樹林區佳園路2段70之1號",
        "lng": 121.3907411261575,
        "lat": 24.9594119924318,
        "osm_query": "新北市樹林區佳園路2段",
        "osm_display_name": "佳園路二段, 北園里, 樹林區, 柑園, 新北市, 23877, 臺灣"
      },
      "geometry": {
        "type": "Point",
        "coordinates": [
          121.3907411261575,
          24.9594119924318
        ]
      }
    },
    {
      "type": "Feature",
      "properties": {
        "source_row_no": 67,
        "city": "新北市",
        "normalized_city": "新北市",
        "district": "五股區",
        "vendor_category_code": "6",
        "vendor_category": "物流業",
        "registration_item": "物流營業場所",
        "registration_no": "F-153506555-00029-8",
        "name": "台灣善美的股份有限公司",
        "address": "新北市五股區工商路128號",
        "company_registration_name": "弘舜貨運股份有限公司",
        "source_page": 2,
        "point_type": "業者點位",
        "location_method": "OpenStreetMap道路/地名定位",
        "source_count": 479,
        "geocoding_address": "新北市五股區工商路128號",
        "lng": 121.4360875310407,
        "lat": 25.0858370928493,
        "osm_query": "新北市五股區工商路",
        "osm_display_name": "工商路, 民義里, 五股區, 新北市, 248006, 臺灣"
      },
      "geometry": {
        "type": "Point",
        "coordinates": [
          121.4360875310407,
          25.0858370928493
        ]
      }
    },
    {
      "type": "Feature",
      "properties": {
        "source_row_no": 68,
        "city": "新北市",
        "normalized_city": "新北市",
        "district": "板橋區",
        "vendor_category_code": "6",
        "vendor_category": "物流業",
        "registration_item": "物流營業場所",
        "registration_no": "F-170762591-00802-0",
        "name": "板運衛星點",
        "address": "新北市板橋區區運路33號",
        "company_registration_name": "統一速達股份有限公司",
        "source_page": 2,
        "point_type": "業者點位",
        "location_method": "OpenStreetMap道路/地名定位",
        "source_count": 479,
        "geocoding_address": "新北市板橋區區運路33號",
        "lng": 121.46511311857665,
        "lat": 25.009378705602945,
        "osm_query": "新北市板橋區區運路",
        "osm_display_name": "區運路, 深丘里, 板橋區, 新板特區, 新北市, 22065, 臺灣"
      },
      "geometry": {
        "type": "Point",
        "coordinates": [
          121.46511311857665,
          25.009378705602945
        ]
      }
    },
    {
      "type": "Feature",
      "properties": {
        "source_row_no": 69,
        "city": "新北市",
        "normalized_city": "新北市",
        "district": "八里區",
        "vendor_category_code": "6",
        "vendor_category": "物流業",
        "registration_item": "物流營業場所",
        "registration_no": "F-127749850-00001-6",
        "name": "宇捷貿易股份有限公司",
        "address": "新北市八里區中華路一段309巷19-7號",
        "company_registration_name": "宇捷貿易股份有限公司",
        "source_page": 2,
        "point_type": "業者點位",
        "location_method": "OpenStreetMap道路/地名定位",
        "source_count": 479,
        "geocoding_address": "新北市八里區中華路一段309巷19-7號",
        "lng": 121.41867248918611,
        "lat": 25.156511723132205,
        "osm_query": "新北市八里區中華路一段",
        "osm_display_name": "中華路一段, 大崁里, 八里區, 公田, 新北市, 24943, 臺灣"
      },
      "geometry": {
        "type": "Point",
        "coordinates": [
          121.41867248918611,
          25.156511723132205
        ]
      }
    },
    {
      "type": "Feature",
      "properties": {
        "source_row_no": 70,
        "city": "新北市",
        "normalized_city": "新北市",
        "district": "三峽區",
        "vendor_category_code": "6",
        "vendor_category": "物流業",
        "registration_item": "物流營業場所",
        "registration_no": "F-170762591-00967-2",
        "name": "三鶯營業所",
        "address": "新北市三峽區三樹路222巷61號",
        "company_registration_name": "統一速達股份有限公司",
        "source_page": 2,
        "point_type": "業者點位",
        "location_method": "OpenStreetMap道路/地名定位",
        "source_count": 479,
        "geocoding_address": "新北市三峽區三樹路222巷61號",
        "osm_query": "三樹路 三峽區 新北市",
        "osm_display_name": "三樹路, 龍埔里, 三峽區, 北大特區, 新北市, 23703, 臺灣",
        "lng": 121.37908918047668,
        "lat": 24.94112902684865
      },
      "geometry": {
        "type": "Point",
        "coordinates": [
          121.37908918047668,
          24.94112902684865
        ]
      }
    },
    {
      "type": "Feature",
      "properties": {
        "source_row_no": 71,
        "city": "新北市",
        "normalized_city": "新北市",
        "district": "鶯歌區",
        "vendor_category_code": "6",
        "vendor_category": "物流業",
        "registration_item": "物流營業場所",
        "registration_no": "F-142866618-00016-1",
        "name": "鶯歌倉",
        "address": "新北市鶯歌區中正三路230巷16號",
        "company_registration_name": "中法鑫實業股份有限公司",
        "source_page": 2,
        "point_type": "業者點位",
        "location_method": "OpenStreetMap道路/地名定位",
        "source_count": 479,
        "geocoding_address": "新北市鶯歌區中正三路230巷16號",
        "lng": 121.33482850667617,
        "lat": 24.94012974197769,
        "osm_query": "新北市鶯歌區中正三路",
        "osm_display_name": "鶯歌高職, 154, 中正三路, 二橋里, 鶯歌區, 二橋, 新北市, 23942, 臺灣"
      },
      "geometry": {
        "type": "Point",
        "coordinates": [
          121.33482850667617,
          24.94012974197769
        ]
      }
    },
    {
      "type": "Feature",
      "properties": {
        "source_row_no": 72,
        "city": "新北市",
        "normalized_city": "新北市",
        "district": "汐止區",
        "vendor_category_code": "6",
        "vendor_category": "物流業",
        "registration_item": "物流營業場所",
        "registration_no": "F-170762591-01008-9",
        "name": "五堵營業所",
        "address": "新北市汐止區大同路三段228號",
        "company_registration_name": "統一速達股份有限公司",
        "source_page": 2,
        "point_type": "業者點位",
        "location_method": "OpenStreetMap道路/地名定位",
        "source_count": 479,
        "geocoding_address": "新北市汐止區大同路三段228號",
        "lng": 121.66585438991054,
        "lat": 25.07488503850454,
        "osm_query": "新北市汐止區大同路三段",
        "osm_display_name": "大同路三段, 橋東里, 汐止區, 新北市, 22184, 臺灣"
      },
      "geometry": {
        "type": "Point",
        "coordinates": [
          121.66585438991054,
          25.07488503850454
        ]
      }
    },
    {
      "type": "Feature",
      "properties": {
        "source_row_no": 73,
        "city": "新北市",
        "normalized_city": "新北市",
        "district": "中和區",
        "vendor_category_code": "6",
        "vendor_category": "物流業",
        "registration_item": "物流營業場所",
        "registration_no": "F-170762591-00984-1",
        "name": "中和二營業所",
        "address": "新北市中和區中正路1215號",
        "company_registration_name": "統一速達股份有限公司",
        "source_page": 2,
        "point_type": "業者點位",
        "location_method": "OpenStreetMap道路/地名定位",
        "source_count": 479,
        "geocoding_address": "新北市中和區中正路1215號",
        "lng": 121.4796393959146,
        "lat": 25.010826980392892,
        "osm_query": "新北市中和區中正路",
        "osm_display_name": "中正路, 員富里, 中和區, 深丘, 新北市, 220739, 臺灣"
      },
      "geometry": {
        "type": "Point",
        "coordinates": [
          121.4796393959146,
          25.010826980392892
        ]
      }
    },
    {
      "type": "Feature",
      "properties": {
        "source_row_no": 74,
        "city": "新北市",
        "normalized_city": "新北市",
        "district": "五股區",
        "vendor_category_code": "6",
        "vendor_category": "物流業",
        "registration_item": "物流營業場所",
        "registration_no": "F-125013410-00001-0",
        "name": "聖騏食品股份有限公司",
        "address": "新北市五股區興珍里五工三路103號",
        "company_registration_name": "聖騏食品股份有限公司",
        "source_page": 2,
        "point_type": "業者點位",
        "location_method": "OpenStreetMap道路/地名定位",
        "source_count": 479,
        "geocoding_address": "新北市五股區興珍里五工三路103號",
        "osm_query": "五工三路 五股區 新北市",
        "osm_display_name": "五工三路, 新北產業園區, 興珍里, 五股區, 頭前, 新北市, 24888, 臺灣",
        "lng": 121.45597389174638,
        "lat": 25.067483916407948
      },
      "geometry": {
        "type": "Point",
        "coordinates": [
          121.45597389174638,
          25.067483916407948
        ]
      }
    },
    {
      "type": "Feature",
      "properties": {
        "source_row_no": 75,
        "city": "新北市",
        "normalized_city": "新北市",
        "district": "中和區",
        "vendor_category_code": "6",
        "vendor_category": "物流業",
        "registration_item": "物流營業場所",
        "registration_no": "F-142736019-00001-6",
        "name": "金員食品有限公司",
        "address": "新北市中和區中山路二段482巷47號",
        "company_registration_name": "金員食品有限公司",
        "source_page": 2,
        "point_type": "業者點位",
        "location_method": "OpenStreetMap道路/地名定位",
        "source_count": 479,
        "geocoding_address": "新北市中和區中山路二段482巷47號",
        "lng": 121.50311161290107,
        "lat": 25.003611009071406,
        "osm_query": "新北市中和區中山路二段",
        "osm_display_name": "中山路二段, 佳和里, 中和區, 枋寮, 新北市, 23554, 臺灣"
      },
      "geometry": {
        "type": "Point",
        "coordinates": [
          121.50311161290107,
          25.003611009071406
        ]
      }
    },
    {
      "type": "Feature",
      "properties": {
        "source_row_no": 76,
        "city": "新北市",
        "normalized_city": "新北市",
        "district": "樹林區",
        "vendor_category_code": "6",
        "vendor_category": "物流業",
        "registration_item": "物流營業場所",
        "registration_no": "F-128922012-00001-0",
        "name": "永金通運有限公司",
        "address": "新北市樹林區俊英街116巷41弄9號5樓",
        "company_registration_name": "永金通運有限公司",
        "source_page": 2,
        "point_type": "業者點位",
        "location_method": "OpenStreetMap道路/地名定位",
        "source_count": 479,
        "geocoding_address": "新北市樹林區俊英街116巷41弄9號",
        "lng": 121.42578971260383,
        "lat": 25.008236015558087,
        "osm_query": "新北市樹林區俊英街",
        "osm_display_name": "俊英街, 圳安里, 樹林區, 三角埔, 新北市, 23878, 臺灣"
      },
      "geometry": {
        "type": "Point",
        "coordinates": [
          121.42578971260383,
          25.008236015558087
        ]
      }
    },
    {
      "type": "Feature",
      "properties": {
        "source_row_no": 77,
        "city": "新北市",
        "normalized_city": "新北市",
        "district": "五股區",
        "vendor_category_code": "6",
        "vendor_category": "物流業",
        "registration_item": "物流營業場所",
        "registration_no": "F-142866618-00007-1",
        "name": "五股倉",
        "address": "新北市五股區中興路三段192之1號",
        "company_registration_name": "中法鑫實業股份有限公司",
        "source_page": 2,
        "point_type": "業者點位",
        "location_method": "OpenStreetMap道路/地名定位",
        "source_count": 479,
        "geocoding_address": "新北市五股區中興路三段192之1號",
        "lng": 121.44915191947715,
        "lat": 25.080148727760964,
        "osm_query": "新北市五股區中興路三段",
        "osm_display_name": "中興路三段, 更寮里, 五股區, 新北市, 248, 臺灣"
      },
      "geometry": {
        "type": "Point",
        "coordinates": [
          121.44915191947715,
          25.080148727760964
        ]
      }
    },
    {
      "type": "Feature",
      "properties": {
        "source_row_no": 78,
        "city": "新北市",
        "normalized_city": "新北市",
        "district": "五股區",
        "vendor_category_code": "6",
        "vendor_category": "物流業",
        "registration_item": "物流營業場所",
        "registration_no": "F-153506555-00018-6",
        "name": "台灣善美的股份有限公司",
        "address": "新北市五股區工商路128號",
        "company_registration_name": "弘舜貨運股份有限公司",
        "source_page": 2,
        "point_type": "業者點位",
        "location_method": "OpenStreetMap道路/地名定位",
        "source_count": 479,
        "geocoding_address": "新北市五股區工商路128號",
        "lng": 121.43616892904409,
        "lat": 25.085821152924204,
        "osm_query": "新北市五股區工商路",
        "osm_display_name": "工商路, 民義里, 五股區, 新北市, 248006, 臺灣"
      },
      "geometry": {
        "type": "Point",
        "coordinates": [
          121.43616892904409,
          25.085821152924204
        ]
      }
    },
    {
      "type": "Feature",
      "properties": {
        "source_row_no": 79,
        "city": "新北市",
        "normalized_city": "新北市",
        "district": "瑞芳區",
        "vendor_category_code": "6",
        "vendor_category": "物流業",
        "registration_item": "物流營業場所",
        "registration_no": "F-156606120-00004-3",
        "name": "特捷物流",
        "address": "新北市瑞芳區楓子瀨路1巷10號",
        "company_registration_name": "英屬開曼群島商特捷物流股份有限公司",
        "source_page": 2,
        "point_type": "業者點位",
        "location_method": "OpenStreetMap道路/地名定位",
        "source_count": 479,
        "geocoding_address": "新北市瑞芳區楓子瀨路1巷10號",
        "lng": 121.76667532172317,
        "lat": 25.09888663739099,
        "osm_query": "新北市瑞芳區楓子瀨路",
        "osm_display_name": "楓仔瀨路, 上天里, 瑞芳區, 四腳亭, 新北市, 22445, 臺灣"
      },
      "geometry": {
        "type": "Point",
        "coordinates": [
          121.76667532172317,
          25.09888663739099
        ]
      }
    },
    {
      "type": "Feature",
      "properties": {
        "source_row_no": 80,
        "city": "新北市",
        "normalized_city": "新北市",
        "district": "汐止區",
        "vendor_category_code": "6",
        "vendor_category": "物流業",
        "registration_item": "物流營業場所",
        "registration_no": "F-170624227-00062-1",
        "name": "內湖營業所",
        "address": "新北市汐止區福德二路242號",
        "company_registration_name": "台灣宅配通股份有限公司",
        "source_page": 2,
        "point_type": "業者點位",
        "location_method": "OpenStreetMap道路/地名定位",
        "source_count": 479,
        "geocoding_address": "新北市汐止區福德二路242號",
        "lng": 121.63039668011044,
        "lat": 25.06517711675967,
        "osm_query": "新北市汐止區福德二路",
        "osm_display_name": "福德二路, 中興里, 汐止區, 橫科, 新北市, 22154, 臺灣"
      },
      "geometry": {
        "type": "Point",
        "coordinates": [
          121.63039668011044,
          25.06517711675967
        ]
      }
    },
    {
      "type": "Feature",
      "properties": {
        "source_row_no": 81,
        "city": "新北市",
        "normalized_city": "新北市",
        "district": "樹林區",
        "vendor_category_code": "6",
        "vendor_category": "物流業",
        "registration_item": "物流營業場所",
        "registration_no": "F-196814383-00001-6",
        "name": "大智通",
        "address": "新北市樹林區佳園路二段70之1號",
        "company_registration_name": "弘旺物流有限公司",
        "source_page": 3,
        "point_type": "業者點位",
        "location_method": "OpenStreetMap道路/地名定位",
        "source_count": 479,
        "geocoding_address": "新北市樹林區佳園路二段70之1號",
        "lng": 121.39091661296793,
        "lat": 24.959628839789207,
        "osm_query": "新北市樹林區佳園路二段",
        "osm_display_name": "佳園路二段, 北園里, 樹林區, 柑園, 新北市, 23877, 臺灣"
      },
      "geometry": {
        "type": "Point",
        "coordinates": [
          121.39091661296793,
          24.959628839789207
        ]
      }
    },
    {
      "type": "Feature",
      "properties": {
        "source_row_no": 82,
        "city": "新北市",
        "normalized_city": "新北市",
        "district": "淡水區",
        "vendor_category_code": "6",
        "vendor_category": "物流業",
        "registration_item": "物流營業場所",
        "registration_no": "F-100210993-00001-8",
        "name": "梁社翰",
        "address": "新北市淡水區中正東路二段27號18樓",
        "company_registration_name": "品安冷鏈物流有限公司",
        "source_page": 3,
        "point_type": "業者點位",
        "location_method": "OpenStreetMap道路/地名定位",
        "source_count": 479,
        "geocoding_address": "新北市淡水區中正東路二段27號",
        "lng": 121.45969204347362,
        "lat": 25.144815143266765,
        "osm_query": "新北市淡水區中正東路二段",
        "osm_display_name": "中正東路二段, 八勢里, 淡水區, 竹圍, 新北市, 25159, 臺灣"
      },
      "geometry": {
        "type": "Point",
        "coordinates": [
          121.45969204347362,
          25.144815143266765
        ]
      }
    },
    {
      "type": "Feature",
      "properties": {
        "source_row_no": 83,
        "city": "新北市",
        "normalized_city": "新北市",
        "district": "新莊區",
        "vendor_category_code": "6",
        "vendor_category": "物流業",
        "registration_item": "物流營業場所",
        "registration_no": "F-190748703-00001-2",
        "name": "辦公室",
        "address": "新北市新莊區新泰路227號3樓之1",
        "company_registration_name": "旭航國際有限公司",
        "source_page": 3,
        "point_type": "業者點位",
        "location_method": "OpenStreetMap道路/地名定位",
        "source_count": 479,
        "geocoding_address": "新北市新莊區新泰路227號",
        "lng": 121.44673063799966,
        "lat": 25.039361171105455,
        "osm_query": "新北市新莊區新泰路",
        "osm_display_name": "新泰路, 立言里, 新莊區, 新庄(海山口), 新北市, 242005, 臺灣"
      },
      "geometry": {
        "type": "Point",
        "coordinates": [
          121.44673063799966,
          25.039361171105455
        ]
      }
    },
    {
      "type": "Feature",
      "properties": {
        "source_row_no": 84,
        "city": "新北市",
        "normalized_city": "新北市",
        "district": "林口區",
        "vendor_category_code": "6",
        "vendor_category": "物流業",
        "registration_item": "物流營業場所",
        "registration_no": "F-124756771-00001-3",
        "name": "宗祐倉儲",
        "address": "新北市林口區粉寮路1段88巷52-11號",
        "company_registration_name": "宗祐國際企業有限公司",
        "source_page": 3,
        "point_type": "業者點位",
        "location_method": "OpenStreetMap道路/地名定位",
        "source_count": 479,
        "geocoding_address": "新北市林口區粉寮路1段88巷52-11號",
        "lng": 121.39858503464798,
        "lat": 25.080678711803785,
        "osm_query": "新北市林口區粉寮路1段",
        "osm_display_name": "粉寮路一段, 東林里, 林口區, 新北市, 24445, 臺灣"
      },
      "geometry": {
        "type": "Point",
        "coordinates": [
          121.39858503464798,
          25.080678711803785
        ]
      }
    },
    {
      "type": "Feature",
      "properties": {
        "source_row_no": 85,
        "city": "新北市",
        "normalized_city": "新北市",
        "district": "瑞芳區",
        "vendor_category_code": "6",
        "vendor_category": "物流業",
        "registration_item": "物流營業場所",
        "registration_no": "F-127598261-00018-2",
        "name": "全台物流-瑞芳DC",
        "address": "新北市瑞芳區楓子瀬路5巷2號",
        "company_registration_name": "全勤流通管理股份有限公司",
        "source_page": 3,
        "point_type": "業者點位",
        "location_method": "OpenStreetMap道路/地名定位",
        "source_count": 479,
        "geocoding_address": "新北市瑞芳區楓子瀬路5巷2號",
        "lng": 121.77258850083268,
        "lat": 25.106883067026498,
        "osm_query": "新北市瑞芳區楓子瀬路",
        "osm_display_name": "楓仔瀨路, 上天里, 瑞芳區, 四腳亭, 新北市, 22445, 臺灣"
      },
      "geometry": {
        "type": "Point",
        "coordinates": [
          121.77258850083268,
          25.106883067026498
        ]
      }
    },
    {
      "type": "Feature",
      "properties": {
        "source_row_no": 86,
        "city": "新北市",
        "normalized_city": "新北市",
        "district": "林口區",
        "vendor_category_code": "6",
        "vendor_category": "物流業",
        "registration_item": "物流營業場所",
        "registration_no": "F-189584098-00001-5",
        "name": "世旺起重有限公司",
        "address": "新北市林口區文林六街20號",
        "company_registration_name": "世旺起重有限公司",
        "source_page": 3,
        "point_type": "業者點位",
        "location_method": "OpenStreetMap道路/地名定位",
        "source_count": 479,
        "geocoding_address": "新北市林口區文林六街20號",
        "lng": 121.37084612582085,
        "lat": 25.081891457177136,
        "osm_query": "新北市林口區文林六街",
        "osm_display_name": "文林六街, 湖南里, 林口區, 新北市, 24446, 臺灣"
      },
      "geometry": {
        "type": "Point",
        "coordinates": [
          121.37084612582085,
          25.081891457177136
        ]
      }
    },
    {
      "type": "Feature",
      "properties": {
        "source_row_no": 87,
        "city": "新北市",
        "normalized_city": "新北市",
        "district": "永和區",
        "vendor_category_code": "6",
        "vendor_category": "物流業",
        "registration_item": "物流營業場所",
        "registration_no": "F-119743930-00002-1",
        "name": "暘益食品股份有限公司",
        "address": "新北市永和區保福路2段123號(1樓)",
        "company_registration_name": "陳記嘉峰商行",
        "source_page": 3,
        "point_type": "業者點位",
        "location_method": "OpenStreetMap道路/地名定位",
        "source_count": 479,
        "geocoding_address": "新北市永和區保福路2段123號(",
        "lng": 121.51081574587363,
        "lat": 25.012868501955825,
        "osm_query": "新北市永和區保福路2段",
        "osm_display_name": "保福路二段, 中溪里, 永和區, 溪洲, 新北市, 23442, 臺灣"
      },
      "geometry": {
        "type": "Point",
        "coordinates": [
          121.51081574587363,
          25.012868501955825
        ]
      }
    },
    {
      "type": "Feature",
      "properties": {
        "source_row_no": 88,
        "city": "新北市",
        "normalized_city": "新北市",
        "district": "板橋區",
        "vendor_category_code": "6",
        "vendor_category": "物流業",
        "registration_item": "物流營業場所",
        "registration_no": "F-170762591-00982-9",
        "name": "板運營業所",
        "address": "新北市板橋區區運路33號",
        "company_registration_name": "統一速達股份有限公司",
        "source_page": 3,
        "point_type": "業者點位",
        "location_method": "OpenStreetMap道路/地名定位",
        "source_count": 479,
        "geocoding_address": "新北市板橋區區運路33號",
        "lng": 121.46493096530122,
        "lat": 25.009620323662254,
        "osm_query": "新北市板橋區區運路",
        "osm_display_name": "區運路, 深丘里, 板橋區, 新板特區, 新北市, 22065, 臺灣"
      },
      "geometry": {
        "type": "Point",
        "coordinates": [
          121.46493096530122,
          25.009620323662254
        ]
      }
    },
    {
      "type": "Feature",
      "properties": {
        "source_row_no": 89,
        "city": "新北市",
        "normalized_city": "新北市",
        "district": "汐止區",
        "vendor_category_code": "6",
        "vendor_category": "物流業",
        "registration_item": "物流營業場所",
        "registration_no": "F-184892271-00001-5",
        "name": "隆通國際物流有限公司",
        "address": "新北市汐止區保長路17之1號4樓",
        "company_registration_name": "隆通國際物流有限公司",
        "source_page": 3,
        "point_type": "業者點位",
        "location_method": "OpenStreetMap道路/地名定位",
        "source_count": 479,
        "geocoding_address": "新北市汐止區保長路17之1號",
        "lng": 121.68021796330376,
        "lat": 25.07498047213875,
        "osm_query": "新北市汐止區保長路",
        "osm_display_name": "保長路, 保長里, 汐止區, 新北市, 22173, 臺灣"
      },
      "geometry": {
        "type": "Point",
        "coordinates": [
          121.68021796330376,
          25.07498047213875
        ]
      }
    },
    {
      "type": "Feature",
      "properties": {
        "source_row_no": 90,
        "city": "新北市",
        "normalized_city": "新北市",
        "district": "五股區",
        "vendor_category_code": "6",
        "vendor_category": "物流業",
        "registration_item": "物流營業場所",
        "registration_no": "F-202315710-00001-4",
        "name": "大慶商行",
        "address": "新北市五股區民義路一段220巷7之9號",
        "company_registration_name": "大慶商行",
        "source_page": 3,
        "point_type": "業者點位",
        "location_method": "OpenStreetMap道路/地名定位",
        "source_count": 479,
        "geocoding_address": "新北市五股區民義路一段220巷7之9號",
        "lng": 121.4337559473326,
        "lat": 25.086862515533827,
        "osm_query": "新北市五股區民義路一段",
        "osm_display_name": "民義路一段, 民義里, 五股區, 新北市, 24870, 臺灣"
      },
      "geometry": {
        "type": "Point",
        "coordinates": [
          121.4337559473326,
          25.086862515533827
        ]
      }
    },
    {
      "type": "Feature",
      "properties": {
        "source_row_no": 91,
        "city": "新北市",
        "normalized_city": "新北市",
        "district": "土城區",
        "vendor_category_code": "6",
        "vendor_category": "物流業",
        "registration_item": "物流營業場所",
        "registration_no": "F-142992798-00001-4",
        "name": "九洲搬家貨運有限公司",
        "address": "新北市土城區中央路1段270號6樓",
        "company_registration_name": "伸達永正物流有限公司",
        "source_page": 3,
        "point_type": "業者點位",
        "location_method": "OpenStreetMap道路/地名定位",
        "source_count": 479,
        "geocoding_address": "新北市土城區中央路1段270號",
        "lng": 121.44361463315411,
        "lat": 24.9825773556887,
        "osm_query": "新北市土城區中央路1段",
        "osm_display_name": "中央路一段, 日和里, 土城區, 清水, 新北市, 236028, 臺灣"
      },
      "geometry": {
        "type": "Point",
        "coordinates": [
          121.44361463315411,
          24.9825773556887
        ]
      }
    },
    {
      "type": "Feature",
      "properties": {
        "source_row_no": 92,
        "city": "新北市",
        "normalized_city": "新北市",
        "district": "新莊區",
        "vendor_category_code": "6",
        "vendor_category": "物流業",
        "registration_item": "物流營業場所",
        "registration_no": "F-200054966-00001-5",
        "name": "忠欣蔬果",
        "address": "新北市新莊區化成路203號",
        "company_registration_name": "忠欣商行",
        "source_page": 3,
        "point_type": "業者點位",
        "location_method": "OpenStreetMap道路/地名定位",
        "source_count": 479,
        "geocoding_address": "新北市新莊區化成路203號",
        "lng": 121.46365241162255,
        "lat": 25.066428044316744,
        "osm_query": "新北市新莊區化成路",
        "osm_display_name": "化成路, 福基里, 新莊區, 新北市, 24888, 臺灣"
      },
      "geometry": {
        "type": "Point",
        "coordinates": [
          121.46365241162255,
          25.066428044316744
        ]
      }
    },
    {
      "type": "Feature",
      "properties": {
        "source_row_no": 93,
        "city": "新北市",
        "normalized_city": "新北市",
        "district": "樹林區",
        "vendor_category_code": "6",
        "vendor_category": "物流業",
        "registration_item": "物流營業場所",
        "registration_no": "F-200248694-00002-9",
        "name": "大智通文化行銷（樹林物流）",
        "address": "新北市樹林區佳園路二段70-1號",
        "company_registration_name": "友素",
        "source_page": 3,
        "point_type": "業者點位",
        "location_method": "OpenStreetMap道路/地名定位",
        "source_count": 479,
        "geocoding_address": "新北市樹林區佳園路二段70-1號",
        "lng": 121.39053615087725,
        "lat": 24.959402976155857,
        "osm_query": "新北市樹林區佳園路二段",
        "osm_display_name": "佳園路二段, 北園里, 樹林區, 柑園, 新北市, 23877, 臺灣"
      },
      "geometry": {
        "type": "Point",
        "coordinates": [
          121.39053615087725,
          24.959402976155857
        ]
      }
    },
    {
      "type": "Feature",
      "properties": {
        "source_row_no": 94,
        "city": "新北市",
        "normalized_city": "新北市",
        "district": "新莊區",
        "vendor_category_code": "6",
        "vendor_category": "物流業",
        "registration_item": "物流營業場所",
        "registration_no": "F-200060144-00001-0",
        "name": "忠欣蔬果",
        "address": "新北市新莊區化成路203號",
        "company_registration_name": "泳淣國際有限公司",
        "source_page": 3,
        "point_type": "業者點位",
        "location_method": "OpenStreetMap道路/地名定位",
        "source_count": 479,
        "geocoding_address": "新北市新莊區化成路203號",
        "lng": 121.46363789198419,
        "lat": 25.066385147893065,
        "osm_query": "新北市新莊區化成路",
        "osm_display_name": "化成路, 福基里, 新莊區, 新北市, 24888, 臺灣"
      },
      "geometry": {
        "type": "Point",
        "coordinates": [
          121.46363789198419,
          25.066385147893065
        ]
      }
    },
    {
      "type": "Feature",
      "properties": {
        "source_row_no": 95,
        "city": "新北市",
        "normalized_city": "新北市",
        "district": "泰山區",
        "vendor_category_code": "6",
        "vendor_category": "物流業",
        "registration_item": "物流營業場所",
        "registration_no": "F-194137676-00001-7",
        "name": "亞巨物流",
        "address": "新北市泰山區新北大道6段359號5樓",
        "company_registration_name": "亞巨晴物流有限公司",
        "source_page": 3,
        "point_type": "業者點位",
        "location_method": "OpenStreetMap道路/地名定位",
        "source_count": 479,
        "geocoding_address": "新北市泰山區新北大道6段359號",
        "lng": 121.42569917961482,
        "lat": 25.035390014232497,
        "osm_query": "新北市泰山區新北大道6段",
        "osm_display_name": "新北大道六段, 貴和里, 泰山區, 貴子坑, 新北市, 24355, 臺灣"
      },
      "geometry": {
        "type": "Point",
        "coordinates": [
          121.42569917961482,
          25.035390014232497
        ]
      }
    },
    {
      "type": "Feature",
      "properties": {
        "source_row_no": 96,
        "city": "新北市",
        "normalized_city": "新北市",
        "district": "中和區",
        "vendor_category_code": "6",
        "vendor_category": "物流業",
        "registration_item": "物流營業場所",
        "registration_no": "F-150983147-00002-2",
        "name": "尚德酒業有限公司",
        "address": "新北市中和區中山路2段568巷20弄6號",
        "company_registration_name": "尚德酒業有限公司",
        "source_page": 3,
        "point_type": "業者點位",
        "location_method": "OpenStreetMap道路/地名定位",
        "source_count": 479,
        "geocoding_address": "新北市中和區中山路2段568巷20弄6號",
        "lng": 121.50265386654416,
        "lat": 25.00384218657023,
        "osm_query": "新北市中和區中山路2段",
        "osm_display_name": "中山路二段, 佳和里, 中和區, 枋寮, 新北市, 23554, 臺灣"
      },
      "geometry": {
        "type": "Point",
        "coordinates": [
          121.50265386654416,
          25.00384218657023
        ]
      }
    },
    {
      "type": "Feature",
      "properties": {
        "source_row_no": 97,
        "city": "新北市",
        "normalized_city": "新北市",
        "district": "三重區",
        "vendor_category_code": "6",
        "vendor_category": "物流業",
        "registration_item": "物流營業場所",
        "registration_no": "F-170624227-00137-4",
        "name": "中正營業所",
        "address": "新北市三重區神農街426號",
        "company_registration_name": "台灣宅配通股份有限公司",
        "source_page": 3,
        "point_type": "業者點位",
        "location_method": "OpenStreetMap道路/地名定位",
        "source_count": 479,
        "geocoding_address": "新北市三重區神農街426號",
        "lng": 121.47379972934138,
        "lat": 25.048169066568374,
        "osm_query": "新北市三重區神農街",
        "osm_display_name": "神農街, 五谷里, 三重區, 頭前, 新北市, 241018, 臺灣"
      },
      "geometry": {
        "type": "Point",
        "coordinates": [
          121.47379972934138,
          25.048169066568374
        ]
      }
    },
    {
      "type": "Feature",
      "properties": {
        "source_row_no": 98,
        "city": "新北市",
        "normalized_city": "新北市",
        "district": "瑞芳區",
        "vendor_category_code": "6",
        "vendor_category": "物流業",
        "registration_item": "物流營業場所",
        "registration_no": "F-123525865-00005-4",
        "name": "瑞芳倉庫",
        "address": "新北市瑞芳區新北市瑞芳區楓仔瀨路1巷12號",
        "company_registration_name": "台灣住倉股份有限公司",
        "source_page": 3,
        "point_type": "業者點位",
        "location_method": "OpenStreetMap道路/地名定位",
        "source_count": 479,
        "geocoding_address": "新北市瑞芳區新北市瑞芳區楓仔瀨路1巷12號",
        "lng": 121.77240731848333,
        "lat": 25.106744772464438,
        "osm_query": "新北市瑞芳區新北市瑞芳區楓仔瀨路",
        "osm_display_name": "楓仔瀨路, 上天里, 瑞芳區, 四腳亭, 新北市, 22445, 臺灣"
      },
      "geometry": {
        "type": "Point",
        "coordinates": [
          121.77240731848333,
          25.106744772464438
        ]
      }
    },
    {
      "type": "Feature",
      "properties": {
        "source_row_no": 99,
        "city": "新北市",
        "normalized_city": "新北市",
        "district": "中和區",
        "vendor_category_code": "6",
        "vendor_category": "物流業",
        "registration_item": "物流營業場所",
        "registration_no": "F-202302297-00001-0",
        "name": "公司所在地",
        "address": "新北市中和區中山路2段365巷2弄3號",
        "company_registration_name": "利美蔬果有限公司",
        "source_page": 3,
        "point_type": "業者點位",
        "location_method": "OpenStreetMap道路/地名定位",
        "source_count": 479,
        "geocoding_address": "新北市中和區中山路2段365巷2弄3號",
        "lng": 121.5028250912853,
        "lat": 25.003853799758847,
        "osm_query": "新北市中和區中山路2段",
        "osm_display_name": "中山路二段, 佳和里, 中和區, 枋寮, 新北市, 23554, 臺灣"
      },
      "geometry": {
        "type": "Point",
        "coordinates": [
          121.5028250912853,
          25.003853799758847
        ]
      }
    },
    {
      "type": "Feature",
      "properties": {
        "source_row_no": 100,
        "city": "新北市",
        "normalized_city": "新北市",
        "district": "汐止區",
        "vendor_category_code": "6",
        "vendor_category": "物流業",
        "registration_item": "物流營業場所",
        "registration_no": "F-127720452-00001-3",
        "name": "聯晴有限公司",
        "address": "新北市汐止區明峰街10號(1樓)",
        "company_registration_name": "聯晴有限公司",
        "source_page": 3,
        "point_type": "業者點位",
        "location_method": "OpenStreetMap道路/地名定位",
        "source_count": 479,
        "geocoding_address": "新北市汐止區明峰街10號(",
        "lng": 121.62651116180426,
        "lat": 25.068448834843018,
        "osm_query": "新北市汐止區明峰街",
        "osm_display_name": "明峰街, 北山里, 汐止區, 新北市, 22155, 臺灣"
      },
      "geometry": {
        "type": "Point",
        "coordinates": [
          121.62651116180426,
          25.068448834843018
        ]
      }
    },
    {
      "type": "Feature",
      "properties": {
        "source_row_no": 101,
        "city": "新北市",
        "normalized_city": "新北市",
        "district": "八里區",
        "vendor_category_code": "6",
        "vendor_category": "物流業",
        "registration_item": "物流營業場所",
        "registration_no": "F-127749850-00001-6",
        "name": "宇捷貿易股份有限公司",
        "address": "新北市八里區中華路一段309巷19-7號",
        "company_registration_name": "宇捷貿易股份有限公司",
        "source_page": 3,
        "point_type": "業者點位",
        "location_method": "OpenStreetMap道路/地名定位",
        "source_count": 479,
        "geocoding_address": "新北市八里區中華路一段309巷19-7號",
        "lng": 121.41867472019223,
        "lat": 25.156453648401065,
        "osm_query": "新北市八里區中華路一段",
        "osm_display_name": "中華路一段, 大崁里, 八里區, 公田, 新北市, 24943, 臺灣"
      },
      "geometry": {
        "type": "Point",
        "coordinates": [
          121.41867472019223,
          25.156453648401065
        ]
      }
    },
    {
      "type": "Feature",
      "properties": {
        "source_row_no": 102,
        "city": "新北市",
        "normalized_city": "新北市",
        "district": "五股區",
        "vendor_category_code": "6",
        "vendor_category": "物流業",
        "registration_item": "物流營業場所",
        "registration_no": "F-191083134-00001-3",
        "name": "甫漾物流通運有限公司",
        "address": "新北市五股區五工六路53-2號",
        "company_registration_name": "甫漾物流通運有限公司",
        "source_page": 3,
        "point_type": "業者點位",
        "location_method": "OpenStreetMap道路/地名定位",
        "source_count": 479,
        "geocoding_address": "新北市五股區五工六路53-2號",
        "osm_query": "五工六路 五股區 新北市",
        "osm_display_name": "五工六路, 新北產業園區, 興珍里, 五股區, 新北市, 242204, 臺灣",
        "lng": 121.44676458988184,
        "lat": 25.064704898275135
      },
      "geometry": {
        "type": "Point",
        "coordinates": [
          121.44676458988184,
          25.064704898275135
        ]
      }
    },
    {
      "type": "Feature",
      "properties": {
        "source_row_no": 103,
        "city": "新北市",
        "normalized_city": "新北市",
        "district": "三重區",
        "vendor_category_code": "6",
        "vendor_category": "物流業",
        "registration_item": "物流營業場所",
        "registration_no": "F-170762591-01007-8",
        "name": "杭州營業所",
        "address": "新北市三重區光復路一段61巷24弄15號",
        "company_registration_name": "統一速達股份有限公司",
        "source_page": 3,
        "point_type": "業者點位",
        "location_method": "OpenStreetMap道路/地名定位",
        "source_count": 479,
        "geocoding_address": "新北市三重區光復路一段61巷24弄15號",
        "lng": 121.47234117444432,
        "lat": 25.04985764397326,
        "osm_query": "新北市三重區光復路一段",
        "osm_display_name": "光復路一段, 頂崁工業區, 五谷里, 三重區, 頭前, 新北市, 241018, 臺灣"
      },
      "geometry": {
        "type": "Point",
        "coordinates": [
          121.47234117444432,
          25.04985764397326
        ]
      }
    },
    {
      "type": "Feature",
      "properties": {
        "source_row_no": 104,
        "city": "新北市",
        "normalized_city": "新北市",
        "district": "八里區",
        "vendor_category_code": "6",
        "vendor_category": "物流業",
        "registration_item": "物流營業場所",
        "registration_no": "F-154665587-00001-0",
        "name": "東方超捷台北港國際物流中心",
        "address": "新北市八里區廈竹圍路23-1號",
        "company_registration_name": "東方超捷國際物流股份有限公司",
        "source_page": 3,
        "point_type": "業者點位",
        "location_method": "OpenStreetMap道路/地名定位",
        "source_count": 479,
        "geocoding_address": "新北市八里區廈竹圍路23-1號",
        "osm_query": "廈竹圍路 八里區 新北市",
        "osm_display_name": "曝氣沉沙池/攔汙柵, 博物館路, 頂罟里, 八里區, 公田, 新北市, 24943, 臺灣",
        "lng": 121.41099579734845,
        "lat": 25.161760732073965
      },
      "geometry": {
        "type": "Point",
        "coordinates": [
          121.41099579734845,
          25.161760732073965
        ]
      }
    },
    {
      "type": "Feature",
      "properties": {
        "source_row_no": 105,
        "city": "新北市",
        "normalized_city": "新北市",
        "district": "林口區",
        "vendor_category_code": "6",
        "vendor_category": "物流業",
        "registration_item": "物流營業場所",
        "registration_no": "F-197220830-00001-5",
        "name": "笙揚",
        "address": "新北市林口區民享路152號",
        "company_registration_name": "笙揚汽車貨運股份有限公司",
        "source_page": 3,
        "point_type": "業者點位",
        "location_method": "OpenStreetMap道路/地名定位",
        "source_count": 479,
        "geocoding_address": "新北市林口區民享路152號",
        "lng": 121.38268572055372,
        "lat": 25.084953651958735,
        "osm_query": "新北市林口區民享路",
        "osm_display_name": "民享路, 中湖里, 林口區, 新北市, 244016, 臺灣"
      },
      "geometry": {
        "type": "Point",
        "coordinates": [
          121.38268572055372,
          25.084953651958735
        ]
      }
    },
    {
      "type": "Feature",
      "properties": {
        "source_row_no": 106,
        "city": "新北市",
        "normalized_city": "新北市",
        "district": "三重區",
        "vendor_category_code": "6",
        "vendor_category": "物流業",
        "registration_item": "物流營業場所",
        "registration_no": "F-152512066-00001-1",
        "name": "源倉倉儲有限公司",
        "address": "新北市三重區穀保街100號(1樓)",
        "company_registration_name": "源倉倉儲有限公司",
        "source_page": 3,
        "point_type": "業者點位",
        "location_method": "OpenStreetMap道路/地名定位",
        "source_count": 479,
        "geocoding_address": "新北市三重區穀保街100號(",
        "lng": 121.47068246937195,
        "lat": 25.0682494046835,
        "osm_query": "新北市三重區穀保街",
        "osm_display_name": "穀保街, 二重里, 三重區, 新北市, 24872, 臺灣"
      },
      "geometry": {
        "type": "Point",
        "coordinates": [
          121.47068246937195,
          25.0682494046835
        ]
      }
    },
    {
      "type": "Feature",
      "properties": {
        "source_row_no": 107,
        "city": "新北市",
        "normalized_city": "新北市",
        "district": "中和區",
        "vendor_category_code": "6",
        "vendor_category": "物流業",
        "registration_item": "物流營業場所",
        "registration_no": "F-115137362-00002-3",
        "name": "崧富物流股份有限公司",
        "address": "新北市中和區員山路7-3號",
        "company_registration_name": "崧富物流股份有限公司",
        "source_page": 3,
        "point_type": "業者點位",
        "location_method": "OpenStreetMap道路/地名定位",
        "source_count": 479,
        "geocoding_address": "新北市中和區員山路7-3號",
        "lng": 121.48177638350991,
        "lat": 24.991594164826687,
        "osm_query": "新北市中和區員山路",
        "osm_display_name": "員山路, 灰磘里, 中和區, 中坑, 新北市, 23552, 臺灣"
      },
      "geometry": {
        "type": "Point",
        "coordinates": [
          121.48177638350991,
          24.991594164826687
        ]
      }
    },
    {
      "type": "Feature",
      "properties": {
        "source_row_no": 108,
        "city": "新北市",
        "normalized_city": "新北市",
        "district": "鶯歌區",
        "vendor_category_code": "6",
        "vendor_category": "物流業",
        "registration_item": "物流營業場所",
        "registration_no": "F-124916539-00002-4",
        "name": "統昶行銷鶯歌物流中心",
        "address": "新北市鶯歌區二甲路295號",
        "company_registration_name": "統昶行銷股份有限公司鶯歌分公司",
        "source_page": 3,
        "point_type": "業者點位",
        "location_method": "OpenStreetMap道路/地名定位",
        "source_count": 479,
        "geocoding_address": "新北市鶯歌區二甲路295號",
        "osm_query": "二甲路 鶯歌區 新北市",
        "osm_display_name": "二甲路, 二甲里, 鶯歌區, 二橋, 新北市, 239002, 臺灣",
        "lng": 121.33873144919777,
        "lat": 24.935471781848026
      },
      "geometry": {
        "type": "Point",
        "coordinates": [
          121.33873144919777,
          24.935471781848026
        ]
      }
    },
    {
      "type": "Feature",
      "properties": {
        "source_row_no": 109,
        "city": "新北市",
        "normalized_city": "新北市",
        "district": "五股區",
        "vendor_category_code": "6",
        "vendor_category": "物流業",
        "registration_item": "物流營業場所",
        "registration_no": "F-153506555-00014-2",
        "name": "台灣善美的股份有限公司五股廠",
        "address": "新北市五股區五工六路35號",
        "company_registration_name": "弘舜貨運股份有限公司",
        "source_page": 3,
        "point_type": "業者點位",
        "location_method": "OpenStreetMap道路/地名定位",
        "source_count": 479,
        "geocoding_address": "新北市五股區五工六路35號",
        "osm_query": "五工六路 五股區 新北市",
        "osm_display_name": "五工六路, 新北產業園區, 興珍里, 五股區, 新北市, 242204, 臺灣",
        "lng": 121.44689470845792,
        "lat": 25.06474192359646
      },
      "geometry": {
        "type": "Point",
        "coordinates": [
          121.44689470845792,
          25.06474192359646
        ]
      }
    },
    {
      "type": "Feature",
      "properties": {
        "source_row_no": 110,
        "city": "新北市",
        "normalized_city": "新北市",
        "district": "三峽區",
        "vendor_category_code": "6",
        "vendor_category": "物流業",
        "registration_item": "物流營業場所",
        "registration_no": "F-123529784-00034-0",
        "name": "捷盟行銷股份有限公司",
        "address": "新北市三峽區介壽路一段338巷3號",
        "company_registration_name": "捷盟行銷股份有限公司",
        "source_page": 3,
        "point_type": "業者點位",
        "location_method": "OpenStreetMap道路/地名定位",
        "source_count": 479,
        "geocoding_address": "新北市三峽區介壽路一段338巷3號",
        "lng": 121.38285253407265,
        "lat": 24.930720160821938,
        "osm_query": "新北市三峽區介壽路一段",
        "osm_display_name": "介壽路一段, 礁溪里, 三峽區, 橫溪, 新北市, 237017, 臺灣"
      },
      "geometry": {
        "type": "Point",
        "coordinates": [
          121.38285253407265,
          24.930720160821938
        ]
      }
    },
    {
      "type": "Feature",
      "properties": {
        "source_row_no": 111,
        "city": "新北市",
        "normalized_city": "新北市",
        "district": "新莊區",
        "vendor_category_code": "6",
        "vendor_category": "物流業",
        "registration_item": "物流營業場所",
        "registration_no": "F-124702240-00001-5",
        "name": "振榮物流有限公司",
        "address": "新北市新莊區龍安路525號3樓",
        "company_registration_name": "振榮物流有限公司",
        "source_page": 3,
        "point_type": "業者點位",
        "location_method": "OpenStreetMap道路/地名定位",
        "source_count": 479,
        "geocoding_address": "新北市新莊區龍安路525號",
        "lng": 121.41508101606023,
        "lat": 25.02151224276925,
        "osm_query": "新北市新莊區龍安路",
        "osm_display_name": "龍安路, 龍鳳里, 新莊區, 三角埔, 新北市, 242046, 臺灣"
      },
      "geometry": {
        "type": "Point",
        "coordinates": [
          121.41508101606023,
          25.02151224276925
        ]
      }
    },
    {
      "type": "Feature",
      "properties": {
        "source_row_no": 112,
        "city": "新北市",
        "normalized_city": "新北市",
        "district": "瑞芳區",
        "vendor_category_code": "6",
        "vendor_category": "物流業",
        "registration_item": "物流營業場所",
        "registration_no": "F-150971557-00001-3",
        "name": "物流園區",
        "address": "新北市瑞芳區楓子瀨路1巷1號",
        "company_registration_name": "艾立運能股份有限公司",
        "source_page": 3,
        "point_type": "業者點位",
        "location_method": "OpenStreetMap道路/地名定位",
        "source_count": 479,
        "geocoding_address": "新北市瑞芳區楓子瀨路1巷1號",
        "lng": 121.76683281528061,
        "lat": 25.098446656286526,
        "osm_query": "新北市瑞芳區楓子瀨路",
        "osm_display_name": "楓仔瀨路, 上天里, 瑞芳區, 四腳亭, 新北市, 22445, 臺灣"
      },
      "geometry": {
        "type": "Point",
        "coordinates": [
          121.76683281528061,
          25.098446656286526
        ]
      }
    },
    {
      "type": "Feature",
      "properties": {
        "source_row_no": 113,
        "city": "新北市",
        "normalized_city": "新北市",
        "district": "樹林區",
        "vendor_category_code": "6",
        "vendor_category": "物流業",
        "registration_item": "物流營業場所",
        "registration_no": "F-123930626-00003-7",
        "name": "魔術食品物流中心",
        "address": "新北市樹林區武林街13-4號",
        "company_registration_name": "魔術食品工業股份有限公司",
        "source_page": 3,
        "point_type": "業者點位",
        "location_method": "OpenStreetMap道路/地名定位",
        "source_count": 479,
        "geocoding_address": "新北市樹林區武林街13-4號",
        "lng": 121.41853161088561,
        "lat": 25.00221131299466,
        "osm_query": "新北市樹林區武林街",
        "osm_display_name": "武林街, 樹林產業園區, 金寮里, 樹林區, 三角埔, 新北市, 23867, 臺灣"
      },
      "geometry": {
        "type": "Point",
        "coordinates": [
          121.41853161088561,
          25.00221131299466
        ]
      }
    },
    {
      "type": "Feature",
      "properties": {
        "source_row_no": 114,
        "city": "新北市",
        "normalized_city": "新北市",
        "district": "新莊區",
        "vendor_category_code": "6",
        "vendor_category": "物流業",
        "registration_item": "物流營業場所",
        "registration_no": "F-200043949-00001-4",
        "name": "忠欣蔬果有限公司",
        "address": "新北市新莊區化成路203號",
        "company_registration_name": "滿竹農產企業社",
        "source_page": 3,
        "point_type": "業者點位",
        "location_method": "OpenStreetMap道路/地名定位",
        "source_count": 479,
        "geocoding_address": "新北市新莊區化成路203號",
        "lng": 121.46375991061473,
        "lat": 25.06654132461819,
        "osm_query": "新北市新莊區化成路",
        "osm_display_name": "化成路, 福基里, 新莊區, 新北市, 24888, 臺灣"
      },
      "geometry": {
        "type": "Point",
        "coordinates": [
          121.46375991061473,
          25.06654132461819
        ]
      }
    },
    {
      "type": "Feature",
      "properties": {
        "source_row_no": 115,
        "city": "新北市",
        "normalized_city": "新北市",
        "district": "土城區",
        "vendor_category_code": "6",
        "vendor_category": "物流業",
        "registration_item": "物流營業場所",
        "registration_no": "F-120874826-00001-1",
        "name": "九榮汽車貨運有限公司",
        "address": "新北市土城區中央路1段268號6樓",
        "company_registration_name": "九榮汽車貨運有限公司",
        "source_page": 3,
        "point_type": "業者點位",
        "location_method": "OpenStreetMap道路/地名定位",
        "source_count": 479,
        "geocoding_address": "新北市土城區中央路1段268號",
        "lng": 121.44370669582791,
        "lat": 24.982780708219074,
        "osm_query": "新北市土城區中央路1段",
        "osm_display_name": "中央路一段, 日和里, 土城區, 清水, 新北市, 236028, 臺灣"
      },
      "geometry": {
        "type": "Point",
        "coordinates": [
          121.44370669582791,
          24.982780708219074
        ]
      }
    },
    {
      "type": "Feature",
      "properties": {
        "source_row_no": 116,
        "city": "新北市",
        "normalized_city": "新北市",
        "district": "新店區",
        "vendor_category_code": "6",
        "vendor_category": "物流業",
        "registration_item": "物流營業場所",
        "registration_no": "F-170762591-00976-2",
        "name": "永和營業所",
        "address": "新北市新店區中正路501-9號",
        "company_registration_name": "統一速達股份有限公司",
        "source_page": 3,
        "point_type": "業者點位",
        "location_method": "OpenStreetMap道路/地名定位",
        "source_count": 479,
        "geocoding_address": "新北市新店區中正路501-9號",
        "lng": 121.53339303017087,
        "lat": 24.991896138782383,
        "osm_query": "新北市新店區中正路",
        "osm_display_name": "中正路, 忠孝里, 新店區, 秀朗, 新北市, 11671, 臺灣"
      },
      "geometry": {
        "type": "Point",
        "coordinates": [
          121.53339303017087,
          24.991896138782383
        ]
      }
    },
    {
      "type": "Feature",
      "properties": {
        "source_row_no": 117,
        "city": "新北市",
        "normalized_city": "新北市",
        "district": "樹林區",
        "vendor_category_code": "6",
        "vendor_category": "物流業",
        "registration_item": "物流營業場所",
        "registration_no": "F-278959107-00001-1",
        "name": "安達速運有限公司",
        "address": "新北市樹林區八德街475之1號",
        "company_registration_name": "安達速運有限公司",
        "source_page": 3,
        "point_type": "業者點位",
        "location_method": "OpenStreetMap道路/地名定位",
        "source_count": 479,
        "geocoding_address": "新北市樹林區八德街475之1號",
        "osm_query": "八德街 樹林區 新北市",
        "osm_display_name": "八德街, 樹人里, 樹林區, 新北市, 23846, 臺灣",
        "lng": 121.41579469155472,
        "lat": 24.98714656578839
      },
      "geometry": {
        "type": "Point",
        "coordinates": [
          121.41579469155472,
          24.98714656578839
        ]
      }
    },
    {
      "type": "Feature",
      "properties": {
        "source_row_no": 118,
        "city": "新北市",
        "normalized_city": "新北市",
        "district": "汐止區",
        "vendor_category_code": "6",
        "vendor_category": "物流業",
        "registration_item": "物流營業場所",
        "registration_no": "F-168000323-00001-6",
        "name": "世榮運輸有限公司",
        "address": "新北市汐止區新台五路2段91號18樓之5",
        "company_registration_name": "世榮運輸有限公司",
        "source_page": 3,
        "point_type": "業者點位",
        "location_method": "OpenStreetMap道路/地名定位",
        "source_count": 479,
        "geocoding_address": "新北市汐止區新台五路2段91號",
        "lng": 121.66124252193721,
        "lat": 25.06523699310162,
        "osm_query": "新北市汐止區新台五路2段",
        "osm_display_name": "新台五路二段, 秀峰里, 汐止區, 新北市, 22175, 臺灣"
      },
      "geometry": {
        "type": "Point",
        "coordinates": [
          121.66124252193721,
          25.06523699310162
        ]
      }
    },
    {
      "type": "Feature",
      "properties": {
        "source_row_no": 119,
        "city": "新北市",
        "normalized_city": "新北市",
        "district": "汐止區",
        "vendor_category_code": "6",
        "vendor_category": "物流業",
        "registration_item": "物流營業場所",
        "registration_no": "F-155792934-00001-8",
        "name": "洋順汽車交通股份有限公司",
        "address": "新北市汐止區福安街20巷24號1樓",
        "company_registration_name": "洋順汽車交通股份有限公司",
        "source_page": 3,
        "point_type": "業者點位",
        "location_method": "OpenStreetMap道路/地名定位",
        "source_count": 479,
        "geocoding_address": "新北市汐止區福安街20巷24號",
        "lng": 121.66201826866819,
        "lat": 25.065966205727484,
        "osm_query": "新北市汐止區福安街",
        "osm_display_name": "福安街, 秀峰里, 汐止區, 新北市, 22175, 臺灣"
      },
      "geometry": {
        "type": "Point",
        "coordinates": [
          121.66201826866819,
          25.065966205727484
        ]
      }
    },
    {
      "type": "Feature",
      "properties": {
        "source_row_no": 120,
        "city": "新北市",
        "normalized_city": "新北市",
        "district": "中和區",
        "vendor_category_code": "6",
        "vendor_category": "物流業",
        "registration_item": "物流營業場所",
        "registration_no": "F-153562850-00002-9",
        "name": "連城工業廣場",
        "address": "新北市中和區222巷4弄2號4樓",
        "company_registration_name": "雉羽整合行銷股份有限公司",
        "source_page": 3,
        "point_type": "業者點位",
        "location_method": "行政區中心微偏移",
        "source_count": 479,
        "geocoding_address": "新北市中和區222巷4弄2號",
        "osm_query": "新北市中和區222巷4弄",
        "osm_display_name": ""
      },
      "geometry": {
        "type": "Point",
        "coordinates": [
          121.49612607388003,
          24.98952178709976
        ]
      }
    },
    {
      "type": "Feature",
      "properties": {
        "source_row_no": 121,
        "city": "新北市",
        "normalized_city": "新北市",
        "district": "樹林區",
        "vendor_category_code": "6",
        "vendor_category": "物流業",
        "registration_item": "物流營業場所",
        "registration_no": "F-196814383-00001-6",
        "name": "大智通",
        "address": "新北市樹林區佳園路二段70之1號",
        "company_registration_name": "弘旺物流有限公司",
        "source_page": 4,
        "point_type": "業者點位",
        "location_method": "OpenStreetMap道路/地名定位",
        "source_count": 479,
        "geocoding_address": "新北市樹林區佳園路二段70之1號",
        "lng": 121.39067971194707,
        "lat": 24.959335822310827,
        "osm_query": "新北市樹林區佳園路二段",
        "osm_display_name": "佳園路二段, 北園里, 樹林區, 柑園, 新北市, 23877, 臺灣"
      },
      "geometry": {
        "type": "Point",
        "coordinates": [
          121.39067971194707,
          24.959335822310827
        ]
      }
    },
    {
      "type": "Feature",
      "properties": {
        "source_row_no": 122,
        "city": "新北市",
        "normalized_city": "新北市",
        "district": "汐止區",
        "vendor_category_code": "6",
        "vendor_category": "物流業",
        "registration_item": "物流營業場所",
        "registration_no": "F-139227119-00001-8",
        "name": "環球倉儲股份有限公司",
        "address": "新北市汐止區大同路3段585號",
        "company_registration_name": "環球倉儲股份有限公司",
        "source_page": 4,
        "point_type": "業者點位",
        "location_method": "OpenStreetMap道路/地名定位",
        "source_count": 479,
        "geocoding_address": "新北市汐止區大同路3段585號",
        "lng": 121.66584587311614,
        "lat": 25.07486427241406,
        "osm_query": "新北市汐止區大同路3段",
        "osm_display_name": "大同路三段, 橋東里, 汐止區, 新北市, 22184, 臺灣"
      },
      "geometry": {
        "type": "Point",
        "coordinates": [
          121.66584587311614,
          25.07486427241406
        ]
      }
    },
    {
      "type": "Feature",
      "properties": {
        "source_row_no": 123,
        "city": "新北市",
        "normalized_city": "新北市",
        "district": "中和區",
        "vendor_category_code": "6",
        "vendor_category": "物流業",
        "registration_item": "物流營業場所",
        "registration_no": "F-202302297-00001-0",
        "name": "公司所在地",
        "address": "新北市中和區中山路2段365巷2弄3號",
        "company_registration_name": "利美蔬果有限公司",
        "source_page": 4,
        "point_type": "業者點位",
        "location_method": "OpenStreetMap道路/地名定位",
        "source_count": 479,
        "geocoding_address": "新北市中和區中山路2段365巷2弄3號",
        "lng": 121.50251244079632,
        "lat": 25.003733148479157,
        "osm_query": "新北市中和區中山路2段",
        "osm_display_name": "中山路二段, 佳和里, 中和區, 枋寮, 新北市, 23554, 臺灣"
      },
      "geometry": {
        "type": "Point",
        "coordinates": [
          121.50251244079632,
          25.003733148479157
        ]
      }
    },
    {
      "type": "Feature",
      "properties": {
        "source_row_no": 124,
        "city": "新北市",
        "normalized_city": "新北市",
        "district": "三重區",
        "vendor_category_code": "6",
        "vendor_category": "物流業",
        "registration_item": "物流營業場所",
        "registration_no": "F-124726192-00002-8",
        "name": "晟益",
        "address": "新北市三重區中正北路428巷9號(1樓)",
        "company_registration_name": "晟益有限公司",
        "source_page": 4,
        "point_type": "業者點位",
        "location_method": "OpenStreetMap道路/地名定位",
        "source_count": 479,
        "geocoding_address": "新北市三重區中正北路428巷9號(",
        "lng": 121.47218532935915,
        "lat": 25.071656309942693,
        "osm_query": "新北市三重區中正北路",
        "osm_display_name": "中正北路, 大有里, 三重區, 新北市, 24872, 臺灣"
      },
      "geometry": {
        "type": "Point",
        "coordinates": [
          121.47218532935915,
          25.071656309942693
        ]
      }
    },
    {
      "type": "Feature",
      "properties": {
        "source_row_no": 125,
        "city": "新北市",
        "normalized_city": "新北市",
        "district": "新莊區",
        "vendor_category_code": "6",
        "vendor_category": "物流業",
        "registration_item": "物流營業場所",
        "registration_no": "F-124735761-00001-9",
        "name": "詮盈物流有限公司",
        "address": "新北市新莊區西盛街369巷7號7樓",
        "company_registration_name": "詮盈物流有限公司",
        "source_page": 4,
        "point_type": "業者點位",
        "location_method": "OpenStreetMap道路/地名定位",
        "source_count": 479,
        "geocoding_address": "新北市新莊區西盛街369巷7號",
        "lng": 121.42831265976328,
        "lat": 25.01377968077529,
        "osm_query": "新北市新莊區西盛街",
        "osm_display_name": "西盛街, 光和里, 新莊區, 三角埔, 新北市, 24264, 臺灣"
      },
      "geometry": {
        "type": "Point",
        "coordinates": [
          121.42831265976328,
          25.01377968077529
        ]
      }
    },
    {
      "type": "Feature",
      "properties": {
        "source_row_no": 126,
        "city": "新北市",
        "normalized_city": "新北市",
        "district": "新莊區",
        "vendor_category_code": "6",
        "vendor_category": "物流業",
        "registration_item": "物流營業場所",
        "registration_no": "F-200243055-00001-4",
        "name": "工作室",
        "address": "新北市新莊區立信三街35巷21號1樓",
        "company_registration_name": "簡單選物企業社",
        "source_page": 4,
        "point_type": "業者點位",
        "location_method": "OpenStreetMap道路/地名定位",
        "source_count": 479,
        "geocoding_address": "新北市新莊區立信三街35巷21號",
        "lng": 121.44377799429074,
        "lat": 25.050569632625223,
        "osm_query": "新北市新莊區立信三街",
        "osm_display_name": "立信三街, 立廷里, 新莊區, 中港厝, 新北市, 242027, 臺灣"
      },
      "geometry": {
        "type": "Point",
        "coordinates": [
          121.44377799429074,
          25.050569632625223
        ]
      }
    },
    {
      "type": "Feature",
      "properties": {
        "source_row_no": 127,
        "city": "新北市",
        "normalized_city": "新北市",
        "district": "新店區",
        "vendor_category_code": "6",
        "vendor_category": "物流業",
        "registration_item": "物流營業場所",
        "registration_no": "F-200140479-00002-1",
        "name": "伸達二倉",
        "address": "新北市新店區安康路一段258之1號",
        "company_registration_name": "伸達冷鏈物流有限公司",
        "source_page": 4,
        "point_type": "業者點位",
        "location_method": "OpenStreetMap道路/地名定位",
        "source_count": 479,
        "geocoding_address": "新北市新店區安康路一段258之1號",
        "lng": 121.52584279272884,
        "lat": 24.9628843326356,
        "osm_query": "新北市新店區安康路一段",
        "osm_display_name": "安康路一段, 下城里, 新店區, 大坪林, 新北市, 231069, 臺灣"
      },
      "geometry": {
        "type": "Point",
        "coordinates": [
          121.52584279272884,
          24.9628843326356
        ]
      }
    },
    {
      "type": "Feature",
      "properties": {
        "source_row_no": 128,
        "city": "新北市",
        "normalized_city": "新北市",
        "district": "五股區",
        "vendor_category_code": "6",
        "vendor_category": "物流業",
        "registration_item": "物流營業場所",
        "registration_no": "F-116991673-00001-6",
        "name": "美食家食材通路股份有限公司北倉",
        "address": "新北市五股區成泰路二段185號之2號",
        "company_registration_name": "中新貨運有限公司",
        "source_page": 4,
        "point_type": "業者點位",
        "location_method": "OpenStreetMap道路/地名定位",
        "source_count": 479,
        "geocoding_address": "新北市五股區成泰路二段185號之2號",
        "lng": 121.44057771885447,
        "lat": 25.08736167426214,
        "osm_query": "新北市五股區成泰路二段",
        "osm_display_name": "成泰路二段, 五福里, 五股區, 新北市, 248006, 臺灣"
      },
      "geometry": {
        "type": "Point",
        "coordinates": [
          121.44057771885447,
          25.08736167426214
        ]
      }
    },
    {
      "type": "Feature",
      "properties": {
        "source_row_no": 129,
        "city": "新北市",
        "normalized_city": "新北市",
        "district": "中和區",
        "vendor_category_code": "6",
        "vendor_category": "物流業",
        "registration_item": "物流營業場所",
        "registration_no": "F-183226927-00001-3",
        "name": "安立有限公司",
        "address": "新北市中和區中山路2段482巷47號",
        "company_registration_name": "安立有限公司",
        "source_page": 4,
        "point_type": "業者點位",
        "location_method": "OpenStreetMap道路/地名定位",
        "source_count": 479,
        "geocoding_address": "新北市中和區中山路2段482巷47號",
        "lng": 121.50302212977753,
        "lat": 25.003808867344816,
        "osm_query": "新北市中和區中山路2段",
        "osm_display_name": "中山路二段, 佳和里, 中和區, 枋寮, 新北市, 23554, 臺灣"
      },
      "geometry": {
        "type": "Point",
        "coordinates": [
          121.50302212977753,
          25.003808867344816
        ]
      }
    },
    {
      "type": "Feature",
      "properties": {
        "source_row_no": 130,
        "city": "新北市",
        "normalized_city": "新北市",
        "district": "板橋區",
        "vendor_category_code": "6",
        "vendor_category": "物流業",
        "registration_item": "物流營業場所",
        "registration_no": "F-202313078-00001-9",
        "name": "正牌塑膠實業有限公司",
        "address": "新北市板橋區華江一路156號5樓",
        "company_registration_name": "正牌塑膠實業有限公司",
        "source_page": 4,
        "point_type": "業者點位",
        "location_method": "OpenStreetMap道路/地名定位",
        "source_count": 479,
        "geocoding_address": "新北市板橋區華江一路156號",
        "lng": 121.46948016472476,
        "lat": 25.033692548829446,
        "osm_query": "新北市板橋區華江一路",
        "osm_display_name": "華江一路, 江翠北側重劃區DE區, 溪頭里, 板橋區, 新庄(海山口), 新北市, 220026, 臺灣"
      },
      "geometry": {
        "type": "Point",
        "coordinates": [
          121.46948016472476,
          25.033692548829446
        ]
      }
    },
    {
      "type": "Feature",
      "properties": {
        "source_row_no": 131,
        "city": "新北市",
        "normalized_city": "新北市",
        "district": "汐止區",
        "vendor_category_code": "6",
        "vendor_category": "物流業",
        "registration_item": "物流營業場所",
        "registration_no": "F-200211614-00002-1",
        "name": "富達國際物流有限公司",
        "address": "新北市汐止區茄苳路239巷2號",
        "company_registration_name": "富達國際物流有限公司",
        "source_page": 4,
        "point_type": "業者點位",
        "location_method": "OpenStreetMap道路/地名定位",
        "source_count": 479,
        "geocoding_address": "新北市汐止區茄苳路239巷2號",
        "lng": 121.67376529689214,
        "lat": 25.06592676784434,
        "osm_query": "新北市汐止區茄苳路",
        "osm_display_name": "茄苳路, 茄苳里, 汐止區, 新北市, 221036, 臺灣"
      },
      "geometry": {
        "type": "Point",
        "coordinates": [
          121.67376529689214,
          25.06592676784434
        ]
      }
    },
    {
      "type": "Feature",
      "properties": {
        "source_row_no": 132,
        "city": "新北市",
        "normalized_city": "新北市",
        "district": "鶯歌區",
        "vendor_category_code": "6",
        "vendor_category": "物流業",
        "registration_item": "物流營業場所",
        "registration_no": "F-124916539-00002-4",
        "name": "統昶行銷鶯歌物流中心",
        "address": "新北市鶯歌區二甲路295號",
        "company_registration_name": "統昶行銷股份有限公司鶯歌分公司",
        "source_page": 4,
        "point_type": "業者點位",
        "location_method": "OpenStreetMap道路/地名定位",
        "source_count": 479,
        "geocoding_address": "新北市鶯歌區二甲路295號",
        "osm_query": "二甲路 鶯歌區 新北市",
        "osm_display_name": "二甲路, 二甲里, 鶯歌區, 二橋, 新北市, 239002, 臺灣",
        "lng": 121.33840014584158,
        "lat": 24.935539244403106
      },
      "geometry": {
        "type": "Point",
        "coordinates": [
          121.33840014584158,
          24.935539244403106
        ]
      }
    },
    {
      "type": "Feature",
      "properties": {
        "source_row_no": 133,
        "city": "新北市",
        "normalized_city": "新北市",
        "district": "蘆洲區",
        "vendor_category_code": "6",
        "vendor_category": "物流業",
        "registration_item": "物流營業場所",
        "registration_no": "F-190422776-00001-1",
        "name": "倉庫",
        "address": "新北市蘆洲區民族路422巷70弄10號",
        "company_registration_name": "協大行銷有限公司",
        "source_page": 4,
        "point_type": "業者點位",
        "location_method": "OpenStreetMap道路/地名定位",
        "source_count": 479,
        "geocoding_address": "新北市蘆洲區民族路422巷70弄10號",
        "lng": 121.4788189095096,
        "lat": 25.085779997988922,
        "osm_query": "新北市蘆洲區民族路",
        "osm_display_name": "民族路, 信義里, 蘆洲區, 新北市, 24741, 臺灣"
      },
      "geometry": {
        "type": "Point",
        "coordinates": [
          121.4788189095096,
          25.085779997988922
        ]
      }
    },
    {
      "type": "Feature",
      "properties": {
        "source_row_no": 134,
        "city": "新北市",
        "normalized_city": "新北市",
        "district": "三重區",
        "vendor_category_code": "6",
        "vendor_category": "物流業",
        "registration_item": "物流營業場所",
        "registration_no": "F-151015548-00137-3",
        "name": "嘉里大榮物流-重新所",
        "address": "新北市三重區重新路五段408巷22號",
        "company_registration_name": "嘉里大榮物流股份有限公司",
        "source_page": 4,
        "point_type": "業者點位",
        "location_method": "OpenStreetMap道路/地名定位",
        "source_count": 479,
        "geocoding_address": "新北市三重區重新路五段408巷22號",
        "lng": 121.4713172069027,
        "lat": 25.046044171437376,
        "osm_query": "新北市三重區重新路五段",
        "osm_display_name": "重新路五段, 中興里, 三重區, 頭前, 新北市, 241017, 臺灣"
      },
      "geometry": {
        "type": "Point",
        "coordinates": [
          121.4713172069027,
          25.046044171437376
        ]
      }
    },
    {
      "type": "Feature",
      "properties": {
        "source_row_no": 135,
        "city": "新北市",
        "normalized_city": "新北市",
        "district": "新店區",
        "vendor_category_code": "6",
        "vendor_category": "物流業",
        "registration_item": "物流營業場所",
        "registration_no": "F-180616921-00003-9",
        "name": "紅杉有限公司",
        "address": "新北市新店區寶高路7巷4號1樓",
        "company_registration_name": "紅杉有限公司",
        "source_page": 4,
        "point_type": "業者點位",
        "location_method": "OpenStreetMap道路/地名定位",
        "source_count": 479,
        "geocoding_address": "新北市新店區寶高路7巷4號",
        "lng": 121.55329350436716,
        "lat": 24.976830700204,
        "osm_query": "新北市新店區寶高路",
        "osm_display_name": "寶高路, 寶橋工業區, 寶福里, 新店區, 大坪林, 新北市, 116019, 臺灣"
      },
      "geometry": {
        "type": "Point",
        "coordinates": [
          121.55329350436716,
          24.976830700204
        ]
      }
    },
    {
      "type": "Feature",
      "properties": {
        "source_row_no": 136,
        "city": "新北市",
        "normalized_city": "新北市",
        "district": "板橋區",
        "vendor_category_code": "6",
        "vendor_category": "物流業",
        "registration_item": "物流營業場所",
        "registration_no": "F-200122773-00002-8",
        "name": "禾田藥局",
        "address": "新北市板橋區福安里大觀路２段２６５巷１２號（１樓）",
        "company_registration_name": "禾田藥局",
        "source_page": 4,
        "point_type": "業者點位",
        "location_method": "OpenStreetMap道路/地名定位",
        "source_count": 479,
        "geocoding_address": "新北市板橋區福安里大觀路2段265巷12號（",
        "osm_query": "新北市板橋區大觀路2段",
        "osm_display_name": "大觀路二段, 大安里, 板橋區, 歡仔園, 新北市, 220097, 臺灣",
        "lng": 121.44514731510988,
        "lat": 25.00027191410822
      },
      "geometry": {
        "type": "Point",
        "coordinates": [
          121.44514731510988,
          25.00027191410822
        ]
      }
    },
    {
      "type": "Feature",
      "properties": {
        "source_row_no": 137,
        "city": "新北市",
        "normalized_city": "新北市",
        "district": "土城區",
        "vendor_category_code": "6",
        "vendor_category": "物流業",
        "registration_item": "物流營業場所",
        "registration_no": "F-168817803-00001-5",
        "name": "公司",
        "address": "新北市土城區中華路2段123號",
        "company_registration_name": "冠萌物流有限公司",
        "source_page": 4,
        "point_type": "業者點位",
        "location_method": "OpenStreetMap道路/地名定位",
        "source_count": 479,
        "geocoding_address": "新北市土城區中華路2段123號",
        "lng": 121.43756348879288,
        "lat": 24.972036542554548,
        "osm_query": "新北市土城區中華路2段",
        "osm_display_name": "中華路二段, 員仁里, 土城區, 新北市, 236034, 臺灣"
      },
      "geometry": {
        "type": "Point",
        "coordinates": [
          121.43756348879288,
          24.972036542554548
        ]
      }
    },
    {
      "type": "Feature",
      "properties": {
        "source_row_no": 138,
        "city": "新北市",
        "normalized_city": "新北市",
        "district": "淡水區",
        "vendor_category_code": "6",
        "vendor_category": "物流業",
        "registration_item": "物流營業場所",
        "registration_no": "F-100210993-00001-8",
        "name": "梁社翰",
        "address": "新北市淡水區中正東路二段27號18樓",
        "company_registration_name": "品安冷鏈物流有限公司",
        "source_page": 4,
        "point_type": "業者點位",
        "location_method": "OpenStreetMap道路/地名定位",
        "source_count": 479,
        "geocoding_address": "新北市淡水區中正東路二段27號",
        "lng": 121.45957351062032,
        "lat": 25.14525197933942,
        "osm_query": "新北市淡水區中正東路二段",
        "osm_display_name": "中正東路二段, 八勢里, 淡水區, 竹圍, 新北市, 25159, 臺灣"
      },
      "geometry": {
        "type": "Point",
        "coordinates": [
          121.45957351062032,
          25.14525197933942
        ]
      }
    },
    {
      "type": "Feature",
      "properties": {
        "source_row_no": 139,
        "city": "新北市",
        "normalized_city": "新北市",
        "district": "中和區",
        "vendor_category_code": "6",
        "vendor_category": "物流業",
        "registration_item": "物流營業場所",
        "registration_no": "F-129487353-00001-5",
        "name": "承泰起重行泰起重行",
        "address": "新北市中和區景新街２６７之４號５樓",
        "company_registration_name": "承泰起重行",
        "source_page": 4,
        "point_type": "業者點位",
        "location_method": "OpenStreetMap道路/地名定位",
        "source_count": 479,
        "geocoding_address": "新北市中和區景新街２６７之４號",
        "lng": 121.50458764119057,
        "lat": 24.998629733504803,
        "osm_query": "新北市中和區景新街",
        "osm_display_name": "景新街, 漳和里, 中和區, 枋寮, 新北市, 235068, 臺灣"
      },
      "geometry": {
        "type": "Point",
        "coordinates": [
          121.50458764119057,
          24.998629733504803
        ]
      }
    },
    {
      "type": "Feature",
      "properties": {
        "source_row_no": 140,
        "city": "新北市",
        "normalized_city": "新北市",
        "district": "新店區",
        "vendor_category_code": "6",
        "vendor_category": "物流業",
        "registration_item": "物流營業場所",
        "registration_no": "F-170762591-00976-2",
        "name": "永和營業所",
        "address": "新北市新店區中正路501-9號",
        "company_registration_name": "統一速達股份有限公司",
        "source_page": 4,
        "point_type": "業者點位",
        "location_method": "OpenStreetMap道路/地名定位",
        "source_count": 479,
        "geocoding_address": "新北市新店區中正路501-9號",
        "lng": 121.5331614583359,
        "lat": 24.991750738838853,
        "osm_query": "新北市新店區中正路",
        "osm_display_name": "中正路, 忠孝里, 新店區, 秀朗, 新北市, 11671, 臺灣"
      },
      "geometry": {
        "type": "Point",
        "coordinates": [
          121.5331614583359,
          24.991750738838853
        ]
      }
    },
    {
      "type": "Feature",
      "properties": {
        "source_row_no": 141,
        "city": "新北市",
        "normalized_city": "新北市",
        "district": "新店區",
        "vendor_category_code": "6",
        "vendor_category": "物流業",
        "registration_item": "物流營業場所",
        "registration_no": "F-200140481-00002-4",
        "name": "伸達二倉",
        "address": "新北市新店區安康路一段258之1號",
        "company_registration_name": "伸達永耀物流有限公司",
        "source_page": 4,
        "point_type": "業者點位",
        "location_method": "OpenStreetMap道路/地名定位",
        "source_count": 479,
        "geocoding_address": "新北市新店區安康路一段258之1號",
        "lng": 121.52595012682822,
        "lat": 24.96278621915085,
        "osm_query": "新北市新店區安康路一段",
        "osm_display_name": "安康路一段, 下城里, 新店區, 大坪林, 新北市, 231069, 臺灣"
      },
      "geometry": {
        "type": "Point",
        "coordinates": [
          121.52595012682822,
          24.96278621915085
        ]
      }
    },
    {
      "type": "Feature",
      "properties": {
        "source_row_no": 142,
        "city": "新北市",
        "normalized_city": "新北市",
        "district": "板橋區",
        "vendor_category_code": "6",
        "vendor_category": "物流業",
        "registration_item": "物流營業場所",
        "registration_no": "F-150851048-00001-5",
        "name": "威廣騰物流有限公司",
        "address": "新北市板橋區大觀路1段38巷156弄4號",
        "company_registration_name": "威廣騰物流有限公司",
        "source_page": 4,
        "point_type": "業者點位",
        "location_method": "OpenStreetMap道路/地名定位",
        "source_count": 479,
        "geocoding_address": "新北市板橋區大觀路1段38巷156弄4號",
        "lng": 121.4474225227069,
        "lat": 25.004929400387617,
        "osm_query": "新北市板橋區大觀路1段",
        "osm_display_name": "大觀路一段, 浮洲里, 板橋區, 歡仔園, 新北市, 22025, 臺灣"
      },
      "geometry": {
        "type": "Point",
        "coordinates": [
          121.4474225227069,
          25.004929400387617
        ]
      }
    },
    {
      "type": "Feature",
      "properties": {
        "source_row_no": 143,
        "city": "新北市",
        "normalized_city": "新北市",
        "district": "蘆洲區",
        "vendor_category_code": "6",
        "vendor_category": "物流業",
        "registration_item": "物流營業場所",
        "registration_no": "F-117634627-00001-0",
        "name": "天運企業社",
        "address": "新北市蘆洲區永樂街38巷45弄19號5樓",
        "company_registration_name": "天運企業社",
        "source_page": 4,
        "point_type": "業者點位",
        "location_method": "OpenStreetMap道路/地名定位",
        "source_count": 479,
        "geocoding_address": "新北市蘆洲區永樂街38巷45弄19號",
        "lng": 121.45655987334608,
        "lat": 25.088424210216093,
        "osm_query": "新北市蘆洲區永樂街",
        "osm_display_name": "永樂街, 永樂里, 蘆洲區, 新北市, 24761, 臺灣"
      },
      "geometry": {
        "type": "Point",
        "coordinates": [
          121.45655987334608,
          25.088424210216093
        ]
      }
    },
    {
      "type": "Feature",
      "properties": {
        "source_row_no": 144,
        "city": "新北市",
        "normalized_city": "新北市",
        "district": "五股區",
        "vendor_category_code": "6",
        "vendor_category": "物流業",
        "registration_item": "物流營業場所",
        "registration_no": "F-150870381-00001-6",
        "name": "倉庫",
        "address": "新北市五股區新城八路五號一樓",
        "company_registration_name": "允時國際有限公司",
        "source_page": 4,
        "point_type": "業者點位",
        "location_method": "OpenStreetMap道路/地名定位",
        "source_count": 479,
        "geocoding_address": "新北市五股區新城八路五號一樓",
        "lng": 121.44510970191905,
        "lat": 25.089964961037854,
        "osm_query": "新北市五股區新城八路",
        "osm_display_name": "新城八路, 洲子洋重劃區, 成泰里, 五股區, 新北市, 248017, 臺灣"
      },
      "geometry": {
        "type": "Point",
        "coordinates": [
          121.44510970191905,
          25.089964961037854
        ]
      }
    },
    {
      "type": "Feature",
      "properties": {
        "source_row_no": 145,
        "city": "新北市",
        "normalized_city": "新北市",
        "district": "新店區",
        "vendor_category_code": "6",
        "vendor_category": "物流業",
        "registration_item": "物流營業場所",
        "registration_no": "F-200152387-00001-1",
        "name": "伸達二倉",
        "address": "新北市新店區安康路一段258之1號",
        "company_registration_name": "伸達永騰物流有限公司",
        "source_page": 4,
        "point_type": "業者點位",
        "location_method": "OpenStreetMap道路/地名定位",
        "source_count": 479,
        "geocoding_address": "新北市新店區安康路一段258之1號",
        "lng": 121.52601443110422,
        "lat": 24.962708855070698,
        "osm_query": "新北市新店區安康路一段",
        "osm_display_name": "安康路一段, 下城里, 新店區, 大坪林, 新北市, 231069, 臺灣"
      },
      "geometry": {
        "type": "Point",
        "coordinates": [
          121.52601443110422,
          24.962708855070698
        ]
      }
    },
    {
      "type": "Feature",
      "properties": {
        "source_row_no": 146,
        "city": "新北市",
        "normalized_city": "新北市",
        "district": "五股區",
        "vendor_category_code": "6",
        "vendor_category": "物流業",
        "registration_item": "物流營業場所",
        "registration_no": "F-202315710-00001-4",
        "name": "大慶商行",
        "address": "新北市五股區民義路一段220巷7之9號",
        "company_registration_name": "大慶商行",
        "source_page": 4,
        "point_type": "業者點位",
        "location_method": "OpenStreetMap道路/地名定位",
        "source_count": 479,
        "geocoding_address": "新北市五股區民義路一段220巷7之9號",
        "lng": 121.43360358488911,
        "lat": 25.08653569800415,
        "osm_query": "新北市五股區民義路一段",
        "osm_display_name": "民義路一段, 民義里, 五股區, 新北市, 24870, 臺灣"
      },
      "geometry": {
        "type": "Point",
        "coordinates": [
          121.43360358488911,
          25.08653569800415
        ]
      }
    },
    {
      "type": "Feature",
      "properties": {
        "source_row_no": 147,
        "city": "新北市",
        "normalized_city": "新北市",
        "district": "板橋區",
        "vendor_category_code": "6",
        "vendor_category": "物流業",
        "registration_item": "物流營業場所",
        "registration_no": "F-278960264-00001-7",
        "name": "吉興蔬果行",
        "address": "新北市板橋區文化路２段５９０之１號",
        "company_registration_name": "吉興蔬果行",
        "source_page": 4,
        "point_type": "業者點位",
        "location_method": "OpenStreetMap道路/地名定位",
        "source_count": 479,
        "geocoding_address": "新北市板橋區文化路２段５９０之１號",
        "lng": 121.46266735553465,
        "lat": 25.015140788798902,
        "osm_query": "新北市板橋區文化路",
        "osm_display_name": "文化路公車專用道, 新民里, 板橋區, 新板特區, 新北市, 22050, 臺灣"
      },
      "geometry": {
        "type": "Point",
        "coordinates": [
          121.46266735553465,
          25.015140788798902
        ]
      }
    },
    {
      "type": "Feature",
      "properties": {
        "source_row_no": 148,
        "city": "新北市",
        "normalized_city": "新北市",
        "district": "板橋區",
        "vendor_category_code": "6",
        "vendor_category": "物流業",
        "registration_item": "物流營業場所",
        "registration_no": "F-170762591-00980-7",
        "name": "板城營業所",
        "address": "新北市板橋區干城路158號1樓",
        "company_registration_name": "統一速達股份有限公司",
        "source_page": 4,
        "point_type": "業者點位",
        "location_method": "OpenStreetMap道路/地名定位",
        "source_count": 479,
        "geocoding_address": "新北市板橋區干城路158號",
        "lng": 121.45997724473051,
        "lat": 24.993070436701068,
        "osm_query": "新北市板橋區干城路",
        "osm_display_name": "干城路, 廣福里, 板橋區, 清水, 新北市, 236013, 臺灣"
      },
      "geometry": {
        "type": "Point",
        "coordinates": [
          121.45997724473051,
          24.993070436701068
        ]
      }
    },
    {
      "type": "Feature",
      "properties": {
        "source_row_no": 149,
        "city": "新北市",
        "normalized_city": "新北市",
        "district": "新店區",
        "vendor_category_code": "6",
        "vendor_category": "物流業",
        "registration_item": "物流營業場所",
        "registration_no": "F-200186659-00001-0",
        "name": "伸達物流",
        "address": "新北市新店區安康路一段258-1號",
        "company_registration_name": "伸達永瀚物流有限公司",
        "source_page": 4,
        "point_type": "業者點位",
        "location_method": "OpenStreetMap道路/地名定位",
        "source_count": 479,
        "geocoding_address": "新北市新店區安康路一段258-1號",
        "lng": 121.52563343353405,
        "lat": 24.962920570923327,
        "osm_query": "新北市新店區安康路一段",
        "osm_display_name": "安康路一段, 下城里, 新店區, 大坪林, 新北市, 231069, 臺灣"
      },
      "geometry": {
        "type": "Point",
        "coordinates": [
          121.52563343353405,
          24.962920570923327
        ]
      }
    },
    {
      "type": "Feature",
      "properties": {
        "source_row_no": 150,
        "city": "新北市",
        "normalized_city": "新北市",
        "district": "三重區",
        "vendor_category_code": "6",
        "vendor_category": "物流業",
        "registration_item": "物流營業場所",
        "registration_no": "F-189888509-00004-2",
        "name": "億鄉有限公司",
        "address": "新北市三重區中興北街136巷22號1樓",
        "company_registration_name": "億鄉有限公司",
        "source_page": 4,
        "point_type": "業者點位",
        "location_method": "OpenStreetMap道路/地名定位",
        "source_count": 479,
        "geocoding_address": "新北市三重區中興北街136巷22號",
        "lng": 121.46900609335175,
        "lat": 25.06039852870172,
        "osm_query": "新北市三重區中興北街",
        "osm_display_name": "中興北街, 頂崁工業區, 頂崁里, 三重區, 頭前, 新北市, 241021, 臺灣"
      },
      "geometry": {
        "type": "Point",
        "coordinates": [
          121.46900609335175,
          25.06039852870172
        ]
      }
    },
    {
      "type": "Feature",
      "properties": {
        "source_row_no": 151,
        "city": "新北市",
        "normalized_city": "新北市",
        "district": "泰山區",
        "vendor_category_code": "6",
        "vendor_category": "物流業",
        "registration_item": "物流營業場所",
        "registration_no": "F-186503902-00001-7",
        "name": "龍鼎食品",
        "address": "新北市泰山區楓江路46巷81-2號",
        "company_registration_name": "龍鼎食品股份有限公司",
        "source_page": 4,
        "point_type": "業者點位",
        "location_method": "OpenStreetMap道路/地名定位",
        "source_count": 479,
        "geocoding_address": "新北市泰山區楓江路46巷81-2號",
        "lng": 121.43931880024273,
        "lat": 25.064849787472234,
        "osm_query": "新北市泰山區楓江路",
        "osm_display_name": "楓江路, 楓樹里, 泰山區, 中港厝, 新北市, 24869, 臺灣"
      },
      "geometry": {
        "type": "Point",
        "coordinates": [
          121.43931880024273,
          25.064849787472234
        ]
      }
    },
    {
      "type": "Feature",
      "properties": {
        "source_row_no": 152,
        "city": "新北市",
        "normalized_city": "新北市",
        "district": "汐止區",
        "vendor_category_code": "6",
        "vendor_category": "物流業",
        "registration_item": "物流營業場所",
        "registration_no": "F-184451675-00001-4",
        "name": "青峯運輸股份有限公司",
        "address": "新北市汐止區民權街2段48號5樓",
        "company_registration_name": "青峯運輸股份有限公司",
        "source_page": 4,
        "point_type": "業者點位",
        "location_method": "OpenStreetMap道路/地名定位",
        "source_count": 479,
        "geocoding_address": "新北市汐止區民權街2段48號",
        "lng": 121.61837853562888,
        "lat": 25.04770444098523,
        "osm_query": "新北市汐止區民權街2段",
        "osm_display_name": "白雲國小, 90, 民權街二段, 福山里, 汐止區, 橫科, 新北市, 11564, 臺灣"
      },
      "geometry": {
        "type": "Point",
        "coordinates": [
          121.61837853562888,
          25.04770444098523
        ]
      }
    },
    {
      "type": "Feature",
      "properties": {
        "source_row_no": 153,
        "city": "新北市",
        "normalized_city": "新北市",
        "district": "板橋區",
        "vendor_category_code": "6",
        "vendor_category": "物流業",
        "registration_item": "物流營業場所",
        "registration_no": "F-150883175-00011-2",
        "name": "北區2所",
        "address": "新北市板橋區大觀路一段28巷118-2號",
        "company_registration_name": "網家速配股份有限公司",
        "source_page": 4,
        "point_type": "業者點位",
        "location_method": "OpenStreetMap道路/地名定位",
        "source_count": 479,
        "geocoding_address": "新北市板橋區大觀路一段28巷118-2號",
        "lng": 121.44740126294509,
        "lat": 25.004796325666216,
        "osm_query": "新北市板橋區大觀路一段",
        "osm_display_name": "大觀路一段, 浮洲里, 板橋區, 歡仔園, 新北市, 22025, 臺灣"
      },
      "geometry": {
        "type": "Point",
        "coordinates": [
          121.44740126294509,
          25.004796325666216
        ]
      }
    },
    {
      "type": "Feature",
      "properties": {
        "source_row_no": 154,
        "city": "新北市",
        "normalized_city": "新北市",
        "district": "瑞芳區",
        "vendor_category_code": "6",
        "vendor_category": "物流業",
        "registration_item": "物流營業場所",
        "registration_no": "F-123525865-00005-4",
        "name": "瑞芳倉庫",
        "address": "新北市瑞芳區新北市瑞芳區楓仔瀨路1巷12號",
        "company_registration_name": "台灣住倉股份有限公司",
        "source_page": 4,
        "point_type": "業者點位",
        "location_method": "OpenStreetMap道路/地名定位",
        "source_count": 479,
        "geocoding_address": "新北市瑞芳區新北市瑞芳區楓仔瀨路1巷12號",
        "lng": 121.77219068152375,
        "lat": 25.106908541493418,
        "osm_query": "新北市瑞芳區新北市瑞芳區楓仔瀨路",
        "osm_display_name": "楓仔瀨路, 上天里, 瑞芳區, 四腳亭, 新北市, 22445, 臺灣"
      },
      "geometry": {
        "type": "Point",
        "coordinates": [
          121.77219068152375,
          25.106908541493418
        ]
      }
    },
    {
      "type": "Feature",
      "properties": {
        "source_row_no": 155,
        "city": "新北市",
        "normalized_city": "新北市",
        "district": "新莊區",
        "vendor_category_code": "6",
        "vendor_category": "物流業",
        "registration_item": "物流營業場所",
        "registration_no": "F-190748703-00001-2",
        "name": "辦公室",
        "address": "新北市新莊區新泰路227號3樓之1",
        "company_registration_name": "旭航國際有限公司",
        "source_page": 4,
        "point_type": "業者點位",
        "location_method": "OpenStreetMap道路/地名定位",
        "source_count": 479,
        "geocoding_address": "新北市新莊區新泰路227號",
        "lng": 121.44640712265007,
        "lat": 25.03912480991458,
        "osm_query": "新北市新莊區新泰路",
        "osm_display_name": "新泰路, 立言里, 新莊區, 新庄(海山口), 新北市, 242005, 臺灣"
      },
      "geometry": {
        "type": "Point",
        "coordinates": [
          121.44640712265007,
          25.03912480991458
        ]
      }
    },
    {
      "type": "Feature",
      "properties": {
        "source_row_no": 156,
        "city": "新北市",
        "normalized_city": "新北市",
        "district": "中和區",
        "vendor_category_code": "6",
        "vendor_category": "物流業",
        "registration_item": "物流營業場所",
        "registration_no": "F-130303662-00001-7",
        "name": "承高起重行",
        "address": "新北市中和區景新街267之4號",
        "company_registration_name": "承高起重行",
        "source_page": 4,
        "point_type": "業者點位",
        "location_method": "OpenStreetMap道路/地名定位",
        "source_count": 479,
        "geocoding_address": "新北市中和區景新街267之4號",
        "lng": 121.50462999438602,
        "lat": 24.99897022806385,
        "osm_query": "新北市中和區景新街",
        "osm_display_name": "景新街, 漳和里, 中和區, 枋寮, 新北市, 235068, 臺灣"
      },
      "geometry": {
        "type": "Point",
        "coordinates": [
          121.50462999438602,
          24.99897022806385
        ]
      }
    },
    {
      "type": "Feature",
      "properties": {
        "source_row_no": 157,
        "city": "新北市",
        "normalized_city": "新北市",
        "district": "中和區",
        "vendor_category_code": "6",
        "vendor_category": "物流業",
        "registration_item": "物流營業場所",
        "registration_no": "F-150883175-00005-5",
        "name": "北區六所",
        "address": "新北市中和區圓通路435巷3-15號",
        "company_registration_name": "網家速配股份有限公司",
        "source_page": 4,
        "point_type": "業者點位",
        "location_method": "OpenStreetMap道路/地名定位",
        "source_count": 479,
        "geocoding_address": "新北市中和區圓通路435巷3-15號",
        "lng": 121.50088141639053,
        "lat": 24.997893653209246,
        "osm_query": "新北市中和區圓通路",
        "osm_display_name": "圓通路, 新南里, 中和區, 枋寮, 新北市, 235, 臺灣"
      },
      "geometry": {
        "type": "Point",
        "coordinates": [
          121.50088141639053,
          24.997893653209246
        ]
      }
    },
    {
      "type": "Feature",
      "properties": {
        "source_row_no": 158,
        "city": "新北市",
        "normalized_city": "新北市",
        "district": "樹林區",
        "vendor_category_code": "6",
        "vendor_category": "物流業",
        "registration_item": "物流營業場所",
        "registration_no": "F-128536882-00001-6",
        "name": "世大交通有限公司",
        "address": "新北市樹林區俊英街116巷41弄9號5樓",
        "company_registration_name": "世大交通有限公司",
        "source_page": 4,
        "point_type": "業者點位",
        "location_method": "OpenStreetMap道路/地名定位",
        "source_count": 479,
        "geocoding_address": "新北市樹林區俊英街116巷41弄9號",
        "lng": 121.42608357842812,
        "lat": 25.008146644819025,
        "osm_query": "新北市樹林區俊英街",
        "osm_display_name": "俊英街, 圳安里, 樹林區, 三角埔, 新北市, 23878, 臺灣"
      },
      "geometry": {
        "type": "Point",
        "coordinates": [
          121.42608357842812,
          25.008146644819025
        ]
      }
    },
    {
      "type": "Feature",
      "properties": {
        "source_row_no": 159,
        "city": "新北市",
        "normalized_city": "新北市",
        "district": "泰山區",
        "vendor_category_code": "6",
        "vendor_category": "物流業",
        "registration_item": "物流營業場所",
        "registration_no": "F-189328979-00001-9",
        "name": "龍鼎食品",
        "address": "新北市泰山區楓江路46巷81-2號",
        "company_registration_name": "達輝食品有限公司",
        "source_page": 4,
        "point_type": "業者點位",
        "location_method": "OpenStreetMap道路/地名定位",
        "source_count": 479,
        "geocoding_address": "新北市泰山區楓江路46巷81-2號",
        "lng": 121.43923924951777,
        "lat": 25.064667517865303,
        "osm_query": "新北市泰山區楓江路",
        "osm_display_name": "楓江路, 楓樹里, 泰山區, 中港厝, 新北市, 24869, 臺灣"
      },
      "geometry": {
        "type": "Point",
        "coordinates": [
          121.43923924951777,
          25.064667517865303
        ]
      }
    },
    {
      "type": "Feature",
      "properties": {
        "source_row_no": 160,
        "city": "新北市",
        "normalized_city": "新北市",
        "district": "林口區",
        "vendor_category_code": "6",
        "vendor_category": "物流業",
        "registration_item": "物流營業場所",
        "registration_no": "F-189713706-00002-6",
        "name": "金台北",
        "address": "新北市林口區南勢里2鄰77-36號",
        "company_registration_name": "陽業有限公司",
        "source_page": 4,
        "point_type": "業者點位",
        "location_method": "OpenStreetMap道路/地名定位",
        "source_count": 479,
        "geocoding_address": "新北市林口區南勢里77-36號",
        "lng": 121.3635865867284,
        "lat": 25.072950404249536,
        "osm_query": "新北市林口區南勢",
        "osm_display_name": "南勢, 林口區, 新北市, 24448, 臺灣"
      },
      "geometry": {
        "type": "Point",
        "coordinates": [
          121.3635865867284,
          25.072950404249536
        ]
      }
    },
    {
      "type": "Feature",
      "properties": {
        "source_row_no": 161,
        "city": "新北市",
        "normalized_city": "新北市",
        "district": "汐止區",
        "vendor_category_code": "6",
        "vendor_category": "物流業",
        "registration_item": "物流營業場所",
        "registration_no": "F-116860883-00001-4",
        "name": "鼎順貨運",
        "address": "新北市汐止區新台五路二段91號2樓之3",
        "company_registration_name": "鼎紘交通有限公司",
        "source_page": 5,
        "point_type": "業者點位",
        "location_method": "OpenStreetMap道路/地名定位",
        "source_count": 479,
        "geocoding_address": "新北市汐止區新台五路二段91號",
        "lng": 121.67591085521379,
        "lat": 25.066332917370346,
        "osm_query": "新北市汐止區新台五路二段",
        "osm_display_name": "新台五路二段, 茄苳里, 汐止區, 新北市, 221036, 臺灣"
      },
      "geometry": {
        "type": "Point",
        "coordinates": [
          121.67591085521379,
          25.066332917370346
        ]
      }
    },
    {
      "type": "Feature",
      "properties": {
        "source_row_no": 162,
        "city": "新北市",
        "normalized_city": "新北市",
        "district": "三峽區",
        "vendor_category_code": "6",
        "vendor_category": "物流業",
        "registration_item": "物流營業場所",
        "registration_no": "F-202324969-00002-1",
        "name": "名家食品",
        "address": "新北市三峽區永安街87號（1樓）",
        "company_registration_name": "名家食材有限公司",
        "source_page": 5,
        "point_type": "業者點位",
        "location_method": "OpenStreetMap道路/地名定位",
        "source_count": 479,
        "geocoding_address": "新北市三峽區永安街87號（",
        "lng": 121.37371758026867,
        "lat": 24.928144366033646,
        "osm_query": "新北市三峽區永安街",
        "osm_display_name": "永安街, 中正里, 三峽區, 新北市, 237016, 臺灣"
      },
      "geometry": {
        "type": "Point",
        "coordinates": [
          121.37371758026867,
          24.928144366033646
        ]
      }
    },
    {
      "type": "Feature",
      "properties": {
        "source_row_no": 163,
        "city": "新北市",
        "normalized_city": "新北市",
        "district": "五股區",
        "vendor_category_code": "6",
        "vendor_category": "物流業",
        "registration_item": "物流營業場所",
        "registration_no": "F-183210869-00001-1",
        "name": "巴洛克零玖國際有限公司",
        "address": "新北市五股區五工三路101號(3樓)",
        "company_registration_name": "巴洛克零玖國際有限公司",
        "source_page": 5,
        "point_type": "業者點位",
        "location_method": "OpenStreetMap道路/地名定位",
        "source_count": 479,
        "geocoding_address": "新北市五股區五工三路101號(",
        "osm_query": "五工三路 五股區 新北市",
        "osm_display_name": "五工三路, 新北產業園區, 興珍里, 五股區, 新北市, 24888, 臺灣",
        "lng": 121.45606481959554,
        "lat": 25.06738765572456
      },
      "geometry": {
        "type": "Point",
        "coordinates": [
          121.45606481959554,
          25.06738765572456
        ]
      }
    },
    {
      "type": "Feature",
      "properties": {
        "source_row_no": 164,
        "city": "新北市",
        "normalized_city": "新北市",
        "district": "新店區",
        "vendor_category_code": "6",
        "vendor_category": "物流業",
        "registration_item": "物流營業場所",
        "registration_no": "F-189791195-00001-3",
        "name": "辦公室",
        "address": "新北市新店區中央四街109號",
        "company_registration_name": "安志有限公司",
        "source_page": 5,
        "point_type": "業者點位",
        "location_method": "OpenStreetMap道路/地名定位",
        "source_count": 479,
        "geocoding_address": "新北市新店區中央四街109號",
        "lng": 121.52771961504698,
        "lat": 24.9753419316575,
        "osm_query": "新北市新店區中央四街",
        "osm_display_name": "中央四街, 中央里, 新店區, 大坪林, 新北市, 23150, 臺灣"
      },
      "geometry": {
        "type": "Point",
        "coordinates": [
          121.52771961504698,
          24.9753419316575
        ]
      }
    },
    {
      "type": "Feature",
      "properties": {
        "source_row_no": 165,
        "city": "新北市",
        "normalized_city": "新北市",
        "district": "新店區",
        "vendor_category_code": "6",
        "vendor_category": "物流業",
        "registration_item": "物流營業場所",
        "registration_no": "F-202324556-00001-2",
        "name": "鬆餅庭園",
        "address": "新北市新店區新潭路二段62巷31號",
        "company_registration_name": "來鬆一下",
        "source_page": 5,
        "point_type": "業者點位",
        "location_method": "OpenStreetMap道路/地名定位",
        "source_count": 479,
        "geocoding_address": "新北市新店區新潭路二段62巷31號",
        "lng": 121.51292288655043,
        "lat": 24.962572160718718,
        "osm_query": "新北市新店區新潭路二段",
        "osm_display_name": "新北市安康市場, 安康路二段, 公崙里, 新店區, 新北市, 23159, 臺灣"
      },
      "geometry": {
        "type": "Point",
        "coordinates": [
          121.51292288655043,
          24.962572160718718
        ]
      }
    },
    {
      "type": "Feature",
      "properties": {
        "source_row_no": 166,
        "city": "新北市",
        "normalized_city": "新北市",
        "district": "新店區",
        "vendor_category_code": "6",
        "vendor_category": "物流業",
        "registration_item": "物流營業場所",
        "registration_no": "F-170762591-00806-4",
        "name": "文山二營業所",
        "address": "新北市新店區寶中路95號",
        "company_registration_name": "統一速達股份有限公司",
        "source_page": 5,
        "point_type": "業者點位",
        "location_method": "OpenStreetMap道路/地名定位",
        "source_count": 479,
        "geocoding_address": "新北市新店區寶中路95號",
        "lng": 121.5464902810565,
        "lat": 24.980239035758256,
        "osm_query": "新北市新店區寶中路",
        "osm_display_name": "寶中路, 寶興里, 新店區, 大坪林, 新北市, 231029, 臺灣"
      },
      "geometry": {
        "type": "Point",
        "coordinates": [
          121.5464902810565,
          24.980239035758256
        ]
      }
    },
    {
      "type": "Feature",
      "properties": {
        "source_row_no": 167,
        "city": "新北市",
        "normalized_city": "新北市",
        "district": "五股區",
        "vendor_category_code": "6",
        "vendor_category": "物流業",
        "registration_item": "物流營業場所",
        "registration_no": "F-116834909-00024-9",
        "name": "五股鮮食物流中心",
        "address": "新北市五股區新城一路165號",
        "company_registration_name": "統昶行銷股份有限公司",
        "source_page": 5,
        "point_type": "業者點位",
        "location_method": "OpenStreetMap道路/地名定位",
        "source_count": 479,
        "geocoding_address": "新北市五股區新城一路165號",
        "lng": 121.4422939112225,
        "lat": 25.086294363550472,
        "osm_query": "新北市五股區新城一路",
        "osm_display_name": "新城一路, 洲子洋重劃區, 成泰里, 五股區, 新北市, 248017, 臺灣"
      },
      "geometry": {
        "type": "Point",
        "coordinates": [
          121.4422939112225,
          25.086294363550472
        ]
      }
    },
    {
      "type": "Feature",
      "properties": {
        "source_row_no": 168,
        "city": "新北市",
        "normalized_city": "新北市",
        "district": "三重區",
        "vendor_category_code": "6",
        "vendor_category": "物流業",
        "registration_item": "物流營業場所",
        "registration_no": "F-153182269-00001-0",
        "name": "車場",
        "address": "新北市三重區自強路3段46號4樓",
        "company_registration_name": "和萬通運有限公司",
        "source_page": 5,
        "point_type": "業者點位",
        "location_method": "OpenStreetMap道路/地名定位",
        "source_count": 479,
        "geocoding_address": "新北市三重區自強路3段46號",
        "lng": 121.48782941401561,
        "lat": 25.075116383967142,
        "osm_query": "新北市三重區自強路3段",
        "osm_display_name": "自強路三段, 永吉里, 三重區, 新北市, 241061, 臺灣"
      },
      "geometry": {
        "type": "Point",
        "coordinates": [
          121.48782941401561,
          25.075116383967142
        ]
      }
    },
    {
      "type": "Feature",
      "properties": {
        "source_row_no": 169,
        "city": "新北市",
        "normalized_city": "新北市",
        "district": "五股區",
        "vendor_category_code": "6",
        "vendor_category": "物流業",
        "registration_item": "物流營業場所",
        "registration_no": "F-170762591-00963-8",
        "name": "五股營業所",
        "address": "新北市五股區新城一路171號",
        "company_registration_name": "統一速達股份有限公司",
        "source_page": 5,
        "point_type": "業者點位",
        "location_method": "OpenStreetMap道路/地名定位",
        "source_count": 479,
        "geocoding_address": "新北市五股區新城一路171號",
        "lng": 121.44240732254708,
        "lat": 25.08657094980334,
        "osm_query": "新北市五股區新城一路",
        "osm_display_name": "新城一路, 洲子洋重劃區, 成泰里, 五股區, 新北市, 248017, 臺灣"
      },
      "geometry": {
        "type": "Point",
        "coordinates": [
          121.44240732254708,
          25.08657094980334
        ]
      }
    },
    {
      "type": "Feature",
      "properties": {
        "source_row_no": 170,
        "city": "新北市",
        "normalized_city": "新北市",
        "district": "林口區",
        "vendor_category_code": "6",
        "vendor_category": "物流業",
        "registration_item": "物流營業場所",
        "registration_no": "F-154042891-00002-8",
        "name": "鼎宸開發有限公司",
        "address": "新北市林口區南勢里76-8號附一",
        "company_registration_name": "鼎宸開發有限公司",
        "source_page": 5,
        "point_type": "業者點位",
        "location_method": "OpenStreetMap道路/地名定位",
        "source_count": 479,
        "geocoding_address": "新北市林口區南勢里76-8號附一",
        "lng": 121.36371955855633,
        "lat": 25.0732828547943,
        "osm_query": "新北市林口區南勢",
        "osm_display_name": "南勢, 林口區, 新北市, 24448, 臺灣"
      },
      "geometry": {
        "type": "Point",
        "coordinates": [
          121.36371955855633,
          25.0732828547943
        ]
      }
    },
    {
      "type": "Feature",
      "properties": {
        "source_row_no": 171,
        "city": "新北市",
        "normalized_city": "新北市",
        "district": "土城區",
        "vendor_category_code": "6",
        "vendor_category": "物流業",
        "registration_item": "物流營業場所",
        "registration_no": "F-200246523-00002-8",
        "name": "添大興菸酒商行",
        "address": "新北市土城區永豐路135巷5之1號",
        "company_registration_name": "添大興菸酒商行",
        "source_page": 5,
        "point_type": "業者點位",
        "location_method": "OpenStreetMap道路/地名定位",
        "source_count": 479,
        "geocoding_address": "新北市土城區永豐路135巷5之1號",
        "lng": 121.46187078155042,
        "lat": 24.988385040811487,
        "osm_query": "新北市土城區永豐路",
        "osm_display_name": "永豐路, 清溪里, 土城區, 清水, 新北市, 236013, 臺灣"
      },
      "geometry": {
        "type": "Point",
        "coordinates": [
          121.46187078155042,
          24.988385040811487
        ]
      }
    },
    {
      "type": "Feature",
      "properties": {
        "source_row_no": 172,
        "city": "新北市",
        "normalized_city": "新北市",
        "district": "新莊區",
        "vendor_category_code": "6",
        "vendor_category": "物流業",
        "registration_item": "物流營業場所",
        "registration_no": "F-190229033-00002-3",
        "name": "邵諺有限公司",
        "address": "新北市新莊區中原路516號2樓",
        "company_registration_name": "邵諺有限公司",
        "source_page": 5,
        "point_type": "業者點位",
        "location_method": "OpenStreetMap道路/地名定位",
        "source_count": 479,
        "geocoding_address": "新北市新莊區中原路516號",
        "lng": 121.44634279551286,
        "lat": 25.054599618693956,
        "osm_query": "新北市新莊區中原路",
        "osm_display_name": "中原路, 中原里, 新莊區, 中港厝, 新北市, 242030, 臺灣"
      },
      "geometry": {
        "type": "Point",
        "coordinates": [
          121.44634279551286,
          25.054599618693956
        ]
      }
    },
    {
      "type": "Feature",
      "properties": {
        "source_row_no": 173,
        "city": "新北市",
        "normalized_city": "新北市",
        "district": "鶯歌區",
        "vendor_category_code": "6",
        "vendor_category": "物流業",
        "registration_item": "物流營業場所",
        "registration_no": "F-183746666-00002-1",
        "name": "佑昌企業有限公司",
        "address": "新北市鶯歌區國中街203號",
        "company_registration_name": "佑昌企業有限公司",
        "source_page": 5,
        "point_type": "業者點位",
        "location_method": "OpenStreetMap道路/地名定位",
        "source_count": 479,
        "geocoding_address": "新北市鶯歌區國中街203號",
        "lng": 121.34105296865006,
        "lat": 24.941348130079678,
        "osm_query": "新北市鶯歌區國中街",
        "osm_display_name": "國中高職東街口, 國中路, 尖山里, 鶯歌區, 二橋, 新北市, 239002, 臺灣"
      },
      "geometry": {
        "type": "Point",
        "coordinates": [
          121.34105296865006,
          24.941348130079678
        ]
      }
    },
    {
      "type": "Feature",
      "properties": {
        "source_row_no": 174,
        "city": "新北市",
        "normalized_city": "新北市",
        "district": "三重區",
        "vendor_category_code": "6",
        "vendor_category": "物流業",
        "registration_item": "物流營業場所",
        "registration_no": "F-189888509-00004-2",
        "name": "億鄉有限公司",
        "address": "新北市三重區中興北街136巷22號1樓",
        "company_registration_name": "億鄉有限公司",
        "source_page": 5,
        "point_type": "業者點位",
        "location_method": "OpenStreetMap道路/地名定位",
        "source_count": 479,
        "geocoding_address": "新北市三重區中興北街136巷22號",
        "lng": 121.46931309745831,
        "lat": 25.060623488099004,
        "osm_query": "新北市三重區中興北街",
        "osm_display_name": "中興北街, 頂崁工業區, 頂崁里, 三重區, 頭前, 新北市, 241021, 臺灣"
      },
      "geometry": {
        "type": "Point",
        "coordinates": [
          121.46931309745831,
          25.060623488099004
        ]
      }
    },
    {
      "type": "Feature",
      "properties": {
        "source_row_no": 175,
        "city": "新北市",
        "normalized_city": "新北市",
        "district": "土城區",
        "vendor_category_code": "6",
        "vendor_category": "物流業",
        "registration_item": "物流營業場所",
        "registration_no": "F-112741789-00001-3",
        "name": "九裕汽車貨運有限公司",
        "address": "新北市土城區中央路1段268號6樓",
        "company_registration_name": "九裕汽車貨運有限公司",
        "source_page": 5,
        "point_type": "業者點位",
        "location_method": "OpenStreetMap道路/地名定位",
        "source_count": 479,
        "geocoding_address": "新北市土城區中央路1段268號",
        "lng": 121.44373867879922,
        "lat": 24.982538522360752,
        "osm_query": "新北市土城區中央路1段",
        "osm_display_name": "中央路一段, 日和里, 土城區, 清水, 新北市, 236028, 臺灣"
      },
      "geometry": {
        "type": "Point",
        "coordinates": [
          121.44373867879922,
          24.982538522360752
        ]
      }
    },
    {
      "type": "Feature",
      "properties": {
        "source_row_no": 176,
        "city": "新北市",
        "normalized_city": "新北市",
        "district": "三重區",
        "vendor_category_code": "6",
        "vendor_category": "物流業",
        "registration_item": "物流營業場所",
        "registration_no": "F-183714019-00001-7",
        "name": "豐川",
        "address": "新北市三重區中興南街80巷12號",
        "company_registration_name": "豐川冷凍食品有限公司",
        "source_page": 5,
        "point_type": "業者點位",
        "location_method": "OpenStreetMap道路/地名定位",
        "source_count": 479,
        "geocoding_address": "新北市三重區中興南街80巷12號",
        "lng": 121.47016342055082,
        "lat": 25.044233871640884,
        "osm_query": "新北市三重區中興南街",
        "osm_display_name": "中興南街, 中興里, 三重區, 頭前, 新北市, 241017, 臺灣"
      },
      "geometry": {
        "type": "Point",
        "coordinates": [
          121.47016342055082,
          25.044233871640884
        ]
      }
    },
    {
      "type": "Feature",
      "properties": {
        "source_row_no": 177,
        "city": "新北市",
        "normalized_city": "新北市",
        "district": "三重區",
        "vendor_category_code": "6",
        "vendor_category": "物流業",
        "registration_item": "物流營業場所",
        "registration_no": "F-170762591-00969-4",
        "name": "三重二營業所",
        "address": "新北市三重區光復路2段86號及86號之2",
        "company_registration_name": "統一速達股份有限公司",
        "source_page": 5,
        "point_type": "業者點位",
        "location_method": "OpenStreetMap道路/地名定位",
        "source_count": 479,
        "geocoding_address": "新北市三重區光復路2段86號及86號之2",
        "lng": 121.47201653288519,
        "lat": 25.06203508833131,
        "osm_query": "新北市三重區光復路2段",
        "osm_display_name": "光復路二段, 頂崁工業區, 頂崁里, 三重區, 頭前, 新北市, 241021, 臺灣"
      },
      "geometry": {
        "type": "Point",
        "coordinates": [
          121.47201653288519,
          25.06203508833131
        ]
      }
    },
    {
      "type": "Feature",
      "properties": {
        "source_row_no": 178,
        "city": "新北市",
        "normalized_city": "新北市",
        "district": "林口區",
        "vendor_category_code": "6",
        "vendor_category": "物流業",
        "registration_item": "物流營業場所",
        "registration_no": "F-127572810-00001-6",
        "name": "康國行銷股份有限公司",
        "address": "新北市林口區中湖路47之1號",
        "company_registration_name": "欣海國際股份有限公司",
        "source_page": 5,
        "point_type": "業者點位",
        "location_method": "OpenStreetMap道路/地名定位",
        "source_count": 479,
        "geocoding_address": "新北市林口區中湖路47之1號",
        "lng": 121.3824674916395,
        "lat": 25.096393431280333,
        "osm_query": "新北市林口區中湖路",
        "osm_display_name": "中湖路, 中湖里, 林口區, 新北市, 24446, 臺灣"
      },
      "geometry": {
        "type": "Point",
        "coordinates": [
          121.3824674916395,
          25.096393431280333
        ]
      }
    },
    {
      "type": "Feature",
      "properties": {
        "source_row_no": 179,
        "city": "新北市",
        "normalized_city": "新北市",
        "district": "板橋區",
        "vendor_category_code": "6",
        "vendor_category": "物流業",
        "registration_item": "物流營業場所",
        "registration_no": "F-278960264-00001-7",
        "name": "吉興蔬果行",
        "address": "新北市板橋區文化路２段５９０之１號",
        "company_registration_name": "吉興蔬果行",
        "source_page": 5,
        "point_type": "業者點位",
        "location_method": "OpenStreetMap道路/地名定位",
        "source_count": 479,
        "geocoding_address": "新北市板橋區文化路２段５９０之１號",
        "lng": 121.46219377905166,
        "lat": 25.015412297077454,
        "osm_query": "新北市板橋區文化路",
        "osm_display_name": "文化路公車專用道, 新民里, 板橋區, 新板特區, 新北市, 22050, 臺灣"
      },
      "geometry": {
        "type": "Point",
        "coordinates": [
          121.46219377905166,
          25.015412297077454
        ]
      }
    },
    {
      "type": "Feature",
      "properties": {
        "source_row_no": 180,
        "city": "新北市",
        "normalized_city": "新北市",
        "district": "林口區",
        "vendor_category_code": "6",
        "vendor_category": "物流業",
        "registration_item": "物流營業場所",
        "registration_no": "F-124471276-00001-7",
        "name": "豐園興業股份有限公司",
        "address": "新北市林口區粉寮路2段62之2號",
        "company_registration_name": "豐園興業股份有限公司",
        "source_page": 5,
        "point_type": "業者點位",
        "location_method": "OpenStreetMap道路/地名定位",
        "source_count": 479,
        "geocoding_address": "新北市林口區粉寮路2段62之2號",
        "lng": 121.40512128106971,
        "lat": 25.09504090123284,
        "osm_query": "新北市林口區粉寮路2段",
        "osm_display_name": "粉寮路二段, 東林里, 林口區, 新北市, 24445, 臺灣"
      },
      "geometry": {
        "type": "Point",
        "coordinates": [
          121.40512128106971,
          25.09504090123284
        ]
      }
    },
    {
      "type": "Feature",
      "properties": {
        "source_row_no": 181,
        "city": "新北市",
        "normalized_city": "新北市",
        "district": "中和區",
        "vendor_category_code": "6",
        "vendor_category": "物流業",
        "registration_item": "物流營業場所",
        "registration_no": "F-142724956-00001-3",
        "name": "富帆商店",
        "address": "新北市中和區建康路252號1樓",
        "company_registration_name": "富帆商店股份有限公司",
        "source_page": 5,
        "point_type": "業者點位",
        "location_method": "OpenStreetMap道路/地名定位",
        "source_count": 479,
        "geocoding_address": "新北市中和區建康路252號",
        "lng": 121.48719421874002,
        "lat": 25.000259693977767,
        "osm_query": "新北市中和區建康路",
        "osm_display_name": "建康路, 平河里, 中和區, 中坑, 新北市, 23511, 臺灣"
      },
      "geometry": {
        "type": "Point",
        "coordinates": [
          121.48719421874002,
          25.000259693977767
        ]
      }
    },
    {
      "type": "Feature",
      "properties": {
        "source_row_no": 182,
        "city": "新北市",
        "normalized_city": "新北市",
        "district": "中和區",
        "vendor_category_code": "6",
        "vendor_category": "物流業",
        "registration_item": "物流營業場所",
        "registration_no": "F-184251727-00001-0",
        "name": "元鴻通運",
        "address": "新北市中和區連城路249巷10弄4號",
        "company_registration_name": "元鴻通運有限公司",
        "source_page": 5,
        "point_type": "業者點位",
        "location_method": "OpenStreetMap道路/地名定位",
        "source_count": 479,
        "geocoding_address": "新北市中和區連城路249巷10弄4號",
        "lng": 121.49427208330543,
        "lat": 24.997351955926593,
        "osm_query": "新北市中和區連城路",
        "osm_display_name": "連城路, 碧河里, 中和區, 枋寮, 新北市, 235, 臺灣"
      },
      "geometry": {
        "type": "Point",
        "coordinates": [
          121.49427208330543,
          24.997351955926593
        ]
      }
    },
    {
      "type": "Feature",
      "properties": {
        "source_row_no": 183,
        "city": "新北市",
        "normalized_city": "新北市",
        "district": "五股區",
        "vendor_category_code": "6",
        "vendor_category": "物流業",
        "registration_item": "物流營業場所",
        "registration_no": "F-194000947-00001-7",
        "name": "允時國際運通股份有限公司",
        "address": "新北市五股區中興路三段58巷12號",
        "company_registration_name": "允時國際運通股份有限公司",
        "source_page": 5,
        "point_type": "業者點位",
        "location_method": "OpenStreetMap道路/地名定位",
        "source_count": 479,
        "geocoding_address": "新北市五股區中興路三段58巷12號",
        "lng": 121.44896347891205,
        "lat": 25.079782853186416,
        "osm_query": "新北市五股區中興路三段",
        "osm_display_name": "中興路三段, 更寮里, 五股區, 新北市, 248, 臺灣"
      },
      "geometry": {
        "type": "Point",
        "coordinates": [
          121.44896347891205,
          25.079782853186416
        ]
      }
    },
    {
      "type": "Feature",
      "properties": {
        "source_row_no": 184,
        "city": "新北市",
        "normalized_city": "新北市",
        "district": "板橋區",
        "vendor_category_code": "6",
        "vendor_category": "物流業",
        "registration_item": "物流營業場所",
        "registration_no": "F-185164539-00001-5",
        "name": "昊城企業社",
        "address": "新北市板橋區稚暉街48巷8號3樓",
        "company_registration_name": "昊城企業社",
        "source_page": 5,
        "point_type": "業者點位",
        "location_method": "OpenStreetMap道路/地名定位",
        "source_count": 479,
        "geocoding_address": "新北市板橋區稚暉街48巷8號",
        "lng": 121.45665740228002,
        "lat": 25.00401362816874,
        "osm_query": "新北市板橋區稚暉街",
        "osm_display_name": "稚暉街, 華興里, 板橋區, 枋橋, 新北市, 22060, 臺灣"
      },
      "geometry": {
        "type": "Point",
        "coordinates": [
          121.45665740228002,
          25.00401362816874
        ]
      }
    },
    {
      "type": "Feature",
      "properties": {
        "source_row_no": 185,
        "city": "新北市",
        "normalized_city": "新北市",
        "district": "汐止區",
        "vendor_category_code": "6",
        "vendor_category": "物流業",
        "registration_item": "物流營業場所",
        "registration_no": "F-194210768-00002-2",
        "name": "工廠",
        "address": "新北市汐止區新昌路37之1號3樓",
        "company_registration_name": "涅普頓有限公司",
        "source_page": 5,
        "point_type": "業者點位",
        "location_method": "OpenStreetMap道路/地名定位",
        "source_count": 479,
        "geocoding_address": "新北市汐止區新昌路37之1號",
        "lng": 121.66201001813137,
        "lat": 25.06759060625495,
        "osm_query": "新北市汐止區新昌路",
        "osm_display_name": "新昌路, 新昌里, 汐止區, 新北市, 22184, 臺灣"
      },
      "geometry": {
        "type": "Point",
        "coordinates": [
          121.66201001813137,
          25.06759060625495
        ]
      }
    },
    {
      "type": "Feature",
      "properties": {
        "source_row_no": 186,
        "city": "新北市",
        "normalized_city": "新北市",
        "district": "汐止區",
        "vendor_category_code": "6",
        "vendor_category": "物流業",
        "registration_item": "物流營業場所",
        "registration_no": "F-184253008-00001-4",
        "name": "華安交通股份有限公司",
        "address": "新北市汐止區大同路2段312巷11弄10號1樓",
        "company_registration_name": "華安交通股份有限公司",
        "source_page": 5,
        "point_type": "業者點位",
        "location_method": "OpenStreetMap道路/地名定位",
        "source_count": 479,
        "geocoding_address": "新北市汐止區大同路2段312巷11弄10號",
        "lng": 121.6589311720254,
        "lat": 25.067514802216852,
        "osm_query": "新北市汐止區大同路2段",
        "osm_display_name": "大同路二段, 禮門里, 汐止區, 新北市, 22184, 臺灣"
      },
      "geometry": {
        "type": "Point",
        "coordinates": [
          121.6589311720254,
          25.067514802216852
        ]
      }
    },
    {
      "type": "Feature",
      "properties": {
        "source_row_no": 187,
        "city": "新北市",
        "normalized_city": "新北市",
        "district": "土城區",
        "vendor_category_code": "6",
        "vendor_category": "物流業",
        "registration_item": "物流營業場所",
        "registration_no": "F-197002742-00001-5",
        "name": "酉榮貨運有限公司",
        "address": "新北市土城區中央路1段270號6樓",
        "company_registration_name": "酉榮貨運有限公司",
        "source_page": 5,
        "point_type": "業者點位",
        "location_method": "OpenStreetMap道路/地名定位",
        "source_count": 479,
        "geocoding_address": "新北市土城區中央路1段270號",
        "lng": 121.44348416014088,
        "lat": 24.982678353239056,
        "osm_query": "新北市土城區中央路1段",
        "osm_display_name": "中央路一段, 日和里, 土城區, 清水, 新北市, 236028, 臺灣"
      },
      "geometry": {
        "type": "Point",
        "coordinates": [
          121.44348416014088,
          24.982678353239056
        ]
      }
    },
    {
      "type": "Feature",
      "properties": {
        "source_row_no": 188,
        "city": "新北市",
        "normalized_city": "新北市",
        "district": "瑞芳區",
        "vendor_category_code": "6",
        "vendor_category": "物流業",
        "registration_item": "物流營業場所",
        "registration_no": "F-154642712-00001-5",
        "name": "物流共和國A區",
        "address": "新北市瑞芳區楓子瀨路5巷",
        "company_registration_name": "永聯物流開發股份有限公司",
        "source_page": 5,
        "point_type": "業者點位",
        "location_method": "OpenStreetMap道路/地名定位",
        "source_count": 479,
        "geocoding_address": "新北市瑞芳區楓子瀨路5巷",
        "lng": 121.76697037642283,
        "lat": 25.098518266084604,
        "osm_query": "新北市瑞芳區楓子瀨路",
        "osm_display_name": "楓仔瀨路, 上天里, 瑞芳區, 四腳亭, 新北市, 22445, 臺灣"
      },
      "geometry": {
        "type": "Point",
        "coordinates": [
          121.76697037642283,
          25.098518266084604
        ]
      }
    },
    {
      "type": "Feature",
      "properties": {
        "source_row_no": 189,
        "city": "新北市",
        "normalized_city": "新北市",
        "district": "汐止區",
        "vendor_category_code": "6",
        "vendor_category": "物流業",
        "registration_item": "物流營業場所",
        "registration_no": "F-222256440-00001-0",
        "name": "證禾運輸車行",
        "address": "新北市汐止區汐平路一段8號11樓之1",
        "company_registration_name": "證禾運輸車行",
        "source_page": 5,
        "point_type": "業者點位",
        "location_method": "OpenStreetMap道路/地名定位",
        "source_count": 479,
        "geocoding_address": "新北市汐止區汐平路一段8號",
        "lng": 121.68974973575759,
        "lat": 25.06673306632293,
        "osm_query": "新北市汐止區汐平路一段",
        "osm_display_name": "汐平路一段, 保新里, 汐止區, 新北市, 22172, 臺灣"
      },
      "geometry": {
        "type": "Point",
        "coordinates": [
          121.68974973575759,
          25.06673306632293
        ]
      }
    },
    {
      "type": "Feature",
      "properties": {
        "source_row_no": 190,
        "city": "新北市",
        "normalized_city": "新北市",
        "district": "三峽區",
        "vendor_category_code": "6",
        "vendor_category": "物流業",
        "registration_item": "物流營業場所",
        "registration_no": "F-116778049-00013-9",
        "name": "大智通-三峽DC",
        "address": "新北市三峽區中正路一段309號",
        "company_registration_name": "大智通文化行銷股份有限公司",
        "source_page": 5,
        "point_type": "業者點位",
        "location_method": "OpenStreetMap道路/地名定位",
        "source_count": 479,
        "geocoding_address": "新北市三峽區中正路一段309號",
        "lng": 121.3709101343601,
        "lat": 24.922648419564947,
        "osm_query": "新北市三峽區中正路一段",
        "osm_display_name": "中正路一段, 中正里, 三峽區, 大埔, 新北市, 237016, 臺灣"
      },
      "geometry": {
        "type": "Point",
        "coordinates": [
          121.3709101343601,
          24.922648419564947
        ]
      }
    },
    {
      "type": "Feature",
      "properties": {
        "source_row_no": 191,
        "city": "新北市",
        "normalized_city": "新北市",
        "district": "永和區",
        "vendor_category_code": "6",
        "vendor_category": "物流業",
        "registration_item": "物流營業場所",
        "registration_no": "F-202320859-00001-4",
        "name": "晉鑽蔬果有限公司",
        "address": "新北市永和區竹林路25巷38號",
        "company_registration_name": "晉鑽蔬果有限公司",
        "source_page": 5,
        "point_type": "業者點位",
        "location_method": "OpenStreetMap道路/地名定位",
        "source_count": 479,
        "geocoding_address": "新北市永和區竹林路25巷38號",
        "lng": 121.51941454598881,
        "lat": 25.012275684913885,
        "osm_query": "新北市永和區竹林路",
        "osm_display_name": "竹林路, 上林里, 永和區, 秀朗, 新北市, 23448, 臺灣"
      },
      "geometry": {
        "type": "Point",
        "coordinates": [
          121.51941454598881,
          25.012275684913885
        ]
      }
    },
    {
      "type": "Feature",
      "properties": {
        "source_row_no": 192,
        "city": "新北市",
        "normalized_city": "新北市",
        "district": "樹林區",
        "vendor_category_code": "6",
        "vendor_category": "物流業",
        "registration_item": "物流營業場所",
        "registration_no": "F-147012490-00001-1",
        "name": "集富食品",
        "address": "新北市樹林區俊安街53巷1-8號",
        "company_registration_name": "亞伯笙國際有限公司",
        "source_page": 5,
        "point_type": "業者點位",
        "location_method": "OpenStreetMap道路/地名定位",
        "source_count": 479,
        "geocoding_address": "新北市樹林區俊安街53巷1-8號",
        "lng": 121.41923006852615,
        "lat": 25.01414491296413,
        "osm_query": "新北市樹林區俊安街",
        "osm_display_name": "俊安街, 新北市肉品市場, 圳生里, 樹林區, 三角埔, 新北市, 238, 臺灣"
      },
      "geometry": {
        "type": "Point",
        "coordinates": [
          121.41923006852615,
          25.01414491296413
        ]
      }
    },
    {
      "type": "Feature",
      "properties": {
        "source_row_no": 193,
        "city": "新北市",
        "normalized_city": "新北市",
        "district": "蘆洲區",
        "vendor_category_code": "6",
        "vendor_category": "物流業",
        "registration_item": "物流營業場所",
        "registration_no": "F-200095614-00003-2",
        "name": "五赫家",
        "address": "新北市蘆洲區光榮路40號",
        "company_registration_name": "榮安小吃店",
        "source_page": 5,
        "point_type": "業者點位",
        "location_method": "OpenStreetMap道路/地名定位",
        "source_count": 479,
        "geocoding_address": "新北市蘆洲區光榮路40號",
        "lng": 121.46043042096504,
        "lat": 25.088388640832566,
        "osm_query": "新北市蘆洲區光榮路",
        "osm_display_name": "光榮路, 正義里, 蘆洲區, 新北市, 24767, 臺灣"
      },
      "geometry": {
        "type": "Point",
        "coordinates": [
          121.46043042096504,
          25.088388640832566
        ]
      }
    },
    {
      "type": "Feature",
      "properties": {
        "source_row_no": 194,
        "city": "新北市",
        "normalized_city": "新北市",
        "district": "鶯歌區",
        "vendor_category_code": "6",
        "vendor_category": "物流業",
        "registration_item": "物流營業場所",
        "registration_no": "F-153348199-00002-7",
        "name": "金興發物流中心",
        "address": "新北市鶯歌區中正三路238巷57號",
        "company_registration_name": "金興發股份有限公司師大一分公司",
        "source_page": 5,
        "point_type": "業者點位",
        "location_method": "OpenStreetMap道路/地名定位",
        "source_count": 479,
        "geocoding_address": "新北市鶯歌區中正三路238巷57號",
        "lng": 121.3351014794297,
        "lat": 24.940037200179965,
        "osm_query": "新北市鶯歌區中正三路",
        "osm_display_name": "鶯歌高職, 154, 中正三路, 二橋里, 鶯歌區, 二橋, 新北市, 23942, 臺灣"
      },
      "geometry": {
        "type": "Point",
        "coordinates": [
          121.3351014794297,
          24.940037200179965
        ]
      }
    },
    {
      "type": "Feature",
      "properties": {
        "source_row_no": 195,
        "city": "新北市",
        "normalized_city": "新北市",
        "district": "汐止區",
        "vendor_category_code": "6",
        "vendor_category": "物流業",
        "registration_item": "物流營業場所",
        "registration_no": "F-200211614-00002-1",
        "name": "富達國際物流有限公司",
        "address": "新北市汐止區茄苳路239巷2號",
        "company_registration_name": "富達國際物流有限公司",
        "source_page": 5,
        "point_type": "業者點位",
        "location_method": "OpenStreetMap道路/地名定位",
        "source_count": 479,
        "geocoding_address": "新北市汐止區茄苳路239巷2號",
        "lng": 121.67423574553477,
        "lat": 25.066322383338473,
        "osm_query": "新北市汐止區茄苳路",
        "osm_display_name": "茄苳路, 茄苳里, 汐止區, 新北市, 221036, 臺灣"
      },
      "geometry": {
        "type": "Point",
        "coordinates": [
          121.67423574553477,
          25.066322383338473
        ]
      }
    },
    {
      "type": "Feature",
      "properties": {
        "source_row_no": 196,
        "city": "新北市",
        "normalized_city": "新北市",
        "district": "淡水區",
        "vendor_category_code": "6",
        "vendor_category": "物流業",
        "registration_item": "物流營業場所",
        "registration_no": "F-141369866-00001-7",
        "name": "瑞昇商行",
        "address": "新北市淡水區竿蓁二街５１號",
        "company_registration_name": "瑞昇商行",
        "source_page": 5,
        "point_type": "業者點位",
        "location_method": "OpenStreetMap道路/地名定位",
        "source_count": 479,
        "geocoding_address": "新北市淡水區竿蓁二街５１號",
        "lng": 121.45488200180375,
        "lat": 25.163004995801455,
        "osm_query": "新北市淡水區竿蓁二街",
        "osm_display_name": "竿蓁二街, 竿蓁里, 淡水區, 紅樹林, 新北市, 25147, 臺灣"
      },
      "geometry": {
        "type": "Point",
        "coordinates": [
          121.45488200180375,
          25.163004995801455
        ]
      }
    },
    {
      "type": "Feature",
      "properties": {
        "source_row_no": 197,
        "city": "新北市",
        "normalized_city": "新北市",
        "district": "樹林區",
        "vendor_category_code": "6",
        "vendor_category": "物流業",
        "registration_item": "物流營業場所",
        "registration_no": "F-193380835-00001-3",
        "name": "大智通文化行銷股份有限公司",
        "address": "新北市樹林區佳園路",
        "company_registration_name": "煜程有限公司",
        "source_page": 5,
        "point_type": "業者點位",
        "location_method": "OpenStreetMap道路/地名定位",
        "source_count": 479,
        "geocoding_address": "新北市樹林區佳園路",
        "lng": 121.41610506330376,
        "lat": 24.98916847213875,
        "osm_query": "新北市樹林區佳園路",
        "osm_display_name": "樹德安居社宅, 樹人里, 樹林區, 新北市, 臺灣"
      },
      "geometry": {
        "type": "Point",
        "coordinates": [
          121.41610506330376,
          24.98916847213875
        ]
      }
    },
    {
      "type": "Feature",
      "properties": {
        "source_row_no": 198,
        "city": "新北市",
        "normalized_city": "新北市",
        "district": "五股區",
        "vendor_category_code": "6",
        "vendor_category": "物流業",
        "registration_item": "物流營業場所",
        "registration_no": "F-116680432-00001-4",
        "name": "長好通運有限公司",
        "address": "新北市五股區中興路三段1-12號",
        "company_registration_name": "長好通運有限公司",
        "source_page": 5,
        "point_type": "業者點位",
        "location_method": "OpenStreetMap道路/地名定位",
        "source_count": 479,
        "geocoding_address": "新北市五股區中興路三段1-12號",
        "lng": 121.44910641675968,
        "lat": 25.079814280110426,
        "osm_query": "新北市五股區中興路三段",
        "osm_display_name": "中興路三段, 更寮里, 五股區, 新北市, 248, 臺灣"
      },
      "geometry": {
        "type": "Point",
        "coordinates": [
          121.44910641675968,
          25.079814280110426
        ]
      }
    },
    {
      "type": "Feature",
      "properties": {
        "source_row_no": 199,
        "city": "新北市",
        "normalized_city": "新北市",
        "district": "五股區",
        "vendor_category_code": "6",
        "vendor_category": "物流業",
        "registration_item": "物流營業場所",
        "registration_no": "F-160673384-00001-1",
        "name": "亞巨物流",
        "address": "新北市五股區新五路二段393號",
        "company_registration_name": "亞巨宇物流有限公司",
        "source_page": 5,
        "point_type": "業者點位",
        "location_method": "OpenStreetMap道路/地名定位",
        "source_count": 479,
        "geocoding_address": "新北市五股區新五路二段393號",
        "lng": 121.44438999735071,
        "lat": 25.088526628000682,
        "osm_query": "新北市五股區新五路二段",
        "osm_display_name": "新五路二段, 洲子洋重劃區, 成泰里, 五股區, 新北市, 248017, 臺灣"
      },
      "geometry": {
        "type": "Point",
        "coordinates": [
          121.44438999735071,
          25.088526628000682
        ]
      }
    },
    {
      "type": "Feature",
      "properties": {
        "source_row_no": 200,
        "city": "新北市",
        "normalized_city": "新北市",
        "district": "八里區",
        "vendor_category_code": "6",
        "vendor_category": "物流業",
        "registration_item": "物流營業場所",
        "registration_no": "F-184123673-00002-9",
        "name": "英翔興業有限公司",
        "address": "新北市八里區商港六路35號9樓",
        "company_registration_name": "英翔興業有限公司",
        "source_page": 5,
        "point_type": "業者點位",
        "location_method": "OpenStreetMap道路/地名定位",
        "source_count": 479,
        "geocoding_address": "新北市八里區商港六路35號",
        "lng": 121.39610012242012,
        "lat": 25.1493235222689,
        "osm_query": "新北市八里區商港六路",
        "osm_display_name": "商港六路, 訊塘里, 八里區, 下罟子, 新北市, 249002, 臺灣"
      },
      "geometry": {
        "type": "Point",
        "coordinates": [
          121.39610012242012,
          25.1493235222689
        ]
      }
    },
    {
      "type": "Feature",
      "properties": {
        "source_row_no": 201,
        "city": "新北市",
        "normalized_city": "新北市",
        "district": "中和區",
        "vendor_category_code": "6",
        "vendor_category": "物流業",
        "registration_item": "物流營業場所",
        "registration_no": "F-200138818-00001-4",
        "name": "辦公室",
        "address": "新北市中和區連城路23巷22之1號2樓",
        "company_registration_name": "勝泰運輸股份有限公司",
        "source_page": 6,
        "point_type": "業者點位",
        "location_method": "OpenStreetMap道路/地名定位",
        "source_count": 479,
        "geocoding_address": "新北市中和區連城路23巷22之1號",
        "lng": 121.49427161025594,
        "lat": 24.99735156942895,
        "osm_query": "新北市中和區連城路",
        "osm_display_name": "連城路, 碧河里, 中和區, 枋寮, 新北市, 235, 臺灣"
      },
      "geometry": {
        "type": "Point",
        "coordinates": [
          121.49427161025594,
          24.99735156942895
        ]
      }
    },
    {
      "type": "Feature",
      "properties": {
        "source_row_no": 202,
        "city": "新北市",
        "normalized_city": "新北市",
        "district": "三重區",
        "vendor_category_code": "6",
        "vendor_category": "物流業",
        "registration_item": "物流營業場所",
        "registration_no": "F-146480100-00120-9",
        "name": "三重營業所",
        "address": "新北市三重區光復路二段161號",
        "company_registration_name": "新竹物流股份有限公司",
        "source_page": 6,
        "point_type": "業者點位",
        "location_method": "OpenStreetMap道路/地名定位",
        "source_count": 479,
        "geocoding_address": "新北市三重區光復路二段161號",
        "lng": 121.47213818937969,
        "lat": 25.061504820660577,
        "osm_query": "新北市三重區光復路二段",
        "osm_display_name": "光復路二段, 頂崁工業區, 頂崁里, 三重區, 頭前, 新北市, 241021, 臺灣"
      },
      "geometry": {
        "type": "Point",
        "coordinates": [
          121.47213818937969,
          25.061504820660577
        ]
      }
    },
    {
      "type": "Feature",
      "properties": {
        "source_row_no": 203,
        "city": "新北市",
        "normalized_city": "新北市",
        "district": "汐止區",
        "vendor_category_code": "6",
        "vendor_category": "物流業",
        "registration_item": "物流營業場所",
        "registration_no": "F-127436105-00001-2",
        "name": "鼎順貨運",
        "address": "新北市汐止區新台五路二段91號2樓之3",
        "company_registration_name": "鼎麒搬家貨運有限公司",
        "source_page": 6,
        "point_type": "業者點位",
        "location_method": "OpenStreetMap道路/地名定位",
        "source_count": 479,
        "geocoding_address": "新北市汐止區新台五路二段91號",
        "lng": 121.67575388087447,
        "lat": 25.066146504349618,
        "osm_query": "新北市汐止區新台五路二段",
        "osm_display_name": "新台五路二段, 茄苳里, 汐止區, 新北市, 221036, 臺灣"
      },
      "geometry": {
        "type": "Point",
        "coordinates": [
          121.67575388087447,
          25.066146504349618
        ]
      }
    },
    {
      "type": "Feature",
      "properties": {
        "source_row_no": 204,
        "city": "新北市",
        "normalized_city": "新北市",
        "district": "板橋區",
        "vendor_category_code": "6",
        "vendor_category": "物流業",
        "registration_item": "物流營業場所",
        "registration_no": "F-170762591-00802-0",
        "name": "板運衛星點",
        "address": "新北市板橋區區運路33號",
        "company_registration_name": "統一速達股份有限公司",
        "source_page": 6,
        "point_type": "業者點位",
        "location_method": "OpenStreetMap道路/地名定位",
        "source_count": 479,
        "geocoding_address": "新北市板橋區區運路33號",
        "lng": 121.46525039389356,
        "lat": 25.009252203811585,
        "osm_query": "新北市板橋區區運路",
        "osm_display_name": "區運路, 深丘里, 板橋區, 新板特區, 新北市, 22065, 臺灣"
      },
      "geometry": {
        "type": "Point",
        "coordinates": [
          121.46525039389356,
          25.009252203811585
        ]
      }
    },
    {
      "type": "Feature",
      "properties": {
        "source_row_no": 205,
        "city": "新北市",
        "normalized_city": "新北市",
        "district": "新莊區",
        "vendor_category_code": "6",
        "vendor_category": "物流業",
        "registration_item": "物流營業場所",
        "registration_no": "F-124735761-00001-9",
        "name": "詮盈物流有限公司",
        "address": "新北市新莊區西盛街369巷7號7樓",
        "company_registration_name": "詮盈物流有限公司",
        "source_page": 6,
        "point_type": "業者點位",
        "location_method": "OpenStreetMap道路/地名定位",
        "source_count": 479,
        "geocoding_address": "新北市新莊區西盛街369巷7號",
        "lng": 121.42802508634972,
        "lat": 25.01357725208478,
        "osm_query": "新北市新莊區西盛街",
        "osm_display_name": "西盛街, 光和里, 新莊區, 三角埔, 新北市, 24264, 臺灣"
      },
      "geometry": {
        "type": "Point",
        "coordinates": [
          121.42802508634972,
          25.01357725208478
        ]
      }
    },
    {
      "type": "Feature",
      "properties": {
        "source_row_no": 206,
        "city": "新北市",
        "normalized_city": "新北市",
        "district": "新莊區",
        "vendor_category_code": "6",
        "vendor_category": "物流業",
        "registration_item": "物流營業場所",
        "registration_no": "F-170624227-00113-8",
        "name": "五股營業所",
        "address": "新北市新莊區思源路34號",
        "company_registration_name": "台灣宅配通股份有限公司",
        "source_page": 6,
        "point_type": "業者點位",
        "location_method": "OpenStreetMap道路/地名定位",
        "source_count": 479,
        "geocoding_address": "新北市新莊區思源路34號",
        "lng": 121.46002451528061,
        "lat": 25.04488834371347,
        "osm_query": "新北市新莊區思源路",
        "osm_display_name": "思源路, 思源里, 新莊區, 中港厝, 新北市, 24213, 臺灣"
      },
      "geometry": {
        "type": "Point",
        "coordinates": [
          121.46002451528061,
          25.04488834371347
        ]
      }
    },
    {
      "type": "Feature",
      "properties": {
        "source_row_no": 207,
        "city": "新北市",
        "normalized_city": "新北市",
        "district": "八里區",
        "vendor_category_code": "6",
        "vendor_category": "物流業",
        "registration_item": "物流營業場所",
        "registration_no": "F-190208277-00002-0",
        "name": "八里倉庫",
        "address": "新北市八里區下罟子59之8號",
        "company_registration_name": "榮庭實業股份有限公司",
        "source_page": 6,
        "point_type": "業者點位",
        "location_method": "OpenStreetMap道路/地名定位",
        "source_count": 479,
        "geocoding_address": "新北市八里區下罟子59之8號",
        "lng": 121.39342144444126,
        "lat": 25.128156687288726,
        "osm_query": "新北市八里區下罟子",
        "osm_display_name": "樂山園, 187, 北51, 長坑里, 八里區, 下罟子, 新北市, 251018, 臺灣"
      },
      "geometry": {
        "type": "Point",
        "coordinates": [
          121.39342144444126,
          25.128156687288726
        ]
      }
    },
    {
      "type": "Feature",
      "properties": {
        "source_row_no": 208,
        "city": "新北市",
        "normalized_city": "新北市",
        "district": "蘆洲區",
        "vendor_category_code": "6",
        "vendor_category": "物流業",
        "registration_item": "物流營業場所",
        "registration_no": "F-202316284-00002-2",
        "name": "鑫海城熱炒店",
        "address": "新北市蘆洲區中原路66號(1樓)",
        "company_registration_name": "鑫海城熱炒店",
        "source_page": 6,
        "point_type": "業者點位",
        "location_method": "OpenStreetMap道路/地名定位",
        "source_count": 479,
        "geocoding_address": "新北市蘆洲區中原路66號(",
        "lng": 121.4597522898701,
        "lat": 25.0824402300595,
        "osm_query": "新北市蘆洲區中原路",
        "osm_display_name": "中原路, 永德里, 蘆洲區, 新北市, 247022, 臺灣"
      },
      "geometry": {
        "type": "Point",
        "coordinates": [
          121.4597522898701,
          25.0824402300595
        ]
      }
    },
    {
      "type": "Feature",
      "properties": {
        "source_row_no": 209,
        "city": "新北市",
        "normalized_city": "新北市",
        "district": "八里區",
        "vendor_category_code": "6",
        "vendor_category": "物流業",
        "registration_item": "物流營業場所",
        "registration_no": "F-131717747-00001-1",
        "name": "銓泰起重行",
        "address": "新北市八里區龍米路3段58之12號(1樓)",
        "company_registration_name": "銓泰起重行",
        "source_page": 6,
        "point_type": "業者點位",
        "location_method": "OpenStreetMap道路/地名定位",
        "source_count": 479,
        "geocoding_address": "新北市八里區龍米路3段58之12號(",
        "lng": 121.4264052696689,
        "lat": 25.159287115483853,
        "osm_query": "新北市八里區龍米路3段",
        "osm_display_name": "龍米路三段, 大崁里, 八里區, 公田, 新北市, 24944, 臺灣"
      },
      "geometry": {
        "type": "Point",
        "coordinates": [
          121.4264052696689,
          25.159287115483853
        ]
      }
    },
    {
      "type": "Feature",
      "properties": {
        "source_row_no": 210,
        "city": "新北市",
        "normalized_city": "新北市",
        "district": "林口區",
        "vendor_category_code": "6",
        "vendor_category": "物流業",
        "registration_item": "物流營業場所",
        "registration_no": "F-127572810-00001-6",
        "name": "康國行銷股份有限公司",
        "address": "新北市林口區中湖路47之1號",
        "company_registration_name": "欣海國際股份有限公司",
        "source_page": 6,
        "point_type": "業者點位",
        "location_method": "OpenStreetMap道路/地名定位",
        "source_count": 479,
        "geocoding_address": "新北市林口區中湖路47之1號",
        "lng": 121.38244017070575,
        "lat": 25.09592880350533,
        "osm_query": "新北市林口區中湖路",
        "osm_display_name": "中湖路, 中湖里, 林口區, 新北市, 24446, 臺灣"
      },
      "geometry": {
        "type": "Point",
        "coordinates": [
          121.38244017070575,
          25.09592880350533
        ]
      }
    },
    {
      "type": "Feature",
      "properties": {
        "source_row_no": 211,
        "city": "新北市",
        "normalized_city": "新北市",
        "district": "土城區",
        "vendor_category_code": "6",
        "vendor_category": "物流業",
        "registration_item": "物流營業場所",
        "registration_no": "F-120874826-00001-1",
        "name": "九榮汽車貨運有限公司",
        "address": "新北市土城區中央路1段268號6樓",
        "company_registration_name": "九榮汽車貨運有限公司",
        "source_page": 6,
        "point_type": "業者點位",
        "location_method": "OpenStreetMap道路/地名定位",
        "source_count": 479,
        "geocoding_address": "新北市土城區中央路1段268號",
        "lng": 121.44385354710471,
        "lat": 24.982790336824554,
        "osm_query": "新北市土城區中央路1段",
        "osm_display_name": "中央路一段, 日和里, 土城區, 清水, 新北市, 236028, 臺灣"
      },
      "geometry": {
        "type": "Point",
        "coordinates": [
          121.44385354710471,
          24.982790336824554
        ]
      }
    },
    {
      "type": "Feature",
      "properties": {
        "source_row_no": 212,
        "city": "新北市",
        "normalized_city": "新北市",
        "district": "樹林區",
        "vendor_category_code": "6",
        "vendor_category": "物流業",
        "registration_item": "物流營業場所",
        "registration_no": "F-182899066-00001-2",
        "name": "樹興國際有限公司",
        "address": "新北市樹林區光興街312號",
        "company_registration_name": "樹興國際有限公司",
        "source_page": 6,
        "point_type": "業者點位",
        "location_method": "OpenStreetMap道路/地名定位",
        "source_count": 479,
        "geocoding_address": "新北市樹林區光興街312號",
        "lng": 121.40695479474033,
        "lat": 25.003108658265184,
        "osm_query": "新北市樹林區光興街",
        "osm_display_name": "光興街, 光興里, 樹林區, 三角埔, 新北市, 23876, 臺灣"
      },
      "geometry": {
        "type": "Point",
        "coordinates": [
          121.40695479474033,
          25.003108658265184
        ]
      }
    },
    {
      "type": "Feature",
      "properties": {
        "source_row_no": 213,
        "city": "新北市",
        "normalized_city": "新北市",
        "district": "蘆洲區",
        "vendor_category_code": "6",
        "vendor_category": "物流業",
        "registration_item": "物流營業場所",
        "registration_no": "F-190422776-00001-1",
        "name": "倉庫",
        "address": "新北市蘆洲區民族路422巷70弄10號",
        "company_registration_name": "協大行銷有限公司",
        "source_page": 6,
        "point_type": "業者點位",
        "location_method": "OpenStreetMap道路/地名定位",
        "source_count": 479,
        "geocoding_address": "新北市蘆洲區民族路422巷70弄10號",
        "lng": 121.47883832196385,
        "lat": 25.085754075191133,
        "osm_query": "新北市蘆洲區民族路",
        "osm_display_name": "民族路, 信義里, 蘆洲區, 新北市, 24741, 臺灣"
      },
      "geometry": {
        "type": "Point",
        "coordinates": [
          121.47883832196385,
          25.085754075191133
        ]
      }
    },
    {
      "type": "Feature",
      "properties": {
        "source_row_no": 214,
        "city": "新北市",
        "normalized_city": "新北市",
        "district": "新莊區",
        "vendor_category_code": "6",
        "vendor_category": "物流業",
        "registration_item": "物流營業場所",
        "registration_no": "F-170624227-00120-6",
        "name": "台北物流中心",
        "address": "新北市新莊區思源路34號",
        "company_registration_name": "台灣宅配通股份有限公司",
        "source_page": 6,
        "point_type": "業者點位",
        "location_method": "OpenStreetMap道路/地名定位",
        "source_count": 479,
        "geocoding_address": "新北市新莊區思源路34號",
        "lng": 121.46004643835113,
        "lat": 25.04437395048266,
        "osm_query": "新北市新莊區思源路",
        "osm_display_name": "思源路, 思源里, 新莊區, 中港厝, 新北市, 24213, 臺灣"
      },
      "geometry": {
        "type": "Point",
        "coordinates": [
          121.46004643835113,
          25.04437395048266
        ]
      }
    },
    {
      "type": "Feature",
      "properties": {
        "source_row_no": 215,
        "city": "新北市",
        "normalized_city": "新北市",
        "district": "樹林區",
        "vendor_category_code": "6",
        "vendor_category": "物流業",
        "registration_item": "物流營業場所",
        "registration_no": "F-200246912-00001-9",
        "name": "大智通文化行銷股份有限公司",
        "address": "新北市樹林區佳園路二段70之1號",
        "company_registration_name": "華誠物流股份有限公司",
        "source_page": 6,
        "point_type": "業者點位",
        "location_method": "OpenStreetMap道路/地名定位",
        "source_count": 479,
        "geocoding_address": "新北市樹林區佳園路二段70之1號",
        "lng": 121.39050146191536,
        "lat": 24.959707437266964,
        "osm_query": "新北市樹林區佳園路二段",
        "osm_display_name": "佳園路二段, 北園里, 樹林區, 柑園, 新北市, 23877, 臺灣"
      },
      "geometry": {
        "type": "Point",
        "coordinates": [
          121.39050146191536,
          24.959707437266964
        ]
      }
    },
    {
      "type": "Feature",
      "properties": {
        "source_row_no": 216,
        "city": "新北市",
        "normalized_city": "新北市",
        "district": "新店區",
        "vendor_category_code": "6",
        "vendor_category": "物流業",
        "registration_item": "物流營業場所",
        "registration_no": "F-151015548-00078-7",
        "name": "嘉里大榮物流-新店低配",
        "address": "新北市新店區安和路二段117巷11號",
        "company_registration_name": "嘉里大榮物流股份有限公司",
        "source_page": 6,
        "point_type": "業者點位",
        "location_method": "OpenStreetMap道路/地名定位",
        "source_count": 479,
        "geocoding_address": "新北市新店區安和路二段117巷11號",
        "lng": 121.51921108653077,
        "lat": 24.97212426551269,
        "osm_query": "新北市新店區安和路二段",
        "osm_display_name": "安和路二段, 安和里, 新店區, 新北市, 231063, 臺灣"
      },
      "geometry": {
        "type": "Point",
        "coordinates": [
          121.51921108653077,
          24.97212426551269
        ]
      }
    },
    {
      "type": "Feature",
      "properties": {
        "source_row_no": 217,
        "city": "新北市",
        "normalized_city": "新北市",
        "district": "樹林區",
        "vendor_category_code": "6",
        "vendor_category": "物流業",
        "registration_item": "物流營業場所",
        "registration_no": "F-194211035-00002-0",
        "name": "樹林倉",
        "address": "新北市樹林區東豐街83-1號5樓",
        "company_registration_name": "歐邁福股份有限公司",
        "source_page": 6,
        "point_type": "業者點位",
        "location_method": "OpenStreetMap道路/地名定位",
        "source_count": 479,
        "geocoding_address": "新北市樹林區東豐街83-1號",
        "lng": 121.41272602614266,
        "lat": 24.97401252174841,
        "osm_query": "新北市樹林區東豐街",
        "osm_display_name": "東豐街, 東山里, 樹林區, 山佳, 新北市, 23858, 臺灣"
      },
      "geometry": {
        "type": "Point",
        "coordinates": [
          121.41272602614266,
          24.97401252174841
        ]
      }
    },
    {
      "type": "Feature",
      "properties": {
        "source_row_no": 218,
        "city": "新北市",
        "normalized_city": "新北市",
        "district": "汐止區",
        "vendor_category_code": "6",
        "vendor_category": "物流業",
        "registration_item": "物流營業場所",
        "registration_no": "F-184253008-00001-4",
        "name": "華安交通股份有限公司",
        "address": "新北市汐止區大同路2段312巷11弄10號1樓",
        "company_registration_name": "華安交通股份有限公司",
        "source_page": 6,
        "point_type": "業者點位",
        "location_method": "OpenStreetMap道路/地名定位",
        "source_count": 479,
        "geocoding_address": "新北市汐止區大同路2段312巷11弄10號",
        "lng": 121.65836703358204,
        "lat": 25.067204962459396,
        "osm_query": "新北市汐止區大同路2段",
        "osm_display_name": "大同路二段, 禮門里, 汐止區, 新北市, 22184, 臺灣"
      },
      "geometry": {
        "type": "Point",
        "coordinates": [
          121.65836703358204,
          25.067204962459396
        ]
      }
    },
    {
      "type": "Feature",
      "properties": {
        "source_row_no": 219,
        "city": "新北市",
        "normalized_city": "新北市",
        "district": "五股區",
        "vendor_category_code": "6",
        "vendor_category": "物流業",
        "registration_item": "物流營業場所",
        "registration_no": "F-154857699-00014-1",
        "name": "路易莎咖啡物流中心(五股倉)",
        "address": "新北市五股區五工一路106號",
        "company_registration_name": "路易莎職人咖啡股份有限公司",
        "source_page": 6,
        "point_type": "業者點位",
        "location_method": "OpenStreetMap道路/地名定位",
        "source_count": 479,
        "geocoding_address": "新北市五股區五工一路106號",
        "osm_query": "五工一路 五股區 新北市",
        "osm_display_name": "五工一路, 興珍里, 五股區, 新北市, 248, 臺灣",
        "lng": 121.44950050676367,
        "lat": 25.070471896091966
      },
      "geometry": {
        "type": "Point",
        "coordinates": [
          121.44950050676367,
          25.070471896091966
        ]
      }
    },
    {
      "type": "Feature",
      "properties": {
        "source_row_no": 220,
        "city": "新北市",
        "normalized_city": "新北市",
        "district": "汐止區",
        "vendor_category_code": "6",
        "vendor_category": "物流業",
        "registration_item": "物流營業場所",
        "registration_no": "F-200108896-00004-0",
        "name": "奕立實業有限公司",
        "address": "新北市汐止區福德一路392巷37弄31號",
        "company_registration_name": "奕立實業有限公司",
        "source_page": 6,
        "point_type": "業者點位",
        "location_method": "OpenStreetMap道路/地名定位",
        "source_count": 479,
        "geocoding_address": "新北市汐止區福德一路392巷37弄31號",
        "lng": 121.63369176072239,
        "lat": 25.06515294838717,
        "osm_query": "新北市汐止區福德一路",
        "osm_display_name": "新北市政府消防局第六大隊暨社后分隊, 236, 福德一路, 中興里, 汐止區, 橫科, 新北市, 221, 臺灣"
      },
      "geometry": {
        "type": "Point",
        "coordinates": [
          121.63369176072239,
          25.06515294838717
        ]
      }
    },
    {
      "type": "Feature",
      "properties": {
        "source_row_no": 221,
        "city": "新北市",
        "normalized_city": "新北市",
        "district": "八里區",
        "vendor_category_code": "6",
        "vendor_category": "物流業",
        "registration_item": "物流營業場所",
        "registration_no": "F-200169476-00001-8",
        "name": "中華路三段192-1號",
        "address": "新北市八里區中華路三段192-1號",
        "company_registration_name": "和發交通運輸有限公司",
        "source_page": 6,
        "point_type": "業者點位",
        "location_method": "OpenStreetMap道路/地名定位",
        "source_count": 479,
        "geocoding_address": "新北市八里區中華路三段192-1號",
        "lng": 121.3887383499978,
        "lat": 25.119813675351114,
        "osm_query": "新北市八里區中華路三段",
        "osm_display_name": "中華路三段, 長坑里, 八里區, 新北市, 24941, 臺灣"
      },
      "geometry": {
        "type": "Point",
        "coordinates": [
          121.3887383499978,
          25.119813675351114
        ]
      }
    },
    {
      "type": "Feature",
      "properties": {
        "source_row_no": 222,
        "city": "新北市",
        "normalized_city": "新北市",
        "district": "新莊區",
        "vendor_category_code": "6",
        "vendor_category": "物流業",
        "registration_item": "物流營業場所",
        "registration_no": "F-133686333-00001-9",
        "name": "辦公室",
        "address": "新北市新莊區新泰路227號3樓之1",
        "company_registration_name": "鵬安交通企業股份有限公司",
        "source_page": 6,
        "point_type": "業者點位",
        "location_method": "OpenStreetMap道路/地名定位",
        "source_count": 479,
        "geocoding_address": "新北市新莊區新泰路227號",
        "lng": 121.44633944206564,
        "lat": 25.039063319741846,
        "osm_query": "新北市新莊區新泰路",
        "osm_display_name": "新泰路, 立言里, 新莊區, 新庄(海山口), 新北市, 242005, 臺灣"
      },
      "geometry": {
        "type": "Point",
        "coordinates": [
          121.44633944206564,
          25.039063319741846
        ]
      }
    },
    {
      "type": "Feature",
      "properties": {
        "source_row_no": 223,
        "city": "新北市",
        "normalized_city": "新北市",
        "district": "新莊區",
        "vendor_category_code": "6",
        "vendor_category": "物流業",
        "registration_item": "物流營業場所",
        "registration_no": "F-170762591-00801-9",
        "name": "輔大營業所",
        "address": "新北市新莊區建國二路79號",
        "company_registration_name": "統一速達股份有限公司",
        "source_page": 6,
        "point_type": "業者點位",
        "location_method": "OpenStreetMap道路/地名定位",
        "source_count": 479,
        "geocoding_address": "新北市新莊區建國二路79號",
        "lng": 121.43245331974956,
        "lat": 25.024551063768843,
        "osm_query": "新北市新莊區建國二路",
        "osm_display_name": "建國二路, 西盛, 新莊區, 瓊林, 新北市, 242053, 臺灣"
      },
      "geometry": {
        "type": "Point",
        "coordinates": [
          121.43245331974956,
          25.024551063768843
        ]
      }
    },
    {
      "type": "Feature",
      "properties": {
        "source_row_no": 224,
        "city": "新北市",
        "normalized_city": "新北市",
        "district": "林口區",
        "vendor_category_code": "6",
        "vendor_category": "物流業",
        "registration_item": "物流營業場所",
        "registration_no": "F-120951576-00001-9",
        "name": "米倉貨運有限公司",
        "address": "新北市林口區文化北路1段420號",
        "company_registration_name": "米倉貨運有限公司",
        "source_page": 6,
        "point_type": "業者點位",
        "location_method": "OpenStreetMap道路/地名定位",
        "source_count": 479,
        "geocoding_address": "新北市林口區文化北路1段420號",
        "lng": 121.35623754327652,
        "lat": 25.06770992097301,
        "osm_query": "新北市林口區文化北路1段",
        "osm_display_name": "新北市私立禾森幼兒園, 48, 文化北路一段, 南勢里, 林口區, 新北市, 244018, 臺灣"
      },
      "geometry": {
        "type": "Point",
        "coordinates": [
          121.35623754327652,
          25.06770992097301
        ]
      }
    },
    {
      "type": "Feature",
      "properties": {
        "source_row_no": 225,
        "city": "新北市",
        "normalized_city": "新北市",
        "district": "板橋區",
        "vendor_category_code": "6",
        "vendor_category": "物流業",
        "registration_item": "物流營業場所",
        "registration_no": "F-202287410-00001-9",
        "name": "桶江軍企業有限公司",
        "address": "新北市板橋區裕民街111巷6號",
        "company_registration_name": "桶江軍企業有限公司",
        "source_page": 6,
        "point_type": "業者點位",
        "location_method": "OpenStreetMap道路/地名定位",
        "source_count": 479,
        "geocoding_address": "新北市板橋區裕民街111巷6號",
        "lng": 121.46042582707241,
        "lat": 25.02814081012137,
        "osm_query": "新北市板橋區裕民街",
        "osm_display_name": "裕民街, 吉翠里, 板橋區, 新庄(海山口), 新北市, 22048, 臺灣"
      },
      "geometry": {
        "type": "Point",
        "coordinates": [
          121.46042582707241,
          25.02814081012137
        ]
      }
    },
    {
      "type": "Feature",
      "properties": {
        "source_row_no": 226,
        "city": "新北市",
        "normalized_city": "新北市",
        "district": "鶯歌區",
        "vendor_category_code": "6",
        "vendor_category": "物流業",
        "registration_item": "物流營業場所",
        "registration_no": "F-153348199-00002-7",
        "name": "金興發物流中心",
        "address": "新北市鶯歌區中正三路238巷57號",
        "company_registration_name": "金興發股份有限公司師大一分公司",
        "source_page": 6,
        "point_type": "業者點位",
        "location_method": "OpenStreetMap道路/地名定位",
        "source_count": 479,
        "geocoding_address": "新北市鶯歌區中正三路238巷57號",
        "lng": 121.33508563907368,
        "lat": 24.940204418838743,
        "osm_query": "新北市鶯歌區中正三路",
        "osm_display_name": "鶯歌高職, 154, 中正三路, 二橋里, 鶯歌區, 二橋, 新北市, 23942, 臺灣"
      },
      "geometry": {
        "type": "Point",
        "coordinates": [
          121.33508563907368,
          24.940204418838743
        ]
      }
    },
    {
      "type": "Feature",
      "properties": {
        "source_row_no": 227,
        "city": "新北市",
        "normalized_city": "新北市",
        "district": "中和區",
        "vendor_category_code": "6",
        "vendor_category": "物流業",
        "registration_item": "物流營業場所",
        "registration_no": "F-142736019-00001-6",
        "name": "金員食品有限公司",
        "address": "新北市中和區中山路二段482巷47號",
        "company_registration_name": "金員食品有限公司",
        "source_page": 6,
        "point_type": "業者點位",
        "location_method": "OpenStreetMap道路/地名定位",
        "source_count": 479,
        "geocoding_address": "新北市中和區中山路二段482巷47號",
        "lng": 121.50297745183822,
        "lat": 25.0034246475989,
        "osm_query": "新北市中和區中山路二段",
        "osm_display_name": "中山路二段, 佳和里, 中和區, 枋寮, 新北市, 23554, 臺灣"
      },
      "geometry": {
        "type": "Point",
        "coordinates": [
          121.50297745183822,
          25.0034246475989
        ]
      }
    },
    {
      "type": "Feature",
      "properties": {
        "source_row_no": 228,
        "city": "新北市",
        "normalized_city": "新北市",
        "district": "中和區",
        "vendor_category_code": "6",
        "vendor_category": "物流業",
        "registration_item": "物流營業場所",
        "registration_no": "F-154293236-00001-8",
        "name": "富揚冷凍",
        "address": "新北市中和區橋和路105號4樓",
        "company_registration_name": "穩鮮實業有限公司",
        "source_page": 6,
        "point_type": "業者點位",
        "location_method": "OpenStreetMap道路/地名定位",
        "source_count": 479,
        "geocoding_address": "新北市中和區橋和路105號",
        "lng": 121.49695079016956,
        "lat": 25.0071937505573,
        "osm_query": "新北市中和區橋和路",
        "osm_display_name": "橋和路, 中原里, 中和區, 枋寮, 新北市, 23557, 臺灣"
      },
      "geometry": {
        "type": "Point",
        "coordinates": [
          121.49695079016956,
          25.0071937505573
        ]
      }
    },
    {
      "type": "Feature",
      "properties": {
        "source_row_no": 229,
        "city": "新北市",
        "normalized_city": "新北市",
        "district": "汐止區",
        "vendor_category_code": "6",
        "vendor_category": "物流業",
        "registration_item": "物流營業場所",
        "registration_no": "F-202310322-00001-8",
        "name": "虎春有限公司",
        "address": "新北市汐止區福德二路229-1號",
        "company_registration_name": "虎春有限公司",
        "source_page": 6,
        "point_type": "業者點位",
        "location_method": "OpenStreetMap道路/地名定位",
        "source_count": 479,
        "geocoding_address": "新北市汐止區福德二路229-1號",
        "lng": 121.6306716523516,
        "lat": 25.065355218366,
        "osm_query": "新北市汐止區福德二路",
        "osm_display_name": "福德二路, 中興里, 汐止區, 橫科, 新北市, 22154, 臺灣"
      },
      "geometry": {
        "type": "Point",
        "coordinates": [
          121.6306716523516,
          25.065355218366
        ]
      }
    },
    {
      "type": "Feature",
      "properties": {
        "source_row_no": 230,
        "city": "新北市",
        "normalized_city": "新北市",
        "district": "五股區",
        "vendor_category_code": "6",
        "vendor_category": "物流業",
        "registration_item": "物流營業場所",
        "registration_no": "A-102059934-00001-1",
        "name": "新北巿五股區新五路三段26號",
        "address": "新北市五股區新五路3段26號",
        "company_registration_name": "永達汽車貨運股份有限公司",
        "source_page": 6,
        "point_type": "業者點位",
        "location_method": "OpenStreetMap道路/地名定位",
        "source_count": 479,
        "geocoding_address": "新北市五股區新五路3段26號",
        "lng": 121.4458614355045,
        "lat": 25.090077559709453,
        "osm_query": "新北市五股區新五路3段",
        "osm_display_name": "新五路三段, 洲子洋重劃區, 成泰里, 五股區, 新北市, 248017, 臺灣"
      },
      "geometry": {
        "type": "Point",
        "coordinates": [
          121.4458614355045,
          25.090077559709453
        ]
      }
    },
    {
      "type": "Feature",
      "properties": {
        "source_row_no": 231,
        "city": "新北市",
        "normalized_city": "新北市",
        "district": "中和區",
        "vendor_category_code": "6",
        "vendor_category": "物流業",
        "registration_item": "物流營業場所",
        "registration_no": "F-170762591-00803-1",
        "name": "錦和營業所",
        "address": "新北市中和區員山路36巷8之3號",
        "company_registration_name": "統一速達股份有限公司",
        "source_page": 6,
        "point_type": "業者點位",
        "location_method": "OpenStreetMap道路/地名定位",
        "source_count": 479,
        "geocoding_address": "新北市中和區員山路36巷8之3號",
        "lng": 121.48180754337025,
        "lat": 24.99214931327932,
        "osm_query": "新北市中和區員山路",
        "osm_display_name": "員山路, 灰磘里, 中和區, 中坑, 新北市, 23552, 臺灣"
      },
      "geometry": {
        "type": "Point",
        "coordinates": [
          121.48180754337025,
          24.99214931327932
        ]
      }
    },
    {
      "type": "Feature",
      "properties": {
        "source_row_no": 232,
        "city": "新北市",
        "normalized_city": "新北市",
        "district": "五股區",
        "vendor_category_code": "6",
        "vendor_category": "物流業",
        "registration_item": "物流營業場所",
        "registration_no": "F-182921829-00001-5",
        "name": "特伯萊有限公司",
        "address": "新北市五股區五權路14號(2樓)",
        "company_registration_name": "特伯萊有限公司",
        "source_page": 6,
        "point_type": "業者點位",
        "location_method": "OpenStreetMap道路/地名定位",
        "source_count": 479,
        "geocoding_address": "新北市五股區五權路14號(",
        "osm_query": "五權路 五股區 新北市",
        "osm_display_name": "五權路, 新北產業園區, 興珍里, 五股區, 新北市, 242204, 臺灣",
        "lng": 121.44917522699859,
        "lat": 25.06508392718476
      },
      "geometry": {
        "type": "Point",
        "coordinates": [
          121.44917522699859,
          25.06508392718476
        ]
      }
    },
    {
      "type": "Feature",
      "properties": {
        "source_row_no": 233,
        "city": "新北市",
        "normalized_city": "新北市",
        "district": "土城區",
        "vendor_category_code": "6",
        "vendor_category": "物流業",
        "registration_item": "物流營業場所",
        "registration_no": "F-102386162-00002-3",
        "name": "巧舜企業有限公司",
        "address": "新北市土城區中華路一段56巷51號",
        "company_registration_name": "佳懋企業社",
        "source_page": 6,
        "point_type": "業者點位",
        "location_method": "OpenStreetMap道路/地名定位",
        "source_count": 479,
        "geocoding_address": "新北市土城區中華路一段56巷51號",
        "lng": 121.44348164009067,
        "lat": 24.985325146582845,
        "osm_query": "新北市土城區中華路一段",
        "osm_display_name": "中華路一段, 日和里, 土城區, 清水, 新北市, 236028, 臺灣"
      },
      "geometry": {
        "type": "Point",
        "coordinates": [
          121.44348164009067,
          24.985325146582845
        ]
      }
    },
    {
      "type": "Feature",
      "properties": {
        "source_row_no": 234,
        "city": "新北市",
        "normalized_city": "新北市",
        "district": "五股區",
        "vendor_category_code": "6",
        "vendor_category": "物流業",
        "registration_item": "物流營業場所",
        "registration_no": "F-190044970-00001-7",
        "name": "盈泇倉儲有限公司",
        "address": "新北市五股區成泰路一段98巷19號",
        "company_registration_name": "盈和聚有限公司",
        "source_page": 6,
        "point_type": "業者點位",
        "location_method": "OpenStreetMap道路/地名定位",
        "source_count": 479,
        "geocoding_address": "新北市五股區成泰路一段98巷19號",
        "lng": 121.4357565,
        "lat": 25.078689100000002,
        "osm_query": "新北市五股區成泰路一段",
        "osm_display_name": "成泰路一段, 德音里, 五股區, 新北市, 24870, 臺灣"
      },
      "geometry": {
        "type": "Point",
        "coordinates": [
          121.4357565,
          25.078689100000002
        ]
      }
    },
    {
      "type": "Feature",
      "properties": {
        "source_row_no": 235,
        "city": "新北市",
        "normalized_city": "新北市",
        "district": "汐止區",
        "vendor_category_code": "6",
        "vendor_category": "物流業",
        "registration_item": "物流營業場所",
        "registration_no": "F-128840693-00004-7",
        "name": "物流廠",
        "address": "新北市汐止區南陽街180巷18號",
        "company_registration_name": "福業國際股份有限公司",
        "source_page": 6,
        "point_type": "業者點位",
        "location_method": "OpenStreetMap道路/地名定位",
        "source_count": 479,
        "geocoding_address": "新北市汐止區南陽街180巷18號",
        "lng": 121.62555988067366,
        "lat": 25.05884211760769,
        "osm_query": "新北市汐止區南陽街",
        "osm_display_name": "南陽街, 環河里, 汐止區, 橫科, 新北市, 221009, 臺灣"
      },
      "geometry": {
        "type": "Point",
        "coordinates": [
          121.62555988067366,
          25.05884211760769
        ]
      }
    },
    {
      "type": "Feature",
      "properties": {
        "source_row_no": 236,
        "city": "新北市",
        "normalized_city": "新北市",
        "district": "新莊區",
        "vendor_category_code": "6",
        "vendor_category": "物流業",
        "registration_item": "物流營業場所",
        "registration_no": "F-142638158-00004-4",
        "name": "侑祥興業有限公司",
        "address": "新北市新莊區化成路190巷3號1樓",
        "company_registration_name": "侑祥興業有限公司",
        "source_page": 6,
        "point_type": "業者點位",
        "location_method": "OpenStreetMap道路/地名定位",
        "source_count": 479,
        "geocoding_address": "新北市新莊區化成路190巷3號",
        "lng": 121.4635817232329,
        "lat": 25.066267756138163,
        "osm_query": "新北市新莊區化成路",
        "osm_display_name": "化成路, 福基里, 新莊區, 新北市, 24888, 臺灣"
      },
      "geometry": {
        "type": "Point",
        "coordinates": [
          121.4635817232329,
          25.066267756138163
        ]
      }
    },
    {
      "type": "Feature",
      "properties": {
        "source_row_no": 237,
        "city": "新北市",
        "normalized_city": "新北市",
        "district": "板橋區",
        "vendor_category_code": "6",
        "vendor_category": "物流業",
        "registration_item": "物流營業場所",
        "registration_no": "F-182849539-00001-2",
        "name": "邵桀跨境有限公司",
        "address": "新北市板橋區漢生東路193巷45弄9號",
        "company_registration_name": "邵桀跨境有限公司",
        "source_page": 6,
        "point_type": "業者點位",
        "location_method": "OpenStreetMap道路/地名定位",
        "source_count": 479,
        "geocoding_address": "新北市板橋區漢生東路193巷45弄9號",
        "lng": 121.47008279152882,
        "lat": 25.010761275118266,
        "osm_query": "新北市板橋區漢生東路",
        "osm_display_name": "漢生東路, 深丘里, 板橋區, 深丘, 新北市, 220225, 臺灣"
      },
      "geometry": {
        "type": "Point",
        "coordinates": [
          121.47008279152882,
          25.010761275118266
        ]
      }
    },
    {
      "type": "Feature",
      "properties": {
        "source_row_no": 238,
        "city": "新北市",
        "normalized_city": "新北市",
        "district": "新莊區",
        "vendor_category_code": "6",
        "vendor_category": "物流業",
        "registration_item": "物流營業場所",
        "registration_no": "F-200243055-00001-4",
        "name": "工作室",
        "address": "新北市新莊區立信三街35巷21號1樓",
        "company_registration_name": "簡單選物企業社",
        "source_page": 6,
        "point_type": "業者點位",
        "location_method": "OpenStreetMap道路/地名定位",
        "source_count": 479,
        "geocoding_address": "新北市新莊區立信三街35巷21號",
        "lng": 121.44396310344767,
        "lat": 25.050465804879536,
        "osm_query": "新北市新莊區立信三街",
        "osm_display_name": "立信三街, 立廷里, 新莊區, 中港厝, 新北市, 242027, 臺灣"
      },
      "geometry": {
        "type": "Point",
        "coordinates": [
          121.44396310344767,
          25.050465804879536
        ]
      }
    },
    {
      "type": "Feature",
      "properties": {
        "source_row_no": 239,
        "city": "新北市",
        "normalized_city": "新北市",
        "district": "五股區",
        "vendor_category_code": "6",
        "vendor_category": "物流業",
        "registration_item": "物流營業場所",
        "registration_no": "F-197331385-00001-3",
        "name": "洪立物流有限公司",
        "address": "新北市五股區芳洲八路72號",
        "company_registration_name": "洪立物流有限公司",
        "source_page": 6,
        "point_type": "業者點位",
        "location_method": "OpenStreetMap道路/地名定位",
        "source_count": 479,
        "geocoding_address": "新北市五股區芳洲八路72號",
        "lng": 121.44651879850164,
        "lat": 25.087936875,
        "osm_query": "新北市五股區芳洲八路",
        "osm_display_name": "芳洲八路, 洲子洋重劃區, 成泰里, 五股區, 新北市, 248017, 臺灣"
      },
      "geometry": {
        "type": "Point",
        "coordinates": [
          121.44651879850164,
          25.087936875
        ]
      }
    },
    {
      "type": "Feature",
      "properties": {
        "source_row_no": 240,
        "city": "新北市",
        "normalized_city": "新北市",
        "district": "三重區",
        "vendor_category_code": "6",
        "vendor_category": "物流業",
        "registration_item": "物流營業場所",
        "registration_no": "F-153182269-00001-0",
        "name": "車場",
        "address": "新北市三重區自強路3段46號4樓",
        "company_registration_name": "和萬通運有限公司",
        "source_page": 6,
        "point_type": "業者點位",
        "location_method": "OpenStreetMap道路/地名定位",
        "source_count": 479,
        "geocoding_address": "新北市三重區自強路3段46號",
        "lng": 121.48722844379178,
        "lat": 25.074969907232294,
        "osm_query": "新北市三重區自強路3段",
        "osm_display_name": "自強路三段, 永吉里, 三重區, 新北市, 241061, 臺灣"
      },
      "geometry": {
        "type": "Point",
        "coordinates": [
          121.48722844379178,
          25.074969907232294
        ]
      }
    },
    {
      "type": "Feature",
      "properties": {
        "source_row_no": 241,
        "city": "新北市",
        "normalized_city": "新北市",
        "district": "中和區",
        "vendor_category_code": "6",
        "vendor_category": "物流業",
        "registration_item": "物流營業場所",
        "registration_no": "F-115900227-00001-0",
        "name": "富帆商店",
        "address": "新北市中和區建康路252號1樓",
        "company_registration_name": "富帆商店",
        "source_page": 7,
        "point_type": "業者點位",
        "location_method": "OpenStreetMap道路/地名定位",
        "source_count": 479,
        "geocoding_address": "新北市中和區建康路252號",
        "lng": 121.4868700872249,
        "lat": 25.00010677751567,
        "osm_query": "新北市中和區建康路",
        "osm_display_name": "建康路, 平河里, 中和區, 中坑, 新北市, 23511, 臺灣"
      },
      "geometry": {
        "type": "Point",
        "coordinates": [
          121.4868700872249,
          25.00010677751567
        ]
      }
    },
    {
      "type": "Feature",
      "properties": {
        "source_row_no": 242,
        "city": "新北市",
        "normalized_city": "新北市",
        "district": "板橋區",
        "vendor_category_code": "6",
        "vendor_category": "物流業",
        "registration_item": "物流營業場所",
        "registration_no": "F-125041350-00003-6",
        "name": "新北板橋集貨中心",
        "address": "新北市板橋區金門街215巷82號",
        "company_registration_name": "瓊馥有限公司",
        "source_page": 7,
        "point_type": "業者點位",
        "location_method": "OpenStreetMap道路/地名定位",
        "source_count": 479,
        "geocoding_address": "新北市板橋區金門街215巷82號",
        "lng": 121.43348354563754,
        "lat": 24.99436480672439,
        "osm_query": "新北市板橋區金門街",
        "osm_display_name": "金門街, 成和里, 板橋區, 新北市, 22072, 臺灣"
      },
      "geometry": {
        "type": "Point",
        "coordinates": [
          121.43348354563754,
          24.99436480672439
        ]
      }
    },
    {
      "type": "Feature",
      "properties": {
        "source_row_no": 243,
        "city": "新北市",
        "normalized_city": "新北市",
        "district": "中和區",
        "vendor_category_code": "6",
        "vendor_category": "物流業",
        "registration_item": "物流營業場所",
        "registration_no": "F-129487353-00001-5",
        "name": "承泰起重行泰起重行",
        "address": "新北市中和區景新街２６７之４號５樓",
        "company_registration_name": "承泰起重行",
        "source_page": 7,
        "point_type": "業者點位",
        "location_method": "OpenStreetMap道路/地名定位",
        "source_count": 479,
        "geocoding_address": "新北市中和區景新街２６７之４號",
        "lng": 121.50491918258491,
        "lat": 24.998893975242808,
        "osm_query": "新北市中和區景新街",
        "osm_display_name": "景新街, 漳和里, 中和區, 枋寮, 新北市, 235068, 臺灣"
      },
      "geometry": {
        "type": "Point",
        "coordinates": [
          121.50491918258491,
          24.998893975242808
        ]
      }
    },
    {
      "type": "Feature",
      "properties": {
        "source_row_no": 244,
        "city": "新北市",
        "normalized_city": "新北市",
        "district": "三重區",
        "vendor_category_code": "6",
        "vendor_category": "物流業",
        "registration_item": "物流營業場所",
        "registration_no": "F-124726192-00002-8",
        "name": "晟益",
        "address": "新北市三重區中正北路428巷9號(1樓)",
        "company_registration_name": "晟益有限公司",
        "source_page": 7,
        "point_type": "業者點位",
        "location_method": "OpenStreetMap道路/地名定位",
        "source_count": 479,
        "geocoding_address": "新北市三重區中正北路428巷9號(",
        "lng": 121.47247764853698,
        "lat": 25.07173374771287,
        "osm_query": "新北市三重區中正北路",
        "osm_display_name": "中正北路, 大有里, 三重區, 新北市, 24872, 臺灣"
      },
      "geometry": {
        "type": "Point",
        "coordinates": [
          121.47247764853698,
          25.07173374771287
        ]
      }
    },
    {
      "type": "Feature",
      "properties": {
        "source_row_no": 245,
        "city": "新北市",
        "normalized_city": "新北市",
        "district": "八里區",
        "vendor_category_code": "6",
        "vendor_category": "物流業",
        "registration_item": "物流營業場所",
        "registration_no": "F-150755776-00002-7",
        "name": "超捷國際運輸股份有限公司",
        "address": "新北市八里區廈竹圍23-1號台北港東1之1第二倉庫",
        "company_registration_name": "超捷國際運輸股份有限公司",
        "source_page": 7,
        "point_type": "業者點位",
        "location_method": "OpenStreetMap道路/地名定位",
        "source_count": 479,
        "geocoding_address": "新北市八里區廈竹圍23-1號台北港東1之1第二倉庫",
        "lng": 121.3932055808931,
        "lat": 25.143427517011766,
        "osm_query": "新北市八里區廈竹圍",
        "osm_display_name": "廈竹圍, 中山路三段, 訊塘里, 八里區, 下罟子, 新北市, 249002, 臺灣"
      },
      "geometry": {
        "type": "Point",
        "coordinates": [
          121.3932055808931,
          25.143427517011766
        ]
      }
    },
    {
      "type": "Feature",
      "properties": {
        "source_row_no": 246,
        "city": "新北市",
        "normalized_city": "新北市",
        "district": "板橋區",
        "vendor_category_code": "6",
        "vendor_category": "物流業",
        "registration_item": "物流營業場所",
        "registration_no": "F-127744166-00001-1",
        "name": "澤峰",
        "address": "新北市板橋區建國街74號",
        "company_registration_name": "澤鋒貿易有限公司",
        "source_page": 7,
        "point_type": "業者點位",
        "location_method": "OpenStreetMap道路/地名定位",
        "source_count": 479,
        "geocoding_address": "新北市板橋區建國街74號",
        "lng": 121.459292720973,
        "lat": 25.017179956723485,
        "osm_query": "新北市板橋區建國街",
        "osm_display_name": "建國街, 建國里, 板橋區, 社後, 新北市, 22050, 臺灣"
      },
      "geometry": {
        "type": "Point",
        "coordinates": [
          121.459292720973,
          25.017179956723485
        ]
      }
    },
    {
      "type": "Feature",
      "properties": {
        "source_row_no": 247,
        "city": "新北市",
        "normalized_city": "新北市",
        "district": "中和區",
        "vendor_category_code": "6",
        "vendor_category": "物流業",
        "registration_item": "物流營業場所",
        "registration_no": "F-142718595-00001-5",
        "name": "雷鯊物流有限公司",
        "address": "新北市中和區員山路82巷10弄1號3樓",
        "company_registration_name": "雷鯊物流有限公司",
        "source_page": 7,
        "point_type": "業者點位",
        "location_method": "OpenStreetMap道路/地名定位",
        "source_count": 479,
        "geocoding_address": "新北市中和區員山路82巷10弄1號",
        "lng": 121.48176851711656,
        "lat": 24.991833439233265,
        "osm_query": "新北市中和區員山路",
        "osm_display_name": "員山路, 灰磘里, 中和區, 中坑, 新北市, 23552, 臺灣"
      },
      "geometry": {
        "type": "Point",
        "coordinates": [
          121.48176851711656,
          24.991833439233265
        ]
      }
    },
    {
      "type": "Feature",
      "properties": {
        "source_row_no": 248,
        "city": "新北市",
        "normalized_city": "新北市",
        "district": "新莊區",
        "vendor_category_code": "6",
        "vendor_category": "物流業",
        "registration_item": "物流營業場所",
        "registration_no": "F-200042268-00001-7",
        "name": "忠欣蔬果",
        "address": "新北市新莊區化成路203號",
        "company_registration_name": "鄉村農產企業社",
        "source_page": 7,
        "point_type": "業者點位",
        "location_method": "OpenStreetMap道路/地名定位",
        "source_count": 479,
        "geocoding_address": "新北市新莊區化成路203號",
        "lng": 121.4636046145981,
        "lat": 25.066358407899582,
        "osm_query": "新北市新莊區化成路",
        "osm_display_name": "化成路, 福基里, 新莊區, 新北市, 24888, 臺灣"
      },
      "geometry": {
        "type": "Point",
        "coordinates": [
          121.4636046145981,
          25.066358407899582
        ]
      }
    },
    {
      "type": "Feature",
      "properties": {
        "source_row_no": 249,
        "city": "新北市",
        "normalized_city": "新北市",
        "district": "樹林區",
        "vendor_category_code": "6",
        "vendor_category": "物流業",
        "registration_item": "物流營業場所",
        "registration_no": "F-150989655-00001-1",
        "name": "台灣共乘貨運有限公司",
        "address": "新北市樹林區俊英街219巷45弄22-1號",
        "company_registration_name": "台灣共乘貨運有限公司",
        "source_page": 7,
        "point_type": "業者點位",
        "location_method": "OpenStreetMap道路/地名定位",
        "source_count": 479,
        "geocoding_address": "新北市樹林區俊英街219巷45弄22-1號",
        "lng": 121.42573684810833,
        "lat": 25.008336992273396,
        "osm_query": "新北市樹林區俊英街",
        "osm_display_name": "俊英街, 圳安里, 樹林區, 三角埔, 新北市, 23878, 臺灣"
      },
      "geometry": {
        "type": "Point",
        "coordinates": [
          121.42573684810833,
          25.008336992273396
        ]
      }
    },
    {
      "type": "Feature",
      "properties": {
        "source_row_no": 250,
        "city": "新北市",
        "normalized_city": "新北市",
        "district": "五股區",
        "vendor_category_code": "6",
        "vendor_category": "物流業",
        "registration_item": "物流營業場所",
        "registration_no": "F-200187987-00001-5",
        "name": "富益食品商行",
        "address": "新北市五股區明德路12巷5號",
        "company_registration_name": "富益食品商行",
        "source_page": 7,
        "point_type": "業者點位",
        "location_method": "OpenStreetMap道路/地名定位",
        "source_count": 479,
        "geocoding_address": "新北市五股區明德路12巷5號",
        "lng": 121.4339743756391,
        "lat": 25.071188129722742,
        "osm_query": "新北市五股區明德路",
        "osm_display_name": "明德路, 水碓里, 五股區, 新北市, 24855, 臺灣"
      },
      "geometry": {
        "type": "Point",
        "coordinates": [
          121.4339743756391,
          25.071188129722742
        ]
      }
    },
    {
      "type": "Feature",
      "properties": {
        "source_row_no": 251,
        "city": "新北市",
        "normalized_city": "新北市",
        "district": "土城區",
        "vendor_category_code": "6",
        "vendor_category": "物流業",
        "registration_item": "物流營業場所",
        "registration_no": "F-200246523-00002-8",
        "name": "添大興菸酒商行",
        "address": "新北市土城區永豐路135巷5之1號",
        "company_registration_name": "添大興菸酒商行",
        "source_page": 7,
        "point_type": "業者點位",
        "location_method": "OpenStreetMap道路/地名定位",
        "source_count": 479,
        "geocoding_address": "新北市土城區永豐路135巷5之1號",
        "lng": 121.46190326410672,
        "lat": 24.98852594778777,
        "osm_query": "新北市土城區永豐路",
        "osm_display_name": "永豐路, 清溪里, 土城區, 清水, 新北市, 236013, 臺灣"
      },
      "geometry": {
        "type": "Point",
        "coordinates": [
          121.46190326410672,
          24.98852594778777
        ]
      }
    },
    {
      "type": "Feature",
      "properties": {
        "source_row_no": 252,
        "city": "新北市",
        "normalized_city": "新北市",
        "district": "新莊區",
        "vendor_category_code": "6",
        "vendor_category": "物流業",
        "registration_item": "物流營業場所",
        "registration_no": "F-193619289-00001-1",
        "name": "總公司",
        "address": "新北市新莊區中華路3段216號13樓",
        "company_registration_name": "晶強和牛貿易股份有限公司",
        "source_page": 7,
        "point_type": "業者點位",
        "location_method": "OpenStreetMap道路/地名定位",
        "source_count": 479,
        "geocoding_address": "新北市新莊區中華路3段216號",
        "lng": 121.45132757547812,
        "lat": 25.05975843240073,
        "osm_query": "新北市新莊區中華路3段",
        "osm_display_name": "中華路三段, 中隆里, 新莊區, 中港厝, 新北市, 24247, 臺灣"
      },
      "geometry": {
        "type": "Point",
        "coordinates": [
          121.45132757547812,
          25.05975843240073
        ]
      }
    },
    {
      "type": "Feature",
      "properties": {
        "source_row_no": 253,
        "city": "新北市",
        "normalized_city": "新北市",
        "district": "土城區",
        "vendor_category_code": "6",
        "vendor_category": "物流業",
        "registration_item": "物流營業場所",
        "registration_no": "I-184710429-00001-2",
        "name": "和盟土城配送中心",
        "address": "新北市土城區土城區忠義路90之2號",
        "company_registration_name": "和盟流通股份有限公司",
        "source_page": 7,
        "point_type": "業者點位",
        "location_method": "OpenStreetMap道路/地名定位",
        "source_count": 479,
        "geocoding_address": "新北市土城區土城區忠義路90之2號",
        "lng": 121.44049511125513,
        "lat": 24.97041854923365,
        "osm_query": "新北市土城區土城區忠義路",
        "osm_display_name": "忠義路, 埤塘里, 土城區, 清水, 新北市, 236034, 臺灣"
      },
      "geometry": {
        "type": "Point",
        "coordinates": [
          121.44049511125513,
          24.97041854923365
        ]
      }
    },
    {
      "type": "Feature",
      "properties": {
        "source_row_no": 254,
        "city": "新北市",
        "normalized_city": "新北市",
        "district": "新莊區",
        "vendor_category_code": "6",
        "vendor_category": "物流業",
        "registration_item": "物流營業場所",
        "registration_no": "F-200218069-00001-1",
        "name": "建達貨運行",
        "address": "新北市新莊區民安東路136號",
        "company_registration_name": "建達貨運行",
        "source_page": 7,
        "point_type": "業者點位",
        "location_method": "OpenStreetMap道路/地名定位",
        "source_count": 479,
        "geocoding_address": "新北市新莊區民安東路136號",
        "lng": 121.43244978972439,
        "lat": 25.020742138451197,
        "osm_query": "新北市新莊區民安東路",
        "osm_display_name": "民安東路, 西盛里, 新莊區, 瓊林, 新北市, 242053, 臺灣"
      },
      "geometry": {
        "type": "Point",
        "coordinates": [
          121.43244978972439,
          25.020742138451197
        ]
      }
    },
    {
      "type": "Feature",
      "properties": {
        "source_row_no": 255,
        "city": "新北市",
        "normalized_city": "新北市",
        "district": "新店區",
        "vendor_category_code": "6",
        "vendor_category": "物流業",
        "registration_item": "物流營業場所",
        "registration_no": "F-180616921-00003-9",
        "name": "紅杉有限公司",
        "address": "新北市新店區寶高路7巷4號1樓",
        "company_registration_name": "紅杉有限公司",
        "source_page": 7,
        "point_type": "業者點位",
        "location_method": "OpenStreetMap道路/地名定位",
        "source_count": 479,
        "geocoding_address": "新北市新店區寶高路7巷4號",
        "lng": 121.55311345014762,
        "lat": 24.97701581943895,
        "osm_query": "新北市新店區寶高路",
        "osm_display_name": "寶高路, 寶橋工業區, 寶福里, 新店區, 大坪林, 新北市, 116019, 臺灣"
      },
      "geometry": {
        "type": "Point",
        "coordinates": [
          121.55311345014762,
          24.97701581943895
        ]
      }
    },
    {
      "type": "Feature",
      "properties": {
        "source_row_no": 256,
        "city": "新北市",
        "normalized_city": "新北市",
        "district": "土城區",
        "vendor_category_code": "6",
        "vendor_category": "物流業",
        "registration_item": "物流營業場所",
        "registration_no": "F-129133401-00003-9",
        "name": "暘益食品股份有限公司",
        "address": "新北市土城區亞洲路58巷5弄26號",
        "company_registration_name": "暘益食品股份有限公司",
        "source_page": 7,
        "point_type": "業者點位",
        "location_method": "OpenStreetMap道路/地名定位",
        "source_count": 479,
        "geocoding_address": "新北市土城區亞洲路58巷5弄26號",
        "lng": 121.43402844751212,
        "lat": 24.972314755385316,
        "osm_query": "新北市土城區亞洲路",
        "osm_display_name": "亞洲路, 員仁里, 土城區, 頂埔, 新北市, 236034, 臺灣"
      },
      "geometry": {
        "type": "Point",
        "coordinates": [
          121.43402844751212,
          24.972314755385316
        ]
      }
    },
    {
      "type": "Feature",
      "properties": {
        "source_row_no": 257,
        "city": "新北市",
        "normalized_city": "新北市",
        "district": "五股區",
        "vendor_category_code": "6",
        "vendor_category": "物流業",
        "registration_item": "物流營業場所",
        "registration_no": "F-170762591-00963-8",
        "name": "五股營業所",
        "address": "新北市五股區新城一路171號",
        "company_registration_name": "統一速達股份有限公司",
        "source_page": 7,
        "point_type": "業者點位",
        "location_method": "OpenStreetMap道路/地名定位",
        "source_count": 479,
        "geocoding_address": "新北市五股區新城一路171號",
        "lng": 121.44229916545412,
        "lat": 25.086291575704724,
        "osm_query": "新北市五股區新城一路",
        "osm_display_name": "新城一路, 洲子洋重劃區, 成泰里, 五股區, 新北市, 248017, 臺灣"
      },
      "geometry": {
        "type": "Point",
        "coordinates": [
          121.44229916545412,
          25.086291575704724
        ]
      }
    },
    {
      "type": "Feature",
      "properties": {
        "source_row_no": 258,
        "city": "新北市",
        "normalized_city": "新北市",
        "district": "汐止區",
        "vendor_category_code": "6",
        "vendor_category": "物流業",
        "registration_item": "物流營業場所",
        "registration_no": "F-202316708-00001-2",
        "name": "鮮達",
        "address": "新北市汐止區新台五路2段240號",
        "company_registration_name": "鮮達有限公司",
        "source_page": 7,
        "point_type": "業者點位",
        "location_method": "OpenStreetMap道路/地名定位",
        "source_count": 479,
        "geocoding_address": "新北市汐止區新台五路2段240號",
        "lng": 121.66134968368817,
        "lat": 25.065625780867176,
        "osm_query": "新北市汐止區新台五路2段",
        "osm_display_name": "新台五路二段, 秀峰里, 汐止區, 新北市, 22175, 臺灣"
      },
      "geometry": {
        "type": "Point",
        "coordinates": [
          121.66134968368817,
          25.065625780867176
        ]
      }
    },
    {
      "type": "Feature",
      "properties": {
        "source_row_no": 259,
        "city": "新北市",
        "normalized_city": "新北市",
        "district": "中和區",
        "vendor_category_code": "6",
        "vendor_category": "物流業",
        "registration_item": "物流營業場所",
        "registration_no": "F-142736019-00001-6",
        "name": "金員食品有限公司",
        "address": "新北市中和區中山路二段482巷47號",
        "company_registration_name": "金員食品有限公司",
        "source_page": 7,
        "point_type": "業者點位",
        "location_method": "OpenStreetMap道路/地名定位",
        "source_count": 479,
        "geocoding_address": "新北市中和區中山路二段482巷47號",
        "lng": 121.5025116431073,
        "lat": 25.003719314035294,
        "osm_query": "新北市中和區中山路二段",
        "osm_display_name": "中山路二段, 佳和里, 中和區, 枋寮, 新北市, 23554, 臺灣"
      },
      "geometry": {
        "type": "Point",
        "coordinates": [
          121.5025116431073,
          25.003719314035294
        ]
      }
    },
    {
      "type": "Feature",
      "properties": {
        "source_row_no": 260,
        "city": "新北市",
        "normalized_city": "新北市",
        "district": "土城區",
        "vendor_category_code": "6",
        "vendor_category": "物流業",
        "registration_item": "物流營業場所",
        "registration_no": "F-170762591-00947-0",
        "name": "土城營業所",
        "address": "新北市土城區中央路四段29-1號",
        "company_registration_name": "統一速達股份有限公司",
        "source_page": 7,
        "point_type": "業者點位",
        "location_method": "OpenStreetMap道路/地名定位",
        "source_count": 479,
        "geocoding_address": "新北市土城區中央路四段29-1號",
        "lng": 121.42358155300413,
        "lat": 24.962380889010035,
        "osm_query": "新北市土城區中央路四段",
        "osm_display_name": "中央路四段, 頂埔里, 土城區, 頂埔, 新北市, 236041, 臺灣"
      },
      "geometry": {
        "type": "Point",
        "coordinates": [
          121.42358155300413,
          24.962380889010035
        ]
      }
    },
    {
      "type": "Feature",
      "properties": {
        "source_row_no": 261,
        "city": "新北市",
        "normalized_city": "新北市",
        "district": "八里區",
        "vendor_category_code": "6",
        "vendor_category": "物流業",
        "registration_item": "物流營業場所",
        "registration_no": "F-200169476-00001-8",
        "name": "中華路三段192-1號",
        "address": "新北市八里區中華路三段192-1號",
        "company_registration_name": "和發交通運輸有限公司",
        "source_page": 7,
        "point_type": "業者點位",
        "location_method": "OpenStreetMap道路/地名定位",
        "source_count": 479,
        "geocoding_address": "新北市八里區中華路三段192-1號",
        "lng": 121.38867383629238,
        "lat": 25.11985054797153,
        "osm_query": "新北市八里區中華路三段",
        "osm_display_name": "中華路三段, 長坑里, 八里區, 新北市, 24941, 臺灣"
      },
      "geometry": {
        "type": "Point",
        "coordinates": [
          121.38867383629238,
          25.11985054797153
        ]
      }
    },
    {
      "type": "Feature",
      "properties": {
        "source_row_no": 262,
        "city": "新北市",
        "normalized_city": "新北市",
        "district": "新店區",
        "vendor_category_code": "6",
        "vendor_category": "物流業",
        "registration_item": "物流營業場所",
        "registration_no": "F-200219712-00002-8",
        "name": "一家四口甜品坊",
        "address": "新北市新店區北新路3段65巷8號4樓",
        "company_registration_name": "一家四口甜品坊",
        "source_page": 7,
        "point_type": "業者點位",
        "location_method": "OpenStreetMap道路/地名定位",
        "source_count": 479,
        "geocoding_address": "新北市新店區北新路3段65巷8號",
        "lng": 121.54155766965937,
        "lat": 24.982670733319026,
        "osm_query": "新北市新店區北新路3段",
        "osm_display_name": "新北市農會文山茶推廣中心, 148, 北新路三段, 寶安里, 新店區, 大坪林, 新北市, 231, 臺灣"
      },
      "geometry": {
        "type": "Point",
        "coordinates": [
          121.54155766965937,
          24.982670733319026
        ]
      }
    },
    {
      "type": "Feature",
      "properties": {
        "source_row_no": 263,
        "city": "新北市",
        "normalized_city": "新北市",
        "district": "汐止區",
        "vendor_category_code": "6",
        "vendor_category": "物流業",
        "registration_item": "物流營業場所",
        "registration_no": "F-155792934-00001-8",
        "name": "洋順汽車交通股份有限公司",
        "address": "新北市汐止區福安街20巷24號1樓",
        "company_registration_name": "洋順汽車交通股份有限公司",
        "source_page": 7,
        "point_type": "業者點位",
        "location_method": "OpenStreetMap道路/地名定位",
        "source_count": 479,
        "geocoding_address": "新北市汐止區福安街20巷24號",
        "lng": 121.66182809237412,
        "lat": 25.06564686332878,
        "osm_query": "新北市汐止區福安街",
        "osm_display_name": "福安街, 秀峰里, 汐止區, 新北市, 22175, 臺灣"
      },
      "geometry": {
        "type": "Point",
        "coordinates": [
          121.66182809237412,
          25.06564686332878
        ]
      }
    },
    {
      "type": "Feature",
      "properties": {
        "source_row_no": 264,
        "city": "新北市",
        "normalized_city": "新北市",
        "district": "林口區",
        "vendor_category_code": "6",
        "vendor_category": "物流業",
        "registration_item": "物流營業場所",
        "registration_no": "F-189713706-00002-6",
        "name": "金台北",
        "address": "新北市林口區南勢里2鄰77-36號",
        "company_registration_name": "陽業有限公司",
        "source_page": 7,
        "point_type": "業者點位",
        "location_method": "OpenStreetMap道路/地名定位",
        "source_count": 479,
        "geocoding_address": "新北市林口區南勢里77-36號",
        "lng": 121.36376454740943,
        "lat": 25.072813480364186,
        "osm_query": "新北市林口區南勢",
        "osm_display_name": "南勢, 林口區, 新北市, 24448, 臺灣"
      },
      "geometry": {
        "type": "Point",
        "coordinates": [
          121.36376454740943,
          25.072813480364186
        ]
      }
    },
    {
      "type": "Feature",
      "properties": {
        "source_row_no": 265,
        "city": "新北市",
        "normalized_city": "新北市",
        "district": "三重區",
        "vendor_category_code": "6",
        "vendor_category": "物流業",
        "registration_item": "物流營業場所",
        "registration_no": "F-170762591-00969-4",
        "name": "三重二營業所",
        "address": "新北市三重區光復路2段86號及86號之2",
        "company_registration_name": "統一速達股份有限公司",
        "source_page": 7,
        "point_type": "業者點位",
        "location_method": "OpenStreetMap道路/地名定位",
        "source_count": 479,
        "geocoding_address": "新北市三重區光復路2段86號及86號之2",
        "lng": 121.47196354513709,
        "lat": 25.061417012993964,
        "osm_query": "新北市三重區光復路2段",
        "osm_display_name": "光復路二段, 頂崁工業區, 頂崁里, 三重區, 頭前, 新北市, 241021, 臺灣"
      },
      "geometry": {
        "type": "Point",
        "coordinates": [
          121.47196354513709,
          25.061417012993964
        ]
      }
    },
    {
      "type": "Feature",
      "properties": {
        "source_row_no": 266,
        "city": "新北市",
        "normalized_city": "新北市",
        "district": "蘆洲區",
        "vendor_category_code": "6",
        "vendor_category": "物流業",
        "registration_item": "物流營業場所",
        "registration_no": "F-152519574-00001-2",
        "name": "立葳",
        "address": "新北市蘆洲區國道路二段一巷52號3樓",
        "company_registration_name": "泰瑜企業有限公司",
        "source_page": 7,
        "point_type": "業者點位",
        "location_method": "OpenStreetMap道路/地名定位",
        "source_count": 479,
        "geocoding_address": "新北市蘆洲區國道路二段一巷52號",
        "lng": 121.47118348653076,
        "lat": 25.07460273448731,
        "osm_query": "新北市蘆洲區國道路二段",
        "osm_display_name": "國道路二段, 得仁里, 蘆洲區, 新北市, 24872, 臺灣"
      },
      "geometry": {
        "type": "Point",
        "coordinates": [
          121.47118348653076,
          25.07460273448731
        ]
      }
    },
    {
      "type": "Feature",
      "properties": {
        "source_row_no": 267,
        "city": "新北市",
        "normalized_city": "新北市",
        "district": "汐止區",
        "vendor_category_code": "6",
        "vendor_category": "物流業",
        "registration_item": "物流營業場所",
        "registration_no": "F-128840693-00004-7",
        "name": "物流廠",
        "address": "新北市汐止區南陽街180巷18號",
        "company_registration_name": "福業國際股份有限公司",
        "source_page": 7,
        "point_type": "業者點位",
        "location_method": "OpenStreetMap道路/地名定位",
        "source_count": 479,
        "geocoding_address": "新北市汐止區南陽街180巷18號",
        "lng": 121.62530441217355,
        "lat": 25.05873871519375,
        "osm_query": "新北市汐止區南陽街",
        "osm_display_name": "南陽街, 環河里, 汐止區, 橫科, 新北市, 221009, 臺灣"
      },
      "geometry": {
        "type": "Point",
        "coordinates": [
          121.62530441217355,
          25.05873871519375
        ]
      }
    },
    {
      "type": "Feature",
      "properties": {
        "source_row_no": 268,
        "city": "新北市",
        "normalized_city": "新北市",
        "district": "淡水區",
        "vendor_category_code": "6",
        "vendor_category": "物流業",
        "registration_item": "物流營業場所",
        "registration_no": "F-141369866-00001-7",
        "name": "瑞昇商行",
        "address": "新北市淡水區竿蓁二街５１號",
        "company_registration_name": "瑞昇商行",
        "source_page": 7,
        "point_type": "業者點位",
        "location_method": "OpenStreetMap道路/地名定位",
        "source_count": 479,
        "geocoding_address": "新北市淡水區竿蓁二街５１號",
        "lng": 121.45490738556904,
        "lat": 25.163405861811547,
        "osm_query": "新北市淡水區竿蓁二街",
        "osm_display_name": "竿蓁二街, 竿蓁里, 淡水區, 紅樹林, 新北市, 25147, 臺灣"
      },
      "geometry": {
        "type": "Point",
        "coordinates": [
          121.45490738556904,
          25.163405861811547
        ]
      }
    },
    {
      "type": "Feature",
      "properties": {
        "source_row_no": 269,
        "city": "新北市",
        "normalized_city": "新北市",
        "district": "汐止區",
        "vendor_category_code": "6",
        "vendor_category": "物流業",
        "registration_item": "物流營業場所",
        "registration_no": "F-202310322-00001-8",
        "name": "虎春有限公司",
        "address": "新北市汐止區福德二路229-1號",
        "company_registration_name": "虎春有限公司",
        "source_page": 7,
        "point_type": "業者點位",
        "location_method": "OpenStreetMap道路/地名定位",
        "source_count": 479,
        "geocoding_address": "新北市汐止區福德二路229-1號",
        "lng": 121.63074939641045,
        "lat": 25.065189998456233,
        "osm_query": "新北市汐止區福德二路",
        "osm_display_name": "福德二路, 中興里, 汐止區, 橫科, 新北市, 22154, 臺灣"
      },
      "geometry": {
        "type": "Point",
        "coordinates": [
          121.63074939641045,
          25.065189998456233
        ]
      }
    },
    {
      "type": "Feature",
      "properties": {
        "source_row_no": 270,
        "city": "新北市",
        "normalized_city": "新北市",
        "district": "中和區",
        "vendor_category_code": "6",
        "vendor_category": "物流業",
        "registration_item": "物流營業場所",
        "registration_no": "F-184251727-00001-0",
        "name": "元鴻通運",
        "address": "新北市中和區連城路249巷10弄4號",
        "company_registration_name": "元鴻通運有限公司",
        "source_page": 7,
        "point_type": "業者點位",
        "location_method": "OpenStreetMap道路/地名定位",
        "source_count": 479,
        "geocoding_address": "新北市中和區連城路249巷10弄4號",
        "lng": 121.49417064932997,
        "lat": 24.997599425898066,
        "osm_query": "新北市中和區連城路",
        "osm_display_name": "連城路, 碧河里, 中和區, 枋寮, 新北市, 235, 臺灣"
      },
      "geometry": {
        "type": "Point",
        "coordinates": [
          121.49417064932997,
          24.997599425898066
        ]
      }
    },
    {
      "type": "Feature",
      "properties": {
        "source_row_no": 271,
        "city": "新北市",
        "normalized_city": "新北市",
        "district": "五股區",
        "vendor_category_code": "6",
        "vendor_category": "物流業",
        "registration_item": "物流營業場所",
        "registration_no": "F-186683165-00001-7",
        "name": "正暉股份有限公司",
        "address": "新北市五股區五權六路24號",
        "company_registration_name": "正固交通股份有限公司",
        "source_page": 7,
        "point_type": "業者點位",
        "location_method": "OpenStreetMap道路/地名定位",
        "source_count": 479,
        "geocoding_address": "新北市五股區五權六路24號",
        "osm_query": "五權六路 五股區 新北市",
        "osm_display_name": "五權六路, 新北產業園區, 興珍里, 五股區, 新北市, 242045, 臺灣",
        "lng": 121.45004550642737,
        "lat": 25.064683937833095
      },
      "geometry": {
        "type": "Point",
        "coordinates": [
          121.45004550642737,
          25.064683937833095
        ]
      }
    },
    {
      "type": "Feature",
      "properties": {
        "source_row_no": 272,
        "city": "新北市",
        "normalized_city": "新北市",
        "district": "八里區",
        "vendor_category_code": "6",
        "vendor_category": "物流業",
        "registration_item": "物流營業場所",
        "registration_no": "F-196906307-00001-4",
        "name": "嘉隆通運有限公司",
        "address": "新北市八里區新北市八里區頂寮一街４８號一樓",
        "company_registration_name": "嘉隆通運有限公司",
        "source_page": 7,
        "point_type": "業者點位",
        "location_method": "OpenStreetMap道路/地名定位",
        "source_count": 479,
        "geocoding_address": "新北市八里區頂寮一街４８號一樓",
        "osm_query": "新北市八里區頂寮一街",
        "osm_display_name": "頂寮一街, 龍源里, 八里區, 頂寮, 新北市, 249008, 臺灣",
        "lng": 121.4513815216832,
        "lat": 25.123352708136373
      },
      "geometry": {
        "type": "Point",
        "coordinates": [
          121.4513815216832,
          25.123352708136373
        ]
      }
    },
    {
      "type": "Feature",
      "properties": {
        "source_row_no": 273,
        "city": "新北市",
        "normalized_city": "新北市",
        "district": "汐止區",
        "vendor_category_code": "6",
        "vendor_category": "物流業",
        "registration_item": "物流營業場所",
        "registration_no": "F-194210768-00002-2",
        "name": "工廠",
        "address": "新北市汐止區新昌路37之1號3樓",
        "company_registration_name": "涅普頓有限公司",
        "source_page": 7,
        "point_type": "業者點位",
        "location_method": "OpenStreetMap道路/地名定位",
        "source_count": 479,
        "geocoding_address": "新北市汐止區新昌路37之1號",
        "lng": 121.66217467037714,
        "lat": 25.067963042283438,
        "osm_query": "新北市汐止區新昌路",
        "osm_display_name": "新昌路, 新昌里, 汐止區, 新北市, 22184, 臺灣"
      },
      "geometry": {
        "type": "Point",
        "coordinates": [
          121.66217467037714,
          25.067963042283438
        ]
      }
    },
    {
      "type": "Feature",
      "properties": {
        "source_row_no": 274,
        "city": "新北市",
        "normalized_city": "新北市",
        "district": "林口區",
        "vendor_category_code": "6",
        "vendor_category": "物流業",
        "registration_item": "物流營業場所",
        "registration_no": "F-127572810-00001-6",
        "name": "康國行銷股份有限公司",
        "address": "新北市林口區中湖路47之1號",
        "company_registration_name": "欣海國際股份有限公司",
        "source_page": 7,
        "point_type": "業者點位",
        "location_method": "OpenStreetMap道路/地名定位",
        "source_count": 479,
        "geocoding_address": "新北市林口區中湖路47之1號",
        "lng": 121.38254112530252,
        "lat": 25.09638310160307,
        "osm_query": "新北市林口區中湖路",
        "osm_display_name": "中湖路, 中湖里, 林口區, 新北市, 24446, 臺灣"
      },
      "geometry": {
        "type": "Point",
        "coordinates": [
          121.38254112530252,
          25.09638310160307
        ]
      }
    },
    {
      "type": "Feature",
      "properties": {
        "source_row_no": 275,
        "city": "新北市",
        "normalized_city": "新北市",
        "district": "土城區",
        "vendor_category_code": "6",
        "vendor_category": "物流業",
        "registration_item": "物流營業場所",
        "registration_no": "F-197002742-00001-5",
        "name": "酉榮貨運有限公司",
        "address": "新北市土城區中央路1段270號6樓",
        "company_registration_name": "酉榮貨運有限公司",
        "source_page": 7,
        "point_type": "業者點位",
        "location_method": "OpenStreetMap道路/地名定位",
        "source_count": 479,
        "geocoding_address": "新北市土城區中央路1段270號",
        "lng": 121.44381413005206,
        "lat": 24.98281913053322,
        "osm_query": "新北市土城區中央路1段",
        "osm_display_name": "中央路一段, 日和里, 土城區, 清水, 新北市, 236028, 臺灣"
      },
      "geometry": {
        "type": "Point",
        "coordinates": [
          121.44381413005206,
          24.98281913053322
        ]
      }
    },
    {
      "type": "Feature",
      "properties": {
        "source_row_no": 276,
        "city": "新北市",
        "normalized_city": "新北市",
        "district": "汐止區",
        "vendor_category_code": "6",
        "vendor_category": "物流業",
        "registration_item": "物流營業場所",
        "registration_no": "F-127720452-00001-3",
        "name": "聯晴有限公司",
        "address": "新北市汐止區明峰街10號(1樓)",
        "company_registration_name": "聯晴有限公司",
        "source_page": 7,
        "point_type": "業者點位",
        "location_method": "OpenStreetMap道路/地名定位",
        "source_count": 479,
        "geocoding_address": "新北市汐止區明峰街10號(",
        "lng": 121.62671249299053,
        "lat": 25.068491256478804,
        "osm_query": "新北市汐止區明峰街",
        "osm_display_name": "明峰街, 北山里, 汐止區, 新北市, 22155, 臺灣"
      },
      "geometry": {
        "type": "Point",
        "coordinates": [
          121.62671249299053,
          25.068491256478804
        ]
      }
    },
    {
      "type": "Feature",
      "properties": {
        "source_row_no": 277,
        "city": "新北市",
        "normalized_city": "新北市",
        "district": "板橋區",
        "vendor_category_code": "6",
        "vendor_category": "物流業",
        "registration_item": "物流營業場所",
        "registration_no": "F-182849539-00001-2",
        "name": "邵桀跨境有限公司",
        "address": "新北市板橋區漢生東路193巷45弄9號",
        "company_registration_name": "邵桀跨境有限公司",
        "source_page": 7,
        "point_type": "業者點位",
        "location_method": "OpenStreetMap道路/地名定位",
        "source_count": 479,
        "geocoding_address": "新北市板橋區漢生東路193巷45弄9號",
        "lng": 121.47031362126073,
        "lat": 25.011224023661715,
        "osm_query": "新北市板橋區漢生東路",
        "osm_display_name": "漢生東路, 深丘里, 板橋區, 深丘, 新北市, 220225, 臺灣"
      },
      "geometry": {
        "type": "Point",
        "coordinates": [
          121.47031362126073,
          25.011224023661715
        ]
      }
    },
    {
      "type": "Feature",
      "properties": {
        "source_row_no": 278,
        "city": "新北市",
        "normalized_city": "新北市",
        "district": "三峽區",
        "vendor_category_code": "6",
        "vendor_category": "物流業",
        "registration_item": "物流營業場所",
        "registration_no": "F-116778049-00013-9",
        "name": "大智通-三峽DC",
        "address": "新北市三峽區中正路一段309號",
        "company_registration_name": "大智通文化行銷股份有限公司",
        "source_page": 7,
        "point_type": "業者點位",
        "location_method": "OpenStreetMap道路/地名定位",
        "source_count": 479,
        "geocoding_address": "新北市三峽區中正路一段309號",
        "lng": 121.37109181615337,
        "lat": 24.92280381634123,
        "osm_query": "新北市三峽區中正路一段",
        "osm_display_name": "中正路一段, 中正里, 三峽區, 大埔, 新北市, 237016, 臺灣"
      },
      "geometry": {
        "type": "Point",
        "coordinates": [
          121.37109181615337,
          24.92280381634123
        ]
      }
    },
    {
      "type": "Feature",
      "properties": {
        "source_row_no": 279,
        "city": "新北市",
        "normalized_city": "新北市",
        "district": "汐止區",
        "vendor_category_code": "6",
        "vendor_category": "物流業",
        "registration_item": "物流營業場所",
        "registration_no": "F-189879852-00002-1",
        "name": "鼎順貨運",
        "address": "新北市汐止區新台五路二段91號2樓之3",
        "company_registration_name": "鼎順貨運交通有限公司",
        "source_page": 7,
        "point_type": "業者點位",
        "location_method": "OpenStreetMap道路/地名定位",
        "source_count": 479,
        "geocoding_address": "新北市汐止區新台五路二段91號",
        "lng": 121.67588249343855,
        "lat": 25.065970028300285,
        "osm_query": "新北市汐止區新台五路二段",
        "osm_display_name": "新台五路二段, 茄苳里, 汐止區, 新北市, 221036, 臺灣"
      },
      "geometry": {
        "type": "Point",
        "coordinates": [
          121.67588249343855,
          25.065970028300285
        ]
      }
    },
    {
      "type": "Feature",
      "properties": {
        "source_row_no": 280,
        "city": "新北市",
        "normalized_city": "新北市",
        "district": "八里區",
        "vendor_category_code": "6",
        "vendor_category": "物流業",
        "registration_item": "物流營業場所",
        "registration_no": "F-184123673-00002-9",
        "name": "英翔興業有限公司",
        "address": "新北市八里區商港六路35號9樓",
        "company_registration_name": "英翔興業有限公司",
        "source_page": 7,
        "point_type": "業者點位",
        "location_method": "OpenStreetMap道路/地名定位",
        "source_count": 479,
        "geocoding_address": "新北市八里區商港六路35號",
        "lng": 121.39635100180375,
        "lat": 25.149689004198542,
        "osm_query": "新北市八里區商港六路",
        "osm_display_name": "商港六路, 訊塘里, 八里區, 下罟子, 新北市, 249002, 臺灣"
      },
      "geometry": {
        "type": "Point",
        "coordinates": [
          121.39635100180375,
          25.149689004198542
        ]
      }
    },
    {
      "type": "Feature",
      "properties": {
        "source_row_no": 281,
        "city": "新北市",
        "normalized_city": "新北市",
        "district": "新莊區",
        "vendor_category_code": "6",
        "vendor_category": "物流業",
        "registration_item": "物流營業場所",
        "registration_no": "F-200060155-00001-2",
        "name": "忠欣蔬果有限公司",
        "address": "新北市新莊區化成路203號",
        "company_registration_name": "金淩農產企業社",
        "source_page": 8,
        "point_type": "業者點位",
        "location_method": "OpenStreetMap道路/地名定位",
        "source_count": 479,
        "geocoding_address": "新北市新莊區化成路203號",
        "lng": 121.4641019641773,
        "lat": 25.06636326280399,
        "osm_query": "新北市新莊區化成路",
        "osm_display_name": "化成路, 福基里, 新莊區, 新北市, 24888, 臺灣"
      },
      "geometry": {
        "type": "Point",
        "coordinates": [
          121.4641019641773,
          25.06636326280399
        ]
      }
    },
    {
      "type": "Feature",
      "properties": {
        "source_row_no": 282,
        "city": "新北市",
        "normalized_city": "新北市",
        "district": "新莊區",
        "vendor_category_code": "6",
        "vendor_category": "物流業",
        "registration_item": "物流營業場所",
        "registration_no": "F-200043949-00001-4",
        "name": "忠欣蔬果有限公司",
        "address": "新北市新莊區化成路203號",
        "company_registration_name": "滿竹農產企業社",
        "source_page": 8,
        "point_type": "業者點位",
        "location_method": "OpenStreetMap道路/地名定位",
        "source_count": 479,
        "geocoding_address": "新北市新莊區化成路203號",
        "lng": 121.46376930050982,
        "lat": 25.06625850618639,
        "osm_query": "新北市新莊區化成路",
        "osm_display_name": "化成路, 福基里, 新莊區, 新北市, 24888, 臺灣"
      },
      "geometry": {
        "type": "Point",
        "coordinates": [
          121.46376930050982,
          25.06625850618639
        ]
      }
    },
    {
      "type": "Feature",
      "properties": {
        "source_row_no": 283,
        "city": "新北市",
        "normalized_city": "新北市",
        "district": "蘆洲區",
        "vendor_category_code": "6",
        "vendor_category": "物流業",
        "registration_item": "物流營業場所",
        "registration_no": "F-142695050-00001-5",
        "name": "天運實業有限公司",
        "address": "新北市蘆洲區長安街193巷39號",
        "company_registration_name": "福運食業有限公司",
        "source_page": 8,
        "point_type": "業者點位",
        "location_method": "OpenStreetMap道路/地名定位",
        "source_count": 479,
        "geocoding_address": "新北市蘆洲區長安街193巷39號",
        "lng": 121.4595833939012,
        "lat": 25.082508113513825,
        "osm_query": "新北市蘆洲區長安街",
        "osm_display_name": "長安街, 永德里, 蘆洲區, 新北市, 247022, 臺灣"
      },
      "geometry": {
        "type": "Point",
        "coordinates": [
          121.4595833939012,
          25.082508113513825
        ]
      }
    },
    {
      "type": "Feature",
      "properties": {
        "source_row_no": 284,
        "city": "新北市",
        "normalized_city": "新北市",
        "district": "林口區",
        "vendor_category_code": "6",
        "vendor_category": "物流業",
        "registration_item": "物流營業場所",
        "registration_no": "F-183076928-00001-7",
        "name": "優食台灣股份有限公司",
        "address": "新北市林口區文化二路1段390號7樓",
        "company_registration_name": "優食台灣股份有限公司",
        "source_page": 8,
        "point_type": "業者點位",
        "location_method": "OpenStreetMap道路/地名定位",
        "source_count": 479,
        "geocoding_address": "新北市林口區文化二路1段390號",
        "lng": 121.37016661558684,
        "lat": 25.07264621592483,
        "osm_query": "新北市林口區文化二路1段",
        "osm_display_name": "文化二路一段, 仁愛里, 林口區, 新北市, 244013, 臺灣"
      },
      "geometry": {
        "type": "Point",
        "coordinates": [
          121.37016661558684,
          25.07264621592483
        ]
      }
    },
    {
      "type": "Feature",
      "properties": {
        "source_row_no": 285,
        "city": "新北市",
        "normalized_city": "新北市",
        "district": "土城區",
        "vendor_category_code": "6",
        "vendor_category": "物流業",
        "registration_item": "物流營業場所",
        "registration_no": "H-124731792-00001-1",
        "name": "九榮物流有限公司",
        "address": "新北市土城區中央路1段268號6樓",
        "company_registration_name": "九榮物流有限公司",
        "source_page": 8,
        "point_type": "業者點位",
        "location_method": "OpenStreetMap道路/地名定位",
        "source_count": 479,
        "geocoding_address": "新北市土城區中央路1段268號",
        "lng": 121.44333276991242,
        "lat": 24.98254321934257,
        "osm_query": "新北市土城區中央路1段",
        "osm_display_name": "中央路一段, 日和里, 土城區, 清水, 新北市, 236028, 臺灣"
      },
      "geometry": {
        "type": "Point",
        "coordinates": [
          121.44333276991242,
          24.98254321934257
        ]
      }
    },
    {
      "type": "Feature",
      "properties": {
        "source_row_no": 286,
        "city": "新北市",
        "normalized_city": "新北市",
        "district": "三峽區",
        "vendor_category_code": "6",
        "vendor_category": "物流業",
        "registration_item": "物流營業場所",
        "registration_no": "F-170762591-00967-2",
        "name": "三鶯營業所",
        "address": "新北市三峽區三樹路222巷61號",
        "company_registration_name": "統一速達股份有限公司",
        "source_page": 8,
        "point_type": "業者點位",
        "location_method": "OpenStreetMap道路/地名定位",
        "source_count": 479,
        "geocoding_address": "新北市三峽區三樹路222巷61號",
        "osm_query": "三樹路 三峽區 新北市",
        "osm_display_name": "三樹路, 龍埔里, 三峽區, 北大特區, 新北市, 23703, 臺灣",
        "lng": 121.37909356576866,
        "lat": 24.941299986889458
      },
      "geometry": {
        "type": "Point",
        "coordinates": [
          121.37909356576866,
          24.941299986889458
        ]
      }
    },
    {
      "type": "Feature",
      "properties": {
        "source_row_no": 287,
        "city": "新北市",
        "normalized_city": "新北市",
        "district": "汐止區",
        "vendor_category_code": "6",
        "vendor_category": "物流業",
        "registration_item": "物流營業場所",
        "registration_no": "F-155792934-00001-8",
        "name": "洋順汽車交通股份有限公司",
        "address": "新北市汐止區福安街20巷24號1樓",
        "company_registration_name": "洋順汽車交通股份有限公司",
        "source_page": 8,
        "point_type": "業者點位",
        "location_method": "OpenStreetMap道路/地名定位",
        "source_count": 479,
        "geocoding_address": "新北市汐止區福安街20巷24號",
        "lng": 121.66185838743685,
        "lat": 25.065567111013262,
        "osm_query": "新北市汐止區福安街",
        "osm_display_name": "福安街, 秀峰里, 汐止區, 新北市, 22175, 臺灣"
      },
      "geometry": {
        "type": "Point",
        "coordinates": [
          121.66185838743685,
          25.065567111013262
        ]
      }
    },
    {
      "type": "Feature",
      "properties": {
        "source_row_no": 288,
        "city": "新北市",
        "normalized_city": "新北市",
        "district": "板橋區",
        "vendor_category_code": "6",
        "vendor_category": "物流業",
        "registration_item": "物流營業場所",
        "registration_no": "F-185164539-00001-5",
        "name": "昊城企業社",
        "address": "新北市板橋區稚暉街48巷8號3樓",
        "company_registration_name": "昊城企業社",
        "source_page": 8,
        "point_type": "業者點位",
        "location_method": "OpenStreetMap道路/地名定位",
        "source_count": 479,
        "geocoding_address": "新北市板橋區稚暉街48巷8號",
        "lng": 121.45636249665868,
        "lat": 25.00435563532412,
        "osm_query": "新北市板橋區稚暉街",
        "osm_display_name": "稚暉街, 華興里, 板橋區, 枋橋, 新北市, 22060, 臺灣"
      },
      "geometry": {
        "type": "Point",
        "coordinates": [
          121.45636249665868,
          25.00435563532412
        ]
      }
    },
    {
      "type": "Feature",
      "properties": {
        "source_row_no": 289,
        "city": "新北市",
        "normalized_city": "新北市",
        "district": "新莊區",
        "vendor_category_code": "6",
        "vendor_category": "物流業",
        "registration_item": "物流營業場所",
        "registration_no": "F-200060159-00001-6",
        "name": "立崴商行",
        "address": "新北市新莊區化成路203號",
        "company_registration_name": "立崴商行",
        "source_page": 8,
        "point_type": "業者點位",
        "location_method": "OpenStreetMap道路/地名定位",
        "source_count": 479,
        "geocoding_address": "新北市新莊區化成路203號",
        "lng": 121.46385186076672,
        "lat": 25.066181117116557,
        "osm_query": "新北市新莊區化成路",
        "osm_display_name": "化成路, 福基里, 新莊區, 新北市, 24888, 臺灣"
      },
      "geometry": {
        "type": "Point",
        "coordinates": [
          121.46385186076672,
          25.066181117116557
        ]
      }
    },
    {
      "type": "Feature",
      "properties": {
        "source_row_no": 290,
        "city": "新北市",
        "normalized_city": "新北市",
        "district": "新莊區",
        "vendor_category_code": "6",
        "vendor_category": "物流業",
        "registration_item": "物流營業場所",
        "registration_no": "F-200060163-00001-1",
        "name": "宏億商行",
        "address": "新北市新莊區化成路203號",
        "company_registration_name": "宏億商行",
        "source_page": 8,
        "point_type": "業者點位",
        "location_method": "OpenStreetMap道路/地名定位",
        "source_count": 479,
        "geocoding_address": "新北市新莊區化成路203號",
        "lng": 121.46415874456424,
        "lat": 25.066525903465426,
        "osm_query": "新北市新莊區化成路",
        "osm_display_name": "化成路, 福基里, 新莊區, 新北市, 24888, 臺灣"
      },
      "geometry": {
        "type": "Point",
        "coordinates": [
          121.46415874456424,
          25.066525903465426
        ]
      }
    },
    {
      "type": "Feature",
      "properties": {
        "source_row_no": 291,
        "city": "新北市",
        "normalized_city": "新北市",
        "district": "新店區",
        "vendor_category_code": "6",
        "vendor_category": "物流業",
        "registration_item": "物流營業場所",
        "registration_no": "F-200239692-00001-6",
        "name": "伸達倉庫",
        "address": "新北市新店區安康路一段258-1號",
        "company_registration_name": "伸達永競物流有限公司",
        "source_page": 8,
        "point_type": "業者點位",
        "location_method": "OpenStreetMap道路/地名定位",
        "source_count": 479,
        "geocoding_address": "新北市新店區安康路一段258-1號",
        "lng": 121.52606929063712,
        "lat": 24.963124758747544,
        "osm_query": "新北市新店區安康路一段",
        "osm_display_name": "安康路一段, 下城里, 新店區, 大坪林, 新北市, 231069, 臺灣"
      },
      "geometry": {
        "type": "Point",
        "coordinates": [
          121.52606929063712,
          24.963124758747544
        ]
      }
    },
    {
      "type": "Feature",
      "properties": {
        "source_row_no": 292,
        "city": "新北市",
        "normalized_city": "新北市",
        "district": "中和區",
        "vendor_category_code": "6",
        "vendor_category": "物流業",
        "registration_item": "物流營業場所",
        "registration_no": "F-130303662-00001-7",
        "name": "承高起重行",
        "address": "新北市中和區景新街267之4號",
        "company_registration_name": "承高起重行",
        "source_page": 8,
        "point_type": "業者點位",
        "location_method": "OpenStreetMap道路/地名定位",
        "source_count": 479,
        "geocoding_address": "新北市中和區景新街267之4號",
        "lng": 121.50457720881242,
        "lat": 24.998571967777387,
        "osm_query": "新北市中和區景新街",
        "osm_display_name": "景新街, 漳和里, 中和區, 枋寮, 新北市, 235068, 臺灣"
      },
      "geometry": {
        "type": "Point",
        "coordinates": [
          121.50457720881242,
          24.998571967777387
        ]
      }
    },
    {
      "type": "Feature",
      "properties": {
        "source_row_no": 293,
        "city": "新北市",
        "normalized_city": "新北市",
        "district": "新莊區",
        "vendor_category_code": "6",
        "vendor_category": "物流業",
        "registration_item": "物流營業場所",
        "registration_no": "F-200040320-00001-4",
        "name": "忠欣國際",
        "address": "新北市新莊區化成路203號",
        "company_registration_name": "忠欣國際有限公司",
        "source_page": 8,
        "point_type": "業者點位",
        "location_method": "OpenStreetMap道路/地名定位",
        "source_count": 479,
        "geocoding_address": "新北市新莊區化成路203號",
        "lng": 121.46407568686269,
        "lat": 25.06632793582312,
        "osm_query": "新北市新莊區化成路",
        "osm_display_name": "化成路, 福基里, 新莊區, 新北市, 24888, 臺灣"
      },
      "geometry": {
        "type": "Point",
        "coordinates": [
          121.46407568686269,
          25.06632793582312
        ]
      }
    },
    {
      "type": "Feature",
      "properties": {
        "source_row_no": 294,
        "city": "新北市",
        "normalized_city": "新北市",
        "district": "中和區",
        "vendor_category_code": "6",
        "vendor_category": "物流業",
        "registration_item": "物流營業場所",
        "registration_no": "F-153635782-00001-3",
        "name": "台禮實業股份有限公司'",
        "address": "新北市中和區員山路124巷36號",
        "company_registration_name": "台禮實業股份有限公司",
        "source_page": 8,
        "point_type": "業者點位",
        "location_method": "OpenStreetMap道路/地名定位",
        "source_count": 479,
        "geocoding_address": "新北市中和區員山路124巷36號",
        "lng": 121.48200642154944,
        "lat": 24.991902802725097,
        "osm_query": "新北市中和區員山路",
        "osm_display_name": "員山路, 灰磘里, 中和區, 中坑, 新北市, 23552, 臺灣"
      },
      "geometry": {
        "type": "Point",
        "coordinates": [
          121.48200642154944,
          24.991902802725097
        ]
      }
    },
    {
      "type": "Feature",
      "properties": {
        "source_row_no": 295,
        "city": "新北市",
        "normalized_city": "新北市",
        "district": "新莊區",
        "vendor_category_code": "6",
        "vendor_category": "物流業",
        "registration_item": "物流營業場所",
        "registration_no": "F-137012149-00001-1",
        "name": "正鋒汽車貨運有限公司",
        "address": "新北市新莊區新泰路227號3樓",
        "company_registration_name": "正鋒汽車貨運有限公司",
        "source_page": 8,
        "point_type": "業者點位",
        "location_method": "OpenStreetMap道路/地名定位",
        "source_count": 479,
        "geocoding_address": "新北市新莊區新泰路227號",
        "lng": 121.44680575659552,
        "lat": 25.039242345236868,
        "osm_query": "新北市新莊區新泰路",
        "osm_display_name": "新泰路, 立言里, 新莊區, 新庄(海山口), 新北市, 242005, 臺灣"
      },
      "geometry": {
        "type": "Point",
        "coordinates": [
          121.44680575659552,
          25.039242345236868
        ]
      }
    },
    {
      "type": "Feature",
      "properties": {
        "source_row_no": 296,
        "city": "新北市",
        "normalized_city": "新北市",
        "district": "樹林區",
        "vendor_category_code": "6",
        "vendor_category": "物流業",
        "registration_item": "物流營業場所",
        "registration_no": "F-147012490-00001-1",
        "name": "集富食品",
        "address": "新北市樹林區俊安街53巷1-8號",
        "company_registration_name": "亞伯笙國際有限公司",
        "source_page": 8,
        "point_type": "業者點位",
        "location_method": "OpenStreetMap道路/地名定位",
        "source_count": 479,
        "geocoding_address": "新北市樹林區俊安街53巷1-8號",
        "lng": 121.41975569844627,
        "lat": 25.014121985865128,
        "osm_query": "新北市樹林區俊安街",
        "osm_display_name": "俊安街, 新北市肉品市場, 圳生里, 樹林區, 三角埔, 新北市, 238, 臺灣"
      },
      "geometry": {
        "type": "Point",
        "coordinates": [
          121.41975569844627,
          25.014121985865128
        ]
      }
    },
    {
      "type": "Feature",
      "properties": {
        "source_row_no": 297,
        "city": "新北市",
        "normalized_city": "新北市",
        "district": "新莊區",
        "vendor_category_code": "6",
        "vendor_category": "物流業",
        "registration_item": "物流營業場所",
        "registration_no": "F-200133675-00001-0",
        "name": "忠欣蔬果有限公司",
        "address": "新北市新莊區化成路203號",
        "company_registration_name": "嘉農農產企業社",
        "source_page": 8,
        "point_type": "業者點位",
        "location_method": "OpenStreetMap道路/地名定位",
        "source_count": 479,
        "geocoding_address": "新北市新莊區化成路203號",
        "lng": 121.46388006666935,
        "lat": 25.06645309430732,
        "osm_query": "新北市新莊區化成路",
        "osm_display_name": "化成路, 福基里, 新莊區, 新北市, 24888, 臺灣"
      },
      "geometry": {
        "type": "Point",
        "coordinates": [
          121.46388006666935,
          25.06645309430732
        ]
      }
    },
    {
      "type": "Feature",
      "properties": {
        "source_row_no": 298,
        "city": "新北市",
        "normalized_city": "新北市",
        "district": "瑞芳區",
        "vendor_category_code": "6",
        "vendor_category": "物流業",
        "registration_item": "物流營業場所",
        "registration_no": "F-156606120-00007-6",
        "name": "特捷物流",
        "address": "新北市瑞芳區楓子瀨路1巷9號",
        "company_registration_name": "英屬開曼群島商特捷物流股份有限公司",
        "source_page": 8,
        "point_type": "業者點位",
        "location_method": "OpenStreetMap道路/地名定位",
        "source_count": 479,
        "geocoding_address": "新北市瑞芳區楓子瀨路1巷9號",
        "lng": 121.76674584400357,
        "lat": 25.098634273764514,
        "osm_query": "新北市瑞芳區楓子瀨路",
        "osm_display_name": "楓仔瀨路, 上天里, 瑞芳區, 四腳亭, 新北市, 22445, 臺灣"
      },
      "geometry": {
        "type": "Point",
        "coordinates": [
          121.76674584400357,
          25.098634273764514
        ]
      }
    },
    {
      "type": "Feature",
      "properties": {
        "source_row_no": 299,
        "city": "新北市",
        "normalized_city": "新北市",
        "district": "新店區",
        "vendor_category_code": "6",
        "vendor_category": "物流業",
        "registration_item": "物流營業場所",
        "registration_no": "F-202295184-00001-6",
        "name": "伸達倉庫",
        "address": "新北市新店區安康路一段258-1號",
        "company_registration_name": "伸達永寶物流有限公司",
        "source_page": 8,
        "point_type": "業者點位",
        "location_method": "OpenStreetMap道路/地名定位",
        "source_count": 479,
        "geocoding_address": "新北市新店區安康路一段258-1號",
        "lng": 121.52616848561595,
        "lat": 24.963138159144577,
        "osm_query": "新北市新店區安康路一段",
        "osm_display_name": "安康路一段, 下城里, 新店區, 大坪林, 新北市, 231069, 臺灣"
      },
      "geometry": {
        "type": "Point",
        "coordinates": [
          121.52616848561595,
          24.963138159144577
        ]
      }
    },
    {
      "type": "Feature",
      "properties": {
        "source_row_no": 300,
        "city": "新北市",
        "normalized_city": "新北市",
        "district": "三峽區",
        "vendor_category_code": "6",
        "vendor_category": "物流業",
        "registration_item": "物流營業場所",
        "registration_no": "F-196964517-00003-3",
        "name": "吳記蛋品股份有限公司",
        "address": "新北市三峽區隆恩街163號",
        "company_registration_name": "吳記蛋品股份有限公司",
        "source_page": 8,
        "point_type": "業者點位",
        "location_method": "OpenStreetMap道路/地名定位",
        "source_count": 479,
        "geocoding_address": "新北市三峽區隆恩街163號",
        "lng": 121.36495495302398,
        "lat": 24.942950717879622,
        "osm_query": "新北市三峽區隆恩街",
        "osm_display_name": "隆恩街, 龍恩里, 三峽區, 北大特區, 新北市, 237303, 臺灣"
      },
      "geometry": {
        "type": "Point",
        "coordinates": [
          121.36495495302398,
          24.942950717879622
        ]
      }
    },
    {
      "type": "Feature",
      "properties": {
        "source_row_no": 301,
        "city": "新北市",
        "normalized_city": "新北市",
        "district": "三重區",
        "vendor_category_code": "6",
        "vendor_category": "物流業",
        "registration_item": "物流營業場所",
        "registration_no": "F-170762591-00970-6",
        "name": "三重一營業所",
        "address": "新北市三重區光華路2之2號",
        "company_registration_name": "統一速達股份有限公司",
        "source_page": 8,
        "point_type": "業者點位",
        "location_method": "OpenStreetMap道路/地名定位",
        "source_count": 479,
        "geocoding_address": "新北市三重區光華路2之2號",
        "lng": 121.46762674353043,
        "lat": 25.0599379808101,
        "osm_query": "新北市三重區光華路",
        "osm_display_name": "光華路, 頂崁工業區, 頂崁里, 三重區, 頭前, 新北市, 241553, 臺灣"
      },
      "geometry": {
        "type": "Point",
        "coordinates": [
          121.46762674353043,
          25.0599379808101
        ]
      }
    },
    {
      "type": "Feature",
      "properties": {
        "source_row_no": 302,
        "city": "新北市",
        "normalized_city": "新北市",
        "district": "五股區",
        "vendor_category_code": "6",
        "vendor_category": "物流業",
        "registration_item": "物流營業場所",
        "registration_no": "F-170396069-00001-4",
        "name": "豐得國際實業有限公司",
        "address": "新北市五股區五權路48號（1樓）",
        "company_registration_name": "豐得國際實業有限公司",
        "source_page": 8,
        "point_type": "業者點位",
        "location_method": "OpenStreetMap道路/地名定位",
        "source_count": 479,
        "geocoding_address": "新北市五股區五權路48號（",
        "osm_query": "五權路 五股區 新北市",
        "osm_display_name": "五權路, 新北產業園區, 興珍里, 五股區, 新北市, 242204, 臺灣",
        "lng": 121.44929885177501,
        "lat": 25.065170707529024
      },
      "geometry": {
        "type": "Point",
        "coordinates": [
          121.44929885177501,
          25.065170707529024
        ]
      }
    },
    {
      "type": "Feature",
      "properties": {
        "source_row_no": 303,
        "city": "新北市",
        "normalized_city": "新北市",
        "district": "鶯歌區",
        "vendor_category_code": "6",
        "vendor_category": "物流業",
        "registration_item": "物流營業場所",
        "registration_no": "F-200211688-00001-1",
        "name": "百及物流股份有限公司",
        "address": "新北市鶯歌區福德一路一號",
        "company_registration_name": "廣鴻物流有限公司",
        "source_page": 8,
        "point_type": "業者點位",
        "location_method": "OpenStreetMap道路/地名定位",
        "source_count": 479,
        "geocoding_address": "新北市鶯歌區福德一路一號",
        "lng": 121.32966961833657,
        "lat": 24.966737165334916,
        "osm_query": "新北市鶯歌區福德一路",
        "osm_display_name": "福德一路, 鳳祥里, 鶯歌區, 鳳鳴, 新北市, 330048, 臺灣"
      },
      "geometry": {
        "type": "Point",
        "coordinates": [
          121.32966961833657,
          24.966737165334916
        ]
      }
    },
    {
      "type": "Feature",
      "properties": {
        "source_row_no": 304,
        "city": "新北市",
        "normalized_city": "新北市",
        "district": "八里區",
        "vendor_category_code": "6",
        "vendor_category": "物流業",
        "registration_item": "物流營業場所",
        "registration_no": "F-184123673-00002-9",
        "name": "英翔興業有限公司",
        "address": "新北市八里區商港六路35號9樓",
        "company_registration_name": "英翔興業有限公司",
        "source_page": 8,
        "point_type": "業者點位",
        "location_method": "OpenStreetMap道路/地名定位",
        "source_count": 479,
        "geocoding_address": "新北市八里區商港六路35號",
        "lng": 121.39621565764236,
        "lat": 25.149650841370462,
        "osm_query": "新北市八里區商港六路",
        "osm_display_name": "商港六路, 訊塘里, 八里區, 下罟子, 新北市, 249002, 臺灣"
      },
      "geometry": {
        "type": "Point",
        "coordinates": [
          121.39621565764236,
          25.149650841370462
        ]
      }
    },
    {
      "type": "Feature",
      "properties": {
        "source_row_no": 305,
        "city": "新北市",
        "normalized_city": "新北市",
        "district": "新莊區",
        "vendor_category_code": "6",
        "vendor_category": "物流業",
        "registration_item": "物流營業場所",
        "registration_no": "F-200133676-00001-1",
        "name": "泳淣農產企業社",
        "address": "新北市新莊區化成路203號",
        "company_registration_name": "泳淣農產企業社",
        "source_page": 8,
        "point_type": "業者點位",
        "location_method": "OpenStreetMap道路/地名定位",
        "source_count": 479,
        "geocoding_address": "新北市新莊區化成路203號",
        "lng": 121.46385448937968,
        "lat": 25.066538579339422,
        "osm_query": "新北市新莊區化成路",
        "osm_display_name": "化成路, 福基里, 新莊區, 新北市, 24888, 臺灣"
      },
      "geometry": {
        "type": "Point",
        "coordinates": [
          121.46385448937968,
          25.066538579339422
        ]
      }
    },
    {
      "type": "Feature",
      "properties": {
        "source_row_no": 306,
        "city": "新北市",
        "normalized_city": "新北市",
        "district": "板橋區",
        "vendor_category_code": "6",
        "vendor_category": "物流業",
        "registration_item": "物流營業場所",
        "registration_no": "F-194092988-00001-3",
        "name": "公司",
        "address": "新北市板橋區林園街11號5樓",
        "company_registration_name": "可樂物流有限公司",
        "source_page": 8,
        "point_type": "業者點位",
        "location_method": "OpenStreetMap道路/地名定位",
        "source_count": 479,
        "geocoding_address": "新北市板橋區林園街11號",
        "lng": 121.45355792936157,
        "lat": 25.01011339980427,
        "osm_query": "新北市板橋區林園街",
        "osm_display_name": "林園街, 光華里, 板橋區, 枋橋, 新北市, 22056, 臺灣"
      },
      "geometry": {
        "type": "Point",
        "coordinates": [
          121.45355792936157,
          25.01011339980427
        ]
      }
    },
    {
      "type": "Feature",
      "properties": {
        "source_row_no": 307,
        "city": "新北市",
        "normalized_city": "新北市",
        "district": "五股區",
        "vendor_category_code": "6",
        "vendor_category": "物流業",
        "registration_item": "物流營業場所",
        "registration_no": "F-183210869-00001-1",
        "name": "巴洛克零玖國際有限公司",
        "address": "新北市五股區五工三路101號(3樓)",
        "company_registration_name": "巴洛克零玖國際有限公司",
        "source_page": 8,
        "point_type": "業者點位",
        "location_method": "OpenStreetMap道路/地名定位",
        "source_count": 479,
        "geocoding_address": "新北市五股區五工三路101號(",
        "osm_query": "五工三路 五股區 新北市",
        "osm_display_name": "五工三路, 新北產業園區, 興珍里, 五股區, 新北市, 24888, 臺灣",
        "lng": 121.455730503674,
        "lat": 25.06739982756463
      },
      "geometry": {
        "type": "Point",
        "coordinates": [
          121.455730503674,
          25.06739982756463
        ]
      }
    },
    {
      "type": "Feature",
      "properties": {
        "source_row_no": 308,
        "city": "新北市",
        "normalized_city": "新北市",
        "district": "三重區",
        "vendor_category_code": "6",
        "vendor_category": "物流業",
        "registration_item": "物流營業場所",
        "registration_no": "F-124726192-00002-8",
        "name": "晟益",
        "address": "新北市三重區中正北路428巷9號(1樓)",
        "company_registration_name": "晟益有限公司",
        "source_page": 8,
        "point_type": "業者點位",
        "location_method": "OpenStreetMap道路/地名定位",
        "source_count": 479,
        "geocoding_address": "新北市三重區中正北路428巷9號(",
        "lng": 121.47200259242997,
        "lat": 25.071715347328592,
        "osm_query": "新北市三重區中正北路",
        "osm_display_name": "中正北路, 大有里, 三重區, 新北市, 24872, 臺灣"
      },
      "geometry": {
        "type": "Point",
        "coordinates": [
          121.47200259242997,
          25.071715347328592
        ]
      }
    },
    {
      "type": "Feature",
      "properties": {
        "source_row_no": 309,
        "city": "新北市",
        "normalized_city": "新北市",
        "district": "八里區",
        "vendor_category_code": "6",
        "vendor_category": "物流業",
        "registration_item": "物流營業場所",
        "registration_no": "F-150755776-00002-7",
        "name": "超捷國際運輸股份有限公司",
        "address": "新北市八里區廈竹圍23-1號台北港東1之1第二倉庫",
        "company_registration_name": "超捷國際運輸股份有限公司",
        "source_page": 8,
        "point_type": "業者點位",
        "location_method": "OpenStreetMap道路/地名定位",
        "source_count": 479,
        "geocoding_address": "新北市八里區廈竹圍23-1號台北港東1之1第二倉庫",
        "lng": 121.39314273671353,
        "lat": 25.14346875732821,
        "osm_query": "新北市八里區廈竹圍",
        "osm_display_name": "廈竹圍, 中山路三段, 訊塘里, 八里區, 下罟子, 新北市, 249002, 臺灣"
      },
      "geometry": {
        "type": "Point",
        "coordinates": [
          121.39314273671353,
          25.14346875732821
        ]
      }
    },
    {
      "type": "Feature",
      "properties": {
        "source_row_no": 310,
        "city": "新北市",
        "normalized_city": "新北市",
        "district": "中和區",
        "vendor_category_code": "6",
        "vendor_category": "物流業",
        "registration_item": "物流營業場所",
        "registration_no": "F-202302438-00002-8",
        "name": "第一冷凍",
        "address": "新北市中和區建康路39號6D5",
        "company_registration_name": "渄帆水產企業社",
        "source_page": 8,
        "point_type": "業者點位",
        "location_method": "OpenStreetMap道路/地名定位",
        "source_count": 479,
        "geocoding_address": "新北市中和區建康路39號6D5",
        "lng": 121.4873997004712,
        "lat": 25.00025247427606,
        "osm_query": "新北市中和區建康路",
        "osm_display_name": "建康路, 平河里, 中和區, 中坑, 新北市, 23511, 臺灣"
      },
      "geometry": {
        "type": "Point",
        "coordinates": [
          121.4873997004712,
          25.00025247427606
        ]
      }
    },
    {
      "type": "Feature",
      "properties": {
        "source_row_no": 311,
        "city": "新北市",
        "normalized_city": "新北市",
        "district": "五股區",
        "vendor_category_code": "6",
        "vendor_category": "物流業",
        "registration_item": "物流營業場所",
        "registration_no": "F-129093506-00001-8",
        "name": "台北站",
        "address": "新北市五股區中興路3段7-2號",
        "company_registration_name": "通達速運有限公司",
        "source_page": 8,
        "point_type": "業者點位",
        "location_method": "OpenStreetMap道路/地名定位",
        "source_count": 479,
        "geocoding_address": "新北市五股區中興路3段7-2號",
        "lng": 121.44058126376117,
        "lat": 25.081801159714086,
        "osm_query": "新北市五股區中興路3段",
        "osm_display_name": "中興路三段, 五股里, 五股區, 新北市, 248017, 臺灣"
      },
      "geometry": {
        "type": "Point",
        "coordinates": [
          121.44058126376117,
          25.081801159714086
        ]
      }
    },
    {
      "type": "Feature",
      "properties": {
        "source_row_no": 312,
        "city": "新北市",
        "normalized_city": "新北市",
        "district": "三重區",
        "vendor_category_code": "6",
        "vendor_category": "物流業",
        "registration_item": "物流營業場所",
        "registration_no": "F-183288280-00002-4",
        "name": "倉儲",
        "address": "新北市三重區重新路5段609巷14號6樓之1",
        "company_registration_name": "笛頌健康有限公司",
        "source_page": 8,
        "point_type": "業者點位",
        "location_method": "OpenStreetMap道路/地名定位",
        "source_count": 479,
        "geocoding_address": "新北市三重區重新路5段609巷14號",
        "lng": 121.4709975635216,
        "lat": 25.045883551400415,
        "osm_query": "新北市三重區重新路5段",
        "osm_display_name": "重新路五段, 中興里, 三重區, 頭前, 新北市, 241017, 臺灣"
      },
      "geometry": {
        "type": "Point",
        "coordinates": [
          121.4709975635216,
          25.045883551400415
        ]
      }
    },
    {
      "type": "Feature",
      "properties": {
        "source_row_no": 313,
        "city": "新北市",
        "normalized_city": "新北市",
        "district": "新莊區",
        "vendor_category_code": "6",
        "vendor_category": "物流業",
        "registration_item": "物流營業場所",
        "registration_no": "F-202299598-00001-9",
        "name": "嘉源農產企業社",
        "address": "新北市新莊區化成路203號",
        "company_registration_name": "嘉源農產企業社",
        "source_page": 8,
        "point_type": "業者點位",
        "location_method": "OpenStreetMap道路/地名定位",
        "source_count": 479,
        "geocoding_address": "新北市新莊區化成路203號",
        "lng": 121.46392124161804,
        "lat": 25.06615993978159,
        "osm_query": "新北市新莊區化成路",
        "osm_display_name": "化成路, 福基里, 新莊區, 新北市, 24888, 臺灣"
      },
      "geometry": {
        "type": "Point",
        "coordinates": [
          121.46392124161804,
          25.06615993978159
        ]
      }
    },
    {
      "type": "Feature",
      "properties": {
        "source_row_no": 314,
        "city": "新北市",
        "normalized_city": "新北市",
        "district": "樹林區",
        "vendor_category_code": "6",
        "vendor_category": "物流業",
        "registration_item": "物流營業場所",
        "registration_no": "F-170762591-00966-1",
        "name": "樹林營業所",
        "address": "新北市樹林區大安路1-15號",
        "company_registration_name": "統一速達股份有限公司",
        "source_page": 8,
        "point_type": "業者點位",
        "location_method": "OpenStreetMap道路/地名定位",
        "source_count": 479,
        "geocoding_address": "新北市樹林區大安路1-15號",
        "lng": 121.42304699246662,
        "lat": 24.99874775179552,
        "osm_query": "新北市樹林區大安路",
        "osm_display_name": "大安路, 文林里, 樹林區, 三角埔, 新北市, 238007, 臺灣"
      },
      "geometry": {
        "type": "Point",
        "coordinates": [
          121.42304699246662,
          24.99874775179552
        ]
      }
    },
    {
      "type": "Feature",
      "properties": {
        "source_row_no": 315,
        "city": "新北市",
        "normalized_city": "新北市",
        "district": "新莊區",
        "vendor_category_code": "6",
        "vendor_category": "物流業",
        "registration_item": "物流營業場所",
        "registration_no": "F-128192556-00001-2",
        "name": "驊昇物流有限公司",
        "address": "新北市新莊區新北大道三段12號",
        "company_registration_name": "凱利崴有限公司",
        "source_page": 8,
        "point_type": "業者點位",
        "location_method": "OpenStreetMap道路/地名定位",
        "source_count": 479,
        "geocoding_address": "新北市新莊區新北大道三段12號",
        "lng": 121.458509040989,
        "lat": 25.060523585288493,
        "osm_query": "新北市新莊區新北大道三段",
        "osm_display_name": "新北大道三段, 福基里, 新莊區, 頭前, 新北市, 24251, 臺灣"
      },
      "geometry": {
        "type": "Point",
        "coordinates": [
          121.458509040989,
          25.060523585288493
        ]
      }
    },
    {
      "type": "Feature",
      "properties": {
        "source_row_no": 316,
        "city": "新北市",
        "normalized_city": "新北市",
        "district": "中和區",
        "vendor_category_code": "6",
        "vendor_category": "物流業",
        "registration_item": "物流營業場所",
        "registration_no": "F-170762591-00983-0",
        "name": "板橋一營業所",
        "address": "新北市中和區光中路20號",
        "company_registration_name": "統一速達股份有限公司",
        "source_page": 8,
        "point_type": "業者點位",
        "location_method": "OpenStreetMap道路/地名定位",
        "source_count": 479,
        "geocoding_address": "新北市中和區光中路20號",
        "lng": 121.48411134246945,
        "lat": 25.01639915484616,
        "osm_query": "新北市中和區光中路",
        "osm_display_name": "光中路, 光復里, 板橋區, 埔墘, 新北市, 220760, 臺灣"
      },
      "geometry": {
        "type": "Point",
        "coordinates": [
          121.48411134246945,
          25.01639915484616
        ]
      }
    },
    {
      "type": "Feature",
      "properties": {
        "source_row_no": 317,
        "city": "新北市",
        "normalized_city": "新北市",
        "district": "土城區",
        "vendor_category_code": "6",
        "vendor_category": "物流業",
        "registration_item": "物流營業場所",
        "registration_no": "I-184710429-00001-2",
        "name": "和盟土城配送中心",
        "address": "新北市土城區土城區忠義路90之2號",
        "company_registration_name": "和盟流通股份有限公司",
        "source_page": 8,
        "point_type": "業者點位",
        "location_method": "OpenStreetMap道路/地名定位",
        "source_count": 479,
        "geocoding_address": "新北市土城區土城區忠義路90之2號",
        "lng": 121.44045561466875,
        "lat": 24.970665743070004,
        "osm_query": "新北市土城區土城區忠義路",
        "osm_display_name": "忠義路, 埤塘里, 土城區, 清水, 新北市, 236034, 臺灣"
      },
      "geometry": {
        "type": "Point",
        "coordinates": [
          121.44045561466875,
          24.970665743070004
        ]
      }
    },
    {
      "type": "Feature",
      "properties": {
        "source_row_no": 318,
        "city": "新北市",
        "normalized_city": "新北市",
        "district": "蘆洲區",
        "vendor_category_code": "6",
        "vendor_category": "物流業",
        "registration_item": "物流營業場所",
        "registration_no": "F-183183027-00001-6",
        "name": "新竹物流蘆洲營業所",
        "address": "新北市蘆洲區國道路二段86號",
        "company_registration_name": "喜鴻國際企業股份有限公司",
        "source_page": 8,
        "point_type": "業者點位",
        "location_method": "OpenStreetMap道路/地名定位",
        "source_count": 479,
        "geocoding_address": "新北市蘆洲區國道路二段86號",
        "lng": 121.47138065064965,
        "lat": 25.074636671514128,
        "osm_query": "新北市蘆洲區國道路二段",
        "osm_display_name": "國道路二段, 得仁里, 蘆洲區, 新北市, 24872, 臺灣"
      },
      "geometry": {
        "type": "Point",
        "coordinates": [
          121.47138065064965,
          25.074636671514128
        ]
      }
    },
    {
      "type": "Feature",
      "properties": {
        "source_row_no": 319,
        "city": "新北市",
        "normalized_city": "新北市",
        "district": "新莊區",
        "vendor_category_code": "6",
        "vendor_category": "物流業",
        "registration_item": "物流營業場所",
        "registration_no": "F-180539827-00003-8",
        "name": "東昇米糧食品有限公司",
        "address": "新北市新莊區化成路585號之3",
        "company_registration_name": "東昇米糧食品有限公司",
        "source_page": 8,
        "point_type": "業者點位",
        "location_method": "OpenStreetMap道路/地名定位",
        "source_count": 479,
        "geocoding_address": "新北市新莊區化成路585號之3",
        "lng": 121.46354916225283,
        "lat": 25.066373728695492,
        "osm_query": "新北市新莊區化成路",
        "osm_display_name": "化成路, 福基里, 新莊區, 新北市, 24888, 臺灣"
      },
      "geometry": {
        "type": "Point",
        "coordinates": [
          121.46354916225283,
          25.066373728695492
        ]
      }
    },
    {
      "type": "Feature",
      "properties": {
        "source_row_no": 320,
        "city": "新北市",
        "normalized_city": "新北市",
        "district": "林口區",
        "vendor_category_code": "6",
        "vendor_category": "物流業",
        "registration_item": "物流營業場所",
        "registration_no": "F-189713706-00002-6",
        "name": "金台北",
        "address": "新北市林口區南勢里2鄰77-36號",
        "company_registration_name": "陽業有限公司",
        "source_page": 8,
        "point_type": "業者點位",
        "location_method": "OpenStreetMap道路/地名定位",
        "source_count": 479,
        "geocoding_address": "新北市林口區南勢里77-36號",
        "lng": 121.36378444548956,
        "lat": 25.072988052210793,
        "osm_query": "新北市林口區南勢",
        "osm_display_name": "南勢, 林口區, 新北市, 24448, 臺灣"
      },
      "geometry": {
        "type": "Point",
        "coordinates": [
          121.36378444548956,
          25.072988052210793
        ]
      }
    },
    {
      "type": "Feature",
      "properties": {
        "source_row_no": 321,
        "city": "新北市",
        "normalized_city": "新北市",
        "district": "新店區",
        "vendor_category_code": "6",
        "vendor_category": "物流業",
        "registration_item": "物流營業場所",
        "registration_no": "F-200152387-00001-1",
        "name": "伸達二倉",
        "address": "新北市新店區安康路一段258之1號",
        "company_registration_name": "伸達永騰物流有限公司",
        "source_page": 9,
        "point_type": "業者點位",
        "location_method": "OpenStreetMap道路/地名定位",
        "source_count": 479,
        "geocoding_address": "新北市新店區安康路一段258之1號",
        "lng": 121.52615069922179,
        "lat": 24.96295541615649,
        "osm_query": "新北市新店區安康路一段",
        "osm_display_name": "安康路一段, 下城里, 新店區, 大坪林, 新北市, 231069, 臺灣"
      },
      "geometry": {
        "type": "Point",
        "coordinates": [
          121.52615069922179,
          24.96295541615649
        ]
      }
    },
    {
      "type": "Feature",
      "properties": {
        "source_row_no": 322,
        "city": "新北市",
        "normalized_city": "新北市",
        "district": "新店區",
        "vendor_category_code": "6",
        "vendor_category": "物流業",
        "registration_item": "物流營業場所",
        "registration_no": "F-200140469-00002-0",
        "name": "伸達二倉",
        "address": "新北市新店區安康路一段258之1號",
        "company_registration_name": "伸達捷業物流有限公司",
        "source_page": 9,
        "point_type": "業者點位",
        "location_method": "OpenStreetMap道路/地名定位",
        "source_count": 479,
        "geocoding_address": "新北市新店區安康路一段258之1號",
        "lng": 121.52577130941008,
        "lat": 24.96303251814931,
        "osm_query": "新北市新店區安康路一段",
        "osm_display_name": "安康路一段, 下城里, 新店區, 大坪林, 新北市, 231069, 臺灣"
      },
      "geometry": {
        "type": "Point",
        "coordinates": [
          121.52577130941008,
          24.96303251814931
        ]
      }
    },
    {
      "type": "Feature",
      "properties": {
        "source_row_no": 323,
        "city": "新北市",
        "normalized_city": "新北市",
        "district": "中和區",
        "vendor_category_code": "6",
        "vendor_category": "物流業",
        "registration_item": "物流營業場所",
        "registration_no": "F-142736019-00001-6",
        "name": "金員食品有限公司",
        "address": "新北市中和區中山路二段482巷47號",
        "company_registration_name": "金員食品有限公司",
        "source_page": 9,
        "point_type": "業者點位",
        "location_method": "OpenStreetMap道路/地名定位",
        "source_count": 479,
        "geocoding_address": "新北市中和區中山路二段482巷47號",
        "lng": 121.50308290733801,
        "lat": 25.003879613785934,
        "osm_query": "新北市中和區中山路二段",
        "osm_display_name": "中山路二段, 佳和里, 中和區, 枋寮, 新北市, 23554, 臺灣"
      },
      "geometry": {
        "type": "Point",
        "coordinates": [
          121.50308290733801,
          25.003879613785934
        ]
      }
    },
    {
      "type": "Feature",
      "properties": {
        "source_row_no": 324,
        "city": "新北市",
        "normalized_city": "新北市",
        "district": "五股區",
        "vendor_category_code": "6",
        "vendor_category": "物流業",
        "registration_item": "物流營業場所",
        "registration_no": "F-116654595-00003-7",
        "name": "五股轉運中心",
        "address": "新北市五股區新五路二段143號",
        "company_registration_name": "大誠國際通運有限公司",
        "source_page": 9,
        "point_type": "業者點位",
        "location_method": "OpenStreetMap道路/地名定位",
        "source_count": 479,
        "geocoding_address": "新北市五股區新五路二段143號",
        "lng": 121.44454752559757,
        "lat": 25.088273055311703,
        "osm_query": "新北市五股區新五路二段",
        "osm_display_name": "新五路二段, 洲子洋重劃區, 成泰里, 五股區, 新北市, 248017, 臺灣"
      },
      "geometry": {
        "type": "Point",
        "coordinates": [
          121.44454752559757,
          25.088273055311703
        ]
      }
    },
    {
      "type": "Feature",
      "properties": {
        "source_row_no": 325,
        "city": "新北市",
        "normalized_city": "新北市",
        "district": "新店區",
        "vendor_category_code": "6",
        "vendor_category": "物流業",
        "registration_item": "物流營業場所",
        "registration_no": "A-170353152-00001-5",
        "name": "國鉅運輸有限公司",
        "address": "新北市新店區安業街215巷12號",
        "company_registration_name": "國鉅運輸有限公司",
        "source_page": 9,
        "point_type": "業者點位",
        "location_method": "OpenStreetMap道路/地名定位",
        "source_count": 479,
        "geocoding_address": "新北市新店區安業街215巷12號",
        "lng": 121.52485903154074,
        "lat": 24.970936390712257,
        "osm_query": "新北市新店區安業街",
        "osm_display_name": "安業街, 安和里, 新店區, 大坪林, 新北市, 231063, 臺灣"
      },
      "geometry": {
        "type": "Point",
        "coordinates": [
          121.52485903154074,
          24.970936390712257
        ]
      }
    },
    {
      "type": "Feature",
      "properties": {
        "source_row_no": 326,
        "city": "新北市",
        "normalized_city": "新北市",
        "district": "新莊區",
        "vendor_category_code": "6",
        "vendor_category": "物流業",
        "registration_item": "物流營業場所",
        "registration_no": "F-133686333-00001-9",
        "name": "辦公室",
        "address": "新北市新莊區新泰路227號3樓之1",
        "company_registration_name": "鵬安交通企業股份有限公司",
        "source_page": 9,
        "point_type": "業者點位",
        "location_method": "OpenStreetMap道路/地名定位",
        "source_count": 479,
        "geocoding_address": "新北市新莊區新泰路227號",
        "lng": 121.44668584979584,
        "lat": 25.039458009421168,
        "osm_query": "新北市新莊區新泰路",
        "osm_display_name": "新泰路, 立言里, 新莊區, 新庄(海山口), 新北市, 242005, 臺灣"
      },
      "geometry": {
        "type": "Point",
        "coordinates": [
          121.44668584979584,
          25.039458009421168
        ]
      }
    },
    {
      "type": "Feature",
      "properties": {
        "source_row_no": 327,
        "city": "新北市",
        "normalized_city": "新北市",
        "district": "板橋區",
        "vendor_category_code": "6",
        "vendor_category": "物流業",
        "registration_item": "物流營業場所",
        "registration_no": "F-197185165-00002-7",
        "name": "鵬德食品",
        "address": "新北市板橋區僑中二街108巷31號",
        "company_registration_name": "鵬德食品有限公司",
        "source_page": 9,
        "point_type": "業者點位",
        "location_method": "OpenStreetMap道路/地名定位",
        "source_count": 479,
        "geocoding_address": "新北市板橋區僑中二街108巷31號",
        "lng": 121.44615975374164,
        "lat": 25.0079246258956,
        "osm_query": "新北市板橋區僑中二街",
        "osm_display_name": "僑中二街, 浮洲里, 板橋區, 歡仔園, 新北市, 220308, 臺灣"
      },
      "geometry": {
        "type": "Point",
        "coordinates": [
          121.44615975374164,
          25.0079246258956
        ]
      }
    },
    {
      "type": "Feature",
      "properties": {
        "source_row_no": 328,
        "city": "新北市",
        "normalized_city": "新北市",
        "district": "八里區",
        "vendor_category_code": "6",
        "vendor_category": "物流業",
        "registration_item": "物流營業場所",
        "registration_no": "F-184123673-00002-9",
        "name": "英翔興業有限公司",
        "address": "新北市八里區商港六路35號9樓",
        "company_registration_name": "英翔興業有限公司",
        "source_page": 9,
        "point_type": "業者點位",
        "location_method": "OpenStreetMap道路/地名定位",
        "source_count": 479,
        "geocoding_address": "新北市八里區商港六路35號",
        "lng": 121.39642613667121,
        "lat": 25.14951149237411,
        "osm_query": "新北市八里區商港六路",
        "osm_display_name": "商港六路, 訊塘里, 八里區, 下罟子, 新北市, 249002, 臺灣"
      },
      "geometry": {
        "type": "Point",
        "coordinates": [
          121.39642613667121,
          25.14951149237411
        ]
      }
    },
    {
      "type": "Feature",
      "properties": {
        "source_row_no": 329,
        "city": "新北市",
        "normalized_city": "新北市",
        "district": "土城區",
        "vendor_category_code": "6",
        "vendor_category": "物流業",
        "registration_item": "物流營業場所",
        "registration_no": "F-100010720-00002-5",
        "name": "丞德物流行銷有限公司",
        "address": "新北市土城區自由街15號(1樓)",
        "company_registration_name": "丞德物流行銷有限公司",
        "source_page": 9,
        "point_type": "業者點位",
        "location_method": "OpenStreetMap道路/地名定位",
        "source_count": 479,
        "geocoding_address": "新北市土城區自由街15號(",
        "lng": 121.42439647561802,
        "lat": 24.967236639168352,
        "osm_query": "新北市土城區自由街",
        "osm_display_name": "自由街, 沛陂里, 土城區, 頂埔, 新北市, 236043, 臺灣"
      },
      "geometry": {
        "type": "Point",
        "coordinates": [
          121.42439647561802,
          24.967236639168352
        ]
      }
    },
    {
      "type": "Feature",
      "properties": {
        "source_row_no": 330,
        "city": "新北市",
        "normalized_city": "新北市",
        "district": "蘆洲區",
        "vendor_category_code": "6",
        "vendor_category": "物流業",
        "registration_item": "物流營業場所",
        "registration_no": "F-152519574-00001-2",
        "name": "立葳",
        "address": "新北市蘆洲區國道路二段一巷52號3樓",
        "company_registration_name": "泰瑜企業有限公司",
        "source_page": 9,
        "point_type": "業者點位",
        "location_method": "OpenStreetMap道路/地名定位",
        "source_count": 479,
        "geocoding_address": "新北市蘆洲區國道路二段一巷52號",
        "lng": 121.47131910057199,
        "lat": 25.074445774740074,
        "osm_query": "新北市蘆洲區國道路二段",
        "osm_display_name": "國道路二段, 得仁里, 蘆洲區, 新北市, 24872, 臺灣"
      },
      "geometry": {
        "type": "Point",
        "coordinates": [
          121.47131910057199,
          25.074445774740074
        ]
      }
    },
    {
      "type": "Feature",
      "properties": {
        "source_row_no": 331,
        "city": "新北市",
        "normalized_city": "新北市",
        "district": "新莊區",
        "vendor_category_code": "6",
        "vendor_category": "物流業",
        "registration_item": "物流營業場所",
        "registration_no": "F-190748703-00001-2",
        "name": "辦公室",
        "address": "新北市新莊區新泰路227號3樓之1",
        "company_registration_name": "旭航國際有限公司",
        "source_page": 9,
        "point_type": "業者點位",
        "location_method": "OpenStreetMap道路/地名定位",
        "source_count": 479,
        "geocoding_address": "新北市新莊區新泰路227號",
        "lng": 121.44681461157944,
        "lat": 25.03912856261984,
        "osm_query": "新北市新莊區新泰路",
        "osm_display_name": "新泰路, 立言里, 新莊區, 新庄(海山口), 新北市, 242005, 臺灣"
      },
      "geometry": {
        "type": "Point",
        "coordinates": [
          121.44681461157944,
          25.03912856261984
        ]
      }
    },
    {
      "type": "Feature",
      "properties": {
        "source_row_no": 332,
        "city": "新北市",
        "normalized_city": "新北市",
        "district": "泰山區",
        "vendor_category_code": "6",
        "vendor_category": "物流業",
        "registration_item": "物流營業場所",
        "registration_no": "F-100133595-00001-0",
        "name": "鼎匯食品有限公司",
        "address": "新北市泰山區民生路17巷45號",
        "company_registration_name": "鼎匯食品有限公司",
        "source_page": 9,
        "point_type": "業者點位",
        "location_method": "OpenStreetMap道路/地名定位",
        "source_count": 479,
        "geocoding_address": "新北市泰山區民生路17巷45號",
        "lng": 121.4337412138387,
        "lat": 25.049235642034283,
        "osm_query": "新北市泰山區民生路",
        "osm_display_name": "民生路, 義仁里, 泰山區, 貴子坑, 新北市, 243087, 臺灣"
      },
      "geometry": {
        "type": "Point",
        "coordinates": [
          121.4337412138387,
          25.049235642034283
        ]
      }
    },
    {
      "type": "Feature",
      "properties": {
        "source_row_no": 333,
        "city": "新北市",
        "normalized_city": "新北市",
        "district": "八里區",
        "vendor_category_code": "6",
        "vendor_category": "物流業",
        "registration_item": "物流營業場所",
        "registration_no": "F-127749850-00001-6",
        "name": "宇捷貿易股份有限公司",
        "address": "新北市八里區中華路一段309巷19-7號",
        "company_registration_name": "宇捷貿易股份有限公司",
        "source_page": 9,
        "point_type": "業者點位",
        "location_method": "OpenStreetMap道路/地名定位",
        "source_count": 479,
        "geocoding_address": "新北市八里區中華路一段309巷19-7號",
        "lng": 121.41880156855345,
        "lat": 25.156575811047624,
        "osm_query": "新北市八里區中華路一段",
        "osm_display_name": "中華路一段, 大崁里, 八里區, 公田, 新北市, 24943, 臺灣"
      },
      "geometry": {
        "type": "Point",
        "coordinates": [
          121.41880156855345,
          25.156575811047624
        ]
      }
    },
    {
      "type": "Feature",
      "properties": {
        "source_row_no": 334,
        "city": "新北市",
        "normalized_city": "新北市",
        "district": "五股區",
        "vendor_category_code": "6",
        "vendor_category": "物流業",
        "registration_item": "物流營業場所",
        "registration_no": "A-102059934-00001-1",
        "name": "新北巿五股區新五路三段26號",
        "address": "新北市五股區新五路3段26號",
        "company_registration_name": "永達汽車貨運股份有限公司",
        "source_page": 9,
        "point_type": "業者點位",
        "location_method": "OpenStreetMap道路/地名定位",
        "source_count": 479,
        "geocoding_address": "新北市五股區新五路3段26號",
        "lng": 121.44616827097202,
        "lat": 25.08997443592168,
        "osm_query": "新北市五股區新五路3段",
        "osm_display_name": "新五路三段, 洲子洋重劃區, 成泰里, 五股區, 新北市, 248017, 臺灣"
      },
      "geometry": {
        "type": "Point",
        "coordinates": [
          121.44616827097202,
          25.08997443592168
        ]
      }
    },
    {
      "type": "Feature",
      "properties": {
        "source_row_no": 335,
        "city": "新北市",
        "normalized_city": "新北市",
        "district": "三重區",
        "vendor_category_code": "6",
        "vendor_category": "物流業",
        "registration_item": "物流營業場所",
        "registration_no": "F-185092769-00001-0",
        "name": "貝瑞爾生醫",
        "address": "新北市三重區六張街194巷1弄14號(1樓)",
        "company_registration_name": "貝瑞爾生醫有限公司",
        "source_page": 9,
        "point_type": "業者點位",
        "location_method": "OpenStreetMap道路/地名定位",
        "source_count": 479,
        "geocoding_address": "新北市三重區六張街194巷1弄14號(",
        "osm_query": "六張街 三重區 新北市",
        "osm_display_name": "六張街, 六合里, 三重區, 新北市, 24145, 臺灣",
        "lng": 121.4887796800845,
        "lat": 25.068955943193956
      },
      "geometry": {
        "type": "Point",
        "coordinates": [
          121.4887796800845,
          25.068955943193956
        ]
      }
    },
    {
      "type": "Feature",
      "properties": {
        "source_row_no": 336,
        "city": "新北市",
        "normalized_city": "新北市",
        "district": "三重區",
        "vendor_category_code": "6",
        "vendor_category": "物流業",
        "registration_item": "物流營業場所",
        "registration_no": "F-183288280-00002-4",
        "name": "倉儲",
        "address": "新北市三重區重新路5段609巷14號6樓之1",
        "company_registration_name": "笛頌健康有限公司",
        "source_page": 9,
        "point_type": "業者點位",
        "location_method": "OpenStreetMap道路/地名定位",
        "source_count": 479,
        "geocoding_address": "新北市三重區重新路5段609巷14號",
        "lng": 121.47136238214807,
        "lat": 25.046130702580573,
        "osm_query": "新北市三重區重新路5段",
        "osm_display_name": "重新路五段, 中興里, 三重區, 頭前, 新北市, 241017, 臺灣"
      },
      "geometry": {
        "type": "Point",
        "coordinates": [
          121.47136238214807,
          25.046130702580573
        ]
      }
    },
    {
      "type": "Feature",
      "properties": {
        "source_row_no": 337,
        "city": "新北市",
        "normalized_city": "新北市",
        "district": "永和區",
        "vendor_category_code": "6",
        "vendor_category": "物流業",
        "registration_item": "物流營業場所",
        "registration_no": "F-100180132-00004-2",
        "name": "SHUU",
        "address": "新北市永和區永和路2段41號",
        "company_registration_name": "鑫秀國際烘培股份有限公司",
        "source_page": 9,
        "point_type": "業者點位",
        "location_method": "OpenStreetMap道路/地名定位",
        "source_count": 479,
        "geocoding_address": "新北市永和區永和路2段41號",
        "lng": 121.5156904636281,
        "lat": 25.014070555797023,
        "osm_query": "新北市永和區永和路2段",
        "osm_display_name": "永和路二段, 勵行里, 永和區, 溪洲, 新北市, 23445, 臺灣"
      },
      "geometry": {
        "type": "Point",
        "coordinates": [
          121.5156904636281,
          25.014070555797023
        ]
      }
    },
    {
      "type": "Feature",
      "properties": {
        "source_row_no": 338,
        "city": "新北市",
        "normalized_city": "新北市",
        "district": "林口區",
        "vendor_category_code": "6",
        "vendor_category": "物流業",
        "registration_item": "物流營業場所",
        "registration_no": "F-153197609-00001-4",
        "name": "松益行銷股份有限公司",
        "address": "新北市林口區菁埔39-36號",
        "company_registration_name": "松益行銷股份有限公司",
        "source_page": 9,
        "point_type": "業者點位",
        "location_method": "OpenStreetMap道路/地名定位",
        "source_count": 479,
        "geocoding_address": "新北市林口區菁埔39-36號",
        "lng": 121.37780297129781,
        "lat": 25.0966733238288,
        "osm_query": "新北市林口區菁埔",
        "osm_display_name": "菁埔, 林口區, 新北市, 244016, 臺灣"
      },
      "geometry": {
        "type": "Point",
        "coordinates": [
          121.37780297129781,
          25.0966733238288
        ]
      }
    },
    {
      "type": "Feature",
      "properties": {
        "source_row_no": 339,
        "city": "新北市",
        "normalized_city": "新北市",
        "district": "林口區",
        "vendor_category_code": "6",
        "vendor_category": "物流業",
        "registration_item": "物流營業場所",
        "registration_no": "F-189191880-00001-8",
        "name": "全勤流通管理股份有限公司",
        "address": "新北市林口區宏昌街1號",
        "company_registration_name": "新合興通運有限公司",
        "source_page": 9,
        "point_type": "業者點位",
        "location_method": "OpenStreetMap道路/地名定位",
        "source_count": 479,
        "geocoding_address": "新北市林口區宏昌街1號",
        "lng": 121.40494125026922,
        "lat": 25.08468475738592,
        "osm_query": "新北市林口區宏昌街",
        "osm_display_name": "宏昌街, 東林里, 林口區, 新北市, 24445, 臺灣"
      },
      "geometry": {
        "type": "Point",
        "coordinates": [
          121.40494125026922,
          25.08468475738592
        ]
      }
    },
    {
      "type": "Feature",
      "properties": {
        "source_row_no": 340,
        "city": "新北市",
        "normalized_city": "新北市",
        "district": "汐止區",
        "vendor_category_code": "6",
        "vendor_category": "物流業",
        "registration_item": "物流營業場所",
        "registration_no": "F-183503443-00001-4",
        "name": "聯富有限公司",
        "address": "新北市汐止區南陽街105號",
        "company_registration_name": "聯富有限公司",
        "source_page": 9,
        "point_type": "業者點位",
        "location_method": "OpenStreetMap道路/地名定位",
        "source_count": 479,
        "geocoding_address": "新北市汐止區南陽街105號",
        "lng": 121.62526040121205,
        "lat": 25.058478423646264,
        "osm_query": "新北市汐止區南陽街",
        "osm_display_name": "南陽街, 環河里, 汐止區, 橫科, 新北市, 221009, 臺灣"
      },
      "geometry": {
        "type": "Point",
        "coordinates": [
          121.62526040121205,
          25.058478423646264
        ]
      }
    },
    {
      "type": "Feature",
      "properties": {
        "source_row_no": 341,
        "city": "新北市",
        "normalized_city": "新北市",
        "district": "中和區",
        "vendor_category_code": "6",
        "vendor_category": "物流業",
        "registration_item": "物流營業場所",
        "registration_no": "F-129035751-00003-8",
        "name": "巨富工業有限公司",
        "address": "新北市中和區建八路167-3號",
        "company_registration_name": "巨富工業有限公司",
        "source_page": 9,
        "point_type": "業者點位",
        "location_method": "OpenStreetMap道路/地名定位",
        "source_count": 479,
        "geocoding_address": "新北市中和區建八路167-3號",
        "lng": 121.48907666711482,
        "lat": 24.998248711668687,
        "osm_query": "新北市中和區建八路",
        "osm_display_name": "建八路, 平河里, 中和區, 中坑, 新北市, 23511, 臺灣"
      },
      "geometry": {
        "type": "Point",
        "coordinates": [
          121.48907666711482,
          24.998248711668687
        ]
      }
    },
    {
      "type": "Feature",
      "properties": {
        "source_row_no": 342,
        "city": "新北市",
        "normalized_city": "新北市",
        "district": "三重區",
        "vendor_category_code": "6",
        "vendor_category": "物流業",
        "registration_item": "物流營業場所",
        "registration_no": "F-146480100-00122-1",
        "name": "新莊營業所",
        "address": "新北市三重區頂崁里重光街50號",
        "company_registration_name": "新竹物流股份有限公司",
        "source_page": 9,
        "point_type": "業者點位",
        "location_method": "OpenStreetMap道路/地名定位",
        "source_count": 479,
        "geocoding_address": "新北市三重區頂崁里重光街50號",
        "lng": 121.4664965395279,
        "lat": 25.062595602432562,
        "osm_query": "新北市三重區頂崁里重光街",
        "osm_display_name": "重光街, 頂崁工業區, 頂崁里, 三重區, 頭前, 新北市, 241553, 臺灣"
      },
      "geometry": {
        "type": "Point",
        "coordinates": [
          121.4664965395279,
          25.062595602432562
        ]
      }
    },
    {
      "type": "Feature",
      "properties": {
        "source_row_no": 343,
        "city": "新北市",
        "normalized_city": "新北市",
        "district": "板橋區",
        "vendor_category_code": "6",
        "vendor_category": "物流業",
        "registration_item": "物流營業場所",
        "registration_no": "F-278962500-00001-2",
        "name": "鵬德食品有限公司",
        "address": "新北市板橋區僑中二街108巷31號",
        "company_registration_name": "鵬德食品有限公司",
        "source_page": 9,
        "point_type": "業者點位",
        "location_method": "OpenStreetMap道路/地名定位",
        "source_count": 479,
        "geocoding_address": "新北市板橋區僑中二街108巷31號",
        "lng": 121.44593963329055,
        "lat": 25.007871050434346,
        "osm_query": "新北市板橋區僑中二街",
        "osm_display_name": "僑中二街, 浮洲里, 板橋區, 歡仔園, 新北市, 220308, 臺灣"
      },
      "geometry": {
        "type": "Point",
        "coordinates": [
          121.44593963329055,
          25.007871050434346
        ]
      }
    },
    {
      "type": "Feature",
      "properties": {
        "source_row_no": 344,
        "city": "新北市",
        "normalized_city": "新北市",
        "district": "泰山區",
        "vendor_category_code": "6",
        "vendor_category": "物流業",
        "registration_item": "物流營業場所",
        "registration_no": "F-186188637-00003-3",
        "name": "台灣亞茂",
        "address": "新北市泰山區新五路一段43-1號",
        "company_registration_name": "台灣亞茂有限公司",
        "source_page": 9,
        "point_type": "業者點位",
        "location_method": "OpenStreetMap道路/地名定位",
        "source_count": 479,
        "geocoding_address": "新北市泰山區新五路一段43-1號",
        "lng": 121.43989315259057,
        "lat": 25.062387680364186,
        "osm_query": "新北市泰山區新五路一段",
        "osm_display_name": "新五路一段, 楓樹里, 泰山區, 中港厝, 新北市, 242204, 臺灣"
      },
      "geometry": {
        "type": "Point",
        "coordinates": [
          121.43989315259057,
          25.062387680364186
        ]
      }
    },
    {
      "type": "Feature",
      "properties": {
        "source_row_no": 345,
        "city": "新北市",
        "normalized_city": "新北市",
        "district": "三重區",
        "vendor_category_code": "6",
        "vendor_category": "物流業",
        "registration_item": "物流營業場所",
        "registration_no": "F-107161402-00001-5",
        "name": "宏翔交通有限公司",
        "address": "新北市三重區後埔街61號之4",
        "company_registration_name": "宏翔交通有限公司",
        "source_page": 9,
        "point_type": "業者點位",
        "location_method": "OpenStreetMap道路/地名定位",
        "source_count": 479,
        "geocoding_address": "新北市三重區後埔街61號之4",
        "lng": 121.47895719279836,
        "lat": 25.048477309583948,
        "osm_query": "新北市三重區後埔街",
        "osm_display_name": "後埔街, 德厚里, 三重區, 頭前, 新北市, 241018, 臺灣"
      },
      "geometry": {
        "type": "Point",
        "coordinates": [
          121.47895719279836,
          25.048477309583948
        ]
      }
    },
    {
      "type": "Feature",
      "properties": {
        "source_row_no": 346,
        "city": "新北市",
        "normalized_city": "新北市",
        "district": "樹林區",
        "vendor_category_code": "6",
        "vendor_category": "物流業",
        "registration_item": "物流營業場所",
        "registration_no": "F-116778049-00010-6",
        "name": "大智通樹林DC",
        "address": "新北市樹林區佳園路2段70之1號",
        "company_registration_name": "大智通文化行銷股份有限公司",
        "source_page": 9,
        "point_type": "業者點位",
        "location_method": "OpenStreetMap道路/地名定位",
        "source_count": 479,
        "geocoding_address": "新北市樹林區佳園路2段70之1號",
        "lng": 121.3906200395099,
        "lat": 24.959861717274993,
        "osm_query": "新北市樹林區佳園路2段",
        "osm_display_name": "佳園路二段, 北園里, 樹林區, 柑園, 新北市, 23877, 臺灣"
      },
      "geometry": {
        "type": "Point",
        "coordinates": [
          121.3906200395099,
          24.959861717274993
        ]
      }
    },
    {
      "type": "Feature",
      "properties": {
        "source_row_no": 347,
        "city": "新北市",
        "normalized_city": "新北市",
        "district": "五股區",
        "vendor_category_code": "6",
        "vendor_category": "物流業",
        "registration_item": "物流營業場所",
        "registration_no": "F-190066592-00001-1",
        "name": "新瑞運輸股份有限公司",
        "address": "新北市五股區新城一路167號",
        "company_registration_name": "新瑞運輸股份有限公司",
        "source_page": 9,
        "point_type": "業者點位",
        "location_method": "OpenStreetMap道路/地名定位",
        "source_count": 479,
        "geocoding_address": "新北市五股區新城一路167號",
        "lng": 121.4426167334249,
        "lat": 25.086458820791833,
        "osm_query": "新北市五股區新城一路",
        "osm_display_name": "新城一路, 洲子洋重劃區, 成泰里, 五股區, 新北市, 248017, 臺灣"
      },
      "geometry": {
        "type": "Point",
        "coordinates": [
          121.4426167334249,
          25.086458820791833
        ]
      }
    },
    {
      "type": "Feature",
      "properties": {
        "source_row_no": 348,
        "city": "新北市",
        "normalized_city": "新北市",
        "district": "林口區",
        "vendor_category_code": "6",
        "vendor_category": "物流業",
        "registration_item": "物流營業場所",
        "registration_no": "F-183076928-00001-7",
        "name": "優食台灣股份有限公司",
        "address": "新北市林口區文化二路1段390號7樓",
        "company_registration_name": "優食台灣股份有限公司",
        "source_page": 9,
        "point_type": "業者點位",
        "location_method": "OpenStreetMap道路/地名定位",
        "source_count": 479,
        "geocoding_address": "新北市林口區文化二路1段390號",
        "lng": 121.37042242548156,
        "lat": 25.07288554407986,
        "osm_query": "新北市林口區文化二路1段",
        "osm_display_name": "文化二路一段, 仁愛里, 林口區, 新北市, 244013, 臺灣"
      },
      "geometry": {
        "type": "Point",
        "coordinates": [
          121.37042242548156,
          25.07288554407986
        ]
      }
    },
    {
      "type": "Feature",
      "properties": {
        "source_row_no": 349,
        "city": "新北市",
        "normalized_city": "新北市",
        "district": "中和區",
        "vendor_category_code": "6",
        "vendor_category": "物流業",
        "registration_item": "物流營業場所",
        "registration_no": "F-202274885-00001-1",
        "name": "偉記企業社",
        "address": "新北市中和區中山路2段264巷1號2樓",
        "company_registration_name": "偉記企業社",
        "source_page": 9,
        "point_type": "業者點位",
        "location_method": "OpenStreetMap道路/地名定位",
        "source_count": 479,
        "geocoding_address": "新北市中和區中山路2段264巷1號",
        "lng": 121.50250966159236,
        "lat": 25.00393784196537,
        "osm_query": "新北市中和區中山路2段",
        "osm_display_name": "中山路二段, 佳和里, 中和區, 枋寮, 新北市, 23554, 臺灣"
      },
      "geometry": {
        "type": "Point",
        "coordinates": [
          121.50250966159236,
          25.00393784196537
        ]
      }
    },
    {
      "type": "Feature",
      "properties": {
        "source_row_no": 350,
        "city": "新北市",
        "normalized_city": "新北市",
        "district": "汐止區",
        "vendor_category_code": "6",
        "vendor_category": "物流業",
        "registration_item": "物流營業場所",
        "registration_no": "F-146480100-00125-4",
        "name": "汐止營業所",
        "address": "新北市汐止區大同路一段495號",
        "company_registration_name": "新竹物流股份有限公司",
        "source_page": 9,
        "point_type": "業者點位",
        "location_method": "OpenStreetMap道路/地名定位",
        "source_count": 479,
        "geocoding_address": "新北市汐止區大同路一段495號",
        "lng": 121.63212425014949,
        "lat": 25.05573297887518,
        "osm_query": "新北市汐止區大同路一段",
        "osm_display_name": "大同路一段, 樟樹灣, 樟樹里, 汐止區, 橫科, 新北市, 22161, 臺灣"
      },
      "geometry": {
        "type": "Point",
        "coordinates": [
          121.63212425014949,
          25.05573297887518
        ]
      }
    },
    {
      "type": "Feature",
      "properties": {
        "source_row_no": 351,
        "city": "新北市",
        "normalized_city": "新北市",
        "district": "新店區",
        "vendor_category_code": "6",
        "vendor_category": "物流業",
        "registration_item": "物流營業場所",
        "registration_no": "F-180616921-00003-9",
        "name": "紅杉有限公司",
        "address": "新北市新店區寶高路7巷4號1樓",
        "company_registration_name": "紅杉有限公司",
        "source_page": 9,
        "point_type": "業者點位",
        "location_method": "OpenStreetMap道路/地名定位",
        "source_count": 479,
        "geocoding_address": "新北市新店區寶高路7巷4號",
        "lng": 121.5532735015856,
        "lat": 24.976854657263733,
        "osm_query": "新北市新店區寶高路",
        "osm_display_name": "寶高路, 寶橋工業區, 寶福里, 新店區, 大坪林, 新北市, 116019, 臺灣"
      },
      "geometry": {
        "type": "Point",
        "coordinates": [
          121.5532735015856,
          24.976854657263733
        ]
      }
    },
    {
      "type": "Feature",
      "properties": {
        "source_row_no": 352,
        "city": "新北市",
        "normalized_city": "新北市",
        "district": "新莊區",
        "vendor_category_code": "6",
        "vendor_category": "物流業",
        "registration_item": "物流營業場所",
        "registration_no": "F-134137856-00001-1",
        "name": "輪泰運輸有限公司",
        "address": "新北市新莊區建國一路38號(2樓)",
        "company_registration_name": "輪泰運輸有限公司",
        "source_page": 9,
        "point_type": "業者點位",
        "location_method": "OpenStreetMap道路/地名定位",
        "source_count": 479,
        "geocoding_address": "新北市新莊區建國一路38號(",
        "lng": 121.43438775819793,
        "lat": 25.030620771577926,
        "osm_query": "新北市新莊區建國一路",
        "osm_display_name": "建國一路, 福營里, 新莊區, 營盤, 新北市, 24257, 臺灣"
      },
      "geometry": {
        "type": "Point",
        "coordinates": [
          121.43438775819793,
          25.030620771577926
        ]
      }
    },
    {
      "type": "Feature",
      "properties": {
        "source_row_no": 353,
        "city": "新北市",
        "normalized_city": "新北市",
        "district": "樹林區",
        "vendor_category_code": "6",
        "vendor_category": "物流業",
        "registration_item": "物流營業場所",
        "registration_no": "F-150989655-00001-1",
        "name": "台灣共乘貨運有限公司",
        "address": "新北市樹林區俊英街219巷45弄22-1號",
        "company_registration_name": "台灣共乘貨運有限公司",
        "source_page": 9,
        "point_type": "業者點位",
        "location_method": "OpenStreetMap道路/地名定位",
        "source_count": 479,
        "geocoding_address": "新北市樹林區俊英街219巷45弄22-1號",
        "lng": 121.42607339230761,
        "lat": 25.00791457406235,
        "osm_query": "新北市樹林區俊英街",
        "osm_display_name": "俊英街, 圳安里, 樹林區, 三角埔, 新北市, 23878, 臺灣"
      },
      "geometry": {
        "type": "Point",
        "coordinates": [
          121.42607339230761,
          25.00791457406235
        ]
      }
    },
    {
      "type": "Feature",
      "properties": {
        "source_row_no": 354,
        "city": "新北市",
        "normalized_city": "新北市",
        "district": "五股區",
        "vendor_category_code": "6",
        "vendor_category": "物流業",
        "registration_item": "物流營業場所",
        "registration_no": "F-125013410-00001-0",
        "name": "聖騏食品股份有限公司",
        "address": "新北市五股區興珍里五工三路103號",
        "company_registration_name": "聖騏食品股份有限公司",
        "source_page": 9,
        "point_type": "業者點位",
        "location_method": "OpenStreetMap道路/地名定位",
        "source_count": 479,
        "geocoding_address": "新北市五股區興珍里五工三路103號",
        "osm_query": "五工三路 五股區 新北市",
        "osm_display_name": "五工三路, 新北產業園區, 興珍里, 五股區, 頭前, 新北市, 24888, 臺灣",
        "lng": 121.4556812032212,
        "lat": 25.067677091821583
      },
      "geometry": {
        "type": "Point",
        "coordinates": [
          121.4556812032212,
          25.067677091821583
        ]
      }
    },
    {
      "type": "Feature",
      "properties": {
        "source_row_no": 355,
        "city": "新北市",
        "normalized_city": "新北市",
        "district": "板橋區",
        "vendor_category_code": "6",
        "vendor_category": "物流業",
        "registration_item": "物流營業場所",
        "registration_no": "F-200212687-00002-2",
        "name": "何鮮菇",
        "address": "新北市板橋區存德街94號",
        "company_registration_name": "何鮮菇有限公司",
        "source_page": 9,
        "point_type": "業者點位",
        "location_method": "OpenStreetMap道路/地名定位",
        "source_count": 479,
        "geocoding_address": "新北市板橋區存德街94號",
        "lng": 121.43110968938527,
        "lat": 24.99118207538181,
        "osm_query": "新北市板橋區存德街",
        "osm_display_name": "存德街, 崑崙里, 板橋區, 歡仔園, 新北市, 22072, 臺灣"
      },
      "geometry": {
        "type": "Point",
        "coordinates": [
          121.43110968938527,
          24.99118207538181
        ]
      }
    },
    {
      "type": "Feature",
      "properties": {
        "source_row_no": 356,
        "city": "新北市",
        "normalized_city": "新北市",
        "district": "板橋區",
        "vendor_category_code": "6",
        "vendor_category": "物流業",
        "registration_item": "物流營業場所",
        "registration_no": "F-170762591-00802-0",
        "name": "板運衛星點",
        "address": "新北市板橋區區運路33號",
        "company_registration_name": "統一速達股份有限公司",
        "source_page": 9,
        "point_type": "業者點位",
        "location_method": "OpenStreetMap道路/地名定位",
        "source_count": 479,
        "geocoding_address": "新北市板橋區區運路33號",
        "lng": 121.46544276653957,
        "lat": 25.0093392910391,
        "osm_query": "新北市板橋區區運路",
        "osm_display_name": "區運路, 深丘里, 板橋區, 新板特區, 新北市, 22065, 臺灣"
      },
      "geometry": {
        "type": "Point",
        "coordinates": [
          121.46544276653957,
          25.0093392910391
        ]
      }
    },
    {
      "type": "Feature",
      "properties": {
        "source_row_no": 357,
        "city": "新北市",
        "normalized_city": "新北市",
        "district": "新店區",
        "vendor_category_code": "6",
        "vendor_category": "物流業",
        "registration_item": "物流營業場所",
        "registration_no": "F-170762591-00943-6",
        "name": "安坑營業所",
        "address": "新北市新店區安康路一段89號",
        "company_registration_name": "統一速達股份有限公司",
        "source_page": 9,
        "point_type": "業者點位",
        "location_method": "OpenStreetMap道路/地名定位",
        "source_count": 479,
        "geocoding_address": "新北市新店區安康路一段89號",
        "lng": 121.52608760025053,
        "lat": 24.96294040104286,
        "osm_query": "新北市新店區安康路一段",
        "osm_display_name": "安康路一段, 下城里, 新店區, 大坪林, 新北市, 231069, 臺灣"
      },
      "geometry": {
        "type": "Point",
        "coordinates": [
          121.52608760025053,
          24.96294040104286
        ]
      }
    },
    {
      "type": "Feature",
      "properties": {
        "source_row_no": 358,
        "city": "新北市",
        "normalized_city": "新北市",
        "district": "汐止區",
        "vendor_category_code": "6",
        "vendor_category": "物流業",
        "registration_item": "物流營業場所",
        "registration_no": "F-146480100-00126-5",
        "name": "福德服務中心",
        "address": "新北市汐止區福德一路310巷7弄1號",
        "company_registration_name": "新竹物流股份有限公司",
        "source_page": 9,
        "point_type": "業者點位",
        "location_method": "OpenStreetMap道路/地名定位",
        "source_count": 479,
        "geocoding_address": "新北市汐止區福德一路310巷7弄1號",
        "lng": 121.6342005941413,
        "lat": 25.06523425460533,
        "osm_query": "新北市汐止區福德一路",
        "osm_display_name": "新北市政府消防局第六大隊暨社后分隊, 236, 福德一路, 中興里, 汐止區, 橫科, 新北市, 221, 臺灣"
      },
      "geometry": {
        "type": "Point",
        "coordinates": [
          121.6342005941413,
          25.06523425460533
        ]
      }
    },
    {
      "type": "Feature",
      "properties": {
        "source_row_no": 359,
        "city": "新北市",
        "normalized_city": "新北市",
        "district": "林口區",
        "vendor_category_code": "6",
        "vendor_category": "物流業",
        "registration_item": "物流營業場所",
        "registration_no": "F-170762591-00961-6",
        "name": "林口營業所",
        "address": "新北市林口區宏昌街8巷2號",
        "company_registration_name": "統一速達股份有限公司",
        "source_page": 9,
        "point_type": "業者點位",
        "location_method": "OpenStreetMap道路/地名定位",
        "source_count": 479,
        "geocoding_address": "新北市林口區宏昌街8巷2號",
        "lng": 121.40490867440072,
        "lat": 25.084733139299317,
        "osm_query": "新北市林口區宏昌街",
        "osm_display_name": "宏昌街, 東林里, 林口區, 新北市, 24445, 臺灣"
      },
      "geometry": {
        "type": "Point",
        "coordinates": [
          121.40490867440072,
          25.084733139299317
        ]
      }
    },
    {
      "type": "Feature",
      "properties": {
        "source_row_no": 360,
        "city": "新北市",
        "normalized_city": "新北市",
        "district": "中和區",
        "vendor_category_code": "6",
        "vendor_category": "物流業",
        "registration_item": "物流營業場所",
        "registration_no": "F-191406367-00001-0",
        "name": "公司",
        "address": "新北市中和區大仁街20巷25弄16號",
        "company_registration_name": "永利旺運輸企業",
        "source_page": 9,
        "point_type": "業者點位",
        "location_method": "OpenStreetMap道路/地名定位",
        "source_count": 479,
        "geocoding_address": "新北市中和區大仁街20巷25弄16號",
        "lng": 121.51874216898707,
        "lat": 24.99367087771899,
        "osm_query": "新北市中和區大仁街",
        "osm_display_name": "大仁街, 秀水里, 中和區, 潭漧, 新北市, 23453, 臺灣"
      },
      "geometry": {
        "type": "Point",
        "coordinates": [
          121.51874216898707,
          24.99367087771899
        ]
      }
    },
    {
      "type": "Feature",
      "properties": {
        "source_row_no": 361,
        "city": "新北市",
        "normalized_city": "新北市",
        "district": "泰山區",
        "vendor_category_code": "6",
        "vendor_category": "物流業",
        "registration_item": "物流營業場所",
        "registration_no": "F-135975127-00004-6",
        "name": "原玄生技股份有限公司",
        "address": "新北市泰山區美寧街57巷34號",
        "company_registration_name": "原玄生技股份有限公司",
        "source_page": 10,
        "point_type": "業者點位",
        "location_method": "OpenStreetMap道路/地名定位",
        "source_count": 479,
        "geocoding_address": "新北市泰山區美寧街57巷34號",
        "lng": 121.43128470987818,
        "lat": 25.064390798943887,
        "osm_query": "新北市泰山區美寧街",
        "osm_display_name": "美寧街, 山腳里, 泰山區, 新北市, 24347, 臺灣"
      },
      "geometry": {
        "type": "Point",
        "coordinates": [
          121.43128470987818,
          25.064390798943887
        ]
      }
    },
    {
      "type": "Feature",
      "properties": {
        "source_row_no": 362,
        "city": "新北市",
        "normalized_city": "新北市",
        "district": "汐止區",
        "vendor_category_code": "6",
        "vendor_category": "物流業",
        "registration_item": "物流營業場所",
        "registration_no": "F-202316708-00001-2",
        "name": "鮮達",
        "address": "新北市汐止區新台五路2段240號",
        "company_registration_name": "鮮達有限公司",
        "source_page": 10,
        "point_type": "業者點位",
        "location_method": "OpenStreetMap道路/地名定位",
        "source_count": 479,
        "geocoding_address": "新北市汐止區新台五路2段240號",
        "lng": 121.66101893425909,
        "lat": 25.06569825318181,
        "osm_query": "新北市汐止區新台五路2段",
        "osm_display_name": "新台五路二段, 秀峰里, 汐止區, 新北市, 22175, 臺灣"
      },
      "geometry": {
        "type": "Point",
        "coordinates": [
          121.66101893425909,
          25.06569825318181
        ]
      }
    },
    {
      "type": "Feature",
      "properties": {
        "source_row_no": 363,
        "city": "新北市",
        "normalized_city": "新北市",
        "district": "五股區",
        "vendor_category_code": "6",
        "vendor_category": "物流業",
        "registration_item": "物流營業場所",
        "registration_no": "F-193764065-00001-4",
        "name": "倉儲",
        "address": "新北市五股區夏綠地街11-6號",
        "company_registration_name": "國鼎國際物流有限公司",
        "source_page": 10,
        "point_type": "業者點位",
        "location_method": "OpenStreetMap道路/地名定位",
        "source_count": 479,
        "geocoding_address": "新北市五股區夏綠地街11-6號",
        "lng": 121.44350921600652,
        "lat": 25.073744849122292,
        "osm_query": "新北市五股區夏綠地街",
        "osm_display_name": "夏綠地街, 更寮里, 五股區, 新北市, 248, 臺灣"
      },
      "geometry": {
        "type": "Point",
        "coordinates": [
          121.44350921600652,
          25.073744849122292
        ]
      }
    },
    {
      "type": "Feature",
      "properties": {
        "source_row_no": 364,
        "city": "新北市",
        "normalized_city": "新北市",
        "district": "泰山區",
        "vendor_category_code": "6",
        "vendor_category": "物流業",
        "registration_item": "物流營業場所",
        "registration_no": "F-115996840-00005-0",
        "name": "名慶商號",
        "address": "新北市泰山區泰林路三段500-4號",
        "company_registration_name": "名慶商號",
        "source_page": 10,
        "point_type": "業者點位",
        "location_method": "OpenStreetMap道路/地名定位",
        "source_count": 479,
        "geocoding_address": "新北市泰山區泰林路三段500-4號",
        "lng": 121.40602186640726,
        "lat": 24.978392864418158,
        "osm_query": "新北市泰山區泰林路三段",
        "osm_display_name": "新北市樹林區東山市民活動中心, 173, 中山路三段, 山佳里, 樹林區, 山佳, 新北市, 238, 臺灣"
      },
      "geometry": {
        "type": "Point",
        "coordinates": [
          121.40602186640726,
          24.978392864418158
        ]
      }
    },
    {
      "type": "Feature",
      "properties": {
        "source_row_no": 365,
        "city": "新北市",
        "normalized_city": "新北市",
        "district": "五股區",
        "vendor_category_code": "6",
        "vendor_category": "物流業",
        "registration_item": "物流營業場所",
        "registration_no": "F-153506555-00014-2",
        "name": "台灣善美的股份有限公司五股廠",
        "address": "新北市五股區五工六路35號",
        "company_registration_name": "弘舜貨運股份有限公司",
        "source_page": 10,
        "point_type": "業者點位",
        "location_method": "OpenStreetMap道路/地名定位",
        "source_count": 479,
        "geocoding_address": "新北市五股區五工六路35號",
        "osm_query": "五工六路 五股區 新北市",
        "osm_display_name": "五工六路, 新北產業園區, 興珍里, 五股區, 新北市, 242204, 臺灣",
        "lng": 121.44688206420513,
        "lat": 25.064951658827063
      },
      "geometry": {
        "type": "Point",
        "coordinates": [
          121.44688206420513,
          25.064951658827063
        ]
      }
    },
    {
      "type": "Feature",
      "properties": {
        "source_row_no": 366,
        "city": "新北市",
        "normalized_city": "新北市",
        "district": "中和區",
        "vendor_category_code": "6",
        "vendor_category": "物流業",
        "registration_item": "物流營業場所",
        "registration_no": "F-153635782-00001-3",
        "name": "台禮實業股份有限公司'",
        "address": "新北市中和區員山路124巷36號",
        "company_registration_name": "台禮實業股份有限公司",
        "source_page": 10,
        "point_type": "業者點位",
        "location_method": "OpenStreetMap道路/地名定位",
        "source_count": 479,
        "geocoding_address": "新北市中和區員山路124巷36號",
        "lng": 121.48198173682455,
        "lat": 24.991560352895284,
        "osm_query": "新北市中和區員山路",
        "osm_display_name": "員山路, 灰磘里, 中和區, 中坑, 新北市, 23552, 臺灣"
      },
      "geometry": {
        "type": "Point",
        "coordinates": [
          121.48198173682455,
          24.991560352895284
        ]
      }
    },
    {
      "type": "Feature",
      "properties": {
        "source_row_no": 367,
        "city": "新北市",
        "normalized_city": "新北市",
        "district": "汐止區",
        "vendor_category_code": "6",
        "vendor_category": "物流業",
        "registration_item": "物流營業場所",
        "registration_no": "F-154343600-00002-0",
        "name": "公司",
        "address": "新北市汐止區中興路75號4樓之3",
        "company_registration_name": "原風禮坊有限公司",
        "source_page": 10,
        "point_type": "業者點位",
        "location_method": "OpenStreetMap道路/地名定位",
        "source_count": 479,
        "geocoding_address": "新北市汐止區中興路75號",
        "lng": 121.63251122298517,
        "lat": 25.06500723306204,
        "osm_query": "新北市汐止區中興路",
        "osm_display_name": "中興路, 中興里, 汐止區, 新北市, 22154, 臺灣"
      },
      "geometry": {
        "type": "Point",
        "coordinates": [
          121.63251122298517,
          25.06500723306204
        ]
      }
    },
    {
      "type": "Feature",
      "properties": {
        "source_row_no": 368,
        "city": "新北市",
        "normalized_city": "新北市",
        "district": "汐止區",
        "vendor_category_code": "6",
        "vendor_category": "物流業",
        "registration_item": "物流營業場所",
        "registration_no": "F-184451675-00001-4",
        "name": "青峯運輸股份有限公司",
        "address": "新北市汐止區民權街2段48號5樓",
        "company_registration_name": "青峯運輸股份有限公司",
        "source_page": 10,
        "point_type": "業者點位",
        "location_method": "OpenStreetMap道路/地名定位",
        "source_count": 479,
        "geocoding_address": "新北市汐止區民權街2段48號",
        "lng": 121.61842544555296,
        "lat": 25.047921867642785,
        "osm_query": "新北市汐止區民權街2段",
        "osm_display_name": "白雲國小, 90, 民權街二段, 福山里, 汐止區, 橫科, 新北市, 11564, 臺灣"
      },
      "geometry": {
        "type": "Point",
        "coordinates": [
          121.61842544555296,
          25.047921867642785
        ]
      }
    },
    {
      "type": "Feature",
      "properties": {
        "source_row_no": 369,
        "city": "新北市",
        "normalized_city": "新北市",
        "district": "土城區",
        "vendor_category_code": "6",
        "vendor_category": "物流業",
        "registration_item": "物流營業場所",
        "registration_no": "F-189496779-00271-2",
        "name": "貴族世家企業股份有限公司",
        "address": "新北市土城區中興路17號",
        "company_registration_name": "貴族世家企業股份有限公司",
        "source_page": 10,
        "point_type": "業者點位",
        "location_method": "OpenStreetMap道路/地名定位",
        "source_count": 479,
        "geocoding_address": "新北市土城區中興路17號",
        "lng": 121.42393220689839,
        "lat": 24.964762921937215,
        "osm_query": "新北市土城區中興路",
        "osm_display_name": "中興路, 土城產業園區, 沛陂里, 土城區, 頂埔, 新北市, 236041, 臺灣"
      },
      "geometry": {
        "type": "Point",
        "coordinates": [
          121.42393220689839,
          24.964762921937215
        ]
      }
    },
    {
      "type": "Feature",
      "properties": {
        "source_row_no": 370,
        "city": "新北市",
        "normalized_city": "新北市",
        "district": "中和區",
        "vendor_category_code": "6",
        "vendor_category": "物流業",
        "registration_item": "物流營業場所",
        "registration_no": "F-133844993-00001-7",
        "name": "唐榮運輸有限公司",
        "address": "新北市中和區員山路7-3號",
        "company_registration_name": "唐榮運輸有限公司",
        "source_page": 10,
        "point_type": "業者點位",
        "location_method": "OpenStreetMap道路/地名定位",
        "source_count": 479,
        "geocoding_address": "新北市中和區員山路7-3號",
        "lng": 121.48163761388368,
        "lat": 24.992026078706235,
        "osm_query": "新北市中和區員山路",
        "osm_display_name": "員山路, 灰磘里, 中和區, 中坑, 新北市, 23552, 臺灣"
      },
      "geometry": {
        "type": "Point",
        "coordinates": [
          121.48163761388368,
          24.992026078706235
        ]
      }
    },
    {
      "type": "Feature",
      "properties": {
        "source_row_no": 371,
        "city": "新北市",
        "normalized_city": "新北市",
        "district": "五股區",
        "vendor_category_code": "6",
        "vendor_category": "物流業",
        "registration_item": "物流營業場所",
        "registration_no": "F-154857699-00014-1",
        "name": "路易莎咖啡物流中心(五股倉)",
        "address": "新北市五股區五工一路106號",
        "company_registration_name": "路易莎職人咖啡股份有限公司",
        "source_page": 10,
        "point_type": "業者點位",
        "location_method": "OpenStreetMap道路/地名定位",
        "source_count": 479,
        "geocoding_address": "新北市五股區五工一路106號",
        "osm_query": "五工一路 五股區 新北市",
        "osm_display_name": "五工一路, 興珍里, 五股區, 新北市, 248, 臺灣",
        "lng": 121.44934783503489,
        "lat": 25.070441898290866
      },
      "geometry": {
        "type": "Point",
        "coordinates": [
          121.44934783503489,
          25.070441898290866
        ]
      }
    },
    {
      "type": "Feature",
      "properties": {
        "source_row_no": 372,
        "city": "新北市",
        "normalized_city": "新北市",
        "district": "汐止區",
        "vendor_category_code": "6",
        "vendor_category": "物流業",
        "registration_item": "物流營業場所",
        "registration_no": "F-160475624-00002-9",
        "name": "台灣泰碩品牌有限公司",
        "address": "新北市汐止區大同路一段181號4F之2",
        "company_registration_name": "台灣泰碩品牌有限公司",
        "source_page": 10,
        "point_type": "業者點位",
        "location_method": "OpenStreetMap道路/地名定位",
        "source_count": 479,
        "geocoding_address": "新北市汐止區大同路一段181號",
        "lng": 121.63179489465402,
        "lat": 25.055622787565238,
        "osm_query": "新北市汐止區大同路一段",
        "osm_display_name": "大同路一段, 樟樹灣, 樟樹里, 汐止區, 橫科, 新北市, 22161, 臺灣"
      },
      "geometry": {
        "type": "Point",
        "coordinates": [
          121.63179489465402,
          25.055622787565238
        ]
      }
    },
    {
      "type": "Feature",
      "properties": {
        "source_row_no": 373,
        "city": "新北市",
        "normalized_city": "新北市",
        "district": "五股區",
        "vendor_category_code": "6",
        "vendor_category": "物流業",
        "registration_item": "物流營業場所",
        "registration_no": "F-165965688-00001-7",
        "name": "裕國冷凍冷藏股份有限公司",
        "address": "新北市五股區五工一路131號",
        "company_registration_name": "群聯興業有限公司",
        "source_page": 10,
        "point_type": "業者點位",
        "location_method": "OpenStreetMap道路/地名定位",
        "source_count": 479,
        "geocoding_address": "新北市五股區五工一路131號",
        "osm_query": "五工一路 五股區 新北市",
        "osm_display_name": "五工一路, 興珍里, 五股區, 新北市, 248, 臺灣",
        "lng": 121.44931254900257,
        "lat": 25.070594609455775
      },
      "geometry": {
        "type": "Point",
        "coordinates": [
          121.44931254900257,
          25.070594609455775
        ]
      }
    },
    {
      "type": "Feature",
      "properties": {
        "source_row_no": 374,
        "city": "新北市",
        "normalized_city": "新北市",
        "district": "五股區",
        "vendor_category_code": "6",
        "vendor_category": "物流業",
        "registration_item": "物流營業場所",
        "registration_no": "F-170396069-00001-4",
        "name": "豐得國際實業有限公司",
        "address": "新北市五股區五權路48號（1樓）",
        "company_registration_name": "豐得國際實業有限公司",
        "source_page": 10,
        "point_type": "業者點位",
        "location_method": "OpenStreetMap道路/地名定位",
        "source_count": 479,
        "geocoding_address": "新北市五股區五權路48號（",
        "osm_query": "五權路 五股區 新北市",
        "osm_display_name": "五權路, 新北產業園區, 興珍里, 五股區, 新北市, 242204, 臺灣",
        "lng": 121.44907410655483,
        "lat": 25.065418227429753
      },
      "geometry": {
        "type": "Point",
        "coordinates": [
          121.44907410655483,
          25.065418227429753
        ]
      }
    },
    {
      "type": "Feature",
      "properties": {
        "source_row_no": 375,
        "city": "新北市",
        "normalized_city": "新北市",
        "district": "三重區",
        "vendor_category_code": "6",
        "vendor_category": "物流業",
        "registration_item": "物流營業場所",
        "registration_no": "F-185092769-00001-0",
        "name": "貝瑞爾生醫",
        "address": "新北市三重區六張街194巷1弄14號(1樓)",
        "company_registration_name": "貝瑞爾生醫有限公司",
        "source_page": 10,
        "point_type": "業者點位",
        "location_method": "OpenStreetMap道路/地名定位",
        "source_count": 479,
        "geocoding_address": "新北市三重區六張街194巷1弄14號(",
        "osm_query": "六張街 三重區 新北市",
        "osm_display_name": "六張街, 六合里, 三重區, 新北市, 24145, 臺灣",
        "lng": 121.48869525593467,
        "lat": 25.06881242258944
      },
      "geometry": {
        "type": "Point",
        "coordinates": [
          121.48869525593467,
          25.06881242258944
        ]
      }
    },
    {
      "type": "Feature",
      "properties": {
        "source_row_no": 376,
        "city": "新北市",
        "normalized_city": "新北市",
        "district": "中和區",
        "vendor_category_code": "6",
        "vendor_category": "物流業",
        "registration_item": "物流營業場所",
        "registration_no": "F-153562850-00002-9",
        "name": "連城工業廣場",
        "address": "新北市中和區222巷4弄2號4樓",
        "company_registration_name": "雉羽整合行銷股份有限公司",
        "source_page": 10,
        "point_type": "業者點位",
        "location_method": "行政區中心微偏移",
        "source_count": 479,
        "geocoding_address": "新北市中和區222巷4弄2號",
        "osm_query": "新北市中和區222巷4弄",
        "osm_display_name": ""
      },
      "geometry": {
        "type": "Point",
        "coordinates": [
          121.50225152322977,
          24.98822536858512
        ]
      }
    },
    {
      "type": "Feature",
      "properties": {
        "source_row_no": 377,
        "city": "新北市",
        "normalized_city": "新北市",
        "district": "土城區",
        "vendor_category_code": "6",
        "vendor_category": "物流業",
        "registration_item": "物流營業場所",
        "registration_no": "F-127964610-00012-1",
        "name": "黑貓宅急便土城營業所",
        "address": "新北市土城區中央路四段29-1號",
        "company_registration_name": "泰奧萱有限公司",
        "source_page": 10,
        "point_type": "業者點位",
        "location_method": "OpenStreetMap道路/地名定位",
        "source_count": 479,
        "geocoding_address": "新北市土城區中央路四段29-1號",
        "lng": 121.42355441252778,
        "lat": 24.962258899757284,
        "osm_query": "新北市土城區中央路四段",
        "osm_display_name": "中央路四段, 頂埔里, 土城區, 頂埔, 新北市, 236041, 臺灣"
      },
      "geometry": {
        "type": "Point",
        "coordinates": [
          121.42355441252778,
          24.962258899757284
        ]
      }
    },
    {
      "type": "Feature",
      "properties": {
        "source_row_no": 378,
        "city": "新北市",
        "normalized_city": "新北市",
        "district": "中和區",
        "vendor_category_code": "6",
        "vendor_category": "物流業",
        "registration_item": "物流營業場所",
        "registration_no": "F-278967607-00003-7",
        "name": "金萱國內外水菓批發",
        "address": "新北市中和區秀朗路三段132號1樓",
        "company_registration_name": "金萱餐飲國際事業有限公司",
        "source_page": 10,
        "point_type": "業者點位",
        "location_method": "OpenStreetMap道路/地名定位",
        "source_count": 479,
        "geocoding_address": "新北市中和區秀朗路三段132號",
        "lng": 121.52421748240586,
        "lat": 24.990888441432293,
        "osm_query": "新北市中和區秀朗路三段",
        "osm_display_name": "秀朗路三段, 秀景里, 中和區, 潭漧, 新北市, 235085, 臺灣"
      },
      "geometry": {
        "type": "Point",
        "coordinates": [
          121.52421748240586,
          24.990888441432293
        ]
      }
    },
    {
      "type": "Feature",
      "properties": {
        "source_row_no": 379,
        "city": "新北市",
        "normalized_city": "新北市",
        "district": "中和區",
        "vendor_category_code": "6",
        "vendor_category": "物流業",
        "registration_item": "物流營業場所",
        "registration_no": "F-146480100-00129-8",
        "name": "中和營業所",
        "address": "新北市中和區環中路140號",
        "company_registration_name": "新竹物流股份有限公司",
        "source_page": 10,
        "point_type": "業者點位",
        "location_method": "OpenStreetMap道路/地名定位",
        "source_count": 479,
        "geocoding_address": "新北市中和區環中路140號",
        "lng": 121.4821284316575,
        "lat": 25.012328484953024,
        "osm_query": "新北市中和區環中路",
        "osm_display_name": "環中路, 福壽里, 板橋區, 埔墘, 新北市, 220083, 臺灣"
      },
      "geometry": {
        "type": "Point",
        "coordinates": [
          121.4821284316575,
          25.012328484953024
        ]
      }
    },
    {
      "type": "Feature",
      "properties": {
        "source_row_no": 380,
        "city": "新北市",
        "normalized_city": "新北市",
        "district": "林口區",
        "vendor_category_code": "6",
        "vendor_category": "物流業",
        "registration_item": "物流營業場所",
        "registration_no": "F-153361501-00002-9",
        "name": "公司集貨中心",
        "address": "新北市林口區文化三路一段191巷18號5樓",
        "company_registration_name": "寶鏵有限公司",
        "source_page": 10,
        "point_type": "業者點位",
        "location_method": "OpenStreetMap道路/地名定位",
        "source_count": 479,
        "geocoding_address": "新北市林口區文化三路一段191巷18號",
        "lng": 121.3630475868645,
        "lat": 25.07120899202022,
        "osm_query": "新北市林口區文化三路一段",
        "osm_display_name": "文化三路一段, 南勢里, 林口區, 新北市, 24464, 臺灣"
      },
      "geometry": {
        "type": "Point",
        "coordinates": [
          121.3630475868645,
          25.07120899202022
        ]
      }
    },
    {
      "type": "Feature",
      "properties": {
        "source_row_no": 381,
        "city": "新北市",
        "normalized_city": "新北市",
        "district": "汐止區",
        "vendor_category_code": "6",
        "vendor_category": "物流業",
        "registration_item": "物流營業場所",
        "registration_no": "F-200139824-00001-2",
        "name": "東亞運輸倉儲股份有限公司五堵分公司",
        "address": "新北市汐止區新北市汐止區大同路三段338號",
        "company_registration_name": "勁達行",
        "source_page": 10,
        "point_type": "業者點位",
        "location_method": "OpenStreetMap道路/地名定位",
        "source_count": 479,
        "geocoding_address": "新北市汐止區新北市汐止區大同路三段338號",
        "lng": 121.66574085486292,
        "lat": 25.074701412993964,
        "osm_query": "新北市汐止區新北市汐止區大同路三段",
        "osm_display_name": "大同路三段, 橋東里, 汐止區, 新北市, 22184, 臺灣"
      },
      "geometry": {
        "type": "Point",
        "coordinates": [
          121.66574085486292,
          25.074701412993964
        ]
      }
    },
    {
      "type": "Feature",
      "properties": {
        "source_row_no": 382,
        "city": "新北市",
        "normalized_city": "新北市",
        "district": "新莊區",
        "vendor_category_code": "6",
        "vendor_category": "物流業",
        "registration_item": "物流營業場所",
        "registration_no": "F-170624227-00112-7",
        "name": "三重營業所",
        "address": "新北市新莊區思源路34號",
        "company_registration_name": "台灣宅配通股份有限公司",
        "source_page": 10,
        "point_type": "業者點位",
        "location_method": "OpenStreetMap道路/地名定位",
        "source_count": 479,
        "geocoding_address": "新北市新莊區思源路34號",
        "lng": 121.45979039878075,
        "lat": 25.044654980541488,
        "osm_query": "新北市新莊區思源路",
        "osm_display_name": "思源路, 思源里, 新莊區, 中港厝, 新北市, 24213, 臺灣"
      },
      "geometry": {
        "type": "Point",
        "coordinates": [
          121.45979039878075,
          25.044654980541488
        ]
      }
    },
    {
      "type": "Feature",
      "properties": {
        "source_row_no": 383,
        "city": "新北市",
        "normalized_city": "新北市",
        "district": "瑞芳區",
        "vendor_category_code": "6",
        "vendor_category": "物流業",
        "registration_item": "物流營業場所",
        "registration_no": "F-153506555-00023-2",
        "name": "瑞芳低溫物流中心",
        "address": "新北市瑞芳區楓子瀨路5巷1號",
        "company_registration_name": "弘舜貨運股份有限公司",
        "source_page": 10,
        "point_type": "業者點位",
        "location_method": "OpenStreetMap道路/地名定位",
        "source_count": 479,
        "geocoding_address": "新北市瑞芳區楓子瀨路5巷1號",
        "lng": 121.7669767320783,
        "lat": 25.09882581824994,
        "osm_query": "新北市瑞芳區楓子瀨路",
        "osm_display_name": "楓仔瀨路, 上天里, 瑞芳區, 四腳亭, 新北市, 22445, 臺灣"
      },
      "geometry": {
        "type": "Point",
        "coordinates": [
          121.7669767320783,
          25.09882581824994
        ]
      }
    },
    {
      "type": "Feature",
      "properties": {
        "source_row_no": 384,
        "city": "新北市",
        "normalized_city": "新北市",
        "district": "林口區",
        "vendor_category_code": "6",
        "vendor_category": "物流業",
        "registration_item": "物流營業場所",
        "registration_no": "F-127598261-00017-1",
        "name": "全台物流-外食倉",
        "address": "新北市林口區宏昌街5-1號",
        "company_registration_name": "全勤流通管理股份有限公司",
        "source_page": 10,
        "point_type": "業者點位",
        "location_method": "OpenStreetMap道路/地名定位",
        "source_count": 479,
        "geocoding_address": "新北市林口區宏昌街5-1號",
        "lng": 121.40484278617276,
        "lat": 25.084467003749282,
        "osm_query": "新北市林口區宏昌街",
        "osm_display_name": "宏昌街, 東林里, 林口區, 新北市, 24445, 臺灣"
      },
      "geometry": {
        "type": "Point",
        "coordinates": [
          121.40484278617276,
          25.084467003749282
        ]
      }
    },
    {
      "type": "Feature",
      "properties": {
        "source_row_no": 385,
        "city": "新北市",
        "normalized_city": "新北市",
        "district": "汐止區",
        "vendor_category_code": "6",
        "vendor_category": "物流業",
        "registration_item": "物流營業場所",
        "registration_no": "F-116860883-00001-4",
        "name": "鼎順貨運",
        "address": "新北市汐止區新台五路二段91號2樓之3",
        "company_registration_name": "鼎紘交通有限公司",
        "source_page": 10,
        "point_type": "業者點位",
        "location_method": "OpenStreetMap道路/地名定位",
        "source_count": 479,
        "geocoding_address": "新北市汐止區新台五路二段91號",
        "lng": 121.67580446337016,
        "lat": 25.066085404479114,
        "osm_query": "新北市汐止區新台五路二段",
        "osm_display_name": "新台五路二段, 茄苳里, 汐止區, 新北市, 221036, 臺灣"
      },
      "geometry": {
        "type": "Point",
        "coordinates": [
          121.67580446337016,
          25.066085404479114
        ]
      }
    },
    {
      "type": "Feature",
      "properties": {
        "source_row_no": 386,
        "city": "新北市",
        "normalized_city": "新北市",
        "district": "樹林區",
        "vendor_category_code": "6",
        "vendor_category": "物流業",
        "registration_item": "物流營業場所",
        "registration_no": "F-116778049-00010-6",
        "name": "大智通樹林DC",
        "address": "新北市樹林區佳園路2段70之1號",
        "company_registration_name": "大智通文化行銷股份有限公司",
        "source_page": 10,
        "point_type": "業者點位",
        "location_method": "OpenStreetMap道路/地名定位",
        "source_count": 479,
        "geocoding_address": "新北市樹林區佳園路2段70之1號",
        "lng": 121.3905918628355,
        "lat": 24.959285603294592,
        "osm_query": "新北市樹林區佳園路2段",
        "osm_display_name": "佳園路二段, 北園里, 樹林區, 柑園, 新北市, 23877, 臺灣"
      },
      "geometry": {
        "type": "Point",
        "coordinates": [
          121.3905918628355,
          24.959285603294592
        ]
      }
    },
    {
      "type": "Feature",
      "properties": {
        "source_row_no": 387,
        "city": "新北市",
        "normalized_city": "新北市",
        "district": "新莊區",
        "vendor_category_code": "6",
        "vendor_category": "物流業",
        "registration_item": "物流營業場所",
        "registration_no": "F-189355594-00001-2",
        "name": "元通貨運公司",
        "address": "新北市新莊區五工一路87巷18號",
        "company_registration_name": "元通貨運有限公司",
        "source_page": 10,
        "point_type": "業者點位",
        "location_method": "OpenStreetMap道路/地名定位",
        "source_count": 479,
        "geocoding_address": "新北市新莊區五工一路87巷18號",
        "osm_query": "五工一路 新莊區 新北市",
        "osm_display_name": "五工一路, 福興里, 新莊區, 新北市, 24888, 臺灣",
        "lng": 121.46120778112079,
        "lat": 25.067617670823207
      },
      "geometry": {
        "type": "Point",
        "coordinates": [
          121.46120778112079,
          25.067617670823207
        ]
      }
    },
    {
      "type": "Feature",
      "properties": {
        "source_row_no": 388,
        "city": "新北市",
        "normalized_city": "新北市",
        "district": "林口區",
        "vendor_category_code": "6",
        "vendor_category": "物流業",
        "registration_item": "物流營業場所",
        "registration_no": "F-124756771-00001-3",
        "name": "宗祐倉儲",
        "address": "新北市林口區粉寮路1段88巷52-11號",
        "company_registration_name": "宗祐國際企業有限公司",
        "source_page": 10,
        "point_type": "業者點位",
        "location_method": "OpenStreetMap道路/地名定位",
        "source_count": 479,
        "geocoding_address": "新北市林口區粉寮路1段88巷52-11號",
        "lng": 121.39881046217413,
        "lat": 25.081157171026035,
        "osm_query": "新北市林口區粉寮路1段",
        "osm_display_name": "粉寮路一段, 東林里, 林口區, 新北市, 24445, 臺灣"
      },
      "geometry": {
        "type": "Point",
        "coordinates": [
          121.39881046217413,
          25.081157171026035
        ]
      }
    },
    {
      "type": "Feature",
      "properties": {
        "source_row_no": 389,
        "city": "新北市",
        "normalized_city": "新北市",
        "district": "五股區",
        "vendor_category_code": "6",
        "vendor_category": "物流業",
        "registration_item": "物流營業場所",
        "registration_no": "F-196858620-00001-8",
        "name": "新航通運有限公司",
        "address": "新北市五股區中興路三段1-12號",
        "company_registration_name": "新航通運有限公司",
        "source_page": 10,
        "point_type": "業者點位",
        "location_method": "OpenStreetMap道路/地名定位",
        "source_count": 479,
        "geocoding_address": "新北市五股區中興路三段1-12號",
        "lng": 121.44920390248208,
        "lat": 25.079992751557256,
        "osm_query": "新北市五股區中興路三段",
        "osm_display_name": "中興路三段, 更寮里, 五股區, 新北市, 248, 臺灣"
      },
      "geometry": {
        "type": "Point",
        "coordinates": [
          121.44920390248208,
          25.079992751557256
        ]
      }
    },
    {
      "type": "Feature",
      "properties": {
        "source_row_no": 390,
        "city": "新北市",
        "normalized_city": "新北市",
        "district": "新莊區",
        "vendor_category_code": "6",
        "vendor_category": "物流業",
        "registration_item": "物流營業場所",
        "registration_no": "F-170624227-00113-8",
        "name": "五股營業所",
        "address": "新北市新莊區思源路34號",
        "company_registration_name": "台灣宅配通股份有限公司",
        "source_page": 10,
        "point_type": "業者點位",
        "location_method": "OpenStreetMap道路/地名定位",
        "source_count": 479,
        "geocoding_address": "新北市新莊區思源路34號",
        "lng": 121.46022283799505,
        "lat": 25.044608740965636,
        "osm_query": "新北市新莊區思源路",
        "osm_display_name": "思源路, 思源里, 新莊區, 中港厝, 新北市, 24213, 臺灣"
      },
      "geometry": {
        "type": "Point",
        "coordinates": [
          121.46022283799505,
          25.044608740965636
        ]
      }
    },
    {
      "type": "Feature",
      "properties": {
        "source_row_no": 391,
        "city": "新北市",
        "normalized_city": "新北市",
        "district": "汐止區",
        "vendor_category_code": "6",
        "vendor_category": "物流業",
        "registration_item": "物流營業場所",
        "registration_no": "F-189255167-00001-7",
        "name": "柏旭運通股份有限公司北區營業處",
        "address": "新北市汐止區大同路三段202號10樓之三",
        "company_registration_name": "柏旭運通股份有限公司",
        "source_page": 10,
        "point_type": "業者點位",
        "location_method": "OpenStreetMap道路/地名定位",
        "source_count": 479,
        "geocoding_address": "新北市汐止區大同路三段202號",
        "lng": 121.66562575838535,
        "lat": 25.075160467216463,
        "osm_query": "新北市汐止區大同路三段",
        "osm_display_name": "大同路三段, 橋東里, 汐止區, 新北市, 22184, 臺灣"
      },
      "geometry": {
        "type": "Point",
        "coordinates": [
          121.66562575838535,
          25.075160467216463
        ]
      }
    },
    {
      "type": "Feature",
      "properties": {
        "source_row_no": 392,
        "city": "新北市",
        "normalized_city": "新北市",
        "district": "五股區",
        "vendor_category_code": "6",
        "vendor_category": "物流業",
        "registration_item": "物流營業場所",
        "registration_no": "F-197235453-00001-2",
        "name": "甫運物流有限公司",
        "address": "新北市五股區五工六路53-2號",
        "company_registration_name": "甫運通運有限公司",
        "source_page": 10,
        "point_type": "業者點位",
        "location_method": "OpenStreetMap道路/地名定位",
        "source_count": 479,
        "geocoding_address": "新北市五股區五工六路53-2號",
        "osm_query": "五工六路 五股區 新北市",
        "osm_display_name": "五工六路, 新北產業園區, 興珍里, 五股區, 新北市, 242204, 臺灣",
        "lng": 121.4466893178653,
        "lat": 25.06503605048223
      },
      "geometry": {
        "type": "Point",
        "coordinates": [
          121.4466893178653,
          25.06503605048223
        ]
      }
    },
    {
      "type": "Feature",
      "properties": {
        "source_row_no": 393,
        "city": "新北市",
        "normalized_city": "新北市",
        "district": "鶯歌區",
        "vendor_category_code": "6",
        "vendor_category": "物流業",
        "registration_item": "物流營業場所",
        "registration_no": "F-160399871-00001-7",
        "name": "金三鶯科技有限公司",
        "address": "新北市鶯歌區三鶯路29巷2號",
        "company_registration_name": "誠皓國際有限公司",
        "source_page": 10,
        "point_type": "業者點位",
        "location_method": "OpenStreetMap道路/地名定位",
        "source_count": 479,
        "geocoding_address": "新北市鶯歌區三鶯路29巷2號",
        "osm_query": "三鶯路 鶯歌區 新北市",
        "osm_display_name": "三鶯路, 南靖里, 鶯歌區, 新北市, 247019, 臺灣",
        "lng": 121.3583048853766,
        "lat": 24.943460935277848
      },
      "geometry": {
        "type": "Point",
        "coordinates": [
          121.3583048853766,
          24.943460935277848
        ]
      }
    },
    {
      "type": "Feature",
      "properties": {
        "source_row_no": 394,
        "city": "新北市",
        "normalized_city": "新北市",
        "district": "五股區",
        "vendor_category_code": "6",
        "vendor_category": "物流業",
        "registration_item": "物流營業場所",
        "registration_no": "F-125013410-00001-0",
        "name": "聖騏食品股份有限公司",
        "address": "新北市五股區興珍里五工三路103號",
        "company_registration_name": "聖騏食品股份有限公司",
        "source_page": 10,
        "point_type": "業者點位",
        "location_method": "OpenStreetMap道路/地名定位",
        "source_count": 479,
        "geocoding_address": "新北市五股區興珍里五工三路103號",
        "osm_query": "五工三路 五股區 新北市",
        "osm_display_name": "五工三路, 新北產業園區, 興珍里, 五股區, 頭前, 新北市, 24888, 臺灣",
        "lng": 121.45581341548011,
        "lat": 25.06768208809286
      },
      "geometry": {
        "type": "Point",
        "coordinates": [
          121.45581341548011,
          25.06768208809286
        ]
      }
    },
    {
      "type": "Feature",
      "properties": {
        "source_row_no": 395,
        "city": "新北市",
        "normalized_city": "新北市",
        "district": "汐止區",
        "vendor_category_code": "6",
        "vendor_category": "物流業",
        "registration_item": "物流營業場所",
        "registration_no": "F-155792934-00001-8",
        "name": "洋順汽車交通股份有限公司",
        "address": "新北市汐止區福安街20巷24號1樓",
        "company_registration_name": "洋順汽車交通股份有限公司",
        "source_page": 10,
        "point_type": "業者點位",
        "location_method": "OpenStreetMap道路/地名定位",
        "source_count": 479,
        "geocoding_address": "新北市汐止區福安街20巷24號",
        "lng": 121.6615908447554,
        "lat": 25.066002250569777,
        "osm_query": "新北市汐止區福安街",
        "osm_display_name": "福安街, 秀峰里, 汐止區, 新北市, 22175, 臺灣"
      },
      "geometry": {
        "type": "Point",
        "coordinates": [
          121.6615908447554,
          25.066002250569777
        ]
      }
    },
    {
      "type": "Feature",
      "properties": {
        "source_row_no": 396,
        "city": "新北市",
        "normalized_city": "新北市",
        "district": "樹林區",
        "vendor_category_code": "6",
        "vendor_category": "物流業",
        "registration_item": "物流營業場所",
        "registration_no": "F-278959108-00001-2",
        "name": "安達物流搬家有限公司",
        "address": "新北市樹林區八德街475之1號",
        "company_registration_name": "安達聯合物流有限公司",
        "source_page": 10,
        "point_type": "業者點位",
        "location_method": "OpenStreetMap道路/地名定位",
        "source_count": 479,
        "geocoding_address": "新北市樹林區八德街475之1號",
        "osm_query": "八德街 樹林區 新北市",
        "osm_display_name": "八德街, 樹人里, 樹林區, 新北市, 23846, 臺灣",
        "lng": 121.4157641079738,
        "lat": 24.98703160303963
      },
      "geometry": {
        "type": "Point",
        "coordinates": [
          121.4157641079738,
          24.98703160303963
        ]
      }
    },
    {
      "type": "Feature",
      "properties": {
        "source_row_no": 397,
        "city": "新北市",
        "normalized_city": "新北市",
        "district": "五股區",
        "vendor_category_code": "6",
        "vendor_category": "物流業",
        "registration_item": "物流營業場所",
        "registration_no": "F-153128435-00001-5",
        "name": "毅禾興企業有限公司",
        "address": "新北市五股區中興路三段38號",
        "company_registration_name": "毅禾興企業有限公司",
        "source_page": 10,
        "point_type": "業者點位",
        "location_method": "OpenStreetMap道路/地名定位",
        "source_count": 479,
        "geocoding_address": "新北市五股區中興路三段38號",
        "lng": 121.44921045474322,
        "lat": 25.079887135673886,
        "osm_query": "新北市五股區中興路三段",
        "osm_display_name": "中興路三段, 更寮里, 五股區, 新北市, 248, 臺灣"
      },
      "geometry": {
        "type": "Point",
        "coordinates": [
          121.44921045474322,
          25.079887135673886
        ]
      }
    },
    {
      "type": "Feature",
      "properties": {
        "source_row_no": 398,
        "city": "新北市",
        "normalized_city": "新北市",
        "district": "新莊區",
        "vendor_category_code": "6",
        "vendor_category": "物流業",
        "registration_item": "物流營業場所",
        "registration_no": "F-170624227-00120-6",
        "name": "台北物流中心",
        "address": "新北市新莊區思源路34號",
        "company_registration_name": "台灣宅配通股份有限公司",
        "source_page": 10,
        "point_type": "業者點位",
        "location_method": "OpenStreetMap道路/地名定位",
        "source_count": 479,
        "geocoding_address": "新北市新莊區思源路34號",
        "lng": 121.45967190254169,
        "lat": 25.044571488099002,
        "osm_query": "新北市新莊區思源路",
        "osm_display_name": "思源路, 思源里, 新莊區, 中港厝, 新北市, 24213, 臺灣"
      },
      "geometry": {
        "type": "Point",
        "coordinates": [
          121.45967190254169,
          25.044571488099002
        ]
      }
    },
    {
      "type": "Feature",
      "properties": {
        "source_row_no": 399,
        "city": "新北市",
        "normalized_city": "新北市",
        "district": "五股區",
        "vendor_category_code": "6",
        "vendor_category": "物流業",
        "registration_item": "物流營業場所",
        "registration_no": "F-186683165-00001-7",
        "name": "正暉股份有限公司",
        "address": "新北市五股區五權六路24號",
        "company_registration_name": "正固交通股份有限公司",
        "source_page": 10,
        "point_type": "業者點位",
        "location_method": "OpenStreetMap道路/地名定位",
        "source_count": 479,
        "geocoding_address": "新北市五股區五權六路24號",
        "osm_query": "五權六路 五股區 新北市",
        "osm_display_name": "五權六路, 新北產業園區, 興珍里, 五股區, 新北市, 242045, 臺灣",
        "lng": 121.44980874575782,
        "lat": 25.064248442435183
      },
      "geometry": {
        "type": "Point",
        "coordinates": [
          121.44980874575782,
          25.064248442435183
        ]
      }
    },
    {
      "type": "Feature",
      "properties": {
        "source_row_no": 400,
        "city": "新北市",
        "normalized_city": "新北市",
        "district": "樹林區",
        "vendor_category_code": "6",
        "vendor_category": "物流業",
        "registration_item": "物流營業場所",
        "registration_no": "F-153450460-00003-3",
        "name": "鼎盛行銷股份有限公司",
        "address": "新北市樹林區柑園街一段7號",
        "company_registration_name": "鼎盛行銷股份有限公司",
        "source_page": 10,
        "point_type": "業者點位",
        "location_method": "OpenStreetMap道路/地名定位",
        "source_count": 479,
        "geocoding_address": "新北市樹林區柑園街一段7號",
        "lng": 121.4001696292092,
        "lat": 24.9583276396195,
        "osm_query": "新北市樹林區柑園街一段",
        "osm_display_name": "柑園街一段, 東園里, 樹林區, 柑園, 新北市, 23675, 臺灣"
      },
      "geometry": {
        "type": "Point",
        "coordinates": [
          121.4001696292092,
          24.9583276396195
        ]
      }
    },
    {
      "type": "Feature",
      "properties": {
        "source_row_no": 401,
        "city": "新北市",
        "normalized_city": "新北市",
        "district": "中和區",
        "vendor_category_code": "6",
        "vendor_category": "物流業",
        "registration_item": "物流營業場所",
        "registration_no": "F-115900227-00001-0",
        "name": "富帆商店",
        "address": "新北市中和區建康路252號1樓",
        "company_registration_name": "富帆商店",
        "source_page": 11,
        "point_type": "業者點位",
        "location_method": "OpenStreetMap道路/地名定位",
        "source_count": 479,
        "geocoding_address": "新北市中和區建康路252號",
        "lng": 121.4872287311471,
        "lat": 25.000467224319287,
        "osm_query": "新北市中和區建康路",
        "osm_display_name": "建康路, 平河里, 中和區, 中坑, 新北市, 23511, 臺灣"
      },
      "geometry": {
        "type": "Point",
        "coordinates": [
          121.4872287311471,
          25.000467224319287
        ]
      }
    },
    {
      "type": "Feature",
      "properties": {
        "source_row_no": 402,
        "city": "新北市",
        "normalized_city": "新北市",
        "district": "三重區",
        "vendor_category_code": "6",
        "vendor_category": "物流業",
        "registration_item": "物流營業場所",
        "registration_no": "F-150883175-00002-2",
        "name": "三重所",
        "address": "新北市三重區環河南路288號",
        "company_registration_name": "網家速配股份有限公司",
        "source_page": 11,
        "point_type": "業者點位",
        "location_method": "OpenStreetMap道路/地名定位",
        "source_count": 479,
        "geocoding_address": "新北市三重區環河南路288號",
        "lng": 121.48960548363732,
        "lat": 25.048524638594877,
        "osm_query": "新北市三重區環河南路",
        "osm_display_name": "環河南路, 成功里, 三重區, 新北市, 24144, 臺灣"
      },
      "geometry": {
        "type": "Point",
        "coordinates": [
          121.48960548363732,
          25.048524638594877
        ]
      }
    },
    {
      "type": "Feature",
      "properties": {
        "source_row_no": 403,
        "city": "新北市",
        "normalized_city": "新北市",
        "district": "板橋區",
        "vendor_category_code": "6",
        "vendor_category": "物流業",
        "registration_item": "物流營業場所",
        "registration_no": "F-195466800-00002-3",
        "name": "崗興",
        "address": "新北市板橋區大觀路三段36巷16號",
        "company_registration_name": "羽釅有限公司",
        "source_page": 11,
        "point_type": "業者點位",
        "location_method": "OpenStreetMap道路/地名定位",
        "source_count": 479,
        "geocoding_address": "新北市板橋區大觀路三段36巷16號",
        "lng": 121.43329817470708,
        "lat": 24.995042440568646,
        "osm_query": "新北市板橋區大觀路三段",
        "osm_display_name": "大觀路三段, 崑崙里, 板橋區, 歡仔園, 新北市, 23847, 臺灣"
      },
      "geometry": {
        "type": "Point",
        "coordinates": [
          121.43329817470708,
          24.995042440568646
        ]
      }
    },
    {
      "type": "Feature",
      "properties": {
        "source_row_no": 404,
        "city": "新北市",
        "normalized_city": "新北市",
        "district": "林口區",
        "vendor_category_code": "6",
        "vendor_category": "物流業",
        "registration_item": "物流營業場所",
        "registration_no": "F-153361501-00002-9",
        "name": "公司集貨中心",
        "address": "新北市林口區文化三路一段191巷18號5樓",
        "company_registration_name": "寶鏵有限公司",
        "source_page": 11,
        "point_type": "業者點位",
        "location_method": "OpenStreetMap道路/地名定位",
        "source_count": 479,
        "geocoding_address": "新北市林口區文化三路一段191巷18號",
        "lng": 121.36339096846824,
        "lat": 25.071036207276403,
        "osm_query": "新北市林口區文化三路一段",
        "osm_display_name": "文化三路一段, 南勢里, 林口區, 新北市, 24464, 臺灣"
      },
      "geometry": {
        "type": "Point",
        "coordinates": [
          121.36339096846824,
          25.071036207276403
        ]
      }
    },
    {
      "type": "Feature",
      "properties": {
        "source_row_no": 405,
        "city": "新北市",
        "normalized_city": "新北市",
        "district": "五股區",
        "vendor_category_code": "6",
        "vendor_category": "物流業",
        "registration_item": "物流營業場所",
        "registration_no": "F-153506555-00014-2",
        "name": "台灣善美的股份有限公司五股廠",
        "address": "新北市五股區五工六路35號",
        "company_registration_name": "弘舜貨運股份有限公司",
        "source_page": 11,
        "point_type": "業者點位",
        "location_method": "OpenStreetMap道路/地名定位",
        "source_count": 479,
        "geocoding_address": "新北市五股區五工六路35號",
        "osm_query": "五工六路 五股區 新北市",
        "osm_display_name": "五工六路, 新北產業園區, 興珍里, 五股區, 新北市, 242204, 臺灣",
        "lng": 121.4468553959231,
        "lat": 25.064494279146334
      },
      "geometry": {
        "type": "Point",
        "coordinates": [
          121.4468553959231,
          25.064494279146334
        ]
      }
    },
    {
      "type": "Feature",
      "properties": {
        "source_row_no": 406,
        "city": "新北市",
        "normalized_city": "新北市",
        "district": "新莊區",
        "vendor_category_code": "6",
        "vendor_category": "物流業",
        "registration_item": "物流營業場所",
        "registration_no": "F-133686333-00001-9",
        "name": "辦公室",
        "address": "新北市新莊區新泰路227號3樓之1",
        "company_registration_name": "鵬安交通企業股份有限公司",
        "source_page": 11,
        "point_type": "業者點位",
        "location_method": "OpenStreetMap道路/地名定位",
        "source_count": 479,
        "geocoding_address": "新北市新莊區新泰路227號",
        "lng": 121.44630071738021,
        "lat": 25.039315492564768,
        "osm_query": "新北市新莊區新泰路",
        "osm_display_name": "新泰路, 立言里, 新莊區, 新庄(海山口), 新北市, 242005, 臺灣"
      },
      "geometry": {
        "type": "Point",
        "coordinates": [
          121.44630071738021,
          25.039315492564768
        ]
      }
    },
    {
      "type": "Feature",
      "properties": {
        "source_row_no": 407,
        "city": "新北市",
        "normalized_city": "新北市",
        "district": "汐止區",
        "vendor_category_code": "6",
        "vendor_category": "物流業",
        "registration_item": "物流營業場所",
        "registration_no": "F-189879852-00002-1",
        "name": "鼎順貨運",
        "address": "新北市汐止區新台五路二段91號2樓之3",
        "company_registration_name": "鼎順貨運交通有限公司",
        "source_page": 11,
        "point_type": "業者點位",
        "location_method": "OpenStreetMap道路/地名定位",
        "source_count": 479,
        "geocoding_address": "新北市汐止區新台五路二段91號",
        "lng": 121.67566265231969,
        "lat": 25.0662347305254,
        "osm_query": "新北市汐止區新台五路二段",
        "osm_display_name": "新台五路二段, 茄苳里, 汐止區, 新北市, 221036, 臺灣"
      },
      "geometry": {
        "type": "Point",
        "coordinates": [
          121.67566265231969,
          25.0662347305254
        ]
      }
    },
    {
      "type": "Feature",
      "properties": {
        "source_row_no": 408,
        "city": "新北市",
        "normalized_city": "新北市",
        "district": "板橋區",
        "vendor_category_code": "6",
        "vendor_category": "物流業",
        "registration_item": "物流營業場所",
        "registration_no": "F-200122773-00002-8",
        "name": "禾田藥局",
        "address": "新北市板橋區福安里大觀路２段２６５巷１２號（１樓）",
        "company_registration_name": "禾田藥局",
        "source_page": 11,
        "point_type": "業者點位",
        "location_method": "OpenStreetMap道路/地名定位",
        "source_count": 479,
        "geocoding_address": "新北市板橋區福安里大觀路2段265巷12號（",
        "osm_query": "新北市板橋區大觀路2段",
        "osm_display_name": "大觀路二段, 大安里, 板橋區, 歡仔園, 新北市, 220097, 臺灣",
        "lng": 121.44505153387718,
        "lat": 25.00052354779649
      },
      "geometry": {
        "type": "Point",
        "coordinates": [
          121.44505153387718,
          25.00052354779649
        ]
      }
    },
    {
      "type": "Feature",
      "properties": {
        "source_row_no": 409,
        "city": "新北市",
        "normalized_city": "新北市",
        "district": "中和區",
        "vendor_category_code": "6",
        "vendor_category": "物流業",
        "registration_item": "物流營業場所",
        "registration_no": "F-200138818-00001-4",
        "name": "辦公室",
        "address": "新北市中和區連城路23巷22之1號2樓",
        "company_registration_name": "勝泰運輸股份有限公司",
        "source_page": 11,
        "point_type": "業者點位",
        "location_method": "OpenStreetMap道路/地名定位",
        "source_count": 479,
        "geocoding_address": "新北市中和區連城路23巷22之1號",
        "lng": 121.4939071447554,
        "lat": 24.997730750569776,
        "osm_query": "新北市中和區連城路",
        "osm_display_name": "連城路, 碧河里, 中和區, 枋寮, 新北市, 235, 臺灣"
      },
      "geometry": {
        "type": "Point",
        "coordinates": [
          121.4939071447554,
          24.997730750569776
        ]
      }
    },
    {
      "type": "Feature",
      "properties": {
        "source_row_no": 410,
        "city": "新北市",
        "normalized_city": "新北市",
        "district": "三重區",
        "vendor_category_code": "6",
        "vendor_category": "物流業",
        "registration_item": "物流營業場所",
        "registration_no": "F-135859696-00001-5",
        "name": "一友交通企業有限公司",
        "address": "新北市三重區福田里1鄰忠孝路3段75巷5號",
        "company_registration_name": "一友交通企業有限公司",
        "source_page": 11,
        "point_type": "業者點位",
        "location_method": "OpenStreetMap道路/地名定位",
        "source_count": 479,
        "geocoding_address": "新北市三重區福田里忠孝路3段75巷5號",
        "lng": 121.48017021303501,
        "lat": 25.063737411030733,
        "osm_query": "新北市三重區福田里忠孝路3段",
        "osm_display_name": "忠孝路三段, 田心里, 三重區, 頭前, 新北市, 241512, 臺灣"
      },
      "geometry": {
        "type": "Point",
        "coordinates": [
          121.48017021303501,
          25.063737411030733
        ]
      }
    },
    {
      "type": "Feature",
      "properties": {
        "source_row_no": 411,
        "city": "新北市",
        "normalized_city": "新北市",
        "district": "五股區",
        "vendor_category_code": "6",
        "vendor_category": "物流業",
        "registration_item": "物流營業場所",
        "registration_no": "F-116834909-00024-9",
        "name": "五股鮮食物流中心",
        "address": "新北市五股區新城一路165號",
        "company_registration_name": "統昶行銷股份有限公司",
        "source_page": 11,
        "point_type": "業者點位",
        "location_method": "OpenStreetMap道路/地名定位",
        "source_count": 479,
        "geocoding_address": "新北市五股區新城一路165號",
        "lng": 121.44215348094528,
        "lat": 25.086587327950156,
        "osm_query": "新北市五股區新城一路",
        "osm_display_name": "新城一路, 洲子洋重劃區, 成泰里, 五股區, 新北市, 248017, 臺灣"
      },
      "geometry": {
        "type": "Point",
        "coordinates": [
          121.44215348094528,
          25.086587327950156
        ]
      }
    },
    {
      "type": "Feature",
      "properties": {
        "source_row_no": 412,
        "city": "新北市",
        "normalized_city": "新北市",
        "district": "林口區",
        "vendor_category_code": "6",
        "vendor_category": "物流業",
        "registration_item": "物流營業場所",
        "registration_no": "F-124756771-00001-3",
        "name": "宗祐倉儲",
        "address": "新北市林口區粉寮路1段88巷52-11號",
        "company_registration_name": "宗祐國際企業有限公司",
        "source_page": 11,
        "point_type": "業者點位",
        "location_method": "OpenStreetMap道路/地名定位",
        "source_count": 479,
        "geocoding_address": "新北市林口區粉寮路1段88巷52-11號",
        "lng": 121.3985790523111,
        "lat": 25.080990275931512,
        "osm_query": "新北市林口區粉寮路1段",
        "osm_display_name": "粉寮路一段, 東林里, 林口區, 新北市, 24445, 臺灣"
      },
      "geometry": {
        "type": "Point",
        "coordinates": [
          121.3985790523111,
          25.080990275931512
        ]
      }
    },
    {
      "type": "Feature",
      "properties": {
        "source_row_no": 413,
        "city": "新北市",
        "normalized_city": "新北市",
        "district": "樹林區",
        "vendor_category_code": "6",
        "vendor_category": "物流業",
        "registration_item": "物流營業場所",
        "registration_no": "F-278959107-00001-1",
        "name": "安達速運有限公司",
        "address": "新北市樹林區八德街475之1號",
        "company_registration_name": "安達速運有限公司",
        "source_page": 11,
        "point_type": "業者點位",
        "location_method": "OpenStreetMap道路/地名定位",
        "source_count": 479,
        "geocoding_address": "新北市樹林區八德街475之1號",
        "osm_query": "八德街 樹林區 新北市",
        "osm_display_name": "八德街, 樹人里, 樹林區, 新北市, 23846, 臺灣",
        "lng": 121.41568669911642,
        "lat": 24.98756414156376
      },
      "geometry": {
        "type": "Point",
        "coordinates": [
          121.41568669911642,
          24.98756414156376
        ]
      }
    },
    {
      "type": "Feature",
      "properties": {
        "source_row_no": 414,
        "city": "新北市",
        "normalized_city": "新北市",
        "district": "五股區",
        "vendor_category_code": "6",
        "vendor_category": "物流業",
        "registration_item": "物流營業場所",
        "registration_no": "A-102059934-00001-1",
        "name": "新北巿五股區新五路三段26號",
        "address": "新北市五股區新五路3段26號",
        "company_registration_name": "永達汽車貨運股份有限公司",
        "source_page": 11,
        "point_type": "業者點位",
        "location_method": "OpenStreetMap道路/地名定位",
        "source_count": 479,
        "geocoding_address": "新北市五股區新五路3段26號",
        "lng": 121.44598159542474,
        "lat": 25.089636952957854,
        "osm_query": "新北市五股區新五路3段",
        "osm_display_name": "新五路三段, 洲子洋重劃區, 成泰里, 五股區, 新北市, 248017, 臺灣"
      },
      "geometry": {
        "type": "Point",
        "coordinates": [
          121.44598159542474,
          25.089636952957854
        ]
      }
    },
    {
      "type": "Feature",
      "properties": {
        "source_row_no": 415,
        "city": "新北市",
        "normalized_city": "新北市",
        "district": "五股區",
        "vendor_category_code": "6",
        "vendor_category": "物流業",
        "registration_item": "物流營業場所",
        "registration_no": "F-197331385-00001-3",
        "name": "洪立物流有限公司",
        "address": "新北市五股區芳洲八路72號",
        "company_registration_name": "洪立物流有限公司",
        "source_page": 11,
        "point_type": "業者點位",
        "location_method": "OpenStreetMap道路/地名定位",
        "source_count": 479,
        "geocoding_address": "新北市五股區芳洲八路72號",
        "lng": 121.44612124903911,
        "lat": 25.087977825121676,
        "osm_query": "新北市五股區芳洲八路",
        "osm_display_name": "芳洲八路, 洲子洋重劃區, 成泰里, 五股區, 新北市, 248017, 臺灣"
      },
      "geometry": {
        "type": "Point",
        "coordinates": [
          121.44612124903911,
          25.087977825121676
        ]
      }
    },
    {
      "type": "Feature",
      "properties": {
        "source_row_no": 416,
        "city": "新北市",
        "normalized_city": "新北市",
        "district": "五股區",
        "vendor_category_code": "6",
        "vendor_category": "物流業",
        "registration_item": "物流營業場所",
        "registration_no": "F-150870381-00001-6",
        "name": "倉庫",
        "address": "新北市五股區新城八路五號一樓",
        "company_registration_name": "允時國際有限公司",
        "source_page": 11,
        "point_type": "業者點位",
        "location_method": "OpenStreetMap道路/地名定位",
        "source_count": 479,
        "geocoding_address": "新北市五股區新城八路五號一樓",
        "lng": 121.44498198472596,
        "lat": 25.08986069577239,
        "osm_query": "新北市五股區新城八路",
        "osm_display_name": "新城八路, 洲子洋重劃區, 成泰里, 五股區, 新北市, 248017, 臺灣"
      },
      "geometry": {
        "type": "Point",
        "coordinates": [
          121.44498198472596,
          25.08986069577239
        ]
      }
    },
    {
      "type": "Feature",
      "properties": {
        "source_row_no": 417,
        "city": "新北市",
        "normalized_city": "新北市",
        "district": "八里區",
        "vendor_category_code": "6",
        "vendor_category": "物流業",
        "registration_item": "物流營業場所",
        "registration_no": "F-131717747-00001-1",
        "name": "銓泰起重行",
        "address": "新北市八里區龍米路3段58之12號(1樓)",
        "company_registration_name": "銓泰起重行",
        "source_page": 11,
        "point_type": "業者點位",
        "location_method": "OpenStreetMap道路/地名定位",
        "source_count": 479,
        "geocoding_address": "新北市八里區龍米路3段58之12號(",
        "lng": 121.42655157359606,
        "lat": 25.159337559626877,
        "osm_query": "新北市八里區龍米路3段",
        "osm_display_name": "龍米路三段, 大崁里, 八里區, 公田, 新北市, 24944, 臺灣"
      },
      "geometry": {
        "type": "Point",
        "coordinates": [
          121.42655157359606,
          25.159337559626877
        ]
      }
    },
    {
      "type": "Feature",
      "properties": {
        "source_row_no": 418,
        "city": "新北市",
        "normalized_city": "新北市",
        "district": "三峽區",
        "vendor_category_code": "6",
        "vendor_category": "物流業",
        "registration_item": "物流營業場所",
        "registration_no": "F-166397087-00001-0",
        "name": "三峽區中山路755之1",
        "address": "新北市三峽區中山路755之1",
        "company_registration_name": "昌捷倉儲有限公司",
        "source_page": 11,
        "point_type": "業者點位",
        "location_method": "OpenStreetMap道路/地名定位",
        "source_count": 479,
        "geocoding_address": "新北市三峽區中山路755之1",
        "lng": 121.33852423582341,
        "lat": 24.92606843424899,
        "osm_query": "新北市三峽區中山路",
        "osm_display_name": "中山路, 鳶山里, 三峽區, 二橋, 新北市, 239002, 臺灣"
      },
      "geometry": {
        "type": "Point",
        "coordinates": [
          121.33852423582341,
          24.92606843424899
        ]
      }
    },
    {
      "type": "Feature",
      "properties": {
        "source_row_no": 419,
        "city": "新北市",
        "normalized_city": "新北市",
        "district": "新莊區",
        "vendor_category_code": "6",
        "vendor_category": "物流業",
        "registration_item": "物流營業場所",
        "registration_no": "F-143806391-00001-8",
        "name": "正峰汽車貨運股份有限公司",
        "address": "新北市新莊區泰順街33巷22號(1樓)",
        "company_registration_name": "正峰汽車貨運股份有限公司",
        "source_page": 11,
        "point_type": "業者點位",
        "location_method": "OpenStreetMap道路/地名定位",
        "source_count": 479,
        "geocoding_address": "新北市新莊區泰順街33巷22號(",
        "lng": 121.44777592241621,
        "lat": 25.0429053612452,
        "osm_query": "新北市新莊區泰順街",
        "osm_display_name": "泰順街, 立功里, 新莊區, 中港厝, 新北市, 242005, 臺灣"
      },
      "geometry": {
        "type": "Point",
        "coordinates": [
          121.44777592241621,
          25.0429053612452
        ]
      }
    },
    {
      "type": "Feature",
      "properties": {
        "source_row_no": 420,
        "city": "新北市",
        "normalized_city": "新北市",
        "district": "五股區",
        "vendor_category_code": "6",
        "vendor_category": "物流業",
        "registration_item": "物流營業場所",
        "registration_no": "F-184184798-00008-0",
        "name": "五股轉運中心",
        "address": "新北市五股區五權三路35號",
        "company_registration_name": "全日物流股份有限公司",
        "source_page": 11,
        "point_type": "業者點位",
        "location_method": "OpenStreetMap道路/地名定位",
        "source_count": 479,
        "geocoding_address": "新北市五股區五權三路35號",
        "osm_query": "五權三路 五股區 新北市",
        "osm_display_name": "五權三路, 新北產業園區, 興珍里, 五股區, 中港厝, 新北市, 242045, 臺灣",
        "lng": 121.45336546171063,
        "lat": 25.0649389343896
      },
      "geometry": {
        "type": "Point",
        "coordinates": [
          121.45336546171063,
          25.0649389343896
        ]
      }
    },
    {
      "type": "Feature",
      "properties": {
        "source_row_no": 421,
        "city": "新北市",
        "normalized_city": "新北市",
        "district": "中和區",
        "vendor_category_code": "6",
        "vendor_category": "物流業",
        "registration_item": "物流營業場所",
        "registration_no": "F-278961795-00001-7",
        "name": "騰達",
        "address": "新北市中和區中正路817號9樓之10",
        "company_registration_name": "百達運輸有限公司",
        "source_page": 11,
        "point_type": "業者點位",
        "location_method": "OpenStreetMap道路/地名定位",
        "source_count": 479,
        "geocoding_address": "新北市中和區中正路817號",
        "lng": 121.47992743901703,
        "lat": 25.010804586068556,
        "osm_query": "新北市中和區中正路",
        "osm_display_name": "中正路, 員富里, 中和區, 深丘, 新北市, 220739, 臺灣"
      },
      "geometry": {
        "type": "Point",
        "coordinates": [
          121.47992743901703,
          25.010804586068556
        ]
      }
    },
    {
      "type": "Feature",
      "properties": {
        "source_row_no": 422,
        "city": "新北市",
        "normalized_city": "新北市",
        "district": "三重區",
        "vendor_category_code": "6",
        "vendor_category": "物流業",
        "registration_item": "物流營業場所",
        "registration_no": "F-146480100-00122-1",
        "name": "新莊營業所",
        "address": "新北市三重區頂崁里重光街50號",
        "company_registration_name": "新竹物流股份有限公司",
        "source_page": 11,
        "point_type": "業者點位",
        "location_method": "OpenStreetMap道路/地名定位",
        "source_count": 479,
        "geocoding_address": "新北市三重區頂崁里重光街50號",
        "lng": 121.46602534376653,
        "lat": 25.062601259074103,
        "osm_query": "新北市三重區頂崁里重光街",
        "osm_display_name": "重光街, 頂崁工業區, 頂崁里, 三重區, 頭前, 新北市, 241553, 臺灣"
      },
      "geometry": {
        "type": "Point",
        "coordinates": [
          121.46602534376653,
          25.062601259074103
        ]
      }
    },
    {
      "type": "Feature",
      "properties": {
        "source_row_no": 423,
        "city": "新北市",
        "normalized_city": "新北市",
        "district": "新店區",
        "vendor_category_code": "6",
        "vendor_category": "物流業",
        "registration_item": "物流營業場所",
        "registration_no": "F-146480100-00133-3",
        "name": "新店營業所",
        "address": "新北市新店區安康路二段296號",
        "company_registration_name": "新竹物流股份有限公司",
        "source_page": 11,
        "point_type": "業者點位",
        "location_method": "OpenStreetMap道路/地名定位",
        "source_count": 479,
        "geocoding_address": "新北市新店區安康路二段296號",
        "lng": 121.51094382019906,
        "lat": 24.95951068816379,
        "osm_query": "新北市新店區安康路二段",
        "osm_display_name": "新北市青少年圖書館, 安康路二段, 公崙里, 新店區, 新北市, 23154, 臺灣"
      },
      "geometry": {
        "type": "Point",
        "coordinates": [
          121.51094382019906,
          24.95951068816379
        ]
      }
    },
    {
      "type": "Feature",
      "properties": {
        "source_row_no": 424,
        "city": "新北市",
        "normalized_city": "新北市",
        "district": "汐止區",
        "vendor_category_code": "6",
        "vendor_category": "物流業",
        "registration_item": "物流營業場所",
        "registration_no": "F-184451675-00001-4",
        "name": "青峯運輸股份有限公司",
        "address": "新北市汐止區民權街2段48號5樓",
        "company_registration_name": "青峯運輸股份有限公司",
        "source_page": 11,
        "point_type": "業者點位",
        "location_method": "OpenStreetMap道路/地名定位",
        "source_count": 479,
        "geocoding_address": "新北市汐止區民權街2段48號",
        "lng": 121.61805345593469,
        "lat": 25.047833477410563,
        "osm_query": "新北市汐止區民權街2段",
        "osm_display_name": "白雲國小, 90, 民權街二段, 福山里, 汐止區, 橫科, 新北市, 11564, 臺灣"
      },
      "geometry": {
        "type": "Point",
        "coordinates": [
          121.61805345593469,
          25.047833477410563
        ]
      }
    },
    {
      "type": "Feature",
      "properties": {
        "source_row_no": 425,
        "city": "新北市",
        "normalized_city": "新北市",
        "district": "樹林區",
        "vendor_category_code": "6",
        "vendor_category": "物流業",
        "registration_item": "物流營業場所",
        "registration_no": "F-194211035-00002-0",
        "name": "樹林倉",
        "address": "新北市樹林區東豐街83-1號5樓",
        "company_registration_name": "歐邁福股份有限公司",
        "source_page": 11,
        "point_type": "業者點位",
        "location_method": "OpenStreetMap道路/地名定位",
        "source_count": 479,
        "geocoding_address": "新北市樹林區東豐街83-1號",
        "lng": 121.41292412329902,
        "lat": 24.974263301020063,
        "osm_query": "新北市樹林區東豐街",
        "osm_display_name": "東豐街, 東山里, 樹林區, 山佳, 新北市, 23858, 臺灣"
      },
      "geometry": {
        "type": "Point",
        "coordinates": [
          121.41292412329902,
          24.974263301020063
        ]
      }
    },
    {
      "type": "Feature",
      "properties": {
        "source_row_no": 426,
        "city": "新北市",
        "normalized_city": "新北市",
        "district": "中和區",
        "vendor_category_code": "6",
        "vendor_category": "物流業",
        "registration_item": "物流營業場所",
        "registration_no": "F-200138733-00001-0",
        "name": "辦公室",
        "address": "新北市中和區連城路23巷22之1號2樓",
        "company_registration_name": "勝光交通股份有限公司",
        "source_page": 11,
        "point_type": "業者點位",
        "location_method": "OpenStreetMap道路/地名定位",
        "source_count": 479,
        "geocoding_address": "新北市中和區連城路23巷22之1號",
        "lng": 121.49377390375392,
        "lat": 24.99778697145704,
        "osm_query": "新北市中和區連城路",
        "osm_display_name": "連城路, 碧河里, 中和區, 枋寮, 新北市, 235, 臺灣"
      },
      "geometry": {
        "type": "Point",
        "coordinates": [
          121.49377390375392,
          24.99778697145704
        ]
      }
    },
    {
      "type": "Feature",
      "properties": {
        "source_row_no": 427,
        "city": "新北市",
        "normalized_city": "新北市",
        "district": "樹林區",
        "vendor_category_code": "6",
        "vendor_category": "物流業",
        "registration_item": "物流營業場所",
        "registration_no": "F-193380835-00002-4",
        "name": "大智通文化行銷股份有限公司",
        "address": "新北市樹林區佳園路",
        "company_registration_name": "煜程有限公司",
        "source_page": 11,
        "point_type": "業者點位",
        "location_method": "OpenStreetMap道路/地名定位",
        "source_count": 479,
        "geocoding_address": "新北市樹林區佳園路",
        "lng": 121.41601879099628,
        "lat": 24.989142135004677,
        "osm_query": "新北市樹林區佳園路",
        "osm_display_name": "樹德安居社宅, 樹人里, 樹林區, 新北市, 臺灣"
      },
      "geometry": {
        "type": "Point",
        "coordinates": [
          121.41601879099628,
          24.989142135004677
        ]
      }
    },
    {
      "type": "Feature",
      "properties": {
        "source_row_no": 428,
        "city": "新北市",
        "normalized_city": "新北市",
        "district": "板橋區",
        "vendor_category_code": "6",
        "vendor_category": "物流業",
        "registration_item": "物流營業場所",
        "registration_no": "F-100243684-00002-2",
        "name": "素茵國際農業科技股份有限公司",
        "address": "新北市板橋區大觀路一段28巷126號",
        "company_registration_name": "素茵國際農業科技股份有限公司",
        "source_page": 11,
        "point_type": "業者點位",
        "location_method": "OpenStreetMap道路/地名定位",
        "source_count": 479,
        "geocoding_address": "新北市板橋區大觀路一段28巷126號",
        "lng": 121.44709525637676,
        "lat": 25.004978894766634,
        "osm_query": "新北市板橋區大觀路一段",
        "osm_display_name": "大觀路一段, 浮洲里, 板橋區, 歡仔園, 新北市, 22025, 臺灣"
      },
      "geometry": {
        "type": "Point",
        "coordinates": [
          121.44709525637676,
          25.004978894766634
        ]
      }
    },
    {
      "type": "Feature",
      "properties": {
        "source_row_no": 429,
        "city": "新北市",
        "normalized_city": "新北市",
        "district": "淡水區",
        "vendor_category_code": "6",
        "vendor_category": "物流業",
        "registration_item": "物流營業場所",
        "registration_no": "F-103028426-00016-5",
        "name": "大安工研食品工廠股份有限公司 物流倉",
        "address": "新北市淡水區行忠路168號",
        "company_registration_name": "大安工研食品工廠股份有限公司",
        "source_page": 11,
        "point_type": "業者點位",
        "location_method": "OpenStreetMap道路/地名定位",
        "source_count": 479,
        "geocoding_address": "新北市淡水區行忠路168號",
        "lng": 121.46830499227339,
        "lat": 25.19911954810833,
        "osm_query": "新北市淡水區行忠路",
        "osm_display_name": "行忠路, 忠寮里, 淡水區, 北新庄, 新北市, 25152, 臺灣"
      },
      "geometry": {
        "type": "Point",
        "coordinates": [
          121.46830499227339,
          25.19911954810833
        ]
      }
    },
    {
      "type": "Feature",
      "properties": {
        "source_row_no": 430,
        "city": "新北市",
        "normalized_city": "新北市",
        "district": "汐止區",
        "vendor_category_code": "6",
        "vendor_category": "物流業",
        "registration_item": "物流營業場所",
        "registration_no": "F-146480100-00125-4",
        "name": "汐止營業所",
        "address": "新北市汐止區大同路一段495號",
        "company_registration_name": "新竹物流股份有限公司",
        "source_page": 11,
        "point_type": "業者點位",
        "location_method": "OpenStreetMap道路/地名定位",
        "source_count": 479,
        "geocoding_address": "新北市汐止區大同路一段495號",
        "lng": 121.63167284678863,
        "lat": 25.05562620531978,
        "osm_query": "新北市汐止區大同路一段",
        "osm_display_name": "大同路一段, 樟樹灣, 樟樹里, 汐止區, 橫科, 新北市, 22161, 臺灣"
      },
      "geometry": {
        "type": "Point",
        "coordinates": [
          121.63167284678863,
          25.05562620531978
        ]
      }
    },
    {
      "type": "Feature",
      "properties": {
        "source_row_no": 431,
        "city": "新北市",
        "normalized_city": "新北市",
        "district": "板橋區",
        "vendor_category_code": "6",
        "vendor_category": "物流業",
        "registration_item": "物流營業場所",
        "registration_no": "F-202287410-00001-9",
        "name": "桶江軍企業有限公司",
        "address": "新北市板橋區裕民街111巷6號",
        "company_registration_name": "桶江軍企業有限公司",
        "source_page": 11,
        "point_type": "業者點位",
        "location_method": "OpenStreetMap道路/地名定位",
        "source_count": 479,
        "geocoding_address": "新北市板橋區裕民街111巷6號",
        "lng": 121.46051248627396,
        "lat": 25.027952783251358,
        "osm_query": "新北市板橋區裕民街",
        "osm_display_name": "裕民街, 吉翠里, 板橋區, 新庄(海山口), 新北市, 22048, 臺灣"
      },
      "geometry": {
        "type": "Point",
        "coordinates": [
          121.46051248627396,
          25.027952783251358
        ]
      }
    },
    {
      "type": "Feature",
      "properties": {
        "source_row_no": 432,
        "city": "新北市",
        "normalized_city": "新北市",
        "district": "新莊區",
        "vendor_category_code": "6",
        "vendor_category": "物流業",
        "registration_item": "物流營業場所",
        "registration_no": "F-134137856-00001-1",
        "name": "輪泰運輸有限公司",
        "address": "新北市新莊區建國一路38號(2樓)",
        "company_registration_name": "輪泰運輸有限公司",
        "source_page": 11,
        "point_type": "業者點位",
        "location_method": "OpenStreetMap道路/地名定位",
        "source_count": 479,
        "geocoding_address": "新北市新莊區建國一路38號(",
        "lng": 121.43428147657848,
        "lat": 25.030779233850517,
        "osm_query": "新北市新莊區建國一路",
        "osm_display_name": "建國一路, 福營里, 新莊區, 營盤, 新北市, 24257, 臺灣"
      },
      "geometry": {
        "type": "Point",
        "coordinates": [
          121.43428147657848,
          25.030779233850517
        ]
      }
    },
    {
      "type": "Feature",
      "properties": {
        "source_row_no": 433,
        "city": "新北市",
        "normalized_city": "新北市",
        "district": "中和區",
        "vendor_category_code": "6",
        "vendor_category": "物流業",
        "registration_item": "物流營業場所",
        "registration_no": "F-189879966-00001-6",
        "name": "元宏通運",
        "address": "新北市中和區連城路249巷10弄4號1樓",
        "company_registration_name": "元宏通運有限公司",
        "source_page": 11,
        "point_type": "業者點位",
        "location_method": "OpenStreetMap道路/地名定位",
        "source_count": 479,
        "geocoding_address": "新北市中和區連城路249巷10弄4號",
        "lng": 121.4938391884554,
        "lat": 24.99782605341091,
        "osm_query": "新北市中和區連城路",
        "osm_display_name": "連城路, 碧河里, 中和區, 枋寮, 新北市, 235, 臺灣"
      },
      "geometry": {
        "type": "Point",
        "coordinates": [
          121.4938391884554,
          24.99782605341091
        ]
      }
    },
    {
      "type": "Feature",
      "properties": {
        "source_row_no": 434,
        "city": "新北市",
        "normalized_city": "新北市",
        "district": "板橋區",
        "vendor_category_code": "6",
        "vendor_category": "物流業",
        "registration_item": "物流營業場所",
        "registration_no": "F-200058050-00005-7",
        "name": "上祐食品有限公司",
        "address": "新北市板橋區裕民街111巷6號",
        "company_registration_name": "上佑食品有限公司",
        "source_page": 11,
        "point_type": "業者點位",
        "location_method": "OpenStreetMap道路/地名定位",
        "source_count": 479,
        "geocoding_address": "新北市板橋區裕民街111巷6號",
        "lng": 121.46049779907453,
        "lat": 25.028087998493344,
        "osm_query": "新北市板橋區裕民街",
        "osm_display_name": "裕民街, 吉翠里, 板橋區, 新庄(海山口), 新北市, 22048, 臺灣"
      },
      "geometry": {
        "type": "Point",
        "coordinates": [
          121.46049779907453,
          25.028087998493344
        ]
      }
    },
    {
      "type": "Feature",
      "properties": {
        "source_row_no": 435,
        "city": "新北市",
        "normalized_city": "新北市",
        "district": "土城區",
        "vendor_category_code": "6",
        "vendor_category": "物流業",
        "registration_item": "物流營業場所",
        "registration_no": "F-102386162-00002-3",
        "name": "巧舜企業有限公司",
        "address": "新北市土城區中華路一段56巷51號",
        "company_registration_name": "佳懋企業社",
        "source_page": 11,
        "point_type": "業者點位",
        "location_method": "OpenStreetMap道路/地名定位",
        "source_count": 479,
        "geocoding_address": "新北市土城區中華路一段56巷51號",
        "lng": 121.44313961497994,
        "lat": 24.985365990791824,
        "osm_query": "新北市土城區中華路一段",
        "osm_display_name": "中華路一段, 日和里, 土城區, 清水, 新北市, 236028, 臺灣"
      },
      "geometry": {
        "type": "Point",
        "coordinates": [
          121.44313961497994,
          24.985365990791824
        ]
      }
    },
    {
      "type": "Feature",
      "properties": {
        "source_row_no": 436,
        "city": "新北市",
        "normalized_city": "新北市",
        "district": "樹林區",
        "vendor_category_code": "6",
        "vendor_category": "物流業",
        "registration_item": "物流營業場所",
        "registration_no": "F-182899066-00001-2",
        "name": "樹興國際有限公司",
        "address": "新北市樹林區光興街312號",
        "company_registration_name": "樹興國際有限公司",
        "source_page": 11,
        "point_type": "業者點位",
        "location_method": "OpenStreetMap道路/地名定位",
        "source_count": 479,
        "geocoding_address": "新北市樹林區光興街312號",
        "lng": 121.4067434670891,
        "lat": 25.002914679886484,
        "osm_query": "新北市樹林區光興街",
        "osm_display_name": "光興街, 光興里, 樹林區, 三角埔, 新北市, 23876, 臺灣"
      },
      "geometry": {
        "type": "Point",
        "coordinates": [
          121.4067434670891,
          25.002914679886484
        ]
      }
    },
    {
      "type": "Feature",
      "properties": {
        "source_row_no": 437,
        "city": "新北市",
        "normalized_city": "新北市",
        "district": "土城區",
        "vendor_category_code": "6",
        "vendor_category": "物流業",
        "registration_item": "物流營業場所",
        "registration_no": "F-124736065-00001-7",
        "name": "九順搬家貨運有限公司",
        "address": "新北市土城區中央路1段268號6樓",
        "company_registration_name": "伸達九固物流有限公司",
        "source_page": 11,
        "point_type": "業者點位",
        "location_method": "OpenStreetMap道路/地名定位",
        "source_count": 479,
        "geocoding_address": "新北市土城區中央路1段268號",
        "lng": 121.44340203403293,
        "lat": 24.98259304691523,
        "osm_query": "新北市土城區中央路1段",
        "osm_display_name": "中央路一段, 日和里, 土城區, 清水, 新北市, 236028, 臺灣"
      },
      "geometry": {
        "type": "Point",
        "coordinates": [
          121.44340203403293,
          24.98259304691523
        ]
      }
    },
    {
      "type": "Feature",
      "properties": {
        "source_row_no": 438,
        "city": "新北市",
        "normalized_city": "新北市",
        "district": "汐止區",
        "vendor_category_code": "6",
        "vendor_category": "物流業",
        "registration_item": "物流營業場所",
        "registration_no": "F-146480100-00126-5",
        "name": "福德服務中心",
        "address": "新北市汐止區福德一路310巷7弄1號",
        "company_registration_name": "新竹物流股份有限公司",
        "source_page": 11,
        "point_type": "業者點位",
        "location_method": "OpenStreetMap道路/地名定位",
        "source_count": 479,
        "geocoding_address": "新北市汐止區福德一路310巷7弄1號",
        "lng": 121.63426558866942,
        "lat": 25.06511584601338,
        "osm_query": "新北市汐止區福德一路",
        "osm_display_name": "新北市政府消防局第六大隊暨社后分隊, 236, 福德一路, 中興里, 汐止區, 橫科, 新北市, 221, 臺灣"
      },
      "geometry": {
        "type": "Point",
        "coordinates": [
          121.63426558866942,
          25.06511584601338
        ]
      }
    },
    {
      "type": "Feature",
      "properties": {
        "source_row_no": 439,
        "city": "新北市",
        "normalized_city": "新北市",
        "district": "樹林區",
        "vendor_category_code": "6",
        "vendor_category": "物流業",
        "registration_item": "物流營業場所",
        "registration_no": "F-196814383-00001-6",
        "name": "大智通",
        "address": "新北市樹林區佳園路二段70之1號",
        "company_registration_name": "弘旺物流有限公司",
        "source_page": 11,
        "point_type": "業者點位",
        "location_method": "OpenStreetMap道路/地名定位",
        "source_count": 479,
        "geocoding_address": "新北市樹林區佳園路二段70之1號",
        "lng": 121.39079475995983,
        "lat": 24.959506595672497,
        "osm_query": "新北市樹林區佳園路二段",
        "osm_display_name": "佳園路二段, 北園里, 樹林區, 柑園, 新北市, 23877, 臺灣"
      },
      "geometry": {
        "type": "Point",
        "coordinates": [
          121.39079475995983,
          24.959506595672497
        ]
      }
    },
    {
      "type": "Feature",
      "properties": {
        "source_row_no": 440,
        "city": "新北市",
        "normalized_city": "新北市",
        "district": "新莊區",
        "vendor_category_code": "6",
        "vendor_category": "物流業",
        "registration_item": "物流營業場所",
        "registration_no": "F-184184798-00014-7",
        "name": "全日物流股份有限公司",
        "address": "新北市新莊區新知五路1號",
        "company_registration_name": "全日物流股份有限公司",
        "source_page": 11,
        "point_type": "業者點位",
        "location_method": "OpenStreetMap道路/地名定位",
        "source_count": 479,
        "geocoding_address": "新北市新莊區新知五路1號",
        "lng": 121.45542040615905,
        "lat": 25.06295448380128,
        "osm_query": "新北市新莊區新知五路",
        "osm_display_name": "新知五路, 新莊北側知識產業園區, 福基里, 新莊區, 頭前, 新北市, 242045, 臺灣"
      },
      "geometry": {
        "type": "Point",
        "coordinates": [
          121.45542040615905,
          25.06295448380128
        ]
      }
    },
    {
      "type": "Feature",
      "properties": {
        "source_row_no": 441,
        "city": "新北市",
        "normalized_city": "新北市",
        "district": "五股區",
        "vendor_category_code": "6",
        "vendor_category": "物流業",
        "registration_item": "物流營業場所",
        "registration_no": "F-196858620-00001-8",
        "name": "新航通運有限公司",
        "address": "新北市五股區中興路三段1-12號",
        "company_registration_name": "新航通運有限公司",
        "source_page": 12,
        "point_type": "業者點位",
        "location_method": "OpenStreetMap道路/地名定位",
        "source_count": 479,
        "geocoding_address": "新北市五股區中興路三段1-12號",
        "lng": 121.44927097069319,
        "lat": 25.079744441053247,
        "osm_query": "新北市五股區中興路三段",
        "osm_display_name": "中興路三段, 更寮里, 五股區, 新北市, 248, 臺灣"
      },
      "geometry": {
        "type": "Point",
        "coordinates": [
          121.44927097069319,
          25.079744441053247
        ]
      }
    },
    {
      "type": "Feature",
      "properties": {
        "source_row_no": 442,
        "city": "新北市",
        "normalized_city": "新北市",
        "district": "淡水區",
        "vendor_category_code": "6",
        "vendor_category": "物流業",
        "registration_item": "物流營業場所",
        "registration_no": "F-100210993-00001-8",
        "name": "梁社翰",
        "address": "新北市淡水區中正東路二段27號18樓",
        "company_registration_name": "品安冷鏈物流有限公司",
        "source_page": 12,
        "point_type": "業者點位",
        "location_method": "OpenStreetMap道路/地名定位",
        "source_count": 479,
        "geocoding_address": "新北市淡水區中正東路二段27號",
        "lng": 121.45968072514637,
        "lat": 25.145311755085462,
        "osm_query": "新北市淡水區中正東路二段",
        "osm_display_name": "中正東路二段, 八勢里, 淡水區, 竹圍, 新北市, 25159, 臺灣"
      },
      "geometry": {
        "type": "Point",
        "coordinates": [
          121.45968072514637,
          25.145311755085462
        ]
      }
    },
    {
      "type": "Feature",
      "properties": {
        "source_row_no": 443,
        "city": "新北市",
        "normalized_city": "新北市",
        "district": "新莊區",
        "vendor_category_code": "6",
        "vendor_category": "物流業",
        "registration_item": "物流營業場所",
        "registration_no": "F-170624227-00074-4",
        "name": "土城營業所",
        "address": "新北市新莊區思源路34號",
        "company_registration_name": "台灣宅配通股份有限公司",
        "source_page": 12,
        "point_type": "業者點位",
        "location_method": "OpenStreetMap道路/地名定位",
        "source_count": 479,
        "geocoding_address": "新北市新莊區思源路34號",
        "lng": 121.45974487873927,
        "lat": 25.044290976338285,
        "osm_query": "新北市新莊區思源路",
        "osm_display_name": "思源路, 思源里, 新莊區, 中港厝, 新北市, 24213, 臺灣"
      },
      "geometry": {
        "type": "Point",
        "coordinates": [
          121.45974487873927,
          25.044290976338285
        ]
      }
    },
    {
      "type": "Feature",
      "properties": {
        "source_row_no": 444,
        "city": "新北市",
        "normalized_city": "新北市",
        "district": "中和區",
        "vendor_category_code": "6",
        "vendor_category": "物流業",
        "registration_item": "物流營業場所",
        "registration_no": "F-154293236-00001-8",
        "name": "富揚冷凍",
        "address": "新北市中和區橋和路105號4樓",
        "company_registration_name": "穩鮮實業有限公司",
        "source_page": 12,
        "point_type": "業者點位",
        "location_method": "OpenStreetMap道路/地名定位",
        "source_count": 479,
        "geocoding_address": "新北市中和區橋和路105號",
        "lng": 121.49667435888205,
        "lat": 25.007360309844717,
        "osm_query": "新北市中和區橋和路",
        "osm_display_name": "橋和路, 中原里, 中和區, 枋寮, 新北市, 23557, 臺灣"
      },
      "geometry": {
        "type": "Point",
        "coordinates": [
          121.49667435888205,
          25.007360309844717
        ]
      }
    },
    {
      "type": "Feature",
      "properties": {
        "source_row_no": 445,
        "city": "新北市",
        "normalized_city": "新北市",
        "district": "五股區",
        "vendor_category_code": "6",
        "vendor_category": "物流業",
        "registration_item": "物流營業場所",
        "registration_no": "F-112312555-00001-8",
        "name": "正暉股份有限公司",
        "address": "新北市五股區五權六路24號",
        "company_registration_name": "正漢交通股份有限公司",
        "source_page": 12,
        "point_type": "業者點位",
        "location_method": "OpenStreetMap道路/地名定位",
        "source_count": 479,
        "geocoding_address": "新北市五股區五權六路24號",
        "osm_query": "五權六路 五股區 新北市",
        "osm_display_name": "五權六路, 新北產業園區, 興珍里, 五股區, 新北市, 242045, 臺灣",
        "lng": 121.4499643836532,
        "lat": 25.064538735930302
      },
      "geometry": {
        "type": "Point",
        "coordinates": [
          121.4499643836532,
          25.064538735930302
        ]
      }
    },
    {
      "type": "Feature",
      "properties": {
        "source_row_no": 446,
        "city": "新北市",
        "normalized_city": "新北市",
        "district": "新莊區",
        "vendor_category_code": "6",
        "vendor_category": "物流業",
        "registration_item": "物流營業場所",
        "registration_no": "F-170624227-00120-6",
        "name": "台北物流中心",
        "address": "新北市新莊區思源路34號",
        "company_registration_name": "台灣宅配通股份有限公司",
        "source_page": 12,
        "point_type": "業者點位",
        "location_method": "OpenStreetMap道路/地名定位",
        "source_count": 479,
        "geocoding_address": "新北市新莊區思源路34號",
        "lng": 121.46007312226295,
        "lat": 25.044259080955122,
        "osm_query": "新北市新莊區思源路",
        "osm_display_name": "思源路, 思源里, 新莊區, 中港厝, 新北市, 24213, 臺灣"
      },
      "geometry": {
        "type": "Point",
        "coordinates": [
          121.46007312226295,
          25.044259080955122
        ]
      }
    },
    {
      "type": "Feature",
      "properties": {
        "source_row_no": 447,
        "city": "新北市",
        "normalized_city": "新北市",
        "district": "汐止區",
        "vendor_category_code": "6",
        "vendor_category": "物流業",
        "registration_item": "物流營業場所",
        "registration_no": "F-116860883-00001-4",
        "name": "鼎順貨運",
        "address": "新北市汐止區新台五路二段91號2樓之3",
        "company_registration_name": "鼎紘交通有限公司",
        "source_page": 12,
        "point_type": "業者點位",
        "location_method": "OpenStreetMap道路/地名定位",
        "source_count": 479,
        "geocoding_address": "新北市汐止區新台五路二段91號",
        "lng": 121.67595525688913,
        "lat": 25.0662782811211,
        "osm_query": "新北市汐止區新台五路二段",
        "osm_display_name": "新台五路二段, 茄苳里, 汐止區, 新北市, 221036, 臺灣"
      },
      "geometry": {
        "type": "Point",
        "coordinates": [
          121.67595525688913,
          25.0662782811211
        ]
      }
    },
    {
      "type": "Feature",
      "properties": {
        "source_row_no": 448,
        "city": "新北市",
        "normalized_city": "新北市",
        "district": "汐止區",
        "vendor_category_code": "6",
        "vendor_category": "物流業",
        "registration_item": "物流營業場所",
        "registration_no": "F-190308938-00002-5",
        "name": "福匠國際食品有限公司",
        "address": "新北市汐止區康寧街163號5樓",
        "company_registration_name": "福匠國際食品有限公司",
        "source_page": 12,
        "point_type": "業者點位",
        "location_method": "OpenStreetMap道路/地名定位",
        "source_count": 479,
        "geocoding_address": "新北市汐止區康寧街163號",
        "lng": 121.64910907986409,
        "lat": 25.076066448414505,
        "osm_query": "新北市汐止區康寧街",
        "osm_display_name": "康寧街, 江北里, 汐止區, 新北市, 221, 臺灣"
      },
      "geometry": {
        "type": "Point",
        "coordinates": [
          121.64910907986409,
          25.076066448414505
        ]
      }
    },
    {
      "type": "Feature",
      "properties": {
        "source_row_no": 449,
        "city": "新北市",
        "normalized_city": "新北市",
        "district": "中和區",
        "vendor_category_code": "6",
        "vendor_category": "物流業",
        "registration_item": "物流營業場所",
        "registration_no": "F-116354611-00001-1",
        "name": "日穗食品冷凍股份有限公司",
        "address": "新北市中和區中山路2段357巷6號",
        "company_registration_name": "日穗食品冷凍股份有限公司",
        "source_page": 12,
        "point_type": "業者點位",
        "location_method": "OpenStreetMap道路/地名定位",
        "source_count": 479,
        "geocoding_address": "新北市中和區中山路2段357巷6號",
        "lng": 121.50254041618541,
        "lat": 25.00369616573976,
        "osm_query": "新北市中和區中山路2段",
        "osm_display_name": "中山路二段, 佳和里, 中和區, 枋寮, 新北市, 23554, 臺灣"
      },
      "geometry": {
        "type": "Point",
        "coordinates": [
          121.50254041618541,
          25.00369616573976
        ]
      }
    },
    {
      "type": "Feature",
      "properties": {
        "source_row_no": 450,
        "city": "新北市",
        "normalized_city": "新北市",
        "district": "五股區",
        "vendor_category_code": "6",
        "vendor_category": "物流業",
        "registration_item": "物流營業場所",
        "registration_no": "F-202315710-00001-4",
        "name": "大慶商行",
        "address": "新北市五股區民義路一段220巷7之9號",
        "company_registration_name": "大慶商行",
        "source_page": 12,
        "point_type": "業者點位",
        "location_method": "OpenStreetMap道路/地名定位",
        "source_count": 479,
        "geocoding_address": "新北市五股區民義路一段220巷7之9號",
        "lng": 121.43363222703475,
        "lat": 25.087005954530632,
        "osm_query": "新北市五股區民義路一段",
        "osm_display_name": "民義路一段, 民義里, 五股區, 新北市, 24870, 臺灣"
      },
      "geometry": {
        "type": "Point",
        "coordinates": [
          121.43363222703475,
          25.087005954530632
        ]
      }
    },
    {
      "type": "Feature",
      "properties": {
        "source_row_no": 451,
        "city": "新北市",
        "normalized_city": "新北市",
        "district": "三芝區",
        "vendor_category_code": "6",
        "vendor_category": "物流業",
        "registration_item": "物流營業場所",
        "registration_no": "F-183612717-00001-9",
        "name": "新鑽食股份有限公司",
        "address": "新北市三芝區田心子20之3號",
        "company_registration_name": "新鑽食股份有限公司",
        "source_page": 12,
        "point_type": "業者點位",
        "location_method": "OpenStreetMap道路/地名定位",
        "source_count": 479,
        "geocoding_address": "新北市三芝區田心子20之3號",
        "lng": 121.49789654197566,
        "lat": 25.203308736848356,
        "osm_query": "新北市三芝區田心子",
        "osm_display_name": "田心子, 三芝區, 北新庄, 新北市, 25243, 臺灣"
      },
      "geometry": {
        "type": "Point",
        "coordinates": [
          121.49789654197566,
          25.203308736848356
        ]
      }
    },
    {
      "type": "Feature",
      "properties": {
        "source_row_no": 452,
        "city": "新北市",
        "normalized_city": "新北市",
        "district": "新莊區",
        "vendor_category_code": "6",
        "vendor_category": "物流業",
        "registration_item": "物流營業場所",
        "registration_no": "F-142638158-00004-4",
        "name": "侑祥興業有限公司",
        "address": "新北市新莊區化成路190巷3號1樓",
        "company_registration_name": "侑祥興業有限公司",
        "source_page": 12,
        "point_type": "業者點位",
        "location_method": "OpenStreetMap道路/地名定位",
        "source_count": 479,
        "geocoding_address": "新北市新莊區化成路190巷3號",
        "lng": 121.46374631309642,
        "lat": 25.066346128994567,
        "osm_query": "新北市新莊區化成路",
        "osm_display_name": "化成路, 福基里, 新莊區, 新北市, 24888, 臺灣"
      },
      "geometry": {
        "type": "Point",
        "coordinates": [
          121.46374631309642,
          25.066346128994567
        ]
      }
    },
    {
      "type": "Feature",
      "properties": {
        "source_row_no": 453,
        "city": "新北市",
        "normalized_city": "新北市",
        "district": "樹林區",
        "vendor_category_code": "6",
        "vendor_category": "物流業",
        "registration_item": "物流營業場所",
        "registration_no": "F-154176080-00001-5",
        "name": "旭慶實業有限公司",
        "address": "新北市樹林區田尾街175巷19號",
        "company_registration_name": "旭慶實業有限公司",
        "source_page": 12,
        "point_type": "業者點位",
        "location_method": "OpenStreetMap道路/地名定位",
        "source_count": 479,
        "geocoding_address": "新北市樹林區田尾街175巷19號",
        "lng": 121.40062245042832,
        "lat": 24.948360217543993,
        "osm_query": "新北市樹林區田尾街",
        "osm_display_name": "田尾街, 南園里, 樹林區, 媽祖田, 新北市, 23675, 臺灣"
      },
      "geometry": {
        "type": "Point",
        "coordinates": [
          121.40062245042832,
          24.948360217543993
        ]
      }
    },
    {
      "type": "Feature",
      "properties": {
        "source_row_no": 454,
        "city": "新北市",
        "normalized_city": "新北市",
        "district": "新莊區",
        "vendor_category_code": "6",
        "vendor_category": "物流業",
        "registration_item": "物流營業場所",
        "registration_no": "F-133686333-00001-9",
        "name": "辦公室",
        "address": "新北市新莊區新泰路227號3樓之1",
        "company_registration_name": "鵬安交通企業股份有限公司",
        "source_page": 12,
        "point_type": "業者點位",
        "location_method": "OpenStreetMap道路/地名定位",
        "source_count": 479,
        "geocoding_address": "新北市新莊區新泰路227號",
        "lng": 121.44644479962207,
        "lat": 25.039308843435617,
        "osm_query": "新北市新莊區新泰路",
        "osm_display_name": "新泰路, 立言里, 新莊區, 新庄(海山口), 新北市, 242005, 臺灣"
      },
      "geometry": {
        "type": "Point",
        "coordinates": [
          121.44644479962207,
          25.039308843435617
        ]
      }
    },
    {
      "type": "Feature",
      "properties": {
        "source_row_no": 455,
        "city": "新北市",
        "normalized_city": "新北市",
        "district": "樹林區",
        "vendor_category_code": "6",
        "vendor_category": "物流業",
        "registration_item": "物流營業場所",
        "registration_no": "F-170624227-00114-9",
        "name": "板橋營業所",
        "address": "新北市樹林區武林街25號",
        "company_registration_name": "台灣宅配通股份有限公司",
        "source_page": 12,
        "point_type": "業者點位",
        "location_method": "OpenStreetMap道路/地名定位",
        "source_count": 479,
        "geocoding_address": "新北市樹林區武林街25號",
        "lng": 121.41859328549293,
        "lat": 25.002312547621045,
        "osm_query": "新北市樹林區武林街",
        "osm_display_name": "武林街, 樹林產業園區, 金寮里, 樹林區, 三角埔, 新北市, 23867, 臺灣"
      },
      "geometry": {
        "type": "Point",
        "coordinates": [
          121.41859328549293,
          25.002312547621045
        ]
      }
    },
    {
      "type": "Feature",
      "properties": {
        "source_row_no": 456,
        "city": "新北市",
        "normalized_city": "新北市",
        "district": "中和區",
        "vendor_category_code": "6",
        "vendor_category": "物流業",
        "registration_item": "物流營業場所",
        "registration_no": "F-190736609-00002-5",
        "name": "第一冷凍庫",
        "address": "新北市中和區健康路39號",
        "company_registration_name": "天味國際貿易有限公司",
        "source_page": 12,
        "point_type": "業者點位",
        "location_method": "OpenStreetMap道路/地名定位",
        "source_count": 479,
        "geocoding_address": "新北市中和區健康路39號",
        "lng": 121.4872161859881,
        "lat": 25.00033160732084,
        "osm_query": "新北市中和區健康路",
        "osm_display_name": "建康路, 平河里, 中和區, 中坑, 新北市, 23511, 臺灣"
      },
      "geometry": {
        "type": "Point",
        "coordinates": [
          121.4872161859881,
          25.00033160732084
        ]
      }
    },
    {
      "type": "Feature",
      "properties": {
        "source_row_no": 457,
        "city": "新北市",
        "normalized_city": "新北市",
        "district": "五股區",
        "vendor_category_code": "6",
        "vendor_category": "物流業",
        "registration_item": "物流營業場所",
        "registration_no": "F-123313546-00002-2",
        "name": "玉興木箱",
        "address": "新北市五股區中興路三段58巷12號",
        "company_registration_name": "亨達航空貨運承攬股份有限公司",
        "source_page": 12,
        "point_type": "業者點位",
        "location_method": "OpenStreetMap道路/地名定位",
        "source_count": 479,
        "geocoding_address": "新北市五股區中興路三段58巷12號",
        "lng": 121.44920501122866,
        "lat": 25.07986570178398,
        "osm_query": "新北市五股區中興路三段",
        "osm_display_name": "中興路三段, 更寮里, 五股區, 新北市, 248, 臺灣"
      },
      "geometry": {
        "type": "Point",
        "coordinates": [
          121.44920501122866,
          25.07986570178398
        ]
      }
    },
    {
      "type": "Feature",
      "properties": {
        "source_row_no": 458,
        "city": "新北市",
        "normalized_city": "新北市",
        "district": "三重區",
        "vendor_category_code": "6",
        "vendor_category": "物流業",
        "registration_item": "物流營業場所",
        "registration_no": "F-135859696-00001-5",
        "name": "一友交通企業有限公司",
        "address": "新北市三重區福田里1鄰忠孝路3段75巷5號",
        "company_registration_name": "一友交通企業有限公司",
        "source_page": 12,
        "point_type": "業者點位",
        "location_method": "OpenStreetMap道路/地名定位",
        "source_count": 479,
        "geocoding_address": "新北市三重區福田里忠孝路3段75巷5號",
        "lng": 121.48016501862725,
        "lat": 25.063968254268023,
        "osm_query": "新北市三重區福田里忠孝路3段",
        "osm_display_name": "忠孝路三段, 田心里, 三重區, 頭前, 新北市, 241512, 臺灣"
      },
      "geometry": {
        "type": "Point",
        "coordinates": [
          121.48016501862725,
          25.063968254268023
        ]
      }
    },
    {
      "type": "Feature",
      "properties": {
        "source_row_no": 459,
        "city": "新北市",
        "normalized_city": "新北市",
        "district": "樹林區",
        "vendor_category_code": "6",
        "vendor_category": "物流業",
        "registration_item": "物流營業場所",
        "registration_no": "F-170624227-00115-0",
        "name": "樹林營業所",
        "address": "新北市樹林區俊興街211巷6-1號",
        "company_registration_name": "台灣宅配通股份有限公司",
        "source_page": 12,
        "point_type": "業者點位",
        "location_method": "OpenStreetMap道路/地名定位",
        "source_count": 479,
        "geocoding_address": "新北市樹林區俊興街211巷6-1號",
        "lng": 121.41829576625224,
        "lat": 25.01627327260995,
        "osm_query": "新北市樹林區俊興街",
        "osm_display_name": "俊興街, 圳生里, 樹林區, 三角埔, 新北市, 238025, 臺灣"
      },
      "geometry": {
        "type": "Point",
        "coordinates": [
          121.41829576625224,
          25.01627327260995
        ]
      }
    },
    {
      "type": "Feature",
      "properties": {
        "source_row_no": 460,
        "city": "新北市",
        "normalized_city": "新北市",
        "district": "新莊區",
        "vendor_category_code": "6",
        "vendor_category": "物流業",
        "registration_item": "物流營業場所",
        "registration_no": "F-190229033-00002-3",
        "name": "邵諺有限公司",
        "address": "新北市新莊區中原路516號2樓",
        "company_registration_name": "邵諺有限公司",
        "source_page": 12,
        "point_type": "業者點位",
        "location_method": "OpenStreetMap道路/地名定位",
        "source_count": 479,
        "geocoding_address": "新北市新莊區中原路516號",
        "lng": 121.44621748817293,
        "lat": 25.05447377920891,
        "osm_query": "新北市新莊區中原路",
        "osm_display_name": "中原路, 中原里, 新莊區, 中港厝, 新北市, 242030, 臺灣"
      },
      "geometry": {
        "type": "Point",
        "coordinates": [
          121.44621748817293,
          25.05447377920891
        ]
      }
    },
    {
      "type": "Feature",
      "properties": {
        "source_row_no": 461,
        "city": "新北市",
        "normalized_city": "新北市",
        "district": "汐止區",
        "vendor_category_code": "6",
        "vendor_category": "物流業",
        "registration_item": "物流營業場所",
        "registration_no": "F-196896602-00001-0",
        "name": "弘偉通運有限公司",
        "address": "新北市汐止區民權街2段48號5樓",
        "company_registration_name": "弘偉通運有限公司",
        "source_page": 12,
        "point_type": "業者點位",
        "location_method": "OpenStreetMap道路/地名定位",
        "source_count": 479,
        "geocoding_address": "新北市汐止區民權街2段48號",
        "lng": 121.61816661061474,
        "lat": 25.04812672461819,
        "osm_query": "新北市汐止區民權街2段",
        "osm_display_name": "白雲國小, 90, 民權街二段, 福山里, 汐止區, 橫科, 新北市, 11564, 臺灣"
      },
      "geometry": {
        "type": "Point",
        "coordinates": [
          121.61816661061474,
          25.04812672461819
        ]
      }
    },
    {
      "type": "Feature",
      "properties": {
        "source_row_no": 462,
        "city": "新北市",
        "normalized_city": "新北市",
        "district": "五股區",
        "vendor_category_code": "6",
        "vendor_category": "物流業",
        "registration_item": "物流營業場所",
        "registration_no": "A-102059934-00001-1",
        "name": "新北巿五股區新五路三段26號",
        "address": "新北市五股區新五路3段26號",
        "company_registration_name": "永達汽車貨運股份有限公司",
        "source_page": 12,
        "point_type": "業者點位",
        "location_method": "OpenStreetMap道路/地名定位",
        "source_count": 479,
        "geocoding_address": "新北市五股區新五路3段26號",
        "lng": 121.44626545669429,
        "lat": 25.089589455093005,
        "osm_query": "新北市五股區新五路3段",
        "osm_display_name": "新五路三段, 洲子洋重劃區, 成泰里, 五股區, 新北市, 248017, 臺灣"
      },
      "geometry": {
        "type": "Point",
        "coordinates": [
          121.44626545669429,
          25.089589455093005
        ]
      }
    },
    {
      "type": "Feature",
      "properties": {
        "source_row_no": 463,
        "city": "新北市",
        "normalized_city": "新北市",
        "district": "新莊區",
        "vendor_category_code": "6",
        "vendor_category": "物流業",
        "registration_item": "物流營業場所",
        "registration_no": "F-133756652-00001-1",
        "name": "正烽汽車貨運股份有限公司",
        "address": "新北市新莊區泰順街33巷22號1樓",
        "company_registration_name": "正烽汽車貨運股份有限公司",
        "source_page": 12,
        "point_type": "業者點位",
        "location_method": "OpenStreetMap道路/地名定位",
        "source_count": 479,
        "geocoding_address": "新北市新莊區泰順街33巷22號",
        "lng": 121.4474882820573,
        "lat": 25.042848879653047,
        "osm_query": "新北市新莊區泰順街",
        "osm_display_name": "泰順街, 立功里, 新莊區, 中港厝, 新北市, 242005, 臺灣"
      },
      "geometry": {
        "type": "Point",
        "coordinates": [
          121.4474882820573,
          25.042848879653047
        ]
      }
    },
    {
      "type": "Feature",
      "properties": {
        "source_row_no": 464,
        "city": "新北市",
        "normalized_city": "新北市",
        "district": "新莊區",
        "vendor_category_code": "6",
        "vendor_category": "物流業",
        "registration_item": "物流營業場所",
        "registration_no": "F-151015548-00104-7",
        "name": "嘉里大榮物流-三重所",
        "address": "新北市新莊區五股工業區五工路62-1號",
        "company_registration_name": "嘉里大榮物流股份有限公司",
        "source_page": 12,
        "point_type": "業者點位",
        "location_method": "OpenStreetMap道路/地名定位",
        "source_count": 479,
        "geocoding_address": "新北市新莊區五股工業區五工路62-1號",
        "osm_query": "五工路 五股區 新北市",
        "osm_display_name": "五工路, 新北產業園區, 興珍里, 五股區, 中港厝, 新北市, 24888, 臺灣",
        "lng": 121.45321863417573,
        "lat": 25.067519026362202
      },
      "geometry": {
        "type": "Point",
        "coordinates": [
          121.45321863417573,
          25.067519026362202
        ]
      }
    },
    {
      "type": "Feature",
      "properties": {
        "source_row_no": 465,
        "city": "新北市",
        "normalized_city": "新北市",
        "district": "五股區",
        "vendor_category_code": "6",
        "vendor_category": "物流業",
        "registration_item": "物流營業場所",
        "registration_no": "F-165965688-00001-7",
        "name": "裕國冷凍冷藏股份有限公司",
        "address": "新北市五股區五工一路131號",
        "company_registration_name": "群聯興業有限公司",
        "source_page": 12,
        "point_type": "業者點位",
        "location_method": "OpenStreetMap道路/地名定位",
        "source_count": 479,
        "geocoding_address": "新北市五股區五工一路131號",
        "osm_query": "五工一路 五股區 新北市",
        "osm_display_name": "五工一路, 興珍里, 五股區, 新北市, 248, 臺灣",
        "lng": 121.4495292439021,
        "lat": 25.070764980101874
      },
      "geometry": {
        "type": "Point",
        "coordinates": [
          121.4495292439021,
          25.070764980101874
        ]
      }
    },
    {
      "type": "Feature",
      "properties": {
        "source_row_no": 466,
        "city": "新北市",
        "normalized_city": "新北市",
        "district": "三峽區",
        "vendor_category_code": "6",
        "vendor_category": "物流業",
        "registration_item": "物流營業場所",
        "registration_no": "F-166397087-00001-0",
        "name": "三峽區中山路755之1",
        "address": "新北市三峽區中山路755之1",
        "company_registration_name": "昌捷倉儲有限公司",
        "source_page": 12,
        "point_type": "業者點位",
        "location_method": "OpenStreetMap道路/地名定位",
        "source_count": 479,
        "geocoding_address": "新北市三峽區中山路755之1",
        "lng": 121.33886153409533,
        "lat": 24.92616088820982,
        "osm_query": "新北市三峽區中山路",
        "osm_display_name": "中山路, 鳶山里, 三峽區, 二橋, 新北市, 239002, 臺灣"
      },
      "geometry": {
        "type": "Point",
        "coordinates": [
          121.33886153409533,
          24.92616088820982
        ]
      }
    },
    {
      "type": "Feature",
      "properties": {
        "source_row_no": 467,
        "city": "新北市",
        "normalized_city": "新北市",
        "district": "五股區",
        "vendor_category_code": "6",
        "vendor_category": "物流業",
        "registration_item": "物流營業場所",
        "registration_no": "F-183038349-00001-2",
        "name": "無",
        "address": "新北市五股區凌雲路三段2號",
        "company_registration_name": "榤恩國際有限公司",
        "source_page": 12,
        "point_type": "業者點位",
        "location_method": "OpenStreetMap道路/地名定位",
        "source_count": 479,
        "geocoding_address": "新北市五股區凌雲路三段2號",
        "lng": 121.43442792056074,
        "lat": 25.104437485070786,
        "osm_query": "新北市五股區凌雲路三段",
        "osm_display_name": "凌雲路三段, 觀音里, 五股區, 新北市, 24841, 臺灣"
      },
      "geometry": {
        "type": "Point",
        "coordinates": [
          121.43442792056074,
          25.104437485070786
        ]
      }
    },
    {
      "type": "Feature",
      "properties": {
        "source_row_no": 468,
        "city": "新北市",
        "normalized_city": "新北市",
        "district": "八里區",
        "vendor_category_code": "6",
        "vendor_category": "物流業",
        "registration_item": "物流營業場所",
        "registration_no": "F-151015548-00105-8",
        "name": "嘉里大榮物流-八里所",
        "address": "新北市八里區商港五路91號",
        "company_registration_name": "嘉里大榮物流股份有限公司",
        "source_page": 12,
        "point_type": "業者點位",
        "location_method": "OpenStreetMap道路/地名定位",
        "source_count": 479,
        "geocoding_address": "新北市八里區商港五路91號",
        "lng": 121.39567243852433,
        "lat": 25.151455046337432,
        "osm_query": "新北市八里區商港五路",
        "osm_display_name": "商港五路, 訊塘里, 八里區, 下罟子, 新北市, 249002, 臺灣"
      },
      "geometry": {
        "type": "Point",
        "coordinates": [
          121.39567243852433,
          25.151455046337432
        ]
      }
    },
    {
      "type": "Feature",
      "properties": {
        "source_row_no": 469,
        "city": "新北市",
        "normalized_city": "新北市",
        "district": "新店區",
        "vendor_category_code": "6",
        "vendor_category": "物流業",
        "registration_item": "物流營業場所",
        "registration_no": "F-123954366-00001-2",
        "name": "多利通運股份有限公司",
        "address": "新北市新店區新北市新店區環河路119-1號",
        "company_registration_name": "多利通運股份有限公司",
        "source_page": 12,
        "point_type": "業者點位",
        "location_method": "OpenStreetMap道路/地名定位",
        "source_count": 479,
        "geocoding_address": "新北市新店區新北市新店區環河路119-1號",
        "lng": 121.53241440587377,
        "lat": 24.990378498803953,
        "osm_query": "新北市新店區新北市新店區環河路",
        "osm_display_name": "環河路, 忠孝里, 新店區, 潭漧, 新北市, 231021, 臺灣"
      },
      "geometry": {
        "type": "Point",
        "coordinates": [
          121.53241440587377,
          24.990378498803953
        ]
      }
    },
    {
      "type": "Feature",
      "properties": {
        "source_row_no": 470,
        "city": "新北市",
        "normalized_city": "新北市",
        "district": "瑞芳區",
        "vendor_category_code": "6",
        "vendor_category": "物流業",
        "registration_item": "物流營業場所",
        "registration_no": "F-123525865-00005-4",
        "name": "瑞芳倉庫",
        "address": "新北市瑞芳區新北市瑞芳區楓仔瀨路1巷12號",
        "company_registration_name": "台灣住倉股份有限公司",
        "source_page": 12,
        "point_type": "業者點位",
        "location_method": "OpenStreetMap道路/地名定位",
        "source_count": 479,
        "geocoding_address": "新北市瑞芳區新北市瑞芳區楓仔瀨路1巷12號",
        "lng": 121.77240683138757,
        "lat": 25.107187702910874,
        "osm_query": "新北市瑞芳區新北市瑞芳區楓仔瀨路",
        "osm_display_name": "楓仔瀨路, 上天里, 瑞芳區, 四腳亭, 新北市, 22445, 臺灣"
      },
      "geometry": {
        "type": "Point",
        "coordinates": [
          121.77240683138757,
          25.107187702910874
        ]
      }
    },
    {
      "type": "Feature",
      "properties": {
        "source_row_no": 471,
        "city": "新北市",
        "normalized_city": "新北市",
        "district": "樹林區",
        "vendor_category_code": "6",
        "vendor_category": "物流業",
        "registration_item": "物流營業場所",
        "registration_no": "F-151015548-00106-9",
        "name": "嘉里大榮物流-樹林所",
        "address": "新北市樹林區中正路267號",
        "company_registration_name": "嘉里大榮物流股份有限公司",
        "source_page": 12,
        "point_type": "業者點位",
        "location_method": "OpenStreetMap道路/地名定位",
        "source_count": 479,
        "geocoding_address": "新北市樹林區中正路267號",
        "lng": 121.41386388087446,
        "lat": 25.01073640434962,
        "osm_query": "新北市樹林區中正路",
        "osm_display_name": "中正路, 獇寮里, 樹林區, 三角埔, 新北市, 23876, 臺灣"
      },
      "geometry": {
        "type": "Point",
        "coordinates": [
          121.41386388087446,
          25.01073640434962
        ]
      }
    },
    {
      "type": "Feature",
      "properties": {
        "source_row_no": 472,
        "city": "新北市",
        "normalized_city": "新北市",
        "district": "土城區",
        "vendor_category_code": "6",
        "vendor_category": "物流業",
        "registration_item": "物流營業場所",
        "registration_no": "F-127838240-00001-8",
        "name": "尚翔順實業有限公司",
        "address": "新北市土城區和城路2段255巷59-1號",
        "company_registration_name": "尚翔順實業有限公司",
        "source_page": 12,
        "point_type": "業者點位",
        "location_method": "OpenStreetMap道路/地名定位",
        "source_count": 479,
        "geocoding_address": "新北市土城區和城路2段255巷59-1號",
        "lng": 121.47439425234138,
        "lat": 24.989073553812123,
        "osm_query": "新北市土城區和城路2段",
        "osm_display_name": "和城路二段, 延吉里, 土城區, 中坑, 新北市, 236615, 臺灣"
      },
      "geometry": {
        "type": "Point",
        "coordinates": [
          121.47439425234138,
          24.989073553812123
        ]
      }
    },
    {
      "type": "Feature",
      "properties": {
        "source_row_no": 473,
        "city": "新北市",
        "normalized_city": "新北市",
        "district": "新店區",
        "vendor_category_code": "6",
        "vendor_category": "物流業",
        "registration_item": "物流營業場所",
        "registration_no": "F-202324556-00001-2",
        "name": "鬆餅庭園",
        "address": "新北市新店區新潭路二段62巷31號",
        "company_registration_name": "來鬆一下",
        "source_page": 12,
        "point_type": "業者點位",
        "location_method": "OpenStreetMap道路/地名定位",
        "source_count": 479,
        "geocoding_address": "新北市新店區新潭路二段62巷31號",
        "lng": 121.51260054461468,
        "lat": 24.962998552487885,
        "osm_query": "新北市新店區新潭路二段",
        "osm_display_name": "新北市安康市場, 安康路二段, 公崙里, 新店區, 新北市, 23159, 臺灣"
      },
      "geometry": {
        "type": "Point",
        "coordinates": [
          121.51260054461468,
          24.962998552487885
        ]
      }
    },
    {
      "type": "Feature",
      "properties": {
        "source_row_no": 474,
        "city": "新北市",
        "normalized_city": "新北市",
        "district": "新莊區",
        "vendor_category_code": "6",
        "vendor_category": "物流業",
        "registration_item": "物流營業場所",
        "registration_no": "F-100093008-00001-4",
        "name": "正達汽車貨運股份有限公司",
        "address": "新北市新莊區泰順街33巷22號1樓",
        "company_registration_name": "正達汽車貨運股份有限公司",
        "source_page": 12,
        "point_type": "業者點位",
        "location_method": "OpenStreetMap道路/地名定位",
        "source_count": 479,
        "geocoding_address": "新北市新莊區泰順街33巷22號",
        "lng": 121.44743210455803,
        "lat": 25.04296858669229,
        "osm_query": "新北市新莊區泰順街",
        "osm_display_name": "泰順街, 立功里, 新莊區, 中港厝, 新北市, 242005, 臺灣"
      },
      "geometry": {
        "type": "Point",
        "coordinates": [
          121.44743210455803,
          25.04296858669229
        ]
      }
    },
    {
      "type": "Feature",
      "properties": {
        "source_row_no": 475,
        "city": "新北市",
        "normalized_city": "新北市",
        "district": "鶯歌區",
        "vendor_category_code": "6",
        "vendor_category": "物流業",
        "registration_item": "物流營業場所",
        "registration_no": "F-183746666-00002-1",
        "name": "佑昌企業有限公司",
        "address": "新北市鶯歌區國中街203號",
        "company_registration_name": "佑昌企業有限公司",
        "source_page": 12,
        "point_type": "業者點位",
        "location_method": "OpenStreetMap道路/地名定位",
        "source_count": 479,
        "geocoding_address": "新北市鶯歌區國中街203號",
        "lng": 121.34110189731311,
        "lat": 24.94100029593876,
        "osm_query": "新北市鶯歌區國中街",
        "osm_display_name": "國中高職東街口, 國中路, 尖山里, 鶯歌區, 二橋, 新北市, 239002, 臺灣"
      },
      "geometry": {
        "type": "Point",
        "coordinates": [
          121.34110189731311,
          24.94100029593876
        ]
      }
    },
    {
      "type": "Feature",
      "properties": {
        "source_row_no": 476,
        "city": "新北市",
        "normalized_city": "新北市",
        "district": "新莊區",
        "vendor_category_code": "6",
        "vendor_category": "物流業",
        "registration_item": "物流營業場所",
        "registration_no": "F-107607609-00001-9",
        "name": "速泰汽車貨運股份有限公司",
        "address": "新北市新莊區新泰路227號3樓之1",
        "company_registration_name": "速泰汽車貨運股份有限公司",
        "source_page": 12,
        "point_type": "業者點位",
        "location_method": "OpenStreetMap道路/地名定位",
        "source_count": 479,
        "geocoding_address": "新北市新莊區新泰路227號",
        "lng": 121.44672669721146,
        "lat": 25.039208186938954,
        "osm_query": "新北市新莊區新泰路",
        "osm_display_name": "新泰路, 立言里, 新莊區, 新庄(海山口), 新北市, 242005, 臺灣"
      },
      "geometry": {
        "type": "Point",
        "coordinates": [
          121.44672669721146,
          25.039208186938954
        ]
      }
    },
    {
      "type": "Feature",
      "properties": {
        "source_row_no": 477,
        "city": "新北市",
        "normalized_city": "新北市",
        "district": "三峽區",
        "vendor_category_code": "6",
        "vendor_category": "物流業",
        "registration_item": "物流營業場所",
        "registration_no": "F-202324969-00002-1",
        "name": "名家食品",
        "address": "新北市三峽區永安街87號（1樓）",
        "company_registration_name": "名家食材有限公司",
        "source_page": 12,
        "point_type": "業者點位",
        "location_method": "OpenStreetMap道路/地名定位",
        "source_count": 479,
        "geocoding_address": "新北市三峽區永安街87號（",
        "lng": 121.37367606429088,
        "lat": 24.928045518121596,
        "osm_query": "新北市三峽區永安街",
        "osm_display_name": "永安街, 中正里, 三峽區, 新北市, 237016, 臺灣"
      },
      "geometry": {
        "type": "Point",
        "coordinates": [
          121.37367606429088,
          24.928045518121596
        ]
      }
    },
    {
      "type": "Feature",
      "properties": {
        "source_row_no": 478,
        "city": "新北市",
        "normalized_city": "新北市",
        "district": "林口區",
        "vendor_category_code": "6",
        "vendor_category": "物流業",
        "registration_item": "物流營業場所",
        "registration_no": "F-154042891-00002-8",
        "name": "鼎宸開發有限公司",
        "address": "新北市林口區南勢里76-8號附一",
        "company_registration_name": "鼎宸開發有限公司",
        "source_page": 12,
        "point_type": "業者點位",
        "location_method": "OpenStreetMap道路/地名定位",
        "source_count": 479,
        "geocoding_address": "新北市林口區南勢里76-8號附一",
        "lng": 121.36403728885708,
        "lat": 25.073174663631686,
        "osm_query": "新北市林口區南勢",
        "osm_display_name": "南勢, 林口區, 新北市, 24448, 臺灣"
      },
      "geometry": {
        "type": "Point",
        "coordinates": [
          121.36403728885708,
          25.073174663631686
        ]
      }
    },
    {
      "type": "Feature",
      "properties": {
        "source_row_no": 479,
        "city": "新北市",
        "normalized_city": "新北市",
        "district": "林口區",
        "vendor_category_code": "6",
        "vendor_category": "物流業",
        "registration_item": "物流營業場所",
        "registration_no": "F-127572810-00001-6",
        "name": "康國行銷股份有限公司",
        "address": "新北市林口區中湖路47之1號",
        "company_registration_name": "欣海國際股份有限公司",
        "source_page": 12,
        "point_type": "業者點位",
        "location_method": "OpenStreetMap道路/地名定位",
        "source_count": 479,
        "geocoding_address": "新北市林口區中湖路47之1號",
        "lng": 121.38230264781657,
        "lat": 25.096343347897612,
        "osm_query": "新北市林口區中湖路",
        "osm_display_name": "中湖路, 中湖里, 林口區, 新北市, 24446, 臺灣"
      },
      "geometry": {
        "type": "Point",
        "coordinates": [
          121.38230264781657,
          25.096343347897612
        ]
      }
    }
  ]
}
