{"type":"FeatureCollection","features":[{"type":"Feature","geometry":{"type":"Point","coordinates":[121.514413,25.0513944]},"properties":{"data_time":"2026.04.09","source_row_no":"1427660","registration_no":"A-115669705-00001-8","name":"悟饕池上飯包","city":"臺北市","district":"大同區","address":"臺北市大同區長安西路232號1樓","phone":"02-25521584","audit_date":"2026.04.09","business_category":"食品業者","inspection_result":"限期改善","violation_reason":"限期改善","source_type":"衛生稽查違規","source_dataset":"臺北市政府衛生局食藥粧網路地圖","source_url":"https://imap.health.gov.taipei/Index.aspx","aggregate_reference_url":"https://data.gov.tw/dataset/131026","location_method":"來源網站座標","violation_count":1}},{"type":"Feature","geometry":{"type":"Point","coordinates":[121.53241170000001,25.0169096]},"properties":{"data_time":"2026.04.16","source_row_no":"1446159","registration_no":"A-200135252-00001-8","name":"大學口胡椒餅-大學口胡椒餅台大店","city":"臺北市","district":"大安區","address":"臺北市大安區羅斯福路3段335號","phone":"02-23632181","audit_date":"2026.04.16","business_category":"食品業者","inspection_result":"限期改善","violation_reason":"限期改善","source_type":"衛生稽查違規","source_dataset":"臺北市政府衛生局食藥粧網路地圖","source_url":"https://imap.health.gov.taipei/Index.aspx","aggregate_reference_url":"https://data.gov.tw/dataset/131026","location_method":"來源網站座標","violation_count":1}},{"type":"Feature","geometry":{"type":"Point","coordinates":[121.5776974,25.0808269]},"properties":{"data_time":"2026.03.06","source_row_no":"1448358","registration_no":"A-200070947-00000-6","name":"立來永和豆漿店-立來永和豆漿店","city":"臺北市","district":"內湖區","address":"臺北市內湖區港都里港墘路８０號","phone":"02-87515246","audit_date":"2026.03.06","business_category":"食品業者","inspection_result":"限期改善","violation_reason":"限期改善","source_type":"衛生稽查違規","source_dataset":"臺北市政府衛生局食藥粧網路地圖","source_url":"https://imap.health.gov.taipei/Index.aspx","aggregate_reference_url":"https://data.gov.tw/dataset/131026","location_method":"來源網站座標","violation_count":1}},{"type":"Feature","geometry":{"type":"Point","coordinates":[121.52279,25.121407]},"properties":{"data_time":"2026.04.15","source_row_no":"1451259","registration_no":"A-122555003-28108-9","name":"統一超商股份有限公司-榮總","city":"臺北市","district":"北投區","address":"臺北市北投區石牌路二段301號","phone":"02-28715743","audit_date":"2026.04.15","business_category":"食品業者","inspection_result":"限期改善","violation_reason":"限期改善","source_type":"衛生稽查違規","source_dataset":"臺北市政府衛生局食藥粧網路地圖","source_url":"https://imap.health.gov.taipei/Index.aspx","aggregate_reference_url":"https://data.gov.tw/dataset/131026","location_method":"來源網站座標","violation_count":1}},{"type":"Feature","geometry":{"type":"Point","coordinates":[121.5541344,25.0304934]},"properties":{"data_time":"2026.03.25","source_row_no":"1451288","registration_no":"A-200153386-00001-6","name":"通化白家十全排骨通化店","city":"臺北市","district":"大安區","address":"臺北市大安區通化街62號","phone":"2708-8811","audit_date":"2026.03.25","business_category":"食品業者","inspection_result":"限期改善","violation_reason":"限期改善","source_type":"衛生稽查違規","source_dataset":"臺北市政府衛生局食藥粧網路地圖","source_url":"https://imap.health.gov.taipei/Index.aspx","aggregate_reference_url":"https://data.gov.tw/dataset/131026","location_method":"來源網站座標","violation_count":1}},{"type":"Feature","geometry":{"type":"Point","coordinates":[121.545835,25.032965]},"properties":{"data_time":"2026.04.13","source_row_no":"1457046","registration_no":"A-200085140-00001-8","name":"四喜食品行-四喜","city":"臺北市","district":"大安區","address":"臺北市大安區信義路四段60-46號2樓","phone":"02-27072530","audit_date":"2026.04.13","business_category":"食品業者","inspection_result":"限期改善","violation_reason":"限期改善","source_type":"衛生稽查違規","source_dataset":"臺北市政府衛生局食藥粧網路地圖","source_url":"https://imap.health.gov.taipei/Index.aspx","aggregate_reference_url":"https://data.gov.tw/dataset/131026","location_method":"來源網站座標","violation_count":1}},{"type":"Feature","geometry":{"type":"Point","coordinates":[121.5111154,25.0790546]},"properties":{"data_time":"2026.04.07","source_row_no":"1473061","registration_no":"A-138472795-00001-4","name":"豐橋火鍋-豐橋火鍋","city":"臺北市","district":"士林區","address":"臺北市士林區延平北路5段187號1樓","phone":"02-28128987","audit_date":"2026.04.07","business_category":"食品業者","inspection_result":"限期改善","violation_reason":"限期改善","source_type":"衛生稽查違規","source_dataset":"臺北市政府衛生局食藥粧網路地圖","source_url":"https://imap.health.gov.taipei/Index.aspx","aggregate_reference_url":"https://data.gov.tw/dataset/131026","location_method":"來源網站座標","violation_count":1}},{"type":"Feature","geometry":{"type":"Point","coordinates":[121.526475,25.0953099]},"properties":{"data_time":"2026.04.22","source_row_no":"1479572","registration_no":"A-113853868-00001-1","name":"永和豆漿大王-永和豆漿大王","city":"臺北市","district":"士林區","address":"臺北市士林區中正路215號","phone":"02-28801213","audit_date":"2026.04.22","business_category":"食品業者","inspection_result":"限期改善","violation_reason":"限期改善","source_type":"衛生稽查違規","source_dataset":"臺北市政府衛生局食藥粧網路地圖","source_url":"https://imap.health.gov.taipei/Index.aspx","aggregate_reference_url":"https://data.gov.tw/dataset/131026","location_method":"來源網站座標","violation_count":1}},{"type":"Feature","geometry":{"type":"Point","coordinates":[121.5556082,25.0584343]},"properties":{"data_time":"2026.04.20","source_row_no":"1485385","registration_no":"A-112411160-00927-2","name":"台灣麥當勞餐廳股份有限公司-台北民生二","city":"臺北市","district":"松山區","address":"臺北市松山區民生東路5段234號1樓","phone":"02-2747-1086","audit_date":"2026.04.20","business_category":"食品業者","inspection_result":"限期改善","violation_reason":"限期改善","source_type":"衛生稽查違規","source_dataset":"臺北市政府衛生局食藥粧網路地圖","source_url":"https://imap.health.gov.taipei/Index.aspx","aggregate_reference_url":"https://data.gov.tw/dataset/131026","location_method":"來源網站座標","violation_count":1}},{"type":"Feature","geometry":{"type":"Point","coordinates":[121.4999358,25.1327327]},"properties":{"data_time":"2026.02.25","source_row_no":"1502489","registration_no":"A-200193756-00001-1","name":"漢奇肉羹店-漢奇肉羹店","city":"臺北市","district":"北投區","address":"臺北市北投區光明路56號","phone":"02-28984146","audit_date":"2026.02.25","business_category":"食品業者","inspection_result":"限期改善","violation_reason":"限期改善","source_type":"衛生稽查違規","source_dataset":"臺北市政府衛生局食藥粧網路地圖","source_url":"https://imap.health.gov.taipei/Index.aspx","aggregate_reference_url":"https://data.gov.tw/dataset/131026","location_method":"來源網站座標","violation_count":1}},{"type":"Feature","geometry":{"type":"Point","coordinates":[121.576646,25.040659]},"properties":{"data_time":"2026.04.13","source_row_no":"1515398","registration_no":"A-124293977-00024-7","name":"四海遊龍-祺發鍋貼專賣店","city":"臺北市","district":"信義區","address":"臺北市信義區忠孝東路五段462號","phone":"2345-6003","audit_date":"2026.04.13","business_category":"食品業者","inspection_result":"限期改善","violation_reason":"限期改善","source_type":"衛生稽查違規","source_dataset":"臺北市政府衛生局食藥粧網路地圖","source_url":"https://imap.health.gov.taipei/Index.aspx","aggregate_reference_url":"https://data.gov.tw/dataset/131026","location_method":"來源網站座標","violation_count":1}},{"type":"Feature","geometry":{"type":"Point","coordinates":[121.505464,25.136002]},"properties":{"data_time":"2026.03.24","source_row_no":"1515849","registration_no":"A-184293711-00001-4","name":"新上享餐廳","city":"臺北市","district":"北投區","address":"臺北市北投區光明路226號1樓","phone":"02-28982299","audit_date":"2026.03.24","business_category":"食品業者","inspection_result":"限期改善","violation_reason":"限期改善","source_type":"衛生稽查違規","source_dataset":"臺北市政府衛生局食藥粧網路地圖","source_url":"https://imap.health.gov.taipei/Index.aspx","aggregate_reference_url":"https://data.gov.tw/dataset/131026","location_method":"來源網站座標","violation_count":1}},{"type":"Feature","geometry":{"type":"Point","coordinates":[121.5572352,25.030917]},"properties":{"data_time":"2026.03.02","source_row_no":"1524030","registration_no":"A-202312165-00001-0","name":"粵香園點心燒臘專家","city":"臺北市","district":"大安區","address":"臺北市大安區敦化南路390巷43號1樓","phone":"02-27719257","audit_date":"2026.03.02","business_category":"食品業者","inspection_result":"限期改善","violation_reason":"限期改善","source_type":"衛生稽查違規","source_dataset":"臺北市政府衛生局食藥粧網路地圖","source_url":"https://imap.health.gov.taipei/Index.aspx","aggregate_reference_url":"https://data.gov.tw/dataset/131026","location_method":"來源網站座標","violation_count":1}},{"type":"Feature","geometry":{"type":"Point","coordinates":[121.5234481,25.0292735]},"properties":{"data_time":"2026.03.26","source_row_no":"1555869","registration_no":"A-200129938-00001-2","name":"金華麵店","city":"臺北市","district":"大安區","address":"臺北市大安區潮州街56號","phone":"0919932626","audit_date":"2026.03.26","business_category":"食品業者","inspection_result":"限期改善","violation_reason":"限期改善","source_type":"衛生稽查違規","source_dataset":"臺北市政府衛生局食藥粧網路地圖","source_url":"https://imap.health.gov.taipei/Index.aspx","aggregate_reference_url":"https://data.gov.tw/dataset/131026","location_method":"來源網站座標","violation_count":1}},{"type":"Feature","geometry":{"type":"Point","coordinates":[121.5061027,25.0436315]},"properties":{"data_time":"2026.04.27","source_row_no":"1570531","registration_no":"A-200117497-00001-9","name":"金園排骨-金園排骨","city":"臺北市","district":"萬華區","address":"臺北市萬華區西寧南路７０號地下１樓之１１","phone":"02-23819797","audit_date":"2026.04.27","business_category":"食品業者","inspection_result":"限期改善","violation_reason":"限期改善","source_type":"衛生稽查違規","source_dataset":"臺北市政府衛生局食藥粧網路地圖","source_url":"https://imap.health.gov.taipei/Index.aspx","aggregate_reference_url":"https://data.gov.tw/dataset/131026","location_method":"來源網站座標","violation_count":1}},{"type":"Feature","geometry":{"type":"Point","coordinates":[121.5297435,25.1020306]},"properties":{"data_time":"2026.03.06","source_row_no":"1572310","registration_no":"A-202257167-00001-0","name":"珍贊臭臭鍋","city":"臺北市","district":"士林區","address":"臺北市士林區至誠路2段23號1樓","phone":"02-28376019","audit_date":"2026.03.06","business_category":"食品業者","inspection_result":"限期改善","violation_reason":"限期改善","source_type":"衛生稽查違規","source_dataset":"臺北市政府衛生局食藥粧網路地圖","source_url":"https://imap.health.gov.taipei/Index.aspx","aggregate_reference_url":"https://data.gov.tw/dataset/131026","location_method":"來源網站座標","violation_count":1}},{"type":"Feature","geometry":{"type":"Point","coordinates":[121.5421908,24.9930351]},"properties":{"data_time":"2026.04.14","source_row_no":"1575119","registration_no":"A-200118825-00001-5","name":"小放牛麵食店","city":"臺北市","district":"文山區","address":"臺北市文山區景中街21號","phone":"02-29320546","audit_date":"2026.04.14","business_category":"食品業者","inspection_result":"限期改善","violation_reason":"限期改善","source_type":"衛生稽查違規","source_dataset":"臺北市政府衛生局食藥粧網路地圖","source_url":"https://imap.health.gov.taipei/Index.aspx","aggregate_reference_url":"https://data.gov.tw/dataset/131026","location_method":"來源網站座標","violation_count":1}},{"type":"Feature","geometry":{"type":"Point","coordinates":[121.5175707,25.0854063]},"properties":{"data_time":"2026.03.09","source_row_no":"1585096","registration_no":"A-200175732-00001-5","name":"呷尚寶 福港店-呷尚寶 福港店","city":"臺北市","district":"士林區","address":"臺北市士林區福港街222號","phone":"02-88611155","audit_date":"2026.03.09","business_category":"食品業者","inspection_result":"限期改善","violation_reason":"限期改善","source_type":"衛生稽查違規","source_dataset":"臺北市政府衛生局食藥粧網路地圖","source_url":"https://imap.health.gov.taipei/Index.aspx","aggregate_reference_url":"https://data.gov.tw/dataset/131026","location_method":"來源網站座標","violation_count":1}},{"type":"Feature","geometry":{"type":"Point","coordinates":[121.5331455,25.0213491]},"properties":{"data_time":"2025.12.24","source_row_no":"1593214","registration_no":"A-200154009-00001-9","name":"路上撿到一隻貓","city":"臺北市","district":"大安區","address":"臺北市大安區溫州街49巷2號","phone":"0938351591","audit_date":"2025.12.24","business_category":"食品業者","inspection_result":"複查不合格","violation_reason":"複查不合格","source_type":"衛生稽查違規","source_dataset":"臺北市政府衛生局食藥粧網路地圖","source_url":"https://imap.health.gov.taipei/Index.aspx","aggregate_reference_url":"https://data.gov.tw/dataset/131026","location_method":"來源網站座標","violation_count":1}},{"type":"Feature","geometry":{"type":"Point","coordinates":[121.5024191,25.1335278]},"properties":{"data_time":"2026.04.16","source_row_no":"1609366","registration_no":"A-125533762-00001-2","name":"金飯碗自助餐店-金飯碗自助餐店","city":"臺北市","district":"北投區","address":"臺北市北投區公館路1號","phone":"0228982288","audit_date":"2026.04.16","business_category":"食品業者","inspection_result":"限期改善","violation_reason":"限期改善","source_type":"衛生稽查違規","source_dataset":"臺北市政府衛生局食藥粧網路地圖","source_url":"https://imap.health.gov.taipei/Index.aspx","aggregate_reference_url":"https://data.gov.tw/dataset/131026","location_method":"來源網站座標","violation_count":1}},{"type":"Feature","geometry":{"type":"Point","coordinates":[121.575231,25.060429]},"properties":{"data_time":"2026.03.23","source_row_no":"1610390","registration_no":"A-122662550-00042-2","name":"家福股份有限公司-家樂福內湖店","city":"臺北市","district":"內湖區","address":"臺北市內湖區民善街88號","phone":"02-87905000","audit_date":"2026.03.23","business_category":"食品業者","inspection_result":"限期改善","violation_reason":"限期改善","source_type":"衛生稽查違規","source_dataset":"臺北市政府衛生局食藥粧網路地圖","source_url":"https://imap.health.gov.taipei/Index.aspx","aggregate_reference_url":"https://data.gov.tw/dataset/131026","location_method":"來源網站座標","violation_count":1}},{"type":"Feature","geometry":{"type":"Point","coordinates":[121.56259279999995,25.0356905]},"properties":{"data_time":"2026.04.10","source_row_no":"1621324","registration_no":"A-112464047-00002-8","name":"台北君悅酒店-凱菲屋","city":"臺北市","district":"信義區","address":"臺北市信義區西村里松壽路2號","phone":"02-27201234","audit_date":"2026.04.10","business_category":"食品業者","inspection_result":"限期改善","violation_reason":"限期改善","source_type":"衛生稽查違規","source_dataset":"臺北市政府衛生局食藥粧網路地圖","source_url":"https://imap.health.gov.taipei/Index.aspx","aggregate_reference_url":"https://data.gov.tw/dataset/131026","location_method":"來源網站座標","violation_count":1}},{"type":"Feature","geometry":{"type":"Point","coordinates":[121.5238501,25.0338094]},"properties":{"data_time":"2026.03.20","source_row_no":"1628213","registration_no":"A-200109622-00001-0","name":"盛園絲瓜小籠湯包","city":"臺北市","district":"大安區","address":"臺北市大安區杭州南路2段25巷1號1樓","phone":"02-23582253","audit_date":"2026.03.20","business_category":"食品業者","inspection_result":"限期改善","violation_reason":"限期改善","source_type":"衛生稽查違規","source_dataset":"臺北市政府衛生局食藥粧網路地圖","source_url":"https://imap.health.gov.taipei/Index.aspx","aggregate_reference_url":"https://data.gov.tw/dataset/131026","location_method":"來源網站座標","violation_count":1}},{"type":"Feature","geometry":{"type":"Point","coordinates":[121.5735207,25.0503226]},"properties":{"data_time":"2026.02.24","source_row_no":"1630435","registration_no":"A-143882910-00001-4","name":"后庄食品有限公司-後庄排骨酥麵","city":"臺北市","district":"松山區","address":"臺北市松山區饒河街62號1樓","phone":"02-27468804","audit_date":"2026.02.24","business_category":"食品業者","inspection_result":"限期改善","violation_reason":"限期改善","source_type":"衛生稽查違規","source_dataset":"臺北市政府衛生局食藥粧網路地圖","source_url":"https://imap.health.gov.taipei/Index.aspx","aggregate_reference_url":"https://data.gov.tw/dataset/131026","location_method":"來源網站座標","violation_count":1}},{"type":"Feature","geometry":{"type":"Point","coordinates":[121.5461024,25.0446415]},"properties":{"data_time":"2026.01.15","source_row_no":"1637390","registration_no":"A-200150306-00001-5","name":"胡記通化街米粉湯","city":"臺北市","district":"大安區","address":"臺北市大安區大安路1段9號1樓","phone":"02-27212120","audit_date":"2026.01.15","business_category":"食品業者","inspection_result":"限期改善","violation_reason":"限期改善","source_type":"衛生稽查違規","source_dataset":"臺北市政府衛生局食藥粧網路地圖","source_url":"https://imap.health.gov.taipei/Index.aspx","aggregate_reference_url":"https://data.gov.tw/dataset/131026","location_method":"來源網站座標","violation_count":1}},{"type":"Feature","geometry":{"type":"Point","coordinates":[121.508882,25.025028]},"properties":{"data_time":"2026.04.22","source_row_no":"1648001","registration_no":"A-124293977-00027-0","name":"四海遊龍-國興小吃店","city":"臺北市","district":"萬華區","address":"臺北市萬華區國興路2號1樓","phone":"02-23390374","audit_date":"2026.04.22","business_category":"食品業者","inspection_result":"限期改善","violation_reason":"限期改善","source_type":"衛生稽查違規","source_dataset":"臺北市政府衛生局食藥粧網路地圖","source_url":"https://imap.health.gov.taipei/Index.aspx","aggregate_reference_url":"https://data.gov.tw/dataset/131026","location_method":"來源網站座標","violation_count":1}},{"type":"Feature","geometry":{"type":"Point","coordinates":[121.502187,25.0364371]},"properties":{"data_time":"2026.04.24","source_row_no":"1688946","registration_no":"A-200082218-00001-1","name":"周記肉粥店-周記肉粥店","city":"臺北市","district":"萬華區","address":"臺北市萬華區廣州街104號","phone":"0223025588","audit_date":"2026.04.24","business_category":"食品業者","inspection_result":"限期改善","violation_reason":"限期改善","source_type":"衛生稽查違規","source_dataset":"臺北市政府衛生局食藥粧網路地圖","source_url":"https://imap.health.gov.taipei/Index.aspx","aggregate_reference_url":"https://data.gov.tw/dataset/131026","location_method":"來源網站座標","violation_count":1}},{"type":"Feature","geometry":{"type":"Point","coordinates":[121.546286,25.081871]},"properties":{"data_time":"2026.04.28","source_row_no":"1693905","registration_no":"A-148961815-00001-1","name":"林文必涼麵-林文必涼麵","city":"臺北市","district":"中山區","address":"臺北市中山區大直街38號1樓","phone":"02-85092716","audit_date":"2026.04.28","business_category":"食品業者","inspection_result":"限期改善","violation_reason":"限期改善","source_type":"衛生稽查違規","source_dataset":"臺北市政府衛生局食藥粧網路地圖","source_url":"https://imap.health.gov.taipei/Index.aspx","aggregate_reference_url":"https://data.gov.tw/dataset/131026","location_method":"來源網站座標","violation_count":1}},{"type":"Feature","geometry":{"type":"Point","coordinates":[121.5205995,25.0886004]},"properties":{"data_time":"2026.02.10","source_row_no":"1707995","registration_no":"A-200123091-00001-6","name":"大南雞腿王","city":"臺北市","district":"士林區","address":"臺北市士林區大南路242號","phone":"02-28823585","audit_date":"2026.02.10","business_category":"食品業者","inspection_result":"限期改善","violation_reason":"限期改善","source_type":"衛生稽查違規","source_dataset":"臺北市政府衛生局食藥粧網路地圖","source_url":"https://imap.health.gov.taipei/Index.aspx","aggregate_reference_url":"https://data.gov.tw/dataset/131026","location_method":"來源網站座標","violation_count":1}},{"type":"Feature","geometry":{"type":"Point","coordinates":[121.5655409,24.9827027]},"properties":{"data_time":"2026.03.06","source_row_no":"1708840","registration_no":"A-148700896-00001-1","name":"永和豆漿大王木新店-永和豆漿大王木新店","city":"臺北市","district":"文山區","address":"臺北市文山區木新路二段293號","phone":"29391344","audit_date":"2026.03.06","business_category":"食品業者","inspection_result":"限期改善","violation_reason":"限期改善","source_type":"衛生稽查違規","source_dataset":"臺北市政府衛生局食藥粧網路地圖","source_url":"https://imap.health.gov.taipei/Index.aspx","aggregate_reference_url":"https://data.gov.tw/dataset/131026","location_method":"來源網站座標","violation_count":1}},{"type":"Feature","geometry":{"type":"Point","coordinates":[121.5003215,25.0277299]},"properties":{"data_time":"2025.11.03","source_row_no":"1728797","registration_no":"A-200123802-00001-6","name":"大味王燒烤店-大味王燒烤店","city":"臺北市","district":"萬華區","address":"臺北市萬華區萬大路190號","phone":"02-23379203","audit_date":"2025.11.03","business_category":"食品業者","inspection_result":"限期改善","violation_reason":"限期改善","source_type":"衛生稽查違規","source_dataset":"臺北市政府衛生局食藥粧網路地圖","source_url":"https://imap.health.gov.taipei/Index.aspx","aggregate_reference_url":"https://data.gov.tw/dataset/131026","location_method":"來源網站座標","violation_count":1}},{"type":"Feature","geometry":{"type":"Point","coordinates":[121.55513,25.043225]},"properties":{"data_time":"2026.03.05","source_row_no":"1733029","registration_no":"A-184790176-00001-1","name":"皇城老媽四川料理-皇城老媽四川料理","city":"臺北市","district":"大安區","address":"臺北市大安區延吉街97巷5號1樓","phone":"02-27736936","audit_date":"2026.03.05","business_category":"食品業者","inspection_result":"限期改善","violation_reason":"限期改善","source_type":"衛生稽查違規","source_dataset":"臺北市政府衛生局食藥粧網路地圖","source_url":"https://imap.health.gov.taipei/Index.aspx","aggregate_reference_url":"https://data.gov.tw/dataset/131026","location_method":"來源網站座標","violation_count":1}},{"type":"Feature","geometry":{"type":"Point","coordinates":[121.5471876,25.0372935]},"properties":{"data_time":"2025.02.19","source_row_no":"1756967","registration_no":"A-202296281-00001-0","name":"全福餐盒","city":"臺北市","district":"大安區","address":"臺北市大安區仁愛路4段48巷7號","phone":"02-27028818","audit_date":"2025.02.19","business_category":"食品業者","inspection_result":"複查不合格","violation_reason":"複查不合格","source_type":"衛生稽查違規","source_dataset":"臺北市政府衛生局食藥粧網路地圖","source_url":"https://imap.health.gov.taipei/Index.aspx","aggregate_reference_url":"https://data.gov.tw/dataset/131026","location_method":"來源網站座標","violation_count":1}},{"type":"Feature","geometry":{"type":"Point","coordinates":[121.500915,25.13797]},"properties":{"data_time":"2026.02.24","source_row_no":"1761676","registration_no":"A-200230811-00001-5","name":"萬家鄉早餐店-萬佳鄉早餐店","city":"臺北市","district":"北投區","address":"臺北市北投區雙全街50號","phone":"02-28960929","audit_date":"2026.02.24","business_category":"食品業者","inspection_result":"限期改善","violation_reason":"限期改善","source_type":"衛生稽查違規","source_dataset":"臺北市政府衛生局食藥粧網路地圖","source_url":"https://imap.health.gov.taipei/Index.aspx","aggregate_reference_url":"https://data.gov.tw/dataset/131026","location_method":"來源網站座標","violation_count":1}},{"type":"Feature","geometry":{"type":"Point","coordinates":[121.5294727,25.0243802]},"properties":{"data_time":"2026.04.07","source_row_no":"1778463","registration_no":"A-200152724-00001-1","name":"壹森泰食堂(師大第一腿)師大店-壹森泰食堂(師大第一腿)師大店","city":"臺北市","district":"大安區","address":"臺北市大安區龍泉街31號","phone":"02-23633391","audit_date":"2026.04.07","business_category":"食品業者","inspection_result":"限期改善","violation_reason":"限期改善","source_type":"衛生稽查違規","source_dataset":"臺北市政府衛生局食藥粧網路地圖","source_url":"https://imap.health.gov.taipei/Index.aspx","aggregate_reference_url":"https://data.gov.tw/dataset/131026","location_method":"來源網站座標","violation_count":1}},{"type":"Feature","geometry":{"type":"Point","coordinates":[121.512459,25.0445459]},"properties":{"data_time":"2025.11.20","source_row_no":"1778873","registration_no":"A-200118660-00000-1","name":"老牌牛肉拉麵大王-老牌牛肉拉麵大王","city":"臺北市","district":"中正區","address":"臺北市中正區光復里重慶南路１段４６巷７號","phone":"23015604","audit_date":"2025.11.20","business_category":"食品業者","inspection_result":"限期改善","violation_reason":"限期改善","source_type":"衛生稽查違規","source_dataset":"臺北市政府衛生局食藥粧網路地圖","source_url":"https://imap.health.gov.taipei/Index.aspx","aggregate_reference_url":"https://data.gov.tw/dataset/131026","location_method":"來源網站座標","violation_count":1}},{"type":"Feature","geometry":{"type":"Point","coordinates":[121.5230717,25.0443163]},"properties":{"data_time":"2026.01.13","source_row_no":"1780166","registration_no":"A-200013308-00000-4","name":"第一早餐店-第一早餐店","city":"臺北市","district":"中正區","address":"臺北市中正區林森南路2之1號1樓","phone":"02-23952922","audit_date":"2026.01.13","business_category":"食品業者","inspection_result":"限期改善","violation_reason":"限期改善","source_type":"衛生稽查違規","source_dataset":"臺北市政府衛生局食藥粧網路地圖","source_url":"https://imap.health.gov.taipei/Index.aspx","aggregate_reference_url":"https://data.gov.tw/dataset/131026","location_method":"來源網站座標","violation_count":1}},{"type":"Feature","geometry":{"type":"Point","coordinates":[121.5164008,25.0445166]},"properties":{"data_time":"2026.03.23","source_row_no":"1809887","registration_no":"A-200075416-00001-3","name":"亞蘭德倫小吃叮噹店","city":"臺北市","district":"中正區","address":"臺北市中正區信陽街6-3號1樓","phone":"02-2331-7977","audit_date":"2026.03.23","business_category":"食品業者","inspection_result":"限期改善","violation_reason":"限期改善","source_type":"衛生稽查違規","source_dataset":"臺北市政府衛生局食藥粧網路地圖","source_url":"https://imap.health.gov.taipei/Index.aspx","aggregate_reference_url":"https://data.gov.tw/dataset/131026","location_method":"來源網站座標","violation_count":1}},{"type":"Feature","geometry":{"type":"Point","coordinates":[121.5386343,25.1704566]},"properties":{"data_time":"2026.04.02","source_row_no":"1814392","registration_no":"A-200126549-00001-7","name":"湖田橋小吃店","city":"臺北市","district":"北投區","address":"臺北市北投區竹子湖路29-1號","phone":"28612445","audit_date":"2026.04.02","business_category":"食品業者","inspection_result":"限期改善","violation_reason":"限期改善","source_type":"衛生稽查違規","source_dataset":"臺北市政府衛生局食藥粧網路地圖","source_url":"https://imap.health.gov.taipei/Index.aspx","aggregate_reference_url":"https://data.gov.tw/dataset/131026","location_method":"來源網站座標","violation_count":1}},{"type":"Feature","geometry":{"type":"Point","coordinates":[121.5654696,25.04068]},"properties":{"data_time":"2026.03.30","source_row_no":"1817027","registration_no":"A-125103117-00001-9","name":"高平摩志股份有限公司-信義遠百a13","city":"臺北市","district":"信義區","address":"臺北市信義區松仁路58號B3","phone":"02-2725-1878","audit_date":"2026.03.30","business_category":"食品業者","inspection_result":"限期改善","violation_reason":"限期改善","source_type":"衛生稽查違規","source_dataset":"臺北市政府衛生局食藥粧網路地圖","source_url":"https://imap.health.gov.taipei/Index.aspx","aggregate_reference_url":"https://data.gov.tw/dataset/131026","location_method":"來源網站座標","violation_count":1}},{"type":"Feature","geometry":{"type":"Point","coordinates":[121.5229291,25.0538787]},"properties":{"data_time":"2026.04.14","source_row_no":"1839826","registration_no":"A-112401402-00002-4","name":"老爺大酒店股份有限公司-Le Cafe 咖啡廳","city":"臺北市","district":"中山區","address":"臺北市中山區中山北路2段37之1號2樓","phone":"02-25423299","audit_date":"2026.04.14","business_category":"食品業者","inspection_result":"限期改善","violation_reason":"限期改善","source_type":"衛生稽查違規","source_dataset":"臺北市政府衛生局食藥粧網路地圖","source_url":"https://imap.health.gov.taipei/Index.aspx","aggregate_reference_url":"https://data.gov.tw/dataset/131026","location_method":"來源網站座標","violation_count":1}},{"type":"Feature","geometry":{"type":"Point","coordinates":[121.5168255,25.1167574]},"properties":{"data_time":"2026.01.06","source_row_no":"1872589","registration_no":"A-200109902-00001-1","name":"21金","city":"臺北市","district":"北投區","address":"臺北市北投區裕民一路17號","phone":"09-55585868","audit_date":"2026.01.06","business_category":"食品業者","inspection_result":"限期改善","violation_reason":"限期改善","source_type":"衛生稽查違規","source_dataset":"臺北市政府衛生局食藥粧網路地圖","source_url":"https://imap.health.gov.taipei/Index.aspx","aggregate_reference_url":"https://data.gov.tw/dataset/131026","location_method":"來源網站座標","violation_count":1}},{"type":"Feature","geometry":{"type":"Point","coordinates":[121.5312281,25.1085813]},"properties":{"data_time":"2026.01.21","source_row_no":"1966359","registration_no":"A-200187158-00001-0","name":"天和蚵仔麵線","city":"臺北市","district":"士林區","address":"臺北市士林區德行東路192號","phone":"0228342455","audit_date":"2026.01.21","business_category":"食品業者","inspection_result":"限期改善","violation_reason":"限期改善","source_type":"衛生稽查違規","source_dataset":"臺北市政府衛生局食藥粧網路地圖","source_url":"https://imap.health.gov.taipei/Index.aspx","aggregate_reference_url":"https://data.gov.tw/dataset/131026","location_method":"來源網站座標","violation_count":1}},{"type":"Feature","geometry":{"type":"Point","coordinates":[121.5257014,25.0590864]},"properties":{"data_time":"2026.04.21","source_row_no":"1967659","registration_no":"A-200155255-00001-3","name":"蘇記凍未條玉米排骨湯-蘇記玉米排骨湯","city":"臺北市","district":"中山區","address":"臺北市中山區林森北路399巷2號","phone":"02-25711029","audit_date":"2026.04.21","business_category":"食品業者","inspection_result":"限期改善","violation_reason":"限期改善","source_type":"衛生稽查違規","source_dataset":"臺北市政府衛生局食藥粧網路地圖","source_url":"https://imap.health.gov.taipei/Index.aspx","aggregate_reference_url":"https://data.gov.tw/dataset/131026","location_method":"來源網站座標","violation_count":1}},{"type":"Feature","geometry":{"type":"Point","coordinates":[121.5571742,25.0535965]},"properties":{"data_time":"2026.03.03","source_row_no":"1967774","registration_no":"A-112107610-00014-1","name":"欣葉國際餐飲股份有限公司-健康店","city":"臺北市","district":"松山區","address":"臺北市松山區健康路156號1樓","phone":"02-27663666","audit_date":"2026.03.03","business_category":"食品業者","inspection_result":"限期改善","violation_reason":"限期改善","source_type":"衛生稽查違規","source_dataset":"臺北市政府衛生局食藥粧網路地圖","source_url":"https://imap.health.gov.taipei/Index.aspx","aggregate_reference_url":"https://data.gov.tw/dataset/131026","location_method":"來源網站座標","violation_count":1}},{"type":"Feature","geometry":{"type":"Point","coordinates":[121.5424654,25.0659247]},"properties":{"data_time":"2026.04.28","source_row_no":"1967806","registration_no":"A-200123281-00001-7","name":"唯樂漢堡","city":"臺北市","district":"中山區","address":"臺北市中山區復興北路514巷36號","phone":"02-25173781","audit_date":"2026.04.28","business_category":"食品業者","inspection_result":"限期改善","violation_reason":"限期改善","source_type":"衛生稽查違規","source_dataset":"臺北市政府衛生局食藥粧網路地圖","source_url":"https://imap.health.gov.taipei/Index.aspx","aggregate_reference_url":"https://data.gov.tw/dataset/131026","location_method":"來源網站座標","violation_count":1}},{"type":"Feature","geometry":{"type":"Point","coordinates":[121.5576369,25.0492398]},"properties":{"data_time":"2026.04.09","source_row_no":"1968009","registration_no":"A-113842096-00001-2","name":"麗華行電競旗艦館","city":"臺北市","district":"松山區","address":"臺北市松山區光復北路28號1樓","phone":"02-25795916","audit_date":"2026.04.09","business_category":"食品業者","inspection_result":"限期改善","violation_reason":"限期改善","source_type":"衛生稽查違規","source_dataset":"臺北市政府衛生局食藥粧網路地圖","source_url":"https://imap.health.gov.taipei/Index.aspx","aggregate_reference_url":"https://data.gov.tw/dataset/131026","location_method":"來源網站座標","violation_count":1}},{"type":"Feature","geometry":{"type":"Point","coordinates":[121.553222,25.0480847]},"properties":{"data_time":"2026.04.10","source_row_no":"1968506","registration_no":"A-200025305-00001-5","name":"老虎醬溫州大餛飩-永福小吃有限公司八德店","city":"臺北市","district":"松山區","address":"臺北市松山區八德路3段86號1樓","phone":"02-25703539","audit_date":"2026.04.10","business_category":"食品業者","inspection_result":"限期改善","violation_reason":"限期改善","source_type":"衛生稽查違規","source_dataset":"臺北市政府衛生局食藥粧網路地圖","source_url":"https://imap.health.gov.taipei/Index.aspx","aggregate_reference_url":"https://data.gov.tw/dataset/131026","location_method":"來源網站座標","violation_count":1}},{"type":"Feature","geometry":{"type":"Point","coordinates":[121.4984869,25.0382985]},"properties":{"data_time":"2026.04.10","source_row_no":"1969948","registration_no":"A-200063498-00002-1","name":"華西街臨時攤販集中場-珍果-華西街臨時攤販集中場-珍果","city":"臺北市","district":"萬華區","address":"臺北市萬華區華西街105號前","phone":"02-23310993","audit_date":"2026.04.10","business_category":"食品業者","inspection_result":"限期改善","violation_reason":"限期改善","source_type":"衛生稽查違規","source_dataset":"臺北市政府衛生局食藥粧網路地圖","source_url":"https://imap.health.gov.taipei/Index.aspx","aggregate_reference_url":"https://data.gov.tw/dataset/131026","location_method":"來源網站座標","violation_count":1}},{"type":"Feature","geometry":{"type":"Point","coordinates":[121.5469088,25.0480971]},"properties":{"data_time":"2026.04.13","source_row_no":"1972551","registration_no":"A-110301954-00001-2","name":"香港永興堂","city":"臺北市","district":"松山區","address":"臺北市松山區八德路2段412號1樓","phone":"02-87710893","audit_date":"2026.04.13","business_category":"食品業者","inspection_result":"限期改善","violation_reason":"限期改善","source_type":"衛生稽查違規","source_dataset":"臺北市政府衛生局食藥粧網路地圖","source_url":"https://imap.health.gov.taipei/Index.aspx","aggregate_reference_url":"https://data.gov.tw/dataset/131026","location_method":"來源網站座標","violation_count":1}},{"type":"Feature","geometry":{"type":"Point","coordinates":[121.5435538,25.0602672]},"properties":{"data_time":"2026.03.30","source_row_no":"1973672","registration_no":"A-148817312-00001-3","name":"福錦小吃店-錦興店","city":"臺北市","district":"中山區","address":"臺北市中山區錦州街459號","phone":"02-25041899","audit_date":"2026.03.30","business_category":"食品業者","inspection_result":"限期改善","violation_reason":"限期改善","source_type":"衛生稽查違規","source_dataset":"臺北市政府衛生局食藥粧網路地圖","source_url":"https://imap.health.gov.taipei/Index.aspx","aggregate_reference_url":"https://data.gov.tw/dataset/131026","location_method":"來源網站座標","violation_count":1}},{"type":"Feature","geometry":{"type":"Point","coordinates":[121.5597737,25.0461301]},"properties":{"data_time":"2026.03.03","source_row_no":"1975291","registration_no":"A-200109401-00001-5","name":"劉媽媽涼麵","city":"臺北市","district":"松山區","address":"臺北市松山區市民大道5段37號1樓","phone":"02-87872093","audit_date":"2026.03.03","business_category":"食品業者","inspection_result":"限期改善","violation_reason":"限期改善","source_type":"衛生稽查違規","source_dataset":"臺北市政府衛生局食藥粧網路地圖","source_url":"https://imap.health.gov.taipei/Index.aspx","aggregate_reference_url":"https://data.gov.tw/dataset/131026","location_method":"來源網站座標","violation_count":1}},{"type":"Feature","geometry":{"type":"Point","coordinates":[121.5072039,25.0436827]},"properties":{"data_time":"2026.04.21","source_row_no":"1979485","registration_no":"A-128854801-00001-5","name":"台灣薩莉亞餐飲股份有限公司-西門店","city":"臺北市","district":"萬華區","address":"臺北市萬華區峨嵋街37號2樓","phone":"02-23142237","audit_date":"2026.04.21","business_category":"食品業者","inspection_result":"限期改善","violation_reason":"限期改善","source_type":"衛生稽查違規","source_dataset":"臺北市政府衛生局食藥粧網路地圖","source_url":"https://imap.health.gov.taipei/Index.aspx","aggregate_reference_url":"https://data.gov.tw/dataset/131026","location_method":"來源網站座標","violation_count":1}},{"type":"Feature","geometry":{"type":"Point","coordinates":[121.5661832,25.0820216]},"properties":{"data_time":"2026.04.15","source_row_no":"2003027","registration_no":"A-153710347-00001-9","name":"瓦城泰統股份有限公司西湖分公司-瓦城西湖店","city":"臺北市","district":"內湖區","address":"臺北市內湖區內湖路1段246之1、2號1樓","phone":"02-26599618","audit_date":"2026.04.15","business_category":"食品業者","inspection_result":"限期改善","violation_reason":"限期改善","source_type":"衛生稽查違規","source_dataset":"臺北市政府衛生局食藥粧網路地圖","source_url":"https://imap.health.gov.taipei/Index.aspx","aggregate_reference_url":"https://data.gov.tw/dataset/131026","location_method":"來源網站座標","violation_count":1}},{"type":"Feature","geometry":{"type":"Point","coordinates":[121.525543,25.0547157]},"properties":{"data_time":"2026.04.13","source_row_no":"2046787","registration_no":"A-154688322-00044-4","name":"樂法-樂法林森店","city":"臺北市","district":"中山區","address":"臺北市中山區林森北路263-4.263-5號","phone":"02-25671175","audit_date":"2026.04.13","business_category":"食品業者","inspection_result":"限期改善","violation_reason":"限期改善","source_type":"衛生稽查違規","source_dataset":"臺北市政府衛生局食藥粧網路地圖","source_url":"https://imap.health.gov.taipei/Index.aspx","aggregate_reference_url":"https://data.gov.tw/dataset/131026","location_method":"來源網站座標","violation_count":1}},{"type":"Feature","geometry":{"type":"Point","coordinates":[121.5343431,25.0337878]},"properties":{"data_time":"2026.03.18","source_row_no":"2062809","registration_no":"A-127530312-00002-3","name":"Subway-SUBWAY大安公園店","city":"臺北市","district":"大安區","address":"臺北市大安區信義路三段27號","phone":"02-27049318","audit_date":"2026.03.18","business_category":"食品業者","inspection_result":"限期改善","violation_reason":"限期改善","source_type":"衛生稽查違規","source_dataset":"臺北市政府衛生局食藥粧網路地圖","source_url":"https://imap.health.gov.taipei/Index.aspx","aggregate_reference_url":"https://data.gov.tw/dataset/131026","location_method":"來源網站座標","violation_count":1}},{"type":"Feature","geometry":{"type":"Point","coordinates":[121.5025775,25.1334446]},"properties":{"data_time":"2026.04.02","source_row_no":"2069880","registration_no":"A-200194328-00001-7","name":"陳季炸雞-陳季炸雞","city":"臺北市","district":"北投區","address":"臺北市北投區裕民一路12號前攤位","phone":"02-28236262","audit_date":"2026.04.02","business_category":"食品業者","inspection_result":"限期改善","violation_reason":"限期改善","source_type":"衛生稽查違規","source_dataset":"臺北市政府衛生局食藥粧網路地圖","source_url":"https://imap.health.gov.taipei/Index.aspx","aggregate_reference_url":"https://data.gov.tw/dataset/131026","location_method":"來源網站座標","violation_count":1}},{"type":"Feature","geometry":{"type":"Point","coordinates":[121.517089,25.0454314]},"properties":{"data_time":"2026.04.02","source_row_no":"2070729","registration_no":"A-200078540-00000-3","name":"陽光飯糰吧-陽光飯糰吧","city":"臺北市","district":"中正區","address":"臺北市中正區許昌街2號","phone":"02-23830665","audit_date":"2026.04.02","business_category":"食品業者","inspection_result":"限期改善","violation_reason":"限期改善","source_type":"衛生稽查違規","source_dataset":"臺北市政府衛生局食藥粧網路地圖","source_url":"https://imap.health.gov.taipei/Index.aspx","aggregate_reference_url":"https://data.gov.tw/dataset/131026","location_method":"來源網站座標","violation_count":1}},{"type":"Feature","geometry":{"type":"Point","coordinates":[121.5160376,25.0450504]},"properties":{"data_time":"2025.12.30","source_row_no":"2074997","registration_no":"A-154181892-00205-3","name":"台灣善商股份有限公司-1002 SUKIYA台北站前","city":"臺北市","district":"中正區","address":"臺北市中正區南陽街12號","phone":"0800-031131","audit_date":"2025.12.30","business_category":"食品業者","inspection_result":"限期改善","violation_reason":"限期改善","source_type":"衛生稽查違規","source_dataset":"臺北市政府衛生局食藥粧網路地圖","source_url":"https://imap.health.gov.taipei/Index.aspx","aggregate_reference_url":"https://data.gov.tw/dataset/131026","location_method":"來源網站座標","violation_count":1}},{"type":"Feature","geometry":{"type":"Point","coordinates":[121.5317206,25.0405135]},"properties":{"data_time":"2026.01.13","source_row_no":"2075762","registration_no":"A-122555003-27346-2","name":"統一超商股份有限公司-忠聯","city":"臺北市","district":"中正區","address":"臺北市中正區忠孝東路二段100號1樓","phone":"02-23215793","audit_date":"2026.01.13","business_category":"食品業者","inspection_result":"限期改善","violation_reason":"限期改善","source_type":"衛生稽查違規","source_dataset":"臺北市政府衛生局食藥粧網路地圖","source_url":"https://imap.health.gov.taipei/Index.aspx","aggregate_reference_url":"https://data.gov.tw/dataset/131026","location_method":"來源網站座標","violation_count":1}},{"type":"Feature","geometry":{"type":"Point","coordinates":[121.518555,25.0648482]},"properties":{"data_time":"2026.04.09","source_row_no":"2081050","registration_no":"A-107613594-00002-5","name":"三德觀光大飯店股份有限公司-向陽庭","city":"臺北市","district":"大同區","address":"臺北市大同區承德路3段49號","phone":"02-25963121","audit_date":"2026.04.09","business_category":"食品業者","inspection_result":"限期改善","violation_reason":"限期改善","source_type":"衛生稽查違規","source_dataset":"臺北市政府衛生局食藥粧網路地圖","source_url":"https://imap.health.gov.taipei/Index.aspx","aggregate_reference_url":"https://data.gov.tw/dataset/131026","location_method":"來源網站座標","violation_count":1}},{"type":"Feature","geometry":{"type":"Point","coordinates":[121.5694326,25.0231115]},"properties":{"data_time":"2025.03.10","source_row_no":"2085183","registration_no":"A-200237976-00001-4","name":"池上飯包 信義店","city":"臺北市","district":"信義區","address":"臺北市信義區吳興街500巷2號1樓","phone":"0223454979","audit_date":"2025.03.10","business_category":"食品業者","inspection_result":"限期改善","violation_reason":"限期改善","source_type":"衛生稽查違規","source_dataset":"臺北市政府衛生局食藥粧網路地圖","source_url":"https://imap.health.gov.taipei/Index.aspx","aggregate_reference_url":"https://data.gov.tw/dataset/131026","location_method":"來源網站座標","violation_count":1}},{"type":"Feature","geometry":{"type":"Point","coordinates":[121.554108,25.0424476]},"properties":{"data_time":"2026.02.12","source_row_no":"2097296","registration_no":"A-138472134-00000-0","name":"50嵐","city":"臺北市","district":"大安區","address":"臺北市大安區延吉街72之4號","phone":"02-23710555","audit_date":"2026.02.12","business_category":"食品業者","inspection_result":"限期改善","violation_reason":"限期改善","source_type":"衛生稽查違規","source_dataset":"臺北市政府衛生局食藥粧網路地圖","source_url":"https://imap.health.gov.taipei/Index.aspx","aggregate_reference_url":"https://data.gov.tw/dataset/131026","location_method":"來源網站座標","violation_count":1}},{"type":"Feature","geometry":{"type":"Point","coordinates":[121.527196,25.0348219]},"properties":{"data_time":"2026.01.06","source_row_no":"2097367","registration_no":"A-153923215-00002-0","name":"東門鴨莊-東門鴨莊","city":"臺北市","district":"信義區","address":"臺北市信義區松山路439號","phone":"02-27281319","audit_date":"2026.01.06","business_category":"食品業者","inspection_result":"限期改善","violation_reason":"限期改善","source_type":"衛生稽查違規","source_dataset":"臺北市政府衛生局食藥粧網路地圖","source_url":"https://imap.health.gov.taipei/Index.aspx","aggregate_reference_url":"https://data.gov.tw/dataset/131026","location_method":"來源網站座標","violation_count":1}},{"type":"Feature","geometry":{"type":"Point","coordinates":[121.5480152,24.9997222]},"properties":{"data_time":"2026.04.16","source_row_no":"2122294","registration_no":"A-200229777-00001-4","name":"豐壽司","city":"臺北市","district":"文山區","address":"臺北市文山區興隆路2段74號1樓","phone":"02-89312366","audit_date":"2026.04.16","business_category":"食品業者","inspection_result":"限期改善","violation_reason":"限期改善","source_type":"衛生稽查違規","source_dataset":"臺北市政府衛生局食藥粧網路地圖","source_url":"https://imap.health.gov.taipei/Index.aspx","aggregate_reference_url":"https://data.gov.tw/dataset/131026","location_method":"來源網站座標","violation_count":1}},{"type":"Feature","geometry":{"type":"Point","coordinates":[121.5603413,25.0597536]},"properties":{"data_time":"2026.04.23","source_row_no":"2122942","registration_no":"A-200112259-00001-0","name":"亞米早午餐","city":"臺北市","district":"松山區","address":"臺北市松山區新中街35之1號","phone":"02-27613211","audit_date":"2026.04.23","business_category":"食品業者","inspection_result":"限期改善","violation_reason":"限期改善","source_type":"衛生稽查違規","source_dataset":"臺北市政府衛生局食藥粧網路地圖","source_url":"https://imap.health.gov.taipei/Index.aspx","aggregate_reference_url":"https://data.gov.tw/dataset/131026","location_method":"來源網站座標","violation_count":1}},{"type":"Feature","geometry":{"type":"Point","coordinates":[121.5293995,25.0441303]},"properties":{"data_time":"2026.04.19","source_row_no":"2123186","registration_no":"A-124772033-00002-8","name":"光合箱子-光合箱子","city":"臺北市","district":"中正區","address":"臺北市中正區八德路一段一號東1B館","phone":"02-23568661","audit_date":"2026.04.19","business_category":"食品業者","inspection_result":"限期改善","violation_reason":"限期改善","source_type":"衛生稽查違規","source_dataset":"臺北市政府衛生局食藥粧網路地圖","source_url":"https://imap.health.gov.taipei/Index.aspx","aggregate_reference_url":"https://data.gov.tw/dataset/131026","location_method":"來源網站座標","violation_count":1}},{"type":"Feature","geometry":{"type":"Point","coordinates":[121.596236,25.0842506]},"properties":{"data_time":"2026.03.12","source_row_no":"2123713","registration_no":"A-142411835-00001-7","name":"大得民牛肉麵館","city":"臺北市","district":"士林區","address":"臺北市士林區至誠路2段19號1樓","phone":"02-87926590","audit_date":"2026.03.12","business_category":"食品業者","inspection_result":"限期改善","violation_reason":"限期改善","source_type":"衛生稽查違規","source_dataset":"臺北市政府衛生局食藥粧網路地圖","source_url":"https://imap.health.gov.taipei/Index.aspx","aggregate_reference_url":"https://data.gov.tw/dataset/131026","location_method":"來源網站座標","violation_count":1}},{"type":"Feature","geometry":{"type":"Point","coordinates":[121.5575335,25.0305248]},"properties":{"data_time":"2026.04.07","source_row_no":"2130345","registration_no":"A-152441345-00001-7","name":"楓樹","city":"臺北市","district":"信義區","address":"臺北市信義區光復南路585號1樓及2樓","phone":"02-87809222","audit_date":"2026.04.07","business_category":"食品業者","inspection_result":"限期改善","violation_reason":"限期改善","source_type":"衛生稽查違規","source_dataset":"臺北市政府衛生局食藥粧網路地圖","source_url":"https://imap.health.gov.taipei/Index.aspx","aggregate_reference_url":"https://data.gov.tw/dataset/131026","location_method":"來源網站座標","violation_count":1}},{"type":"Feature","geometry":{"type":"Point","coordinates":[121.5240983,25.0648225]},"properties":{"data_time":"2026.02.10","source_row_no":"2134251","registration_no":"A-278961699-00001-5","name":"三媽臭臭鍋(農安店)","city":"臺北市","district":"中山區","address":"臺北市中山區農安街12之5號","phone":"02-25950592","audit_date":"2026.02.10","business_category":"食品業者","inspection_result":"限期改善","violation_reason":"限期改善","source_type":"衛生稽查違規","source_dataset":"臺北市政府衛生局食藥粧網路地圖","source_url":"https://imap.health.gov.taipei/Index.aspx","aggregate_reference_url":"https://data.gov.tw/dataset/131026","location_method":"來源網站座標","violation_count":1}},{"type":"Feature","geometry":{"type":"Point","coordinates":[121.5145271,25.0545269]},"properties":{"data_time":"2026.04.20","source_row_no":"2145598","registration_no":"A-200119430-00001-8","name":"三元號-三元號","city":"臺北市","district":"大同區","address":"臺北市大同區重慶北路二段11號","phone":"02-25589625","audit_date":"2026.04.20","business_category":"食品業者","inspection_result":"限期改善","violation_reason":"限期改善","source_type":"衛生稽查違規","source_dataset":"臺北市政府衛生局食藥粧網路地圖","source_url":"https://imap.health.gov.taipei/Index.aspx","aggregate_reference_url":"https://data.gov.tw/dataset/131026","location_method":"來源網站座標","violation_count":1}},{"type":"Feature","geometry":{"type":"Point","coordinates":[121.50708,25.0463009]},"properties":{"data_time":"2026.04.01","source_row_no":"2146101","registration_no":"A-200118864-00001-8","name":"程味珍麵食館-程味珍","city":"臺北市","district":"萬華區","address":"臺北市萬華區西寧南路65號1樓","phone":"0223885268","audit_date":"2026.04.01","business_category":"食品業者","inspection_result":"限期改善","violation_reason":"限期改善","source_type":"衛生稽查違規","source_dataset":"臺北市政府衛生局食藥粧網路地圖","source_url":"https://imap.health.gov.taipei/Index.aspx","aggregate_reference_url":"https://data.gov.tw/dataset/131026","location_method":"來源網站座標","violation_count":1}},{"type":"Feature","geometry":{"type":"Point","coordinates":[121.4947069,25.0255428]},"properties":{"data_time":"2026.04.16","source_row_no":"2147307","registration_no":"A-200120016-00001-0","name":"Mr.牛排-Mr.牛排","city":"臺北市","district":"萬華區","address":"臺北市萬華區寶興街107號1樓","phone":"02-23099696","audit_date":"2026.04.16","business_category":"食品業者","inspection_result":"限期改善","violation_reason":"限期改善","source_type":"衛生稽查違規","source_dataset":"臺北市政府衛生局食藥粧網路地圖","source_url":"https://imap.health.gov.taipei/Index.aspx","aggregate_reference_url":"https://data.gov.tw/dataset/131026","location_method":"來源網站座標","violation_count":1}},{"type":"Feature","geometry":{"type":"Point","coordinates":[121.5256087,25.0548126]},"properties":{"data_time":"2026.04.22","source_row_no":"2151455","registration_no":"A-124970322-00001-8","name":"紅磡新飲茶","city":"臺北市","district":"中山區","address":"臺北市中山區林森北路263號2樓之1","phone":"02-25423838","audit_date":"2026.04.22","business_category":"食品業者","inspection_result":"限期改善","violation_reason":"限期改善","source_type":"衛生稽查違規","source_dataset":"臺北市政府衛生局食藥粧網路地圖","source_url":"https://imap.health.gov.taipei/Index.aspx","aggregate_reference_url":"https://data.gov.tw/dataset/131026","location_method":"來源網站座標","violation_count":1}},{"type":"Feature","geometry":{"type":"Point","coordinates":[121.530043,25.0599517]},"properties":{"data_time":"2026.03.02","source_row_no":"2153903","registration_no":"A-200194624-00001-6","name":"鑫鱻生猛海鮮","city":"臺北市","district":"中山區","address":"臺北市中山區吉林路254號","phone":"02-25372698","audit_date":"2026.03.02","business_category":"食品業者","inspection_result":"複查不合格","violation_reason":"複查不合格","source_type":"衛生稽查違規","source_dataset":"臺北市政府衛生局食藥粧網路地圖","source_url":"https://imap.health.gov.taipei/Index.aspx","aggregate_reference_url":"https://data.gov.tw/dataset/131026","location_method":"來源網站座標","violation_count":1}},{"type":"Feature","geometry":{"type":"Point","coordinates":[121.5755459,25.0499068]},"properties":{"data_time":"2026.03.24","source_row_no":"2154739","registration_no":"A-189617056-00001-1","name":"祥禾園股份有限公司-新東南股份有限公司","city":"臺北市","district":"松山區","address":"臺北市松山區八德路4段656號1樓、2樓","phone":"02-27489966","audit_date":"2026.03.24","business_category":"食品業者","inspection_result":"限期改善","violation_reason":"限期改善","source_type":"衛生稽查違規","source_dataset":"臺北市政府衛生局食藥粧網路地圖","source_url":"https://imap.health.gov.taipei/Index.aspx","aggregate_reference_url":"https://data.gov.tw/dataset/131026","location_method":"來源網站座標","violation_count":1}},{"type":"Feature","geometry":{"type":"Point","coordinates":[121.546344,25.041152]},"properties":{"data_time":"2026.04.15","source_row_no":"2156808","registration_no":"A-142502455-00001-6","name":"茗香園冰室忠孝店","city":"臺北市","district":"大安區","address":"臺北市大安區忠孝東路四段309號1樓","phone":"02-27755889","audit_date":"2026.04.15","business_category":"食品業者","inspection_result":"限期改善","violation_reason":"限期改善","source_type":"衛生稽查違規","source_dataset":"臺北市政府衛生局食藥粧網路地圖","source_url":"https://imap.health.gov.taipei/Index.aspx","aggregate_reference_url":"https://data.gov.tw/dataset/131026","location_method":"來源網站座標","violation_count":1}},{"type":"Feature","geometry":{"type":"Point","coordinates":[121.5284102,25.101428]},"properties":{"data_time":"2026.03.05","source_row_no":"2157623","registration_no":"A-200123345-00001-8","name":"茉莉漢堡小吃店-茉莉漢堡小吃店","city":"臺北市","district":"士林區","address":"臺北市士林區至誠路二段47號1樓","phone":"02-2837-7575","audit_date":"2026.03.05","business_category":"食品業者","inspection_result":"限期改善","violation_reason":"限期改善","source_type":"衛生稽查違規","source_dataset":"臺北市政府衛生局食藥粧網路地圖","source_url":"https://imap.health.gov.taipei/Index.aspx","aggregate_reference_url":"https://data.gov.tw/dataset/131026","location_method":"來源網站座標","violation_count":1}},{"type":"Feature","geometry":{"type":"Point","coordinates":[121.5192592,25.0720501]},"properties":{"data_time":"2026.04.08","source_row_no":"2158760","registration_no":"A-154181892-00291-8","name":"台灣善商股份有限公司-1021 SUKIYA圓山","city":"臺北市","district":"大同區","address":"臺北市大同區庫倫街51之2號/51之3號/承德路三段263號2樓","phone":"0800-031131","audit_date":"2026.04.08","business_category":"食品業者","inspection_result":"限期改善","violation_reason":"限期改善","source_type":"衛生稽查違規","source_dataset":"臺北市政府衛生局食藥粧網路地圖","source_url":"https://imap.health.gov.taipei/Index.aspx","aggregate_reference_url":"https://data.gov.tw/dataset/131026","location_method":"來源網站座標","violation_count":1}},{"type":"Feature","geometry":{"type":"Point","coordinates":[121.5201242,25.0810486]},"properties":{"data_time":"2026.03.26","source_row_no":"2174298","registration_no":"A-200126307-00001-9","name":"錢亨和風鍋物","city":"臺北市","district":"士林區","address":"臺北市士林區通河街88號","phone":"02-28854179","audit_date":"2026.03.26","business_category":"食品業者","inspection_result":"限期改善","violation_reason":"限期改善","source_type":"衛生稽查違規","source_dataset":"臺北市政府衛生局食藥粧網路地圖","source_url":"https://imap.health.gov.taipei/Index.aspx","aggregate_reference_url":"https://data.gov.tw/dataset/131026","location_method":"來源網站座標","violation_count":1}},{"type":"Feature","geometry":{"type":"Point","coordinates":[121.575079,25.061344]},"properties":{"data_time":"2026.01.20","source_row_no":"2176415","registration_no":"A-180198341-00001-3","name":"美福餐飲股份有限公司","city":"臺北市","district":"內湖區","address":"臺北市內湖區民善街128號1-2樓","phone":"02-27942338","audit_date":"2026.01.20","business_category":"食品業者","inspection_result":"限期改善","violation_reason":"限期改善","source_type":"衛生稽查違規","source_dataset":"臺北市政府衛生局食藥粧網路地圖","source_url":"https://imap.health.gov.taipei/Index.aspx","aggregate_reference_url":"https://data.gov.tw/dataset/131026","location_method":"來源網站座標","violation_count":1}},{"type":"Feature","geometry":{"type":"Point","coordinates":[121.557511,25.058598]},"properties":{"data_time":"2026.04.17","source_row_no":"2178247","registration_no":"A-200108782-00001-6","name":"天曉得牛肉麵店-天曉得牛肉麵","city":"臺北市","district":"松山區","address":"臺北市松山區民生東路五段49號","phone":"02-27623755","audit_date":"2026.04.17","business_category":"食品業者","inspection_result":"限期改善","violation_reason":"限期改善","source_type":"衛生稽查違規","source_dataset":"臺北市政府衛生局食藥粧網路地圖","source_url":"https://imap.health.gov.taipei/Index.aspx","aggregate_reference_url":"https://data.gov.tw/dataset/131026","location_method":"來源網站座標","violation_count":1}},{"type":"Feature","geometry":{"type":"Point","coordinates":[121.5167375,25.0578415]},"properties":{"data_time":"2026.03.20","source_row_no":"2182873","registration_no":"A-200021088-00004-2","name":"光復豆腐工廠","city":"臺北市","district":"大同區","address":"臺北市大同區寧夏路45巷43號","phone":"02-25532745","audit_date":"2026.03.20","business_category":"食品業者","inspection_result":"限期改善","violation_reason":"限期改善","source_type":"衛生稽查違規","source_dataset":"臺北市政府衛生局食藥粧網路地圖","source_url":"https://imap.health.gov.taipei/Index.aspx","aggregate_reference_url":"https://data.gov.tw/dataset/131026","location_method":"來源網站座標","violation_count":1}},{"type":"Feature","geometry":{"type":"Point","coordinates":[121.61546279999993,25.069625]},"properties":{"data_time":"2026.04.14","source_row_no":"2191482","registration_no":"A-200131518-00001-9","name":"八百八小火鍋","city":"臺北市","district":"內湖區","address":"臺北市內湖區東湖路113巷23號1F","phone":"02-26340228","audit_date":"2026.04.14","business_category":"食品業者","inspection_result":"限期改善","violation_reason":"限期改善","source_type":"衛生稽查違規","source_dataset":"臺北市政府衛生局食藥粧網路地圖","source_url":"https://imap.health.gov.taipei/Index.aspx","aggregate_reference_url":"https://data.gov.tw/dataset/131026","location_method":"來源網站座標","violation_count":1}},{"type":"Feature","geometry":{"type":"Point","coordinates":[121.5454205,25.0427254]},"properties":{"data_time":"2026.03.02","source_row_no":"2206303","registration_no":"A-200131611-00001-3","name":"老虎醬溫州大餛飩","city":"臺北市","district":"大安區","address":"臺北市大安區復興南路1段135巷25號","phone":"02-27752774","audit_date":"2026.03.02","business_category":"食品業者","inspection_result":"限期改善","violation_reason":"限期改善","source_type":"衛生稽查違規","source_dataset":"臺北市政府衛生局食藥粧網路地圖","source_url":"https://imap.health.gov.taipei/Index.aspx","aggregate_reference_url":"https://data.gov.tw/dataset/131026","location_method":"來源網站座標","violation_count":1}},{"type":"Feature","geometry":{"type":"Point","coordinates":[121.5233628,25.0800547]},"properties":{"data_time":"2026.03.04","source_row_no":"2452523","registration_no":"A-200126212-00001-4","name":"名廚料理會館-名廚料理會館","city":"臺北市","district":"士林區","address":"臺北市士林區通河街17號1樓","phone":"0228866209","audit_date":"2026.03.04","business_category":"食品業者","inspection_result":"限期改善","violation_reason":"限期改善","source_type":"衛生稽查違規","source_dataset":"臺北市政府衛生局食藥粧網路地圖","source_url":"https://imap.health.gov.taipei/Index.aspx","aggregate_reference_url":"https://data.gov.tw/dataset/131026","location_method":"來源網站座標","violation_count":1}},{"type":"Feature","geometry":{"type":"Point","coordinates":[121.5325727,25.0623407]},"properties":{"data_time":"2026.02.23","source_row_no":"2457510","registration_no":"A-142655058-00009-2","name":"好味食飲股份有限公司-起家雞韓式炸雞 行天宮店","city":"臺北市","district":"中山區","address":"臺北市中山區民權東路二段122號1樓","phone":"02-2568-3123","audit_date":"2026.02.23","business_category":"食品業者","inspection_result":"限期改善","violation_reason":"限期改善","source_type":"衛生稽查違規","source_dataset":"臺北市政府衛生局食藥粧網路地圖","source_url":"https://imap.health.gov.taipei/Index.aspx","aggregate_reference_url":"https://data.gov.tw/dataset/131026","location_method":"來源網站座標","violation_count":1}},{"type":"Feature","geometry":{"type":"Point","coordinates":[121.5538967,25.0804887]},"properties":{"data_time":"2026.04.28","source_row_no":"2484271","registration_no":"A-124552087-00004-5","name":"台北美福大飯店-彩匯自助餐廳","city":"臺北市","district":"中山區","address":"臺北市中山區樂群二路55號1樓","phone":"02-7722-3395","audit_date":"2026.04.28","business_category":"食品業者","inspection_result":"限期改善","violation_reason":"限期改善","source_type":"衛生稽查違規","source_dataset":"臺北市政府衛生局食藥粧網路地圖","source_url":"https://imap.health.gov.taipei/Index.aspx","aggregate_reference_url":"https://data.gov.tw/dataset/131026","location_method":"來源網站座標","violation_count":1}},{"type":"Feature","geometry":{"type":"Point","coordinates":[121.5553082,25.0227967]},"properties":{"data_time":"2026.03.13","source_row_no":"2488095","registration_no":"A-142591908-00017-4","name":"揚秦國際企業股份有限公司-麥味登台北陽光店","city":"臺北市","district":"信義區","address":"臺北市信義區信安街155號","phone":"02-77286425","audit_date":"2026.03.13","business_category":"食品業者","inspection_result":"限期改善","violation_reason":"限期改善","source_type":"衛生稽查違規","source_dataset":"臺北市政府衛生局食藥粧網路地圖","source_url":"https://imap.health.gov.taipei/Index.aspx","aggregate_reference_url":"https://data.gov.tw/dataset/131026","location_method":"來源網站座標","violation_count":1}},{"type":"Feature","geometry":{"type":"Point","coordinates":[121.517058,25.1167056]},"properties":{"data_time":"2026.04.29","source_row_no":"2502920","registration_no":"A-173649721-00001-8","name":"全國健康素食","city":"臺北市","district":"北投區","address":"臺北市北投區裕民一路25號","phone":"28211636","audit_date":"2026.04.29","business_category":"食品業者","inspection_result":"限期改善","violation_reason":"限期改善","source_type":"衛生稽查違規","source_dataset":"臺北市政府衛生局食藥粧網路地圖","source_url":"https://imap.health.gov.taipei/Index.aspx","aggregate_reference_url":"https://data.gov.tw/dataset/131026","location_method":"來源網站座標","violation_count":1}},{"type":"Feature","geometry":{"type":"Point","coordinates":[121.5334559,25.0590374]},"properties":{"data_time":"2026.03.30","source_row_no":"2513146","registration_no":"A-124484928-00001-0","name":"邊田庄餐廳-邊田庄","city":"臺北市","district":"中山區","address":"臺北市中山區松江路237號地下1樓","phone":"02-25011068","audit_date":"2026.03.30","business_category":"食品業者","inspection_result":"限期改善","violation_reason":"限期改善","source_type":"衛生稽查違規","source_dataset":"臺北市政府衛生局食藥粧網路地圖","source_url":"https://imap.health.gov.taipei/Index.aspx","aggregate_reference_url":"https://data.gov.tw/dataset/131026","location_method":"來源網站座標","violation_count":1}},{"type":"Feature","geometry":{"type":"Point","coordinates":[121.5160132,25.0451541]},"properties":{"data_time":"2026.03.11","source_row_no":"2514378","registration_no":"A-200110234-00001-1","name":"鐵路便當-蘭馨小吃店","city":"臺北市","district":"中正區","address":"臺北市中正區南陽街10號","phone":"02-23712767","audit_date":"2026.03.11","business_category":"食品業者","inspection_result":"限期改善","violation_reason":"限期改善","source_type":"衛生稽查違規","source_dataset":"臺北市政府衛生局食藥粧網路地圖","source_url":"https://imap.health.gov.taipei/Index.aspx","aggregate_reference_url":"https://data.gov.tw/dataset/131026","location_method":"來源網站座標","violation_count":1}},{"type":"Feature","geometry":{"type":"Point","coordinates":[121.5168404,25.0570355]},"properties":{"data_time":"2026.04.22","source_row_no":"2625640","registration_no":"A-200060924-00001-1","name":"臺北市雙連市場-1F7","city":"臺北市","district":"大同區","address":"臺北市大同區民生西路198號","phone":"02-25564748","audit_date":"2026.04.22","business_category":"食品業者","inspection_result":"限期改善","violation_reason":"限期改善","source_type":"衛生稽查違規","source_dataset":"臺北市政府衛生局食藥粧網路地圖","source_url":"https://imap.health.gov.taipei/Index.aspx","aggregate_reference_url":"https://data.gov.tw/dataset/131026","location_method":"來源網站座標","violation_count":1}},{"type":"Feature","geometry":{"type":"Point","coordinates":[121.52565470000002,25.086641]},"properties":{"data_time":"2026.04.02","source_row_no":"2659295","registration_no":"A-126236375-00000-2","name":"魚池貳壹-魚池貳壹","city":"臺北市","district":"士林區","address":"臺北市士林區文林路24號","phone":"02-28811133","audit_date":"2026.04.02","business_category":"食品業者","inspection_result":"限期改善","violation_reason":"限期改善","source_type":"衛生稽查違規","source_dataset":"臺北市政府衛生局食藥粧網路地圖","source_url":"https://imap.health.gov.taipei/Index.aspx","aggregate_reference_url":"https://data.gov.tw/dataset/131026","location_method":"來源網站座標","violation_count":1}},{"type":"Feature","geometry":{"type":"Point","coordinates":[121.5273844,25.0303619]},"properties":{"data_time":"2026.04.13","source_row_no":"2661767","registration_no":"A-124546190-00001-0","name":"幸福可可有限公司","city":"臺北市","district":"大安區","address":"臺北市大安區金華街120之1號","phone":"02-33936066","audit_date":"2026.04.13","business_category":"食品業者","inspection_result":"限期改善","violation_reason":"限期改善","source_type":"衛生稽查違規","source_dataset":"臺北市政府衛生局食藥粧網路地圖","source_url":"https://imap.health.gov.taipei/Index.aspx","aggregate_reference_url":"https://data.gov.tw/dataset/131026","location_method":"來源網站座標","violation_count":1}},{"type":"Feature","geometry":{"type":"Point","coordinates":[121.5169924,25.1167181]},"properties":{"data_time":"2026.03.31","source_row_no":"2676656","registration_no":"A-148713724-00000-4","name":"50嵐-50嵐石牌店","city":"臺北市","district":"北投區","address":"臺北市北投區裕民一路23號1樓","phone":"02-28211346","audit_date":"2026.03.31","business_category":"食品業者","inspection_result":"限期改善","violation_reason":"限期改善","source_type":"衛生稽查違規","source_dataset":"臺北市政府衛生局食藥粧網路地圖","source_url":"https://imap.health.gov.taipei/Index.aspx","aggregate_reference_url":"https://data.gov.tw/dataset/131026","location_method":"來源網站座標","violation_count":1}},{"type":"Feature","geometry":{"type":"Point","coordinates":[121.5587309,25.0282822]},"properties":{"data_time":"2026.04.17","source_row_no":"2684635","registration_no":"A-200137575-00002-9","name":"秘密花園白木耳露專賣店","city":"臺北市","district":"信義區","address":"臺北市信義區吳興街156巷73號","phone":"02-27326417","audit_date":"2026.04.17","business_category":"食品業者","inspection_result":"限期改善","violation_reason":"限期改善","source_type":"衛生稽查違規","source_dataset":"臺北市政府衛生局食藥粧網路地圖","source_url":"https://imap.health.gov.taipei/Index.aspx","aggregate_reference_url":"https://data.gov.tw/dataset/131026","location_method":"來源網站座標","violation_count":1}},{"type":"Feature","geometry":{"type":"Point","coordinates":[121.5689982,25.042614]},"properties":{"data_time":"2026.03.19","source_row_no":"2689582","registration_no":"A-150875082-00001-4","name":"瑞記海南雞飯有限公司-瑞記海南雞飯 永吉店","city":"臺北市","district":"信義區","address":"臺北市信義區永吉路30巷145號1樓","phone":"02-87873366","audit_date":"2026.03.19","business_category":"食品業者","inspection_result":"限期改善","violation_reason":"限期改善","source_type":"衛生稽查違規","source_dataset":"臺北市政府衛生局食藥粧網路地圖","source_url":"https://imap.health.gov.taipei/Index.aspx","aggregate_reference_url":"https://data.gov.tw/dataset/131026","location_method":"來源網站座標","violation_count":1}},{"type":"Feature","geometry":{"type":"Point","coordinates":[121.547377,25.0800729]},"properties":{"data_time":"2025.10.29","source_row_no":"2697916","registration_no":"A-142675890-00080-7","name":"胖老爹炸雞有限公司-胖老爹美式炸雞大直店","city":"臺北市","district":"中山區","address":"臺北市中山區北安路535-5號","phone":"0977337728","audit_date":"2025.10.29","business_category":"食品業者","inspection_result":"限期改善","violation_reason":"限期改善","source_type":"衛生稽查違規","source_dataset":"臺北市政府衛生局食藥粧網路地圖","source_url":"https://imap.health.gov.taipei/Index.aspx","aggregate_reference_url":"https://data.gov.tw/dataset/131026","location_method":"來源網站座標","violation_count":1}},{"type":"Feature","geometry":{"type":"Point","coordinates":[121.5162531,25.0618332]},"properties":{"data_time":"2026.03.30","source_row_no":"2699049","registration_no":"A-200139734-00001-7","name":"大同海產小吃店","city":"臺北市","district":"大同區","address":"臺北市大同區民權里民權西路１４４巷１９弄１號１樓","phone":"0913629139","audit_date":"2026.03.30","business_category":"食品業者","inspection_result":"限期改善","violation_reason":"限期改善","source_type":"衛生稽查違規","source_dataset":"臺北市政府衛生局食藥粧網路地圖","source_url":"https://imap.health.gov.taipei/Index.aspx","aggregate_reference_url":"https://data.gov.tw/dataset/131026","location_method":"來源網站座標","violation_count":1}},{"type":"Feature","geometry":{"type":"Point","coordinates":[121.5228399,25.0534764]},"properties":{"data_time":"2026.04.14","source_row_no":"2705103","registration_no":"A-112401402-00005-7","name":"老爺大酒店股份有限公司-點心房","city":"臺北市","district":"中山區","address":"臺北市中山區中山北路2段37之1號1樓(烘焙坊販售處)","phone":"02-25423299","audit_date":"2026.04.14","business_category":"食品業者","inspection_result":"限期改善","violation_reason":"限期改善","source_type":"衛生稽查違規","source_dataset":"臺北市政府衛生局食藥粧網路地圖","source_url":"https://imap.health.gov.taipei/Index.aspx","aggregate_reference_url":"https://data.gov.tw/dataset/131026","location_method":"來源網站座標","violation_count":1}},{"type":"Feature","geometry":{"type":"Point","coordinates":[121.56512,25.0614169]},"properties":{"data_time":"2026.04.01","source_row_no":"2729939","registration_no":"A-200143817-00001-4","name":"新東街無名熱炒","city":"臺北市","district":"松山區","address":"臺北市松山區新東街新東街47號1樓","phone":"0955554618","audit_date":"2026.04.01","business_category":"食品業者","inspection_result":"限期改善","violation_reason":"限期改善","source_type":"衛生稽查違規","source_dataset":"臺北市政府衛生局食藥粧網路地圖","source_url":"https://imap.health.gov.taipei/Index.aspx","aggregate_reference_url":"https://data.gov.tw/dataset/131026","location_method":"來源網站座標","violation_count":1}},{"type":"Feature","geometry":{"type":"Point","coordinates":[121.5173735,25.047702]},"properties":{"data_time":"2026.04.15","source_row_no":"2730781","registration_no":"A-150856037-00001-3","name":"99牛排-九九炙燒牛排","city":"臺北市","district":"中正區","address":"臺北市中正區北平西路3號2樓","phone":"02-22521677","audit_date":"2026.04.15","business_category":"食品業者","inspection_result":"限期改善","violation_reason":"限期改善","source_type":"衛生稽查違規","source_dataset":"臺北市政府衛生局食藥粧網路地圖","source_url":"https://imap.health.gov.taipei/Index.aspx","aggregate_reference_url":"https://data.gov.tw/dataset/131026","location_method":"來源網站座標","violation_count":1}},{"type":"Feature","geometry":{"type":"Point","coordinates":[121.53497249999998,25.0600652]},"properties":{"data_time":"2026.03.13","source_row_no":"2731086","registration_no":"A-200143901-00001-8","name":"台北儂來有限公司-台北儂來餐廳","city":"臺北市","district":"中山區","address":"臺北市中山區民生東路2段147巷11弄1號、民生東路2段147巷11弄2-1號","phone":"02-25050891","audit_date":"2026.03.13","business_category":"食品業者","inspection_result":"限期改善","violation_reason":"限期改善","source_type":"衛生稽查違規","source_dataset":"臺北市政府衛生局食藥粧網路地圖","source_url":"https://imap.health.gov.taipei/Index.aspx","aggregate_reference_url":"https://data.gov.tw/dataset/131026","location_method":"來源網站座標","violation_count":1}},{"type":"Feature","geometry":{"type":"Point","coordinates":[121.5417169,24.9923142]},"properties":{"data_time":"2026.04.10","source_row_no":"2735611","registration_no":"A-200187013-00001-0","name":"728蚵仔煎-728蚵仔煎","city":"臺北市","district":"文山區","address":"臺北市文山區景美街15號對面右二","phone":"0927023228","audit_date":"2026.04.10","business_category":"食品業者","inspection_result":"限期改善","violation_reason":"限期改善","source_type":"衛生稽查違規","source_dataset":"臺北市政府衛生局食藥粧網路地圖","source_url":"https://imap.health.gov.taipei/Index.aspx","aggregate_reference_url":"https://data.gov.tw/dataset/131026","location_method":"來源網站座標","violation_count":1}},{"type":"Feature","geometry":{"type":"Point","coordinates":[121.51845000000003,25.057503]},"properties":{"data_time":"2026.04.14","source_row_no":"2736115","registration_no":"A-154036645-00085-4","name":"八方雲集餐飲股份有限公司-御廚民生承德店","city":"臺北市","district":"大同區","address":"臺北市大同區承德路二段135號","phone":"02-25579750","audit_date":"2026.04.14","business_category":"食品業者","inspection_result":"限期改善","violation_reason":"限期改善","source_type":"衛生稽查違規","source_dataset":"臺北市政府衛生局食藥粧網路地圖","source_url":"https://imap.health.gov.taipei/Index.aspx","aggregate_reference_url":"https://data.gov.tw/dataset/131026","location_method":"來源網站座標","violation_count":1}},{"type":"Feature","geometry":{"type":"Point","coordinates":[121.54192480000006,25.0524284]},"properties":{"data_time":"2026.04.02","source_row_no":"2738346","registration_no":"A-200134633-00001-0","name":"磚瓦臺關東煮","city":"臺北市","district":"中山區","address":"臺北市中山區遼寧街106號1樓","phone":"02-25159682","audit_date":"2026.04.02","business_category":"食品業者","inspection_result":"限期改善","violation_reason":"限期改善","source_type":"衛生稽查違規","source_dataset":"臺北市政府衛生局食藥粧網路地圖","source_url":"https://imap.health.gov.taipei/Index.aspx","aggregate_reference_url":"https://data.gov.tw/dataset/131026","location_method":"來源網站座標","violation_count":1}},{"type":"Feature","geometry":{"type":"Point","coordinates":[121.5412896,24.9896134]},"properties":{"data_time":"2026.04.01","source_row_no":"2745246","registration_no":"A-200145593-00001-7","name":"獨特牛排館","city":"臺北市","district":"文山區","address":"臺北市文山區景美街92號","phone":"0229307729","audit_date":"2026.04.01","business_category":"食品業者","inspection_result":"限期改善","violation_reason":"限期改善","source_type":"衛生稽查違規","source_dataset":"臺北市政府衛生局食藥粧網路地圖","source_url":"https://imap.health.gov.taipei/Index.aspx","aggregate_reference_url":"https://data.gov.tw/dataset/131026","location_method":"來源網站座標","violation_count":1}},{"type":"Feature","geometry":{"type":"Point","coordinates":[121.5202508,25.1034941]},"properties":{"data_time":"2026.01.19","source_row_no":"2764523","registration_no":"A-200148996-00001-7","name":"紅霸天炭燒薑母鴨","city":"臺北市","district":"士林區","address":"臺北市士林區德行西路128號","phone":"02-28330388","audit_date":"2026.01.19","business_category":"食品業者","inspection_result":"限期改善","violation_reason":"限期改善","source_type":"衛生稽查違規","source_dataset":"臺北市政府衛生局食藥粧網路地圖","source_url":"https://imap.health.gov.taipei/Index.aspx","aggregate_reference_url":"https://data.gov.tw/dataset/131026","location_method":"來源網站座標","violation_count":1}},{"type":"Feature","geometry":{"type":"Point","coordinates":[121.5231543,25.0686027]},"properties":{"data_time":"2026.02.25","source_row_no":"2766701","registration_no":"A-184709204-00001-3","name":"甲天下股份有限公司中山北路分公司-北區旗艦店","city":"臺北市","district":"中山區","address":"臺北市中山區中山北路三段59號1至2樓","phone":"02-25522181","audit_date":"2026.02.25","business_category":"食品業者","inspection_result":"限期改善","violation_reason":"限期改善","source_type":"衛生稽查違規","source_dataset":"臺北市政府衛生局食藥粧網路地圖","source_url":"https://imap.health.gov.taipei/Index.aspx","aggregate_reference_url":"https://data.gov.tw/dataset/131026","location_method":"來源網站座標","violation_count":1}},{"type":"Feature","geometry":{"type":"Point","coordinates":[121.5679566,25.0367849]},"properties":{"data_time":"2026.04.15","source_row_no":"2767410","registration_no":"A-153095716-00057-6","name":"漢記股份有限公司-A13/朱記","city":"臺北市","district":"信義區","address":"臺北市信義區松仁路58號4樓","phone":"02-87864101","audit_date":"2026.04.15","business_category":"食品業者","inspection_result":"限期改善","violation_reason":"限期改善","source_type":"衛生稽查違規","source_dataset":"臺北市政府衛生局食藥粧網路地圖","source_url":"https://imap.health.gov.taipei/Index.aspx","aggregate_reference_url":"https://data.gov.tw/dataset/131026","location_method":"來源網站座標","violation_count":1}},{"type":"Feature","geometry":{"type":"Point","coordinates":[121.5242651,25.0348377]},"properties":{"data_time":"2026.03.20","source_row_no":"2771276","registration_no":"A-200130108-00002-4","name":"樹企業社","city":"臺北市","district":"大安區","address":"臺北市大安區杭州南路二段1號","phone":"0918999920","audit_date":"2026.03.20","business_category":"食品業者","inspection_result":"限期改善","violation_reason":"限期改善","source_type":"衛生稽查違規","source_dataset":"臺北市政府衛生局食藥粧網路地圖","source_url":"https://imap.health.gov.taipei/Index.aspx","aggregate_reference_url":"https://data.gov.tw/dataset/131026","location_method":"來源網站座標","violation_count":1}},{"type":"Feature","geometry":{"type":"Point","coordinates":[121.50632,25.0445]},"properties":{"data_time":"2026.04.21","source_row_no":"2775098","registration_no":"A-154181892-00391-9","name":"台灣善商股份有限公司-1042 SUKIYA西寧南路","city":"臺北市","district":"萬華區","address":"臺北市萬華區西寧南路48-1號1、2樓","phone":"0800-031131","audit_date":"2026.04.21","business_category":"食品業者","inspection_result":"限期改善","violation_reason":"限期改善","source_type":"衛生稽查違規","source_dataset":"臺北市政府衛生局食藥粧網路地圖","source_url":"https://imap.health.gov.taipei/Index.aspx","aggregate_reference_url":"https://data.gov.tw/dataset/131026","location_method":"來源網站座標","violation_count":1}},{"type":"Feature","geometry":{"type":"Point","coordinates":[121.5310416,25.0648981]},"properties":{"data_time":"2025.09.18","source_row_no":"2779164","registration_no":"A-183448239-00001-0","name":"固的有限公司","city":"臺北市","district":"中山區","address":"臺北市中山區農安街153號1樓","phone":"02-25868011","audit_date":"2025.09.18","business_category":"食品業者","inspection_result":"限期改善","violation_reason":"限期改善","source_type":"衛生稽查違規","source_dataset":"臺北市政府衛生局食藥粧網路地圖","source_url":"https://imap.health.gov.taipei/Index.aspx","aggregate_reference_url":"https://data.gov.tw/dataset/131026","location_method":"來源網站座標","violation_count":1}},{"type":"Feature","geometry":{"type":"Point","coordinates":[121.4252204,25.0005655]},"properties":{"data_time":"2026.03.02","source_row_no":"2794247","registration_no":"A-179870240-00001-6","name":"無","city":"臺北市","district":"大安區","address":"臺北市大安區大安路1段51巷16號","phone":"27298701","audit_date":"2026.03.02","business_category":"食品業者","inspection_result":"限期改善","violation_reason":"限期改善","source_type":"衛生稽查違規","source_dataset":"臺北市政府衛生局食藥粧網路地圖","source_url":"https://imap.health.gov.taipei/Index.aspx","aggregate_reference_url":"https://data.gov.tw/dataset/131026","location_method":"來源網站座標","violation_count":1}},{"type":"Feature","geometry":{"type":"Point","coordinates":[121.5553246,25.0418989]},"properties":{"data_time":"2026.02.05","source_row_no":"2794643","registration_no":"A-200153902-00001-0","name":"防空洞庇護所","city":"臺北市","district":"大安區","address":"臺北市大安區延吉街137巷26號","phone":"02-27310801","audit_date":"2026.02.05","business_category":"食品業者","inspection_result":"限期改善","violation_reason":"限期改善","source_type":"衛生稽查違規","source_dataset":"臺北市政府衛生局食藥粧網路地圖","source_url":"https://imap.health.gov.taipei/Index.aspx","aggregate_reference_url":"https://data.gov.tw/dataset/131026","location_method":"來源網站座標","violation_count":1}},{"type":"Feature","geometry":{"type":"Point","coordinates":[121.5078177,25.0451727]},"properties":{"data_time":"2026.03.26","source_row_no":"2796202","registration_no":"A-200154292-00001-3","name":"幸春三兄妹雪花冰專賣店-幸春三兄妹雪花冰專賣店","city":"臺北市","district":"萬華區","address":"臺北市萬華區漢中街23號及23號地下","phone":"02-23812650","audit_date":"2026.03.26","business_category":"食品業者","inspection_result":"限期改善","violation_reason":"限期改善","source_type":"衛生稽查違規","source_dataset":"臺北市政府衛生局食藥粧網路地圖","source_url":"https://imap.health.gov.taipei/Index.aspx","aggregate_reference_url":"https://data.gov.tw/dataset/131026","location_method":"來源網站座標","violation_count":1}},{"type":"Feature","geometry":{"type":"Point","coordinates":[121.5527246,25.0520634]},"properties":{"data_time":"2025.11.28","source_row_no":"2803129","registration_no":"A-126211780-00001-6","name":"真之庵壽司割烹-真真庵壽司割烹","city":"臺北市","district":"松山區","address":"臺北市松山區南京東路3段303巷7弄5號","phone":"02-27190005","audit_date":"2025.11.28","business_category":"食品業者","inspection_result":"複查不合格","violation_reason":"複查不合格","source_type":"衛生稽查違規","source_dataset":"臺北市政府衛生局食藥粧網路地圖","source_url":"https://imap.health.gov.taipei/Index.aspx","aggregate_reference_url":"https://data.gov.tw/dataset/131026","location_method":"來源網站座標","violation_count":1}},{"type":"Feature","geometry":{"type":"Point","coordinates":[121.5679043,25.0412512]},"properties":{"data_time":"2026.03.31","source_row_no":"2813729","registration_no":"A-127785285-01018-2","name":"大苑子茶飲專賣店-鮮果夢想股份有限公司","city":"臺北市","district":"信義區","address":"臺北市信義區忠孝東路五段139號","phone":"02-27680900","audit_date":"2026.03.31","business_category":"食品業者","inspection_result":"限期改善","violation_reason":"限期改善","source_type":"衛生稽查違規","source_dataset":"臺北市政府衛生局食藥粧網路地圖","source_url":"https://imap.health.gov.taipei/Index.aspx","aggregate_reference_url":"https://data.gov.tw/dataset/131026","location_method":"來源網站座標","violation_count":1}},{"type":"Feature","geometry":{"type":"Point","coordinates":[121.5531777,25.042583]},"properties":{"data_time":"2026.03.25","source_row_no":"2817901","registration_no":"A-200162291-00001-1","name":"紳奕餐坊","city":"臺北市","district":"大安區","address":"臺北市大安區忠孝東路四段223巷20弄3號","phone":"02-27711259","audit_date":"2026.03.25","business_category":"食品業者","inspection_result":"限期改善","violation_reason":"限期改善","source_type":"衛生稽查違規","source_dataset":"臺北市政府衛生局食藥粧網路地圖","source_url":"https://imap.health.gov.taipei/Index.aspx","aggregate_reference_url":"https://data.gov.tw/dataset/131026","location_method":"來源網站座標","violation_count":1}},{"type":"Feature","geometry":{"type":"Point","coordinates":[121.5295101,25.0329029]},"properties":{"data_time":"2025.12.23","source_row_no":"2822631","registration_no":"A-200164243-00001-0","name":"東海萊姆園","city":"臺北市","district":"大安區","address":"臺北市大安區永康街4巷14號","phone":"0911244274","audit_date":"2025.12.23","business_category":"食品業者","inspection_result":"複查不合格","violation_reason":"複查不合格","source_type":"衛生稽查違規","source_dataset":"臺北市政府衛生局食藥粧網路地圖","source_url":"https://imap.health.gov.taipei/Index.aspx","aggregate_reference_url":"https://data.gov.tw/dataset/131026","location_method":"來源網站座標","violation_count":1}},{"type":"Feature","geometry":{"type":"Point","coordinates":[121.5448969,25.0443241]},"properties":{"data_time":"2025.08.13","source_row_no":"2823901","registration_no":"A-200164972-00000-8","name":"赤綠taiwanippon","city":"臺北市","district":"大安區","address":"臺北市大安區復興南路1段107巷5弄15號地下室","phone":"02-87737609","audit_date":"2025.08.13","business_category":"食品業者","inspection_result":"限期改善","violation_reason":"限期改善","source_type":"衛生稽查違規","source_dataset":"臺北市政府衛生局食藥粧網路地圖","source_url":"https://imap.health.gov.taipei/Index.aspx","aggregate_reference_url":"https://data.gov.tw/dataset/131026","location_method":"來源網站座標","violation_count":1}},{"type":"Feature","geometry":{"type":"Point","coordinates":[121.5055677,25.0464563]},"properties":{"data_time":"2026.04.08","source_row_no":"2828618","registration_no":"A-142638164-00001-3","name":"德立莊PAPA WHALE-打狗霸昆明店","city":"臺北市","district":"萬華區","address":"臺北市萬華區昆明街46號1樓","phone":"02-23313677","audit_date":"2026.04.08","business_category":"食品業者","inspection_result":"限期改善","violation_reason":"限期改善","source_type":"衛生稽查違規","source_dataset":"臺北市政府衛生局食藥粧網路地圖","source_url":"https://imap.health.gov.taipei/Index.aspx","aggregate_reference_url":"https://data.gov.tw/dataset/131026","location_method":"來源網站座標","violation_count":1}},{"type":"Feature","geometry":{"type":"Point","coordinates":[121.541406,24.995065]},"properties":{"data_time":"2026.04.21","source_row_no":"2830350","registration_no":"A-200167046-00001-4","name":"佳香點心大王-佳香點心大王","city":"臺北市","district":"文山區","address":"臺北市文山區羅斯福路6段255號1樓後段","phone":"02-29301235","audit_date":"2026.04.21","business_category":"食品業者","inspection_result":"限期改善","violation_reason":"限期改善","source_type":"衛生稽查違規","source_dataset":"臺北市政府衛生局食藥粧網路地圖","source_url":"https://imap.health.gov.taipei/Index.aspx","aggregate_reference_url":"https://data.gov.tw/dataset/131026","location_method":"來源網站座標","violation_count":1}},{"type":"Feature","geometry":{"type":"Point","coordinates":[121.4962369,25.0285569]},"properties":{"data_time":"2025.11.19","source_row_no":"2836528","registration_no":"A-180529551-00005-8","name":"連大莊企業有限公司-華江高中熱食部","city":"臺北市","district":"萬華區","address":"臺北市萬華區西藏路213號","phone":"02-28228807","audit_date":"2025.11.19","business_category":"食品業者","inspection_result":"限期改善","violation_reason":"限期改善","source_type":"衛生稽查違規","source_dataset":"臺北市政府衛生局食藥粧網路地圖","source_url":"https://imap.health.gov.taipei/Index.aspx","aggregate_reference_url":"https://data.gov.tw/dataset/131026","location_method":"來源網站座標","violation_count":1}},{"type":"Feature","geometry":{"type":"Point","coordinates":[121.5163679,25.057265]},"properties":{"data_time":"2026.04.28","source_row_no":"2843903","registration_no":"A-142350491-00001-7","name":"艋舺雞排-寧夏店","city":"臺北市","district":"大同區","address":"臺北市大同區民生西路207號","phone":"0970770077","audit_date":"2026.04.28","business_category":"食品業者","inspection_result":"限期改善","violation_reason":"限期改善","source_type":"衛生稽查違規","source_dataset":"臺北市政府衛生局食藥粧網路地圖","source_url":"https://imap.health.gov.taipei/Index.aspx","aggregate_reference_url":"https://data.gov.tw/dataset/131026","location_method":"來源網站座標","violation_count":1}},{"type":"Feature","geometry":{"type":"Point","coordinates":[121.5188452,25.0292211]},"properties":{"data_time":"2026.03.16","source_row_no":"2860229","registration_no":"A-200173271-00001-1","name":"鐵路便當","city":"臺北市","district":"中正區","address":"臺北市中正區南昌路1段28號","phone":"02-23968070","audit_date":"2026.03.16","business_category":"食品業者","inspection_result":"限期改善","violation_reason":"限期改善","source_type":"衛生稽查違規","source_dataset":"臺北市政府衛生局食藥粧網路地圖","source_url":"https://imap.health.gov.taipei/Index.aspx","aggregate_reference_url":"https://data.gov.tw/dataset/131026","location_method":"來源網站座標","violation_count":1}},{"type":"Feature","geometry":{"type":"Point","coordinates":[121.5339459,25.0138107]},"properties":{"data_time":"2026.04.17","source_row_no":"2860270","registration_no":"A-200150685-00002-6","name":"轉轉發現義大利麵-轉轉發現義大利麵","city":"臺北市","district":"中正區","address":"臺北市中正區汀州路3段140號1樓","phone":"02-2365-8138","audit_date":"2026.04.17","business_category":"食品業者","inspection_result":"限期改善","violation_reason":"限期改善","source_type":"衛生稽查違規","source_dataset":"臺北市政府衛生局食藥粧網路地圖","source_url":"https://imap.health.gov.taipei/Index.aspx","aggregate_reference_url":"https://data.gov.tw/dataset/131026","location_method":"來源網站座標","violation_count":1}},{"type":"Feature","geometry":{"type":"Point","coordinates":[121.5467284,25.0610896]},"properties":{"data_time":"2026.03.16","source_row_no":"2864037","registration_no":"A-183160299-00007-3","name":"蒜翻天食品有限公司-台北敦化店","city":"臺北市","district":"松山區","address":"臺北市松山區民權東路三段140巷13號","phone":"0958599693","audit_date":"2026.03.16","business_category":"食品業者","inspection_result":"限期改善","violation_reason":"限期改善","source_type":"衛生稽查違規","source_dataset":"臺北市政府衛生局食藥粧網路地圖","source_url":"https://imap.health.gov.taipei/Index.aspx","aggregate_reference_url":"https://data.gov.tw/dataset/131026","location_method":"來源網站座標","violation_count":1}},{"type":"Feature","geometry":{"type":"Point","coordinates":[121.570774,24.9859019]},"properties":{"data_time":"2026.04.08","source_row_no":"2876175","registration_no":"A-200176850-00000-6","name":"北平餡餅粥","city":"臺北市","district":"文山區","address":"臺北市文山區木新路2段59、61號","phone":"02-29362286","audit_date":"2026.04.08","business_category":"食品業者","inspection_result":"限期改善","violation_reason":"限期改善","source_type":"衛生稽查違規","source_dataset":"臺北市政府衛生局食藥粧網路地圖","source_url":"https://imap.health.gov.taipei/Index.aspx","aggregate_reference_url":"https://data.gov.tw/dataset/131026","location_method":"來源網站座標","violation_count":1}},{"type":"Feature","geometry":{"type":"Point","coordinates":[121.5152086,25.0320387]},"properties":{"data_time":"2025.10.27","source_row_no":"2892816","registration_no":"A-170472679-00136-0","name":"八方雲集國際股份有限公司-台北南海店","city":"臺北市","district":"中正區","address":"臺北市中正區南海路50之1號","phone":"02-33222109","audit_date":"2025.10.27","business_category":"食品業者","inspection_result":"限期改善","violation_reason":"限期改善","source_type":"衛生稽查違規","source_dataset":"臺北市政府衛生局食藥粧網路地圖","source_url":"https://imap.health.gov.taipei/Index.aspx","aggregate_reference_url":"https://data.gov.tw/dataset/131026","location_method":"來源網站座標","violation_count":1}},{"type":"Feature","geometry":{"type":"Point","coordinates":[121.51852140000005,25.0320629]},"properties":{"data_time":"2026.04.24","source_row_no":"2899069","registration_no":"A-172995322-00001-8","name":"金峰魯肉飯-金峰魯肉飯","city":"臺北市","district":"中正區","address":"臺北市中正區羅斯福路1段10號之2及10號2樓之2","phone":"02-23211088","audit_date":"2026.04.24","business_category":"食品業者","inspection_result":"限期改善","violation_reason":"限期改善","source_type":"衛生稽查違規","source_dataset":"臺北市政府衛生局食藥粧網路地圖","source_url":"https://imap.health.gov.taipei/Index.aspx","aggregate_reference_url":"https://data.gov.tw/dataset/131026","location_method":"來源網站座標","violation_count":1}},{"type":"Feature","geometry":{"type":"Point","coordinates":[121.5333224,25.0405786]},"properties":{"data_time":"2026.03.16","source_row_no":"2921270","registration_no":"A-200192232-00000-8","name":"濟南路水煎包","city":"臺北市","district":"大安區","address":"臺北市大安區濟南路3段5巷3號","phone":"27523133","audit_date":"2026.03.16","business_category":"食品業者","inspection_result":"限期改善","violation_reason":"限期改善","source_type":"衛生稽查違規","source_dataset":"臺北市政府衛生局食藥粧網路地圖","source_url":"https://imap.health.gov.taipei/Index.aspx","aggregate_reference_url":"https://data.gov.tw/dataset/131026","location_method":"來源網站座標","violation_count":1}},{"type":"Feature","geometry":{"type":"Point","coordinates":[121.5072498,25.0450023]},"properties":{"data_time":"2026.04.01","source_row_no":"2923123","registration_no":"A-200193482-00001-7","name":"元之寶拉麵湯餃館","city":"臺北市","district":"萬華區","address":"臺北市萬華區漢口街2段34巷13號1樓","phone":"02-23755862","audit_date":"2026.04.01","business_category":"食品業者","inspection_result":"限期改善","violation_reason":"限期改善","source_type":"衛生稽查違規","source_dataset":"臺北市政府衛生局食藥粧網路地圖","source_url":"https://imap.health.gov.taipei/Index.aspx","aggregate_reference_url":"https://data.gov.tw/dataset/131026","location_method":"來源網站座標","violation_count":1}},{"type":"Feature","geometry":{"type":"Point","coordinates":[121.5187058,25.0889187]},"properties":{"data_time":"2026.03.19","source_row_no":"2923948","registration_no":"A-200192397-00001-1","name":"冰來醬擋","city":"臺北市","district":"士林區","address":"臺北市士林區後港里大南路３０８號１樓","phone":"02-28803099","audit_date":"2026.03.19","business_category":"食品業者","inspection_result":"限期改善","violation_reason":"限期改善","source_type":"衛生稽查違規","source_dataset":"臺北市政府衛生局食藥粧網路地圖","source_url":"https://imap.health.gov.taipei/Index.aspx","aggregate_reference_url":"https://data.gov.tw/dataset/131026","location_method":"來源網站座標","violation_count":1}},{"type":"Feature","geometry":{"type":"Point","coordinates":[121.5250135,25.0675758]},"properties":{"data_time":"2025.09.02","source_row_no":"2926678","registration_no":"A-200194642-00001-6","name":"莉山菲律賓料理-莉山菲律賓料理","city":"臺北市","district":"中山區","address":"臺北市中山區雙城街43巷17號一樓","phone":"02-25966713","audit_date":"2025.09.02","business_category":"食品業者","inspection_result":"複查不合格","violation_reason":"複查不合格","source_type":"衛生稽查違規","source_dataset":"臺北市政府衛生局食藥粧網路地圖","source_url":"https://imap.health.gov.taipei/Index.aspx","aggregate_reference_url":"https://data.gov.tw/dataset/131026","location_method":"來源網站座標","violation_count":1}},{"type":"Feature","geometry":{"type":"Point","coordinates":[121.5642894,25.0490485]},"properties":{"data_time":"2026.03.17","source_row_no":"2927542","registration_no":"A-183051594-00001-4","name":"萬宜豐股份有限公司-萬客什鍋","city":"臺北市","district":"松山區","address":"臺北市松山區八德路4段217號1摟","phone":"02-27485133","audit_date":"2026.03.17","business_category":"食品業者","inspection_result":"限期改善","violation_reason":"限期改善","source_type":"衛生稽查違規","source_dataset":"臺北市政府衛生局食藥粧網路地圖","source_url":"https://imap.health.gov.taipei/Index.aspx","aggregate_reference_url":"https://data.gov.tw/dataset/131026","location_method":"來源網站座標","violation_count":1}},{"type":"Feature","geometry":{"type":"Point","coordinates":[121.5649762,25.0608443]},"properties":{"data_time":"2026.03.25","source_row_no":"2928629","registration_no":"A-200192259-00001-8","name":"無市招米粉湯","city":"臺北市","district":"松山區","address":"臺北市松山區富錦街518之1號","phone":"02-27646940","audit_date":"2026.03.25","business_category":"食品業者","inspection_result":"限期改善","violation_reason":"限期改善","source_type":"衛生稽查違規","source_dataset":"臺北市政府衛生局食藥粧網路地圖","source_url":"https://imap.health.gov.taipei/Index.aspx","aggregate_reference_url":"https://data.gov.tw/dataset/131026","location_method":"來源網站座標","violation_count":1}},{"type":"Feature","geometry":{"type":"Point","coordinates":[121.5662615,25.0627773]},"properties":{"data_time":"2026.04.21","source_row_no":"2937275","registration_no":"A-200197122-00001-2","name":"蔡老師蔬食民生店-蔡老師蔬食民生店","city":"臺北市","district":"松山區","address":"臺北市松山區富錦街581巷24號1樓","phone":"02-27660885","audit_date":"2026.04.21","business_category":"食品業者","inspection_result":"限期改善","violation_reason":"限期改善","source_type":"衛生稽查違規","source_dataset":"臺北市政府衛生局食藥粧網路地圖","source_url":"https://imap.health.gov.taipei/Index.aspx","aggregate_reference_url":"https://data.gov.tw/dataset/131026","location_method":"來源網站座標","violation_count":1}},{"type":"Feature","geometry":{"type":"Point","coordinates":[121.6174295,25.0751922]},"properties":{"data_time":"2026.04.17","source_row_no":"2990389","registration_no":"A-200219406-00000-1","name":"阿枝早點","city":"臺北市","district":"內湖區","address":"臺北市內湖區安泰街53巷16號1樓","phone":"02-26313502","audit_date":"2026.04.17","business_category":"食品業者","inspection_result":"限期改善","violation_reason":"限期改善","source_type":"衛生稽查違規","source_dataset":"臺北市政府衛生局食藥粧網路地圖","source_url":"https://imap.health.gov.taipei/Index.aspx","aggregate_reference_url":"https://data.gov.tw/dataset/131026","location_method":"來源網站座標","violation_count":1}},{"type":"Feature","geometry":{"type":"Point","coordinates":[121.5725769,25.0502189]},"properties":{"data_time":"2026.04.01","source_row_no":"2992624","registration_no":"A-182873559-00002-7","name":"進發家-金好家股份有限公司台北饒河門市","city":"臺北市","district":"松山區","address":"臺北市松山區饒河街39號","phone":"02-27661858","audit_date":"2026.04.01","business_category":"食品業者","inspection_result":"限期改善","violation_reason":"限期改善","source_type":"衛生稽查違規","source_dataset":"臺北市政府衛生局食藥粧網路地圖","source_url":"https://imap.health.gov.taipei/Index.aspx","aggregate_reference_url":"https://data.gov.tw/dataset/131026","location_method":"來源網站座標","violation_count":1}},{"type":"Feature","geometry":{"type":"Point","coordinates":[121.553424,25.0521561]},"properties":{"data_time":"2025.09.17","source_row_no":"3008982","registration_no":"A-200215794-00001-8","name":"馬克與鐵鍋","city":"臺北市","district":"松山區","address":"臺北市松山區南京東路四段75巷14弄3號","phone":"0980171280","audit_date":"2025.09.17","business_category":"食品業者","inspection_result":"複查不合格","violation_reason":"複查不合格","source_type":"衛生稽查違規","source_dataset":"臺北市政府衛生局食藥粧網路地圖","source_url":"https://imap.health.gov.taipei/Index.aspx","aggregate_reference_url":"https://data.gov.tw/dataset/131026","location_method":"來源網站座標","violation_count":1}},{"type":"Feature","geometry":{"type":"Point","coordinates":[121.5210206,25.1185042]},"properties":{"data_time":"2026.03.18","source_row_no":"3013169","registration_no":"A-153830589-00038-0","name":"這一鍋餐飲股份有限公司-這一小鍋台北北護店","city":"臺北市","district":"北投區","address":"臺北市北投區明德路365號第三學生宿舍大樓2樓(台北護理健康大學)","phone":"02-28212183","audit_date":"2026.03.18","business_category":"食品業者","inspection_result":"限期改善","violation_reason":"限期改善","source_type":"衛生稽查違規","source_dataset":"臺北市政府衛生局食藥粧網路地圖","source_url":"https://imap.health.gov.taipei/Index.aspx","aggregate_reference_url":"https://data.gov.tw/dataset/131026","location_method":"來源網站座標","violation_count":1}},{"type":"Feature","geometry":{"type":"Point","coordinates":[121.5567664,25.0343496]},"properties":{"data_time":"2026.02.04","source_row_no":"3014370","registration_no":"A-182856876-00001-9","name":"REV-NOW","city":"臺北市","district":"大安區","address":"臺北市大安區延吉街259號地下","phone":"0909343356","audit_date":"2026.02.04","business_category":"食品業者","inspection_result":"限期改善","violation_reason":"限期改善","source_type":"衛生稽查違規","source_dataset":"臺北市政府衛生局食藥粧網路地圖","source_url":"https://imap.health.gov.taipei/Index.aspx","aggregate_reference_url":"https://data.gov.tw/dataset/131026","location_method":"來源網站座標","violation_count":1}},{"type":"Feature","geometry":{"type":"Point","coordinates":[121.524094,25.0608149]},"properties":{"data_time":"2026.01.19","source_row_no":"3019889","registration_no":"A-180697487-00001-8","name":"上鈿有限公司","city":"臺北市","district":"中山區","address":"臺北市中山區中山北路2段115巷16號1樓","phone":"0989264105","audit_date":"2026.01.19","business_category":"食品業者","inspection_result":"限期改善","violation_reason":"限期改善","source_type":"衛生稽查違規","source_dataset":"臺北市政府衛生局食藥粧網路地圖","source_url":"https://imap.health.gov.taipei/Index.aspx","aggregate_reference_url":"https://data.gov.tw/dataset/131026","location_method":"來源網站座標","violation_count":1}},{"type":"Feature","geometry":{"type":"Point","coordinates":[121.5926845,25.0691175]},"properties":{"data_time":"2026.01.16","source_row_no":"3020395","registration_no":"A-190474669-00001-4","name":"HSQ COFFEE","city":"臺北市","district":"內湖區","address":"臺北市內湖區民權東路6段121之1號","phone":"0287922559","audit_date":"2026.01.16","business_category":"食品業者","inspection_result":"限期改善","violation_reason":"限期改善","source_type":"衛生稽查違規","source_dataset":"臺北市政府衛生局食藥粧網路地圖","source_url":"https://imap.health.gov.taipei/Index.aspx","aggregate_reference_url":"https://data.gov.tw/dataset/131026","location_method":"來源網站座標","violation_count":1}},{"type":"Feature","geometry":{"type":"Point","coordinates":[121.5488112,25.1001805]},"properties":{"data_time":"2026.03.03","source_row_no":"3021273","registration_no":"A-142727567-00002-0","name":"金鉑國際股份有限公司-閒居賦","city":"臺北市","district":"士林區","address":"臺北市士林區至善路2段221號","phone":"02-28832946","audit_date":"2026.03.03","business_category":"食品業者","inspection_result":"限期改善","violation_reason":"限期改善","source_type":"衛生稽查違規","source_dataset":"臺北市政府衛生局食藥粧網路地圖","source_url":"https://imap.health.gov.taipei/Index.aspx","aggregate_reference_url":"https://data.gov.tw/dataset/131026","location_method":"來源網站座標","violation_count":1}},{"type":"Feature","geometry":{"type":"Point","coordinates":[121.532007,25.015924]},"properties":{"data_time":"2026.03.26","source_row_no":"3021339","registration_no":"A-190254980-00001-6","name":"池先生kopitiam 公館店-池先生kopitiam 公館店","city":"臺北市","district":"中正區","address":"臺北市中正區羅斯福路3段284巷10號1樓","phone":"02-2367-6989","audit_date":"2026.03.26","business_category":"食品業者","inspection_result":"限期改善","violation_reason":"限期改善","source_type":"衛生稽查違規","source_dataset":"臺北市政府衛生局食藥粧網路地圖","source_url":"https://imap.health.gov.taipei/Index.aspx","aggregate_reference_url":"https://data.gov.tw/dataset/131026","location_method":"來源網站座標","violation_count":1}},{"type":"Feature","geometry":{"type":"Point","coordinates":[121.5207243,25.0520942]},"properties":{"data_time":"2026.04.17","source_row_no":"3022154","registration_no":"A-142980364-00022-8","name":"Baskin Robbins 31冰淇淋-Baskin Robbins 31冰淇淋","city":"臺北市","district":"中山區","address":"臺北市中山區南京西路14號1樓","phone":"02-25118345","audit_date":"2026.04.17","business_category":"食品業者","inspection_result":"限期改善","violation_reason":"限期改善","source_type":"衛生稽查違規","source_dataset":"臺北市政府衛生局食藥粧網路地圖","source_url":"https://imap.health.gov.taipei/Index.aspx","aggregate_reference_url":"https://data.gov.tw/dataset/131026","location_method":"來源網站座標","violation_count":1}},{"type":"Feature","geometry":{"type":"Point","coordinates":[121.5254104,25.0923151]},"properties":{"data_time":"2026.03.25","source_row_no":"3022425","registration_no":"A-200213998-00001-2","name":"SHILIN放感情-長家企業社","city":"臺北市","district":"士林區","address":"臺北市士林區大東路152號1樓","phone":"0930354886","audit_date":"2026.03.25","business_category":"食品業者","inspection_result":"限期改善","violation_reason":"限期改善","source_type":"衛生稽查違規","source_dataset":"臺北市政府衛生局食藥粧網路地圖","source_url":"https://imap.health.gov.taipei/Index.aspx","aggregate_reference_url":"https://data.gov.tw/dataset/131026","location_method":"來源網站座標","violation_count":1}},{"type":"Feature","geometry":{"type":"Point","coordinates":[121.537509,25.0447598]},"properties":{"data_time":"2025.10.30","source_row_no":"3023041","registration_no":"A-153736418-00002-7","name":"福氣來企業有限公司-福氣和食","city":"臺北市","district":"中正區","address":"臺北市中正區市民大道1段100號地下街輕食區29號","phone":"02-2558-9475","audit_date":"2025.10.30","business_category":"食品業者","inspection_result":"限期改善","violation_reason":"限期改善","source_type":"衛生稽查違規","source_dataset":"臺北市政府衛生局食藥粧網路地圖","source_url":"https://imap.health.gov.taipei/Index.aspx","aggregate_reference_url":"https://data.gov.tw/dataset/131026","location_method":"來源網站座標","violation_count":1}},{"type":"Feature","geometry":{"type":"Point","coordinates":[121.5456629,24.9951405]},"properties":{"data_time":"2026.03.31","source_row_no":"3023800","registration_no":"A-200230052-00001-2","name":"幸福八十號美味早餐","city":"臺北市","district":"文山區","address":"臺北市文山區景華街90號","phone":"02-29313265","audit_date":"2026.03.31","business_category":"食品業者","inspection_result":"限期改善","violation_reason":"限期改善","source_type":"衛生稽查違規","source_dataset":"臺北市政府衛生局食藥粧網路地圖","source_url":"https://imap.health.gov.taipei/Index.aspx","aggregate_reference_url":"https://data.gov.tw/dataset/131026","location_method":"來源網站座標","violation_count":1}},{"type":"Feature","geometry":{"type":"Point","coordinates":[121.5152982,25.0461497]},"properties":{"data_time":"2026.04.01","source_row_no":"3024167","registration_no":"A-154716283-00002-6","name":"共好餐飲管理顧問有限公司-藍象廷泰.鍋-台北新光站前店","city":"臺北市","district":"中正區","address":"臺北市中正區忠孝西路一段66號B1","phone":"02-23110809","audit_date":"2026.04.01","business_category":"食品業者","inspection_result":"限期改善","violation_reason":"限期改善","source_type":"衛生稽查違規","source_dataset":"臺北市政府衛生局食藥粧網路地圖","source_url":"https://imap.health.gov.taipei/Index.aspx","aggregate_reference_url":"https://data.gov.tw/dataset/131026","location_method":"來源網站座標","violation_count":1}},{"type":"Feature","geometry":{"type":"Point","coordinates":[121.5228567,25.052522]},"properties":{"data_time":"2025.09.04","source_row_no":"3024563","registration_no":"A-150900028-00001-3","name":"狸君-狸君","city":"臺北市","district":"中山區","address":"臺北市中山區中山北路1段121巷28號1樓","phone":"02-25318278","audit_date":"2025.09.04","business_category":"食品業者","inspection_result":"複查不合格","violation_reason":"複查不合格","source_type":"衛生稽查違規","source_dataset":"臺北市政府衛生局食藥粧網路地圖","source_url":"https://imap.health.gov.taipei/Index.aspx","aggregate_reference_url":"https://data.gov.tw/dataset/131026","location_method":"來源網站座標","violation_count":1}},{"type":"Feature","geometry":{"type":"Point","coordinates":[121.546432,25.136518]},"properties":{"data_time":"2026.04.07","source_row_no":"3025480","registration_no":"A-200226794-00001-0","name":"越廚香","city":"臺北市","district":"士林區","address":"臺北市士林區格致路１８號","phone":"0228618686","audit_date":"2026.04.07","business_category":"食品業者","inspection_result":"限期改善","violation_reason":"限期改善","source_type":"衛生稽查違規","source_dataset":"臺北市政府衛生局食藥粧網路地圖","source_url":"https://imap.health.gov.taipei/Index.aspx","aggregate_reference_url":"https://data.gov.tw/dataset/131026","location_method":"來源網站座標","violation_count":1}},{"type":"Feature","geometry":{"type":"Point","coordinates":[121.5678556,25.0831488]},"properties":{"data_time":"2026.01.09","source_row_no":"3026014","registration_no":"A-200229208-00001-3","name":"全哥鵝肉小炒店-全哥鵝肉小炒店","city":"臺北市","district":"內湖區","address":"臺北市內湖區內湖路1段323巷4弄6號","phone":"02-26279359","audit_date":"2026.01.09","business_category":"食品業者","inspection_result":"限期改善","violation_reason":"限期改善","source_type":"衛生稽查違規","source_dataset":"臺北市政府衛生局食藥粧網路地圖","source_url":"https://imap.health.gov.taipei/Index.aspx","aggregate_reference_url":"https://data.gov.tw/dataset/131026","location_method":"來源網站座標","violation_count":1}},{"type":"Feature","geometry":{"type":"Point","coordinates":[121.5631683,25.0517349]},"properties":{"data_time":"2026.04.22","source_row_no":"3026818","registration_no":"A-200241509-00000-0","name":"南京果汁吧","city":"臺北市","district":"松山區","address":"臺北市松山區南京東路5段163之7號","phone":"02-27472432","audit_date":"2026.04.22","business_category":"食品業者","inspection_result":"限期改善","violation_reason":"限期改善","source_type":"衛生稽查違規","source_dataset":"臺北市政府衛生局食藥粧網路地圖","source_url":"https://imap.health.gov.taipei/Index.aspx","aggregate_reference_url":"https://data.gov.tw/dataset/131026","location_method":"來源網站座標","violation_count":1}},{"type":"Feature","geometry":{"type":"Point","coordinates":[121.5155346,25.1109429]},"properties":{"data_time":"2025.08.04","source_row_no":"3028338","registration_no":"A-180582719-00391-1","name":"清心福全-台北北投自強店","city":"臺北市","district":"北投區","address":"臺北市北投區自強街115號","phone":"02-28218222","audit_date":"2025.08.04","business_category":"食品業者","inspection_result":"限期改善","violation_reason":"限期改善","source_type":"衛生稽查違規","source_dataset":"臺北市政府衛生局食藥粧網路地圖","source_url":"https://imap.health.gov.taipei/Index.aspx","aggregate_reference_url":"https://data.gov.tw/dataset/131026","location_method":"來源網站座標","violation_count":1}},{"type":"Feature","geometry":{"type":"Point","coordinates":[121.5396205,24.9906018]},"properties":{"data_time":"2026.04.10","source_row_no":"3031612","registration_no":"A-122555003-27934-5","name":"統一超商股份有限公司-滬江","city":"臺北市","district":"文山區","address":"臺北市文山區羅斯福路六段270號","phone":"02-29308537","audit_date":"2026.04.10","business_category":"食品業者","inspection_result":"限期改善","violation_reason":"限期改善","source_type":"衛生稽查違規","source_dataset":"臺北市政府衛生局食藥粧網路地圖","source_url":"https://imap.health.gov.taipei/Index.aspx","aggregate_reference_url":"https://data.gov.tw/dataset/131026","location_method":"來源網站座標","violation_count":1}},{"type":"Feature","geometry":{"type":"Point","coordinates":[121.5025956,25.1328125]},"properties":{"data_time":"2026.01.13","source_row_no":"3031889","registration_no":"A-200156339-00002-8","name":"北投中繼市場444、445、446號攤","city":"臺北市","district":"北投區","address":"臺北市北投區磺港路33號","phone":"0955567594","audit_date":"2026.01.13","business_category":"食品業者","inspection_result":"限期改善","violation_reason":"限期改善","source_type":"衛生稽查違規","source_dataset":"臺北市政府衛生局食藥粧網路地圖","source_url":"https://imap.health.gov.taipei/Index.aspx","aggregate_reference_url":"https://data.gov.tw/dataset/131026","location_method":"來源網站座標","violation_count":1}},{"type":"Feature","geometry":{"type":"Point","coordinates":[121.5417596,25.0463684]},"properties":{"data_time":"2026.03.04","source_row_no":"3033452","registration_no":"A-200232447-00001-2","name":"安東天下食堂","city":"臺北市","district":"中山區","address":"臺北市中山區安東街4之5號","phone":"02-27771163","audit_date":"2026.03.04","business_category":"食品業者","inspection_result":"限期改善","violation_reason":"限期改善","source_type":"衛生稽查違規","source_dataset":"臺北市政府衛生局食藥粧網路地圖","source_url":"https://imap.health.gov.taipei/Index.aspx","aggregate_reference_url":"https://data.gov.tw/dataset/131026","location_method":"來源網站座標","violation_count":1}},{"type":"Feature","geometry":{"type":"Point","coordinates":[121.5247381,25.0241064]},"properties":{"data_time":"2026.04.10","source_row_no":"3034920","registration_no":"A-200058836-00001-0","name":"臺北市南門市場-2F-55、2F-56合歡刀削麵-臺北市南門市場-2F-55、2F-56合歡刀削麵","city":"臺北市","district":"中正區","address":"臺北市中正區羅斯福路1段8號","phone":"02-23964592","audit_date":"2026.04.10","business_category":"食品業者","inspection_result":"限期改善","violation_reason":"限期改善","source_type":"衛生稽查違規","source_dataset":"臺北市政府衛生局食藥粧網路地圖","source_url":"https://imap.health.gov.taipei/Index.aspx","aggregate_reference_url":"https://data.gov.tw/dataset/131026","location_method":"來源網站座標","violation_count":1}},{"type":"Feature","geometry":{"type":"Point","coordinates":[121.5465966,25.0448614]},"properties":{"data_time":"2026.02.23","source_row_no":"3056542","registration_no":"A-200247700-00001-0","name":"東區清粥小菜","city":"臺北市","district":"大安區","address":"臺北市大安區光武里市民大道四段６０號","phone":"0936256722","audit_date":"2026.02.23","business_category":"食品業者","inspection_result":"限期改善","violation_reason":"限期改善","source_type":"衛生稽查違規","source_dataset":"臺北市政府衛生局食藥粧網路地圖","source_url":"https://imap.health.gov.taipei/Index.aspx","aggregate_reference_url":"https://data.gov.tw/dataset/131026","location_method":"來源網站座標","violation_count":1}},{"type":"Feature","geometry":{"type":"Point","coordinates":[121.531367,25.111857]},"properties":{"data_time":"2026.01.24","source_row_no":"3057406","registration_no":"A-179955280-00199-2","name":"饗賓餐旅事業股份有限公司-開飯川食堂-天母店","city":"臺北市","district":"士林區","address":"臺北市士林區忠誠路二段55號5樓","phone":"02-77464806","audit_date":"2026.01.24","business_category":"食品業者","inspection_result":"限期改善","violation_reason":"限期改善","source_type":"衛生稽查違規","source_dataset":"臺北市政府衛生局食藥粧網路地圖","source_url":"https://imap.health.gov.taipei/Index.aspx","aggregate_reference_url":"https://data.gov.tw/dataset/131026","location_method":"來源網站座標","violation_count":1}},{"type":"Feature","geometry":{"type":"Point","coordinates":[121.5688332,25.0432271]},"properties":{"data_time":"2025.01.07","source_row_no":"3060731","registration_no":"A-183266960-00001-9","name":"茗晨有限公司-五桐號市府店","city":"臺北市","district":"信義區","address":"臺北市信義區永吉路30巷117號1樓","phone":"02-27661500","audit_date":"2025.01.07","business_category":"食品業者","inspection_result":"複查不合格","violation_reason":"複查不合格","source_type":"衛生稽查違規","source_dataset":"臺北市政府衛生局食藥粧網路地圖","source_url":"https://imap.health.gov.taipei/Index.aspx","aggregate_reference_url":"https://data.gov.tw/dataset/131026","location_method":"來源網站座標","violation_count":1}},{"type":"Feature","geometry":{"type":"Point","coordinates":[121.5073064,25.0345477]},"properties":{"data_time":"2025.07.22","source_row_no":"3081869","registration_no":"A-200252909-00001-7","name":"京畿道韓式料理-京畿道韓式料理","city":"臺北市","district":"中正區","address":"臺北市中正區延平南路216巷2號","phone":"02-23817896","audit_date":"2025.07.22","business_category":"食品業者","inspection_result":"複查不合格","violation_reason":"複查不合格","source_type":"衛生稽查違規","source_dataset":"臺北市政府衛生局食藥粧網路地圖","source_url":"https://imap.health.gov.taipei/Index.aspx","aggregate_reference_url":"https://data.gov.tw/dataset/131026","location_method":"來源網站座標","violation_count":1}},{"type":"Feature","geometry":{"type":"Point","coordinates":[121.5260591,25.0943453]},"properties":{"data_time":"2026.03.13","source_row_no":"3086624","registration_no":"A-175901404-00000-8","name":"老賴茶棧-老賴茶棧","city":"臺北市","district":"士林區","address":"臺北市士林區中正路235巷34號1樓","phone":"02-28838895","audit_date":"2026.03.13","business_category":"食品業者","inspection_result":"限期改善","violation_reason":"限期改善","source_type":"衛生稽查違規","source_dataset":"臺北市政府衛生局食藥粧網路地圖","source_url":"https://imap.health.gov.taipei/Index.aspx","aggregate_reference_url":"https://data.gov.tw/dataset/131026","location_method":"來源網站座標","violation_count":1}},{"type":"Feature","geometry":{"type":"Point","coordinates":[121.5080496,25.0423091]},"properties":{"data_time":"2025.04.09","source_row_no":"3093169","registration_no":"A-180490319-00026-0","name":"維格餅家股份有限公司-維格餅家-成都門市","city":"臺北市","district":"萬華區","address":"臺北市萬華區成都路3號","phone":"02-23110560","audit_date":"2025.04.09","business_category":"食品業者","inspection_result":"限期改善","violation_reason":"限期改善","source_type":"衛生稽查違規","source_dataset":"臺北市政府衛生局食藥粧網路地圖","source_url":"https://imap.health.gov.taipei/Index.aspx","aggregate_reference_url":"https://data.gov.tw/dataset/131026","location_method":"來源網站座標","violation_count":1}},{"type":"Feature","geometry":{"type":"Point","coordinates":[121.5242186,25.0647365]},"properties":{"data_time":"2026.03.31","source_row_no":"3096340","registration_no":"A-299998865-00001-3","name":"晴光臨時攤販集中場-陳家越南美食-晴光臨時攤販集中場-陳家越南美食","city":"臺北市","district":"中山區","address":"臺北市中山區農安街2巷及雙城街12巷","phone":"0986-337442","audit_date":"2026.03.31","business_category":"食品業者","inspection_result":"限期改善","violation_reason":"限期改善","source_type":"衛生稽查違規","source_dataset":"臺北市政府衛生局食藥粧網路地圖","source_url":"https://imap.health.gov.taipei/Index.aspx","aggregate_reference_url":"https://data.gov.tw/dataset/131026","location_method":"來源網站座標","violation_count":1}},{"type":"Feature","geometry":{"type":"Point","coordinates":[121.5508709,25.0021496]},"properties":{"data_time":"2026.03.09","source_row_no":"3115669","registration_no":"A-278966081-00001-5","name":"黃山羊咖啡店","city":"臺北市","district":"文山區","address":"臺北市文山區興隆路2段233巷6弄6號1樓","phone":"0908069635","audit_date":"2026.03.09","business_category":"食品業者","inspection_result":"限期改善","violation_reason":"限期改善","source_type":"衛生稽查違規","source_dataset":"臺北市政府衛生局食藥粧網路地圖","source_url":"https://imap.health.gov.taipei/Index.aspx","aggregate_reference_url":"https://data.gov.tw/dataset/131026","location_method":"來源網站座標","violation_count":1}},{"type":"Feature","geometry":{"type":"Point","coordinates":[121.5485305,25.0434556]},"properties":{"data_time":"2026.02.09","source_row_no":"3119359","registration_no":"A-278960724-00001-3","name":"穩站玖餐飲企業社","city":"臺北市","district":"大安區","address":"臺北市大安區敦化南路1段160巷32號","phone":"0910038312","audit_date":"2026.02.09","business_category":"食品業者","inspection_result":"限期改善","violation_reason":"限期改善","source_type":"衛生稽查違規","source_dataset":"臺北市政府衛生局食藥粧網路地圖","source_url":"https://imap.health.gov.taipei/Index.aspx","aggregate_reference_url":"https://data.gov.tw/dataset/131026","location_method":"來源網站座標","violation_count":1}},{"type":"Feature","geometry":{"type":"Point","coordinates":[121.5346579,25.0452716]},"properties":{"data_time":"2025.05.05","source_row_no":"3121374","registration_no":"A-188308671-00001-0","name":"大道創意快炒","city":"臺北市","district":"中山區","address":"臺北市中山區市民大道3段35號1樓","phone":"02-27578988","audit_date":"2025.05.05","business_category":"食品業者","inspection_result":"限期改善","violation_reason":"限期改善","source_type":"衛生稽查違規","source_dataset":"臺北市政府衛生局食藥粧網路地圖","source_url":"https://imap.health.gov.taipei/Index.aspx","aggregate_reference_url":"https://data.gov.tw/dataset/131026","location_method":"來源網站座標","violation_count":1}},{"type":"Feature","geometry":{"type":"Point","coordinates":[121.5476087,25.0502527]},"properties":{"data_time":"2026.04.16","source_row_no":"3122955","registration_no":"A-190323071-00011-5","name":"豊漁餐飲-初魚鉄板料亭-敦北","city":"臺北市","district":"松山區","address":"臺北市松山區敦化北路4巷16號1樓","phone":"02-87738897","audit_date":"2026.04.16","business_category":"食品業者","inspection_result":"限期改善","violation_reason":"限期改善","source_type":"衛生稽查違規","source_dataset":"臺北市政府衛生局食藥粧網路地圖","source_url":"https://imap.health.gov.taipei/Index.aspx","aggregate_reference_url":"https://data.gov.tw/dataset/131026","location_method":"來源網站座標","violation_count":1}},{"type":"Feature","geometry":{"type":"Point","coordinates":[121.5895023,25.0681384]},"properties":{"data_time":"2026.03.16","source_row_no":"3123228","registration_no":"A-183083667-00001-0","name":"圓安宴","city":"臺北市","district":"內湖區","address":"臺北市內湖區成功路二段324巷2號","phone":"02-27927038","audit_date":"2026.03.16","business_category":"食品業者","inspection_result":"限期改善","violation_reason":"限期改善","source_type":"衛生稽查違規","source_dataset":"臺北市政府衛生局食藥粧網路地圖","source_url":"https://imap.health.gov.taipei/Index.aspx","aggregate_reference_url":"https://data.gov.tw/dataset/131026","location_method":"來源網站座標","violation_count":1}},{"type":"Feature","geometry":{"type":"Point","coordinates":[121.5260712,25.0943006]},"properties":{"data_time":"2026.02.03","source_row_no":"3125641","registration_no":"A-188371630-00000-4","name":"富宬商行","city":"臺北市","district":"士林區","address":"臺北市士林區中正路235巷36號","phone":"02-28801078","audit_date":"2026.02.03","business_category":"食品業者","inspection_result":"限期改善","violation_reason":"限期改善","source_type":"衛生稽查違規","source_dataset":"臺北市政府衛生局食藥粧網路地圖","source_url":"https://imap.health.gov.taipei/Index.aspx","aggregate_reference_url":"https://data.gov.tw/dataset/131026","location_method":"來源網站座標","violation_count":1}},{"type":"Feature","geometry":{"type":"Point","coordinates":[121.5652968,25.0406521]},"properties":{"data_time":"2026.04.15","source_row_no":"3129217","registration_no":"A-152942024-00001-7","name":"人从众厚切牛排-人从众厚切牛排 台北永春店","city":"臺北市","district":"信義區","address":"臺北市信義區忠孝東路5段396號地下","phone":"02-87860950","audit_date":"2026.04.15","business_category":"食品業者","inspection_result":"限期改善","violation_reason":"限期改善","source_type":"衛生稽查違規","source_dataset":"臺北市政府衛生局食藥粧網路地圖","source_url":"https://imap.health.gov.taipei/Index.aspx","aggregate_reference_url":"https://data.gov.tw/dataset/131026","location_method":"來源網站座標","violation_count":1}},{"type":"Feature","geometry":{"type":"Point","coordinates":[121.5214384,25.0578889]},"properties":{"data_time":"2026.02.24","source_row_no":"3137621","registration_no":"A-200250577-00001-6","name":"莊家班麻油雞 雙連店-莊家班麻油雞 雙連店","city":"臺北市","district":"中山區","address":"臺北市中山區民生西路19號","phone":"02-25215777","audit_date":"2026.02.24","business_category":"食品業者","inspection_result":"複查不合格","violation_reason":"複查不合格","source_type":"衛生稽查違規","source_dataset":"臺北市政府衛生局食藥粧網路地圖","source_url":"https://imap.health.gov.taipei/Index.aspx","aggregate_reference_url":"https://data.gov.tw/dataset/131026","location_method":"來源網站座標","violation_count":1}},{"type":"Feature","geometry":{"type":"Point","coordinates":[121.5756847,25.0498897]},"properties":{"data_time":"2026.04.23","source_row_no":"3138769","registration_no":"A-189124525-00001-5","name":"VGest低碳披薩-VGest低碳披薩","city":"臺北市","district":"松山區","address":"臺北市松山區八德路四段658號","phone":"02-27666123","audit_date":"2026.04.23","business_category":"食品業者","inspection_result":"限期改善","violation_reason":"限期改善","source_type":"衛生稽查違規","source_dataset":"臺北市政府衛生局食藥粧網路地圖","source_url":"https://imap.health.gov.taipei/Index.aspx","aggregate_reference_url":"https://data.gov.tw/dataset/131026","location_method":"來源網站座標","violation_count":1}},{"type":"Feature","geometry":{"type":"Point","coordinates":[121.566939,25.0836474]},"properties":{"data_time":"2026.03.13","source_row_no":"3139347","registration_no":"A-278965559-00001-4","name":"大勝手作早午餐","city":"臺北市","district":"內湖區","address":"臺北市內湖區內湖路1段285巷68弄11號","phone":"0912446255","audit_date":"2026.03.13","business_category":"食品業者","inspection_result":"限期改善","violation_reason":"限期改善","source_type":"衛生稽查違規","source_dataset":"臺北市政府衛生局食藥粧網路地圖","source_url":"https://imap.health.gov.taipei/Index.aspx","aggregate_reference_url":"https://data.gov.tw/dataset/131026","location_method":"來源網站座標","violation_count":1}},{"type":"Feature","geometry":{"type":"Point","coordinates":[121.564046,25.0285374]},"properties":{"data_time":"2025.06.10","source_row_no":"3142548","registration_no":"A-278966859-00001-8","name":"台北得力水餃王","city":"臺北市","district":"信義區","address":"臺北市信義區景新里莊敬路３２５巷１９號１樓","phone":"0902255363","audit_date":"2025.06.10","business_category":"食品業者","inspection_result":"限期改善","violation_reason":"限期改善","source_type":"衛生稽查違規","source_dataset":"臺北市政府衛生局食藥粧網路地圖","source_url":"https://imap.health.gov.taipei/Index.aspx","aggregate_reference_url":"https://data.gov.tw/dataset/131026","location_method":"來源網站座標","violation_count":1}},{"type":"Feature","geometry":{"type":"Point","coordinates":[121.5154329,25.0469357]},"properties":{"data_time":"2026.04.28","source_row_no":"3147952","registration_no":"A-154181892-00405-5","name":"台灣善商股份有限公司-1048台灣善商股份有限公司SUKIYA北車K區門市","city":"臺北市","district":"中正區","address":"臺北市中正區忠孝西路一段47號B1F","phone":"02-25422828","audit_date":"2026.04.28","business_category":"食品業者","inspection_result":"限期改善","violation_reason":"限期改善","source_type":"衛生稽查違規","source_dataset":"臺北市政府衛生局食藥粧網路地圖","source_url":"https://imap.health.gov.taipei/Index.aspx","aggregate_reference_url":"https://data.gov.tw/dataset/131026","location_method":"來源網站座標","violation_count":1}},{"type":"Feature","geometry":{"type":"Point","coordinates":[121.5043166,25.1370349]},"properties":{"data_time":"2026.03.31","source_row_no":"3152177","registration_no":"A-154181892-00450-5","name":"台灣善商股份有限公司-1067 SUKIYA新北投站前","city":"臺北市","district":"北投區","address":"臺北市北投區泉源路12-1號1樓","phone":"0800-031131","audit_date":"2026.03.31","business_category":"食品業者","inspection_result":"限期改善","violation_reason":"限期改善","source_type":"衛生稽查違規","source_dataset":"臺北市政府衛生局食藥粧網路地圖","source_url":"https://imap.health.gov.taipei/Index.aspx","aggregate_reference_url":"https://data.gov.tw/dataset/131026","location_method":"來源網站座標","violation_count":1}},{"type":"Feature","geometry":{"type":"Point","coordinates":[121.5187121,25.0730044]},"properties":{"data_time":"2026.04.08","source_row_no":"3157505","registration_no":"A-190049428-00001-5","name":"明煬四方有限公司-圓山殿","city":"臺北市","district":"大同區","address":"臺北市大同區承德路三段246號","phone":"0223450299","audit_date":"2026.04.08","business_category":"食品業者","inspection_result":"限期改善","violation_reason":"限期改善","source_type":"衛生稽查違規","source_dataset":"臺北市政府衛生局食藥粧網路地圖","source_url":"https://imap.health.gov.taipei/Index.aspx","aggregate_reference_url":"https://data.gov.tw/dataset/131026","location_method":"來源網站座標","violation_count":1}},{"type":"Feature","geometry":{"type":"Point","coordinates":[121.5071909,25.0447708]},"properties":{"data_time":"2026.02.09","source_row_no":"3162848","registration_no":"A-184630426-00554-5","name":"王品餐飲股份有限公司-金咕台北捷運西門店","city":"臺北市","district":"萬華區","address":"臺北市萬華區武昌街二段57號2樓、3樓","phone":"02-23121988","audit_date":"2026.02.09","business_category":"食品業者","inspection_result":"限期改善","violation_reason":"限期改善","source_type":"衛生稽查違規","source_dataset":"臺北市政府衛生局食藥粧網路地圖","source_url":"https://imap.health.gov.taipei/Index.aspx","aggregate_reference_url":"https://data.gov.tw/dataset/131026","location_method":"來源網站座標","violation_count":1}},{"type":"Feature","geometry":{"type":"Point","coordinates":[121.5060954,25.0451517]},"properties":{"data_time":"2026.03.09","source_row_no":"3172808","registration_no":"A-202262953-00001-9","name":"巧雅麵食館","city":"臺北市","district":"萬華區","address":"臺北市萬華區西寧南路81號1樓","phone":"23883937","audit_date":"2026.03.09","business_category":"食品業者","inspection_result":"限期改善","violation_reason":"限期改善","source_type":"衛生稽查違規","source_dataset":"臺北市政府衛生局食藥粧網路地圖","source_url":"https://imap.health.gov.taipei/Index.aspx","aggregate_reference_url":"https://data.gov.tw/dataset/131026","location_method":"來源網站座標","violation_count":1}},{"type":"Feature","geometry":{"type":"Point","coordinates":[121.5393284,25.060069]},"properties":{"data_time":"2025.06.11","source_row_no":"3175248","registration_no":"A-188360578-00001-4","name":"五桐號-五桐號-台北合江店","city":"臺北市","district":"中山區","address":"臺北市中山區江山里合江街113號1樓","phone":"0225177711","audit_date":"2025.06.11","business_category":"食品業者","inspection_result":"複查不合格","violation_reason":"複查不合格","source_type":"衛生稽查違規","source_dataset":"臺北市政府衛生局食藥粧網路地圖","source_url":"https://imap.health.gov.taipei/Index.aspx","aggregate_reference_url":"https://data.gov.tw/dataset/131026","location_method":"來源網站座標","violation_count":1}},{"type":"Feature","geometry":{"type":"Point","coordinates":[121.5520078,25.0374581]},"properties":{"data_time":"2026.03.30","source_row_no":"3175959","registration_no":"A-278965421-00001-2","name":"張本商事有限公司","city":"臺北市","district":"大安區","address":"臺北市大安區仁愛路4段228之6號1樓","phone":"02-27556705","audit_date":"2026.03.30","business_category":"食品業者","inspection_result":"限期改善","violation_reason":"限期改善","source_type":"衛生稽查違規","source_dataset":"臺北市政府衛生局食藥粧網路地圖","source_url":"https://imap.health.gov.taipei/Index.aspx","aggregate_reference_url":"https://data.gov.tw/dataset/131026","location_method":"來源網站座標","violation_count":1}},{"type":"Feature","geometry":{"type":"Point","coordinates":[121.5239533,25.0449316]},"properties":{"data_time":"2026.01.13","source_row_no":"3184770","registration_no":"A-170472679-00932-4","name":"八方雲集國際股份有限公司-善導寺店","city":"臺北市","district":"中正區","address":"臺北市中正區忠孝東路一段11號","phone":"02-23936188","audit_date":"2026.01.13","business_category":"食品業者","inspection_result":"限期改善","violation_reason":"限期改善","source_type":"衛生稽查違規","source_dataset":"臺北市政府衛生局食藥粧網路地圖","source_url":"https://imap.health.gov.taipei/Index.aspx","aggregate_reference_url":"https://data.gov.tw/dataset/131026","location_method":"來源網站座標","violation_count":1}},{"type":"Feature","geometry":{"type":"Point","coordinates":[121.512345,25.0518811]},"properties":{"data_time":"2025.01.06","source_row_no":"3187431","registration_no":"A-278964362-00001-5","name":"越逢緣南洋風味美食小館","city":"臺北市","district":"大同區","address":"臺北市大同區長安西路304號","phone":"02-25501559","audit_date":"2025.01.06","business_category":"食品業者","inspection_result":"限期改善","violation_reason":"限期改善","source_type":"衛生稽查違規","source_dataset":"臺北市政府衛生局食藥粧網路地圖","source_url":"https://imap.health.gov.taipei/Index.aspx","aggregate_reference_url":"https://data.gov.tw/dataset/131026","location_method":"來源網站座標","violation_count":1}},{"type":"Feature","geometry":{"type":"Point","coordinates":[121.5183466,25.0322107]},"properties":{"data_time":"2026.03.25","source_row_no":"3188775","registration_no":"A-200058109-00001-3","name":"臺北市南門市場-B1-57、B1-58-恆發肉店","city":"臺北市","district":"中正區","address":"臺北市中正區羅斯福路1路8號","phone":"02-23513553","audit_date":"2026.03.25","business_category":"食品業者","inspection_result":"限期改善","violation_reason":"限期改善","source_type":"衛生稽查違規","source_dataset":"臺北市政府衛生局食藥粧網路地圖","source_url":"https://imap.health.gov.taipei/Index.aspx","aggregate_reference_url":"https://data.gov.tw/dataset/131026","location_method":"來源網站座標","violation_count":1}},{"type":"Feature","geometry":{"type":"Point","coordinates":[121.5059076,25.0290495]},"properties":{"data_time":"2026.03.19","source_row_no":"3190099","registration_no":"A-202266593-00001-3","name":"南機場夜市 北投紅茶","city":"臺北市","district":"中正區","address":"臺北市中正區中華路二段307巷20號","phone":"0983375345","audit_date":"2026.03.19","business_category":"食品業者","inspection_result":"限期改善","violation_reason":"限期改善","source_type":"衛生稽查違規","source_dataset":"臺北市政府衛生局食藥粧網路地圖","source_url":"https://imap.health.gov.taipei/Index.aspx","aggregate_reference_url":"https://data.gov.tw/dataset/131026","location_method":"來源網站座標","violation_count":1}},{"type":"Feature","geometry":{"type":"Point","coordinates":[121.59326,25.085051]},"properties":{"data_time":"2026.04.22","source_row_no":"3190435","registration_no":"A-190124158-00002-0","name":"凡曦股份有限公司-Moon Baking studio 內湖店","city":"臺北市","district":"內湖區","address":"臺北市內湖區金龍路59號1樓","phone":"02-23255251","audit_date":"2026.04.22","business_category":"食品業者","inspection_result":"限期改善","violation_reason":"限期改善","source_type":"衛生稽查違規","source_dataset":"臺北市政府衛生局食藥粧網路地圖","source_url":"https://imap.health.gov.taipei/Index.aspx","aggregate_reference_url":"https://data.gov.tw/dataset/131026","location_method":"來源網站座標","violation_count":1}},{"type":"Feature","geometry":{"type":"Point","coordinates":[121.5435528,25.0423347]},"properties":{"data_time":"2026.03.10","source_row_no":"3191074","registration_no":"A-200223610-00031-7","name":"小飯桌股份有限公司-小飯桌復興總店","city":"臺北市","district":"大安區","address":"臺北市大安區復興南路一段152號1F","phone":"02-25712779","audit_date":"2026.03.10","business_category":"食品業者","inspection_result":"限期改善","violation_reason":"限期改善","source_type":"衛生稽查違規","source_dataset":"臺北市政府衛生局食藥粧網路地圖","source_url":"https://imap.health.gov.taipei/Index.aspx","aggregate_reference_url":"https://data.gov.tw/dataset/131026","location_method":"來源網站座標","violation_count":1}},{"type":"Feature","geometry":{"type":"Point","coordinates":[121.5375589,25.1126123]},"properties":{"data_time":"2026.01.22","source_row_no":"3197327","registration_no":"A-188370581-00001-9","name":"弘爺漢堡隆吉店-弘爺漢堡隆吉店","city":"臺北市","district":"士林區","address":"臺北市士林區士東路２６６巷５弄１７號","phone":"0228314968","audit_date":"2026.01.22","business_category":"食品業者","inspection_result":"限期改善","violation_reason":"限期改善","source_type":"衛生稽查違規","source_dataset":"臺北市政府衛生局食藥粧網路地圖","source_url":"https://imap.health.gov.taipei/Index.aspx","aggregate_reference_url":"https://data.gov.tw/dataset/131026","location_method":"來源網站座標","violation_count":1}},{"type":"Feature","geometry":{"type":"Point","coordinates":[121.5774919,25.0805628]},"properties":{"data_time":"2026.04.15","source_row_no":"3199749","registration_no":"G-193779433-00001-0","name":"港墘飯包","city":"臺北市","district":"內湖區","address":"臺北市內湖區港墘路90號","phone":"0931040235","audit_date":"2026.04.15","business_category":"食品業者","inspection_result":"限期改善","violation_reason":"限期改善","source_type":"衛生稽查違規","source_dataset":"臺北市政府衛生局食藥粧網路地圖","source_url":"https://imap.health.gov.taipei/Index.aspx","aggregate_reference_url":"https://data.gov.tw/dataset/131026","location_method":"來源網站座標","violation_count":1}},{"type":"Feature","geometry":{"type":"Point","coordinates":[121.5043037,25.0407289]},"properties":{"data_time":"2024.06.27","source_row_no":"3199939","registration_no":"A-202273672-00000-8","name":"此拾此客-此拾此客","city":"臺北市","district":"萬華區","address":"臺北市萬華區昆明街214號1樓","phone":"02-23147302","audit_date":"2024.06.27","business_category":"食品業者","inspection_result":"複查不合格","violation_reason":"複查不合格","source_type":"衛生稽查違規","source_dataset":"臺北市政府衛生局食藥粧網路地圖","source_url":"https://imap.health.gov.taipei/Index.aspx","aggregate_reference_url":"https://data.gov.tw/dataset/131026","location_method":"來源網站座標","violation_count":1}},{"type":"Feature","geometry":{"type":"Point","coordinates":[121.5239905,25.0822689]},"properties":{"data_time":"2026.02.10","source_row_no":"3209528","registration_no":"A-194187083-00001-9","name":"金手套Goldens Bar","city":"臺北市","district":"士林區","address":"臺北市士林區基河路16號","phone":"02-28856836","audit_date":"2026.02.10","business_category":"食品業者","inspection_result":"限期改善","violation_reason":"限期改善","source_type":"衛生稽查違規","source_dataset":"臺北市政府衛生局食藥粧網路地圖","source_url":"https://imap.health.gov.taipei/Index.aspx","aggregate_reference_url":"https://data.gov.tw/dataset/131026","location_method":"來源網站座標","violation_count":1}},{"type":"Feature","geometry":{"type":"Point","coordinates":[121.5433687,25.0367328]},"properties":{"data_time":"2026.03.17","source_row_no":"3223483","registration_no":"A-202280146-00001-3","name":"享之饌東石鮮蚵","city":"臺北市","district":"大安區","address":"臺北市大安區復興南路1段273號1樓","phone":"0938852601","audit_date":"2026.03.17","business_category":"食品業者","inspection_result":"限期改善","violation_reason":"限期改善","source_type":"衛生稽查違規","source_dataset":"臺北市政府衛生局食藥粧網路地圖","source_url":"https://imap.health.gov.taipei/Index.aspx","aggregate_reference_url":"https://data.gov.tw/dataset/131026","location_method":"來源網站座標","violation_count":1}},{"type":"Feature","geometry":{"type":"Point","coordinates":[121.5206836,25.0527485]},"properties":{"data_time":"2025.06.23","source_row_no":"3224725","registration_no":"A-153919541-00078-0","name":"台灣東利多股份有限公司-長田本庄軒3號店 新光南西店","city":"臺北市","district":"中山區","address":"臺北市中山區南京西路15號 B1","phone":"02-8712-1726","audit_date":"2025.06.23","business_category":"食品業者","inspection_result":"限期改善","violation_reason":"限期改善","source_type":"衛生稽查違規","source_dataset":"臺北市政府衛生局食藥粧網路地圖","source_url":"https://imap.health.gov.taipei/Index.aspx","aggregate_reference_url":"https://data.gov.tw/dataset/131026","location_method":"來源網站座標","violation_count":1}},{"type":"Feature","geometry":{"type":"Point","coordinates":[121.54769,25.034402]},"properties":{"data_time":"2026.04.17","source_row_no":"3235776","registration_no":"A-152575955-00000-1","name":"Tamed Fox","city":"臺北市","district":"大安區","address":"臺北市大安區四維路76巷5號1樓","phone":"02-27557758","audit_date":"2026.04.17","business_category":"食品業者","inspection_result":"限期改善","violation_reason":"限期改善","source_type":"衛生稽查違規","source_dataset":"臺北市政府衛生局食藥粧網路地圖","source_url":"https://imap.health.gov.taipei/Index.aspx","aggregate_reference_url":"https://data.gov.tw/dataset/131026","location_method":"來源網站座標","violation_count":1}},{"type":"Feature","geometry":{"type":"Point","coordinates":[121.515045,25.048704]},"properties":{"data_time":"2025.04.10","source_row_no":"3238491","registration_no":"A-200061217-00002-8","name":"焗工坊-焗工坊","city":"臺北市","district":"中正區","address":"臺北市中正區市民大道一段100號24.27號","phone":"0937-986297","audit_date":"2025.04.10","business_category":"食品業者","inspection_result":"限期改善","violation_reason":"限期改善","source_type":"衛生稽查違規","source_dataset":"臺北市政府衛生局食藥粧網路地圖","source_url":"https://imap.health.gov.taipei/Index.aspx","aggregate_reference_url":"https://data.gov.tw/dataset/131026","location_method":"來源網站座標","violation_count":1}},{"type":"Feature","geometry":{"type":"Point","coordinates":[121.5310012,25.0590478]},"properties":{"data_time":"2026.04.02","source_row_no":"3245381","registration_no":"A-202278433-00001-9","name":"壽司家","city":"臺北市","district":"中山區","address":"臺北市中山區吉林路161巷1之6號1樓","phone":"02-25219981","audit_date":"2026.04.02","business_category":"食品業者","inspection_result":"限期改善","violation_reason":"限期改善","source_type":"衛生稽查違規","source_dataset":"臺北市政府衛生局食藥粧網路地圖","source_url":"https://imap.health.gov.taipei/Index.aspx","aggregate_reference_url":"https://data.gov.tw/dataset/131026","location_method":"來源網站座標","violation_count":1}},{"type":"Feature","geometry":{"type":"Point","coordinates":[121.5043178,25.1362387]},"properties":{"data_time":"2026.04.10","source_row_no":"3247182","registration_no":"A-202261777-00001-2","name":"滿味製麵屋","city":"臺北市","district":"北投區","address":"臺北市北投區光明路218之5號1樓","phone":"02-28981858","audit_date":"2026.04.10","business_category":"食品業者","inspection_result":"限期改善","violation_reason":"限期改善","source_type":"衛生稽查違規","source_dataset":"臺北市政府衛生局食藥粧網路地圖","source_url":"https://imap.health.gov.taipei/Index.aspx","aggregate_reference_url":"https://data.gov.tw/dataset/131026","location_method":"來源網站座標","violation_count":1}},{"type":"Feature","geometry":{"type":"Point","coordinates":[121.5420686,25.049056]},"properties":{"data_time":"2026.04.23","source_row_no":"3256801","registration_no":"A-193201164-00001-5","name":"五桐號遼寧店-五桐號-台北遼寧店","city":"臺北市","district":"中山區","address":"臺北市中山區遼寧街48之3號1樓","phone":"02-27505200","audit_date":"2026.04.23","business_category":"食品業者","inspection_result":"限期改善","violation_reason":"限期改善","source_type":"衛生稽查違規","source_dataset":"臺北市政府衛生局食藥粧網路地圖","source_url":"https://imap.health.gov.taipei/Index.aspx","aggregate_reference_url":"https://data.gov.tw/dataset/131026","location_method":"來源網站座標","violation_count":1}},{"type":"Feature","geometry":{"type":"Point","coordinates":[121.5526779,25.0405157]},"properties":{"data_time":"2025.05.27","source_row_no":"3268735","registration_no":"F-202288609-00001-0","name":"墨式小吃-墨式小吃","city":"臺北市","district":"大安區","address":"臺北市大安區忠孝東路4段216巷11弄20號1樓","phone":"02-89210803","audit_date":"2025.05.27","business_category":"食品業者","inspection_result":"複查不合格","violation_reason":"複查不合格","source_type":"衛生稽查違規","source_dataset":"臺北市政府衛生局食藥粧網路地圖","source_url":"https://imap.health.gov.taipei/Index.aspx","aggregate_reference_url":"https://data.gov.tw/dataset/131026","location_method":"來源網站座標","violation_count":1}},{"type":"Feature","geometry":{"type":"Point","coordinates":[121.5163857,25.116163]},"properties":{"data_time":"2026.04.02","source_row_no":"3271754","registration_no":"A-202293040-00001-0","name":"泰圓泰式料理小吃店","city":"臺北市","district":"北投區","address":"臺北市北投區裕民三路9號1樓","phone":"0228233519","audit_date":"2026.04.02","business_category":"食品業者","inspection_result":"限期改善","violation_reason":"限期改善","source_type":"衛生稽查違規","source_dataset":"臺北市政府衛生局食藥粧網路地圖","source_url":"https://imap.health.gov.taipei/Index.aspx","aggregate_reference_url":"https://data.gov.tw/dataset/131026","location_method":"來源網站座標","violation_count":1}},{"type":"Feature","geometry":{"type":"Point","coordinates":[121.527109,25.0979011]},"properties":{"data_time":"2026.03.09","source_row_no":"3271899","registration_no":"A-200151691-00000-2","name":"蒜什麼咚咚蒜味鹽酥雞(總店)","city":"臺北市","district":"士林區","address":"臺北市士林區舊佳里中山北路５段７０５號","phone":"0966880587","audit_date":"2026.03.09","business_category":"食品業者","inspection_result":"限期改善","violation_reason":"限期改善","source_type":"衛生稽查違規","source_dataset":"臺北市政府衛生局食藥粧網路地圖","source_url":"https://imap.health.gov.taipei/Index.aspx","aggregate_reference_url":"https://data.gov.tw/dataset/131026","location_method":"來源網站座標","violation_count":1}},{"type":"Feature","geometry":{"type":"Point","coordinates":[121.5059526,25.044896]},"properties":{"data_time":"2025.01.23","source_row_no":"3272527","registration_no":"A-200247584-00000-9","name":"太泰 Thai Thai-太泰 Thai Thai","city":"臺北市","district":"萬華區","address":"臺北市萬華區武昌街2段82巷1號","phone":"0935886557","audit_date":"2025.01.23","business_category":"食品業者","inspection_result":"複查不合格","violation_reason":"複查不合格","source_type":"衛生稽查違規","source_dataset":"臺北市政府衛生局食藥粧網路地圖","source_url":"https://imap.health.gov.taipei/Index.aspx","aggregate_reference_url":"https://data.gov.tw/dataset/131026","location_method":"來源網站座標","violation_count":1}},{"type":"Feature","geometry":{"type":"Point","coordinates":[121.5637081,24.982222]},"properties":{"data_time":"2026.04.08","source_row_no":"3274128","registration_no":"A-200150083-00001-7","name":"LI/RA-里拉義大利小館","city":"臺北市","district":"文山區","address":"臺北市文山區木新路三段67號","phone":"02-29390009","audit_date":"2026.04.08","business_category":"食品業者","inspection_result":"限期改善","violation_reason":"限期改善","source_type":"衛生稽查違規","source_dataset":"臺北市政府衛生局食藥粧網路地圖","source_url":"https://imap.health.gov.taipei/Index.aspx","aggregate_reference_url":"https://data.gov.tw/dataset/131026","location_method":"來源網站座標","violation_count":1}},{"type":"Feature","geometry":{"type":"Point","coordinates":[121.5460728,25.0309894]},"properties":{"data_time":"2026.03.25","source_row_no":"3276325","registration_no":"A-100540278-00001-5","name":"粥大福大安東豐店","city":"臺北市","district":"大安區","address":"臺北市大安區德安里大安路1段225之1號","phone":"02-27042689","audit_date":"2026.03.25","business_category":"食品業者","inspection_result":"限期改善","violation_reason":"限期改善","source_type":"衛生稽查違規","source_dataset":"臺北市政府衛生局食藥粧網路地圖","source_url":"https://imap.health.gov.taipei/Index.aspx","aggregate_reference_url":"https://data.gov.tw/dataset/131026","location_method":"來源網站座標","violation_count":1}},{"type":"Feature","geometry":{"type":"Point","coordinates":[121.550759,25.0420915]},"properties":{"data_time":"2026.03.04","source_row_no":"3277559","registration_no":"A-202267766-00001-6","name":"營業名稱：京北越南河粉麵包","city":"臺北市","district":"大安區","address":"臺北市大安區忠孝東路4段181巷7弄5號1樓","phone":"0227754618","audit_date":"2026.03.04","business_category":"食品業者","inspection_result":"限期改善","violation_reason":"限期改善","source_type":"衛生稽查違規","source_dataset":"臺北市政府衛生局食藥粧網路地圖","source_url":"https://imap.health.gov.taipei/Index.aspx","aggregate_reference_url":"https://data.gov.tw/dataset/131026","location_method":"來源網站座標","violation_count":1}},{"type":"Feature","geometry":{"type":"Point","coordinates":[121.5083762,25.1150158]},"properties":{"data_time":"2026.03.16","source_row_no":"3292233","registration_no":"A-202297726-00001-5","name":"士林伯生炒羊肉/臭豆腐","city":"臺北市","district":"北投區","address":"臺北市北投區實踐街26號1樓","phone":"02-27755645","audit_date":"2026.03.16","business_category":"食品業者","inspection_result":"限期改善","violation_reason":"限期改善","source_type":"衛生稽查違規","source_dataset":"臺北市政府衛生局食藥粧網路地圖","source_url":"https://imap.health.gov.taipei/Index.aspx","aggregate_reference_url":"https://data.gov.tw/dataset/131026","location_method":"來源網站座標","violation_count":1}},{"type":"Feature","geometry":{"type":"Point","coordinates":[121.5549959,25.0297097]},"properties":{"data_time":"2026.03.13","source_row_no":"3292779","registration_no":"A-202296320-00002-5","name":"臨江正宗專業潤餅","city":"臺北市","district":"大安區","address":"臺北市大安區臨江街100之5號","phone":"02-27322678","audit_date":"2026.03.13","business_category":"食品業者","inspection_result":"限期改善","violation_reason":"限期改善","source_type":"衛生稽查違規","source_dataset":"臺北市政府衛生局食藥粧網路地圖","source_url":"https://imap.health.gov.taipei/Index.aspx","aggregate_reference_url":"https://data.gov.tw/dataset/131026","location_method":"來源網站座標","violation_count":1}},{"type":"Feature","geometry":{"type":"Point","coordinates":[121.5340035,25.0611171]},"properties":{"data_time":"2025.07.28","source_row_no":"3298568","registration_no":"A-183745771-00003-3","name":"食芋堂-食芋堂","city":"臺北市","district":"中山區","address":"臺北市中山區松江路297巷5號1樓","phone":"02-77163336","audit_date":"2025.07.28","business_category":"食品業者","inspection_result":"限期改善","violation_reason":"限期改善","source_type":"衛生稽查違規","source_dataset":"臺北市政府衛生局食藥粧網路地圖","source_url":"https://imap.health.gov.taipei/Index.aspx","aggregate_reference_url":"https://data.gov.tw/dataset/131026","location_method":"來源網站座標","violation_count":1}},{"type":"Feature","geometry":{"type":"Point","coordinates":[121.5069598,25.1177043]},"properties":{"data_time":"2026.03.24","source_row_no":"3300787","registration_no":"A-200175742-00001-6","name":"貪Greedy","city":"臺北市","district":"北投區","address":"臺北市北投區尊賢街228號","phone":"0988132066","audit_date":"2026.03.24","business_category":"食品業者","inspection_result":"限期改善","violation_reason":"限期改善","source_type":"衛生稽查違規","source_dataset":"臺北市政府衛生局食藥粧網路地圖","source_url":"https://imap.health.gov.taipei/Index.aspx","aggregate_reference_url":"https://data.gov.tw/dataset/131026","location_method":"來源網站座標","violation_count":1}},{"type":"Feature","geometry":{"type":"Point","coordinates":[121.5053281,25.0436534]},"properties":{"data_time":"2026.04.28","source_row_no":"3306599","registration_no":"A-193189773-00001-6","name":"鶴茶樓-鶴茶樓西門誠品店","city":"臺北市","district":"萬華區","address":"臺北市萬華區峨眉街52號1樓","phone":"0936733878","audit_date":"2026.04.28","business_category":"食品業者","inspection_result":"限期改善","violation_reason":"限期改善","source_type":"衛生稽查違規","source_dataset":"臺北市政府衛生局食藥粧網路地圖","source_url":"https://imap.health.gov.taipei/Index.aspx","aggregate_reference_url":"https://data.gov.tw/dataset/131026","location_method":"來源網站座標","violation_count":1}},{"type":"Feature","geometry":{"type":"Point","coordinates":[121.5432478,25.0603136]},"properties":{"data_time":"2026.04.27","source_row_no":"3306860","registration_no":"A-202302069-00001-2","name":"老胡記米粉湯魯肉飯","city":"臺北市","district":"中山區","address":"臺北市中山區江寧里錦州街449號","phone":"02-25177786","audit_date":"2026.04.27","business_category":"食品業者","inspection_result":"限期改善","violation_reason":"限期改善","source_type":"衛生稽查違規","source_dataset":"臺北市政府衛生局食藥粧網路地圖","source_url":"https://imap.health.gov.taipei/Index.aspx","aggregate_reference_url":"https://data.gov.tw/dataset/131026","location_method":"來源網站座標","violation_count":1}},{"type":"Feature","geometry":{"type":"Point","coordinates":[121.5193394,25.1109304]},"properties":{"data_time":"2026.03.19","source_row_no":"3311715","registration_no":"A-160688112-00001-1","name":"橙鏡餐飲有限公司","city":"臺北市","district":"北投區","address":"臺北市北投區懷德街3之9號1樓","phone":"02-28286188","audit_date":"2026.03.19","business_category":"食品業者","inspection_result":"限期改善","violation_reason":"限期改善","source_type":"衛生稽查違規","source_dataset":"臺北市政府衛生局食藥粧網路地圖","source_url":"https://imap.health.gov.taipei/Index.aspx","aggregate_reference_url":"https://data.gov.tw/dataset/131026","location_method":"來源網站座標","violation_count":1}},{"type":"Feature","geometry":{"type":"Point","coordinates":[121.6036662,25.0523452]},"properties":{"data_time":"2026.04.09","source_row_no":"3327095","registration_no":"A-127732788-00001-3","name":"京都御握丸ONIMARU-京都御握丸ONIMARU 環球南港店","city":"臺北市","district":"南港區","address":"臺北市南港區忠孝東路七段３７１號地下一層","phone":"0975131897","audit_date":"2026.04.09","business_category":"食品業者","inspection_result":"限期改善","violation_reason":"限期改善","source_type":"衛生稽查違規","source_dataset":"臺北市政府衛生局食藥粧網路地圖","source_url":"https://imap.health.gov.taipei/Index.aspx","aggregate_reference_url":"https://data.gov.tw/dataset/131026","location_method":"來源網站座標","violation_count":1}},{"type":"Feature","geometry":{"type":"Point","coordinates":[121.5014962,25.0328874]},"properties":{"data_time":"2026.04.27","source_row_no":"3329785","registration_no":"A-202308416-00001-4","name":"熹澤商行-熹湯舖子台北艋舺店","city":"臺北市","district":"萬華區","address":"臺北市萬華區艋舺大道148號1樓","phone":"02-7749-0629","audit_date":"2026.04.27","business_category":"食品業者","inspection_result":"限期改善","violation_reason":"限期改善","source_type":"衛生稽查違規","source_dataset":"臺北市政府衛生局食藥粧網路地圖","source_url":"https://imap.health.gov.taipei/Index.aspx","aggregate_reference_url":"https://data.gov.tw/dataset/131026","location_method":"來源網站座標","violation_count":1}},{"type":"Feature","geometry":{"type":"Point","coordinates":[121.4987304,25.0399479]},"properties":{"data_time":"2026.04.09","source_row_no":"3331536","registration_no":"A-200250678-00000-7","name":"莎拉SA拉-莎拉SA拉","city":"臺北市","district":"萬華區","address":"臺北市萬華區貴陽街2段248號1樓","phone":"02-23041922","audit_date":"2026.04.09","business_category":"食品業者","inspection_result":"限期改善","violation_reason":"限期改善","source_type":"衛生稽查違規","source_dataset":"臺北市政府衛生局食藥粧網路地圖","source_url":"https://imap.health.gov.taipei/Index.aspx","aggregate_reference_url":"https://data.gov.tw/dataset/131026","location_method":"來源網站座標","violation_count":1}},{"type":"Feature","geometry":{"type":"Point","coordinates":[121.5192158,25.0577926]},"properties":{"data_time":"2026.03.05","source_row_no":"3332296","registration_no":"A-200058440-00001-1","name":"建同0643-建同0643","city":"臺北市","district":"大同區","address":"臺北市大同區雙連街1巷1號前","phone":"0916-091722","audit_date":"2026.03.05","business_category":"食品業者","inspection_result":"限期改善","violation_reason":"限期改善","source_type":"衛生稽查違規","source_dataset":"臺北市政府衛生局食藥粧網路地圖","source_url":"https://imap.health.gov.taipei/Index.aspx","aggregate_reference_url":"https://data.gov.tw/dataset/131026","location_method":"來源網站座標","violation_count":1}},{"type":"Feature","geometry":{"type":"Point","coordinates":[121.5248064,25.0618223]},"properties":{"data_time":"2026.03.26","source_row_no":"3346461","registration_no":"A-200154380-00000-0","name":"圓山老崔食品店","city":"臺北市","district":"中山區","address":"臺北市中山區中山北路2段137巷33號1樓","phone":"02-25817014","audit_date":"2026.03.26","business_category":"食品業者","inspection_result":"限期改善","violation_reason":"限期改善","source_type":"衛生稽查違規","source_dataset":"臺北市政府衛生局食藥粧網路地圖","source_url":"https://imap.health.gov.taipei/Index.aspx","aggregate_reference_url":"https://data.gov.tw/dataset/131026","location_method":"來源網站座標","violation_count":1}},{"type":"Feature","geometry":{"type":"Point","coordinates":[121.5179534,25.0950214]},"properties":{"data_time":"2025.11.21","source_row_no":"3353436","registration_no":"A-202314861-00000-4","name":"Well RICE好飯","city":"臺北市","district":"士林區","address":"臺北市士林區111臺北市士林區基河路382號11樓（11A2)","phone":"0917534836","audit_date":"2025.11.21","business_category":"食品業者","inspection_result":"限期改善","violation_reason":"限期改善","source_type":"衛生稽查違規","source_dataset":"臺北市政府衛生局食藥粧網路地圖","source_url":"https://imap.health.gov.taipei/Index.aspx","aggregate_reference_url":"https://data.gov.tw/dataset/131026","location_method":"來源網站座標","violation_count":1}},{"type":"Feature","geometry":{"type":"Point","coordinates":[121.5414032,25.0601251]},"properties":{"data_time":"2026.04.09","source_row_no":"3360140","registration_no":"A-202316444-00001-4","name":"禾牧麵食館-禾牧麵食館","city":"臺北市","district":"中山區","address":"臺北市中山區錦州街398號1樓","phone":"02-25026189","audit_date":"2026.04.09","business_category":"食品業者","inspection_result":"限期改善","violation_reason":"限期改善","source_type":"衛生稽查違規","source_dataset":"臺北市政府衛生局食藥粧網路地圖","source_url":"https://imap.health.gov.taipei/Index.aspx","aggregate_reference_url":"https://data.gov.tw/dataset/131026","location_method":"來源網站座標","violation_count":1}},{"type":"Feature","geometry":{"type":"Point","coordinates":[121.5312801,25.1086044]},"properties":{"data_time":"2026.02.02","source_row_no":"3388029","registration_no":"A-202325200-00001-4","name":"餃當家-餃當家","city":"臺北市","district":"士林區","address":"臺北市士林區德行東路194號1樓","phone":"28340193","audit_date":"2026.02.02","business_category":"食品業者","inspection_result":"限期改善","violation_reason":"限期改善","source_type":"衛生稽查違規","source_dataset":"臺北市政府衛生局食藥粧網路地圖","source_url":"https://imap.health.gov.taipei/Index.aspx","aggregate_reference_url":"https://data.gov.tw/dataset/131026","location_method":"來源網站座標","violation_count":1}},{"type":"Feature","geometry":{"type":"Point","coordinates":[121.5547535,25.0420923]},"properties":{"data_time":"2026.02.26","source_row_no":"3401019","registration_no":"A-202298113-00001-6","name":"馬祖麵館","city":"臺北市","district":"大安區","address":"臺北市大安區華聲里延吉街１３７巷３號","phone":"0903235567","audit_date":"2026.02.26","business_category":"食品業者","inspection_result":"限期改善","violation_reason":"限期改善","source_type":"衛生稽查違規","source_dataset":"臺北市政府衛生局食藥粧網路地圖","source_url":"https://imap.health.gov.taipei/Index.aspx","aggregate_reference_url":"https://data.gov.tw/dataset/131026","location_method":"來源網站座標","violation_count":1}},{"type":"Feature","geometry":{"type":"Point","coordinates":[121.5302677,25.0181771]},"properties":{"data_time":"2026.03.10","source_row_no":"3404371","registration_no":"A-200192677-00001-2","name":"醉紅小酌","city":"臺北市","district":"中正區","address":"臺北市中正區羅斯福路3段240巷1號","phone":"02-23678561","audit_date":"2026.03.10","business_category":"食品業者","inspection_result":"限期改善","violation_reason":"限期改善","source_type":"衛生稽查違規","source_dataset":"臺北市政府衛生局食藥粧網路地圖","source_url":"https://imap.health.gov.taipei/Index.aspx","aggregate_reference_url":"https://data.gov.tw/dataset/131026","location_method":"來源網站座標","violation_count":1}},{"type":"Feature","geometry":{"type":"Point","coordinates":[121.5251254,25.0956521]},"properties":{"data_time":"2026.03.09","source_row_no":"3405900","registration_no":"A-200000939-00001-1","name":"麵食士林","city":"臺北市","district":"士林區","address":"臺北市士林區美德街68號1樓","phone":"02-88662979","audit_date":"2026.03.09","business_category":"食品業者","inspection_result":"限期改善","violation_reason":"限期改善","source_type":"衛生稽查違規","source_dataset":"臺北市政府衛生局食藥粧網路地圖","source_url":"https://imap.health.gov.taipei/Index.aspx","aggregate_reference_url":"https://data.gov.tw/dataset/131026","location_method":"來源網站座標","violation_count":1}},{"type":"Feature","geometry":{"type":"Point","coordinates":[121.5396893,25.0584478]},"properties":{"data_time":"2026.03.19","source_row_no":"3407735","registration_no":"A-202329841-00001-9","name":"阿杏小吃店-阿杏小吃店","city":"臺北市","district":"中山區","address":"臺北市中山區江山里合江街７１巷１４號１樓","phone":"02-25184619","audit_date":"2026.03.19","business_category":"食品業者","inspection_result":"限期改善","violation_reason":"限期改善","source_type":"衛生稽查違規","source_dataset":"臺北市政府衛生局食藥粧網路地圖","source_url":"https://imap.health.gov.taipei/Index.aspx","aggregate_reference_url":"https://data.gov.tw/dataset/131026","location_method":"來源網站座標","violation_count":1}},{"type":"Feature","geometry":{"type":"Point","coordinates":[121.5508611,25.0265907]},"properties":{"data_time":"2026.03.26","source_row_no":"3411566","registration_no":"A-188292811-00001-8","name":"ombre-ombre","city":"臺北市","district":"大安區","address":"臺北市大安區安和路2段189巷18號1樓","phone":"02-27380233","audit_date":"2026.03.26","business_category":"食品業者","inspection_result":"限期改善","violation_reason":"限期改善","source_type":"衛生稽查違規","source_dataset":"臺北市政府衛生局食藥粧網路地圖","source_url":"https://imap.health.gov.taipei/Index.aspx","aggregate_reference_url":"https://data.gov.tw/dataset/131026","location_method":"來源網站座標","violation_count":1}}]}